date,embi_brasil,preco_petroleo_brent
1987-05-20 03:00:00,,18.63
1987-05-21 03:00:00,,18.45
1987-05-22 03:00:00,,18.55
1987-05-25 03:00:00,,18.6
1987-05-26 03:00:00,,18.63
1987-05-27 03:00:00,,18.6
1987-05-28 03:00:00,,18.6
1987-05-29 03:00:00,,18.58
1987-06-01 03:00:00,,18.65
1987-06-02 03:00:00,,18.68
1987-06-03 03:00:00,,18.75
1987-06-04 03:00:00,,18.78
1987-06-05 03:00:00,,18.65
1987-06-08 03:00:00,,18.75
1987-06-09 03:00:00,,18.78
1987-06-10 03:00:00,,18.78
1987-06-11 03:00:00,,18.68
1987-06-12 03:00:00,,18.78
1987-06-16 03:00:00,,18.9
1987-06-17 03:00:00,,19.03
1987-06-18 03:00:00,,19.05
1987-06-19 03:00:00,,19.05
1987-06-22 03:00:00,,19.1
1987-06-23 03:00:00,,18.9
1987-06-24 03:00:00,,18.75
1987-06-25 03:00:00,,18.7
1987-06-26 03:00:00,,19.08
1987-06-29 03:00:00,,19.15
1987-06-30 03:00:00,,19.08
1987-07-01 03:00:00,,18.98
1987-07-02 03:00:00,,19.25
1987-07-03 03:00:00,,19.33
1987-07-06 03:00:00,,19.48
1987-07-07 03:00:00,,19.5
1987-07-08 03:00:00,,19.48
1987-07-09 03:00:00,,19.68
1987-07-10 03:00:00,,19.73
1987-07-13 03:00:00,,19.83
1987-07-14 03:00:00,,19.88
1987-07-15 03:00:00,,20.28
1987-07-16 03:00:00,,20.4
1987-07-17 03:00:00,,20.63
1987-07-20 03:00:00,,20.55
1987-07-21 03:00:00,,20.35
1987-07-22 03:00:00,,20.33
1987-07-23 03:00:00,,20.15
1987-07-24 03:00:00,,19.58
1987-07-27 03:00:00,,19.3
1987-07-28 03:00:00,,19.78
1987-07-29 03:00:00,,19.98
1987-07-30 03:00:00,,20.2
1987-07-31 03:00:00,,20.03
1987-08-03 03:00:00,,20.95
1987-08-04 03:00:00,,20.65
1987-08-05 03:00:00,,19.8
1987-08-06 03:00:00,,19.75
1987-08-07 03:00:00,,19.65
1987-08-10 03:00:00,,19.43
1987-08-11 03:00:00,,19.45
1987-08-12 03:00:00,,19.5
1987-08-13 03:00:00,,19.4
1987-08-14 03:00:00,,19.25
1987-08-17 03:00:00,,18.85
1987-08-18 03:00:00,,18.75
1987-08-19 03:00:00,,18.5
1987-08-20 03:00:00,,18.3
1987-08-21 03:00:00,,18.1
1987-08-24 03:00:00,,17.48
1987-08-25 03:00:00,,17.55
1987-08-26 03:00:00,,18.1
1987-08-27 03:00:00,,18.28
1987-08-28 03:00:00,,18.2
1987-08-31 03:00:00,,18.63
1987-09-01 03:00:00,,18.43
1987-09-02 03:00:00,,18.4
1987-09-03 03:00:00,,18.18
1987-09-04 03:00:00,,18.13
1987-09-07 03:00:00,,17.6
1987-09-08 03:00:00,,17.68
1987-09-09 03:00:00,,17.9
1987-09-10 03:00:00,,18.3
1987-09-11 03:00:00,,18.18
1987-09-14 03:00:00,,18.15
1987-09-15 03:00:00,,18.53
1987-09-16 03:00:00,,18.53
1987-09-17 03:00:00,,18.43
1987-09-18 03:00:00,,18.3
1987-09-21 03:00:00,,18.28
1987-09-22 03:00:00,,18.48
1987-09-23 03:00:00,,18.48
1987-09-24 03:00:00,,18.68
1987-09-25 03:00:00,,18.6
1987-09-28 03:00:00,,18.65
1987-09-29 03:00:00,,18.5
1987-09-30 03:00:00,,18.48
1987-10-01 03:00:00,,18.5
1987-10-02 03:00:00,,18.65
1987-10-05 03:00:00,,18.78
1987-10-06 03:00:00,,18.6
1987-10-07 03:00:00,,18.58
1987-10-08 03:00:00,,18.63
1987-10-09 03:00:00,,18.6
1987-10-12 03:00:00,,18.55
1987-10-13 03:00:00,,18.55
1987-10-14 03:00:00,,18.68
1987-10-15 03:00:00,,18.68
1987-10-16 03:00:00,,19.0
1987-10-19 03:00:00,,19.1
1987-10-20 03:00:00,,18.78
1987-10-21 03:00:00,,18.93
1987-10-22 03:00:00,,19.13
1987-10-23 03:00:00,,18.98
1987-10-26 03:00:00,,18.75
1987-10-27 03:00:00,,18.8
1987-10-28 03:00:00,,18.85
1987-10-29 03:00:00,,18.75
1987-10-30 03:00:00,,18.8
1987-11-02 03:00:00,,18.63
1987-11-03 03:00:00,,18.38
1987-11-04 02:00:00,,17.93
1987-11-05 02:00:00,,17.85
1987-11-06 02:00:00,,17.95
1987-11-09 02:00:00,,17.5
1987-11-10 02:00:00,,17.75
1987-11-11 02:00:00,,17.8
1987-11-12 02:00:00,,17.85
1987-11-13 02:00:00,,17.8
1987-11-16 02:00:00,,17.68
1987-11-17 02:00:00,,17.4
1987-11-18 02:00:00,,17.18
1987-11-19 02:00:00,,17.48
1987-11-20 02:00:00,,17.6
1987-11-23 02:00:00,,17.9
1987-11-24 02:00:00,,17.83
1987-11-25 02:00:00,,17.68
1987-11-26 02:00:00,,17.73
1987-11-27 02:00:00,,17.78
1987-11-30 02:00:00,,17.7
1987-12-01 02:00:00,,17.65
1987-12-02 02:00:00,,17.7
1987-12-03 02:00:00,,17.93
1987-12-04 02:00:00,,18.0
1987-12-07 02:00:00,,17.78
1987-12-08 02:00:00,,17.58
1987-12-09 02:00:00,,17.43
1987-12-10 02:00:00,,17.55
1987-12-11 02:00:00,,17.73
1987-12-14 02:00:00,,16.8
1987-12-15 02:00:00,,16.2
1987-12-16 02:00:00,,15.93
1987-12-17 02:00:00,,15.03
1987-12-18 02:00:00,,15.6
1987-12-21 02:00:00,,15.4
1987-12-22 02:00:00,,16.7
1987-12-23 02:00:00,,17.25
1987-12-24 02:00:00,,17.1
1987-12-28 02:00:00,,17.0
1987-12-29 02:00:00,,17.38
1987-12-30 02:00:00,,17.85
1987-12-31 02:00:00,,17.6
1988-01-04 02:00:00,,17.95
1988-01-05 02:00:00,,17.08
1988-01-06 02:00:00,,17.9
1988-01-08 02:00:00,,16.88
1988-01-11 02:00:00,,16.65
1988-01-12 02:00:00,,15.95
1988-01-13 02:00:00,,16.38
1988-01-14 02:00:00,,16.55
1988-01-15 02:00:00,,16.65
1988-01-18 02:00:00,,16.83
1988-01-19 02:00:00,,17.1
1988-01-20 02:00:00,,16.83
1988-01-21 02:00:00,,17.08
1988-01-22 02:00:00,,16.7
1988-01-25 02:00:00,,16.45
1988-01-27 02:00:00,,16.13
1988-01-28 02:00:00,,16.1
1988-01-29 02:00:00,,16.28
1988-02-01 02:00:00,,16.1
1988-02-02 02:00:00,,16.18
1988-02-03 02:00:00,,16.15
1988-02-04 02:00:00,,16.18
1988-02-05 02:00:00,,16.1
1988-02-08 02:00:00,,16.5
1988-02-09 02:00:00,,16.4
1988-02-10 02:00:00,,16.13
1988-02-11 02:00:00,,16.1
1988-02-12 02:00:00,,15.75
1988-02-15 03:00:00,,15.68
1988-02-16 03:00:00,,15.63
1988-02-17 03:00:00,,15.85
1988-02-18 03:00:00,,15.48
1988-02-19 03:00:00,,15.55
1988-02-22 03:00:00,,15.38
1988-02-23 03:00:00,,15.58
1988-02-24 03:00:00,,15.35
1988-02-25 03:00:00,,14.85
1988-02-26 03:00:00,,14.65
1988-02-29 03:00:00,,14.73
1988-03-01 03:00:00,,14.18
1988-03-02 03:00:00,,13.8
1988-03-03 03:00:00,,14.0
1988-03-04 03:00:00,,14.0
1988-03-07 03:00:00,,13.9
1988-03-08 03:00:00,,13.8
1988-03-09 03:00:00,,13.98
1988-03-10 03:00:00,,14.48
1988-03-11 03:00:00,,14.88
1988-03-14 03:00:00,,14.28
1988-03-15 03:00:00,,14.3
1988-03-16 03:00:00,,14.45
1988-03-17 03:00:00,,14.43
1988-03-18 03:00:00,,14.93
1988-03-21 03:00:00,,15.38
1988-03-22 03:00:00,,15.03
1988-03-23 03:00:00,,15.4
1988-03-24 03:00:00,,15.65
1988-03-25 03:00:00,,15.45
1988-03-28 03:00:00,,15.55
1988-03-29 03:00:00,,15.6
1988-03-30 03:00:00,,15.7
1988-03-31 03:00:00,,15.65
1988-04-05 03:00:00,,15.5
1988-04-06 03:00:00,,15.38
1988-04-07 03:00:00,,15.53
1988-04-08 03:00:00,,15.55
1988-04-11 03:00:00,,16.2
1988-04-12 03:00:00,,16.48
1988-04-13 03:00:00,,16.55
1988-04-14 03:00:00,,16.65
1988-04-15 03:00:00,,16.85
1988-04-18 03:00:00,,17.45
1988-04-19 03:00:00,,17.05
1988-04-20 03:00:00,,16.78
1988-04-21 03:00:00,,17.0
1988-04-22 03:00:00,,17.15
1988-04-25 03:00:00,,17.13
1988-04-26 03:00:00,,17.18
1988-04-27 03:00:00,,17.4
1988-04-28 03:00:00,,16.88
1988-04-29 03:00:00,,16.6
1988-05-02 03:00:00,,15.95
1988-05-03 03:00:00,,16.08
1988-05-04 03:00:00,,16.15
1988-05-05 03:00:00,,16.15
1988-05-06 03:00:00,,16.45
1988-05-09 03:00:00,,16.5
1988-05-10 03:00:00,,16.38
1988-05-11 03:00:00,,16.48
1988-05-12 03:00:00,,16.4
1988-05-13 03:00:00,,16.5
1988-05-16 03:00:00,,16.6
1988-05-17 03:00:00,,16.6
1988-05-18 03:00:00,,16.4
1988-05-19 03:00:00,,16.25
1988-05-20 03:00:00,,16.45
1988-05-23 03:00:00,,16.23
1988-05-24 03:00:00,,16.3
1988-05-25 03:00:00,,16.18
1988-05-26 03:00:00,,16.18
1988-05-27 03:00:00,,16.25
1988-05-30 03:00:00,,16.23
1988-05-31 03:00:00,,16.2
1988-06-01 03:00:00,,16.33
1988-06-02 03:00:00,,16.33
1988-06-03 03:00:00,,16.45
1988-06-06 03:00:00,,16.25
1988-06-07 03:00:00,,16.23
1988-06-08 03:00:00,,16.28
1988-06-09 03:00:00,,16.3
1988-06-10 03:00:00,,15.85
1988-06-13 03:00:00,,15.53
1988-06-14 03:00:00,,15.85
1988-06-15 03:00:00,,15.7
1988-06-16 03:00:00,,15.43
1988-06-17 03:00:00,,15.48
1988-06-20 03:00:00,,15.0
1988-06-21 03:00:00,,15.0
1988-06-22 03:00:00,,15.13
1988-06-23 03:00:00,,15.18
1988-06-24 03:00:00,,15.15
1988-06-27 03:00:00,,14.93
1988-06-28 03:00:00,,14.83
1988-06-29 03:00:00,,14.55
1988-06-30 03:00:00,,14.18
1988-07-01 03:00:00,,13.95
1988-07-04 03:00:00,,14.05
1988-07-05 03:00:00,,13.98
1988-07-06 03:00:00,,14.5
1988-07-07 03:00:00,,15.5
1988-07-08 03:00:00,,15.05
1988-07-11 03:00:00,,14.63
1988-07-12 03:00:00,,14.0
1988-07-13 03:00:00,,14.1
1988-07-14 03:00:00,,14.1
1988-07-15 03:00:00,,14.25
1988-07-18 03:00:00,,15.0
1988-07-19 03:00:00,,14.93
1988-07-20 03:00:00,,15.48
1988-07-21 03:00:00,,15.63
1988-07-22 03:00:00,,15.83
1988-07-25 03:00:00,,15.8
1988-07-26 03:00:00,,15.38
1988-07-27 03:00:00,,15.45
1988-07-28 03:00:00,,15.7
1988-07-29 03:00:00,,15.75
1988-08-01 03:00:00,,15.6
1988-08-02 03:00:00,,15.35
1988-08-03 03:00:00,,15.0
1988-08-04 03:00:00,,14.5
1988-08-05 03:00:00,,14.85
1988-08-08 03:00:00,,15.48
1988-08-09 03:00:00,,15.4
1988-08-10 03:00:00,,15.1
1988-08-11 03:00:00,,15.13
1988-08-12 03:00:00,,14.98
1988-08-15 03:00:00,,14.8
1988-08-16 03:00:00,,14.85
1988-08-17 03:00:00,,14.75
1988-08-18 03:00:00,,14.78
1988-08-19 03:00:00,,14.85
1988-08-22 03:00:00,,15.03
1988-08-23 03:00:00,,14.8
1988-08-24 03:00:00,,14.85
1988-08-25 03:00:00,,14.63
1988-08-26 03:00:00,,14.5
1988-08-29 03:00:00,,14.48
1988-08-30 03:00:00,,14.45
1988-08-31 03:00:00,,14.4
1988-09-01 03:00:00,,14.15
1988-09-02 03:00:00,,14.0
1988-09-05 03:00:00,,13.68
1988-09-06 03:00:00,,13.35
1988-09-07 03:00:00,,13.18
1988-09-08 03:00:00,,13.3
1988-09-09 03:00:00,,13.25
1988-09-12 03:00:00,,12.7
1988-09-13 03:00:00,,13.4
1988-09-14 03:00:00,,13.9
1988-09-15 03:00:00,,13.5
1988-09-16 03:00:00,,13.23
1988-09-19 03:00:00,,12.85
1988-09-20 03:00:00,,13.15
1988-09-21 03:00:00,,13.05
1988-09-22 03:00:00,,13.2
1988-09-23 03:00:00,,13.2
1988-09-26 03:00:00,,13.1
1988-09-27 03:00:00,,12.58
1988-09-28 03:00:00,,12.75
1988-09-29 03:00:00,,12.5
1988-09-30 03:00:00,,11.93
1988-10-03 03:00:00,,11.6
1988-10-04 03:00:00,,11.65
1988-10-05 03:00:00,,11.2
1988-10-06 03:00:00,,11.3
1988-10-07 03:00:00,,11.35
1988-10-10 03:00:00,,12.2
1988-10-11 03:00:00,,12.35
1988-10-12 03:00:00,,12.45
1988-10-13 03:00:00,,12.55
1988-10-14 03:00:00,,13.2
1988-10-17 03:00:00,,13.55
1988-10-18 03:00:00,,12.9
1988-10-19 03:00:00,,13.35
1988-10-20 03:00:00,,13.5
1988-10-21 03:00:00,,13.48
1988-10-24 03:00:00,,12.2
1988-10-25 03:00:00,,12.08
1988-10-26 03:00:00,,12.08
1988-10-27 03:00:00,,12.33
1988-10-28 03:00:00,,12.6
1988-10-31 03:00:00,,12.6
1988-11-01 03:00:00,,12.18
1988-11-02 02:00:00,,12.35
1988-11-03 02:00:00,,12.5
1988-11-04 02:00:00,,12.75
1988-11-07 02:00:00,,12.75
1988-11-08 02:00:00,,12.6
1988-11-09 02:00:00,,12.7
1988-11-10 02:00:00,,13.03
1988-11-11 02:00:00,,13.03
1988-11-14 02:00:00,,13.0
1988-11-15 02:00:00,,13.0
1988-11-16 02:00:00,,12.7
1988-11-17 02:00:00,,12.05
1988-11-18 02:00:00,,12.08
1988-11-21 02:00:00,,12.13
1988-11-22 02:00:00,,13.35
1988-11-23 02:00:00,,13.33
1988-11-24 02:00:00,,12.98
1988-11-25 02:00:00,,14.7
1988-11-28 02:00:00,,14.73
1988-11-29 02:00:00,,14.25
1988-11-30 02:00:00,,14.35
1988-12-01 02:00:00,,14.93
1988-12-02 02:00:00,,14.8
1988-12-05 02:00:00,,14.73
1988-12-06 02:00:00,,14.4
1988-12-07 02:00:00,,14.7
1988-12-08 02:00:00,,15.05
1988-12-09 02:00:00,,14.9
1988-12-12 02:00:00,,15.2
1988-12-13 02:00:00,,15.18
1988-12-14 02:00:00,,15.35
1988-12-15 02:00:00,,15.58
1988-12-16 02:00:00,,15.6
1988-12-19 02:00:00,,15.3
1988-12-20 02:00:00,,15.28
1988-12-21 02:00:00,,15.33
1988-12-22 02:00:00,,15.25
1988-12-23 02:00:00,,15.38
1988-12-27 02:00:00,,16.25
1988-12-28 02:00:00,,16.1
1988-12-29 02:00:00,,15.9
1988-12-30 02:00:00,,16.23
1989-01-03 02:00:00,,16.4
1989-01-04 02:00:00,,16.53
1989-01-05 02:00:00,,16.58
1989-01-06 02:00:00,,16.85
1989-01-09 02:00:00,,17.0
1989-01-10 02:00:00,,16.75
1989-01-11 02:00:00,,16.9
1989-01-12 02:00:00,,16.85
1989-01-13 02:00:00,,17.4
1989-01-16 02:00:00,,17.5
1989-01-17 02:00:00,,17.78
1989-01-18 02:00:00,,17.95
1989-01-19 02:00:00,,18.1
1989-01-20 02:00:00,,18.15
1989-01-23 02:00:00,,16.98
1989-01-24 02:00:00,,17.05
1989-01-25 02:00:00,,17.7
1989-01-26 02:00:00,,17.73
1989-01-27 02:00:00,,17.18
1989-01-30 02:00:00,,16.85
1989-01-31 02:00:00,,16.38
1989-02-01 02:00:00,,16.4
1989-02-02 02:00:00,,16.95
1989-02-03 02:00:00,,16.75
1989-02-06 02:00:00,,16.5
1989-02-07 02:00:00,,16.6
1989-02-08 02:00:00,,16.75
1989-02-09 02:00:00,,16.58
1989-02-10 02:00:00,,16.4
1989-02-13 03:00:00,,16.5
1989-02-14 03:00:00,,16.83
1989-02-15 03:00:00,,16.75
1989-02-16 03:00:00,,17.15
1989-02-17 03:00:00,,17.15
1989-02-20 03:00:00,,17.38
1989-02-21 03:00:00,,17.2
1989-02-22 03:00:00,,16.95
1989-02-23 03:00:00,,17.1
1989-02-24 03:00:00,,17.05
1989-02-27 03:00:00,,17.55
1989-02-28 03:00:00,,17.23
1989-03-01 03:00:00,,17.25
1989-03-02 03:00:00,,17.45
1989-03-03 03:00:00,,17.73
1989-03-06 03:00:00,,17.73
1989-03-07 03:00:00,,17.55
1989-03-08 03:00:00,,17.55
1989-03-09 03:00:00,,17.8
1989-03-10 03:00:00,,17.63
1989-03-13 03:00:00,,18.1
1989-03-14 03:00:00,,18.63
1989-03-15 03:00:00,,19.08
1989-03-16 03:00:00,,18.95
1989-03-17 03:00:00,,19.3
1989-03-20 03:00:00,,19.18
1989-03-21 03:00:00,,19.63
1989-03-22 03:00:00,,19.6
1989-03-23 03:00:00,,19.93
1989-03-28 03:00:00,,19.73
1989-03-29 03:00:00,,19.45
1989-03-30 03:00:00,,20.0
1989-03-31 03:00:00,,20.45
1989-04-03 03:00:00,,19.65
1989-04-04 03:00:00,,19.9
1989-04-05 03:00:00,,19.75
1989-04-06 03:00:00,,19.08
1989-04-07 03:00:00,,19.4
1989-04-10 03:00:00,,19.6
1989-04-11 03:00:00,,19.95
1989-04-12 03:00:00,,19.85
1989-04-13 03:00:00,,19.95
1989-04-14 03:00:00,,19.63
1989-04-17 03:00:00,,19.88
1989-04-18 03:00:00,,20.2
1989-04-19 03:00:00,,21.5
1989-04-20 03:00:00,,22.25
1989-04-21 03:00:00,,21.6
1989-04-24 03:00:00,,21.2
1989-04-25 03:00:00,,21.15
1989-04-26 03:00:00,,21.05
1989-04-27 03:00:00,,20.65
1989-04-28 03:00:00,,20.15
1989-05-02 03:00:00,,19.15
1989-05-03 03:00:00,,18.88
1989-05-04 03:00:00,,19.7
1989-05-05 03:00:00,,19.4
1989-05-08 03:00:00,,18.8
1989-05-09 03:00:00,,19.03
1989-05-10 03:00:00,,18.88
1989-05-11 03:00:00,,19.3
1989-05-12 03:00:00,,19.2
1989-05-15 03:00:00,,19.2
1989-05-16 03:00:00,,19.8
1989-05-17 03:00:00,,18.58
1989-05-18 03:00:00,,18.6
1989-05-19 03:00:00,,18.3
1989-05-22 03:00:00,,17.4
1989-05-23 03:00:00,,17.7
1989-05-24 03:00:00,,18.15
1989-05-25 03:00:00,,18.2
1989-05-26 03:00:00,,17.65
1989-05-29 03:00:00,,17.73
1989-05-30 03:00:00,,18.03
1989-05-31 03:00:00,,18.25
1989-06-01 03:00:00,,18.08
1989-06-02 03:00:00,,18.15
1989-06-05 03:00:00,,18.55
1989-06-06 03:00:00,,18.5
1989-06-07 03:00:00,,18.15
1989-06-08 03:00:00,,17.8
1989-06-09 03:00:00,,17.95
1989-06-12 03:00:00,,17.18
1989-06-13 03:00:00,,16.8
1989-06-14 03:00:00,,16.9
1989-06-15 03:00:00,,16.95
1989-06-16 03:00:00,,16.65
1989-06-19 03:00:00,,16.85
1989-06-20 03:00:00,,16.88
1989-06-21 03:00:00,,17.13
1989-06-22 03:00:00,,17.3
1989-06-23 03:00:00,,18.03
1989-06-26 03:00:00,,18.23
1989-06-27 03:00:00,,18.2
1989-06-28 03:00:00,,18.0
1989-06-29 03:00:00,,18.2
1989-06-30 03:00:00,,18.28
1989-07-03 03:00:00,,18.4
1989-07-04 03:00:00,,18.6
1989-07-05 03:00:00,,18.75
1989-07-06 03:00:00,,18.3
1989-07-07 03:00:00,,17.85
1989-07-10 03:00:00,,17.83
1989-07-11 03:00:00,,17.63
1989-07-12 03:00:00,,17.65
1989-07-13 03:00:00,,17.6
1989-07-14 03:00:00,,17.9
1989-07-17 03:00:00,,18.05
1989-07-18 03:00:00,,18.05
1989-07-19 03:00:00,,17.85
1989-07-20 03:00:00,,17.98
1989-07-21 03:00:00,,17.83
1989-07-24 03:00:00,,17.3
1989-07-25 03:00:00,,17.05
1989-07-26 03:00:00,,16.5
1989-07-27 03:00:00,,16.28
1989-07-28 03:00:00,,16.38
1989-07-31 03:00:00,,16.3
1989-08-01 03:00:00,,16.23
1989-08-02 03:00:00,,16.1
1989-08-03 03:00:00,,16.4
1989-08-04 03:00:00,,16.15
1989-08-07 03:00:00,,16.05
1989-08-08 03:00:00,,16.28
1989-08-09 03:00:00,,16.45
1989-08-10 03:00:00,,16.93
1989-08-11 03:00:00,,17.0
1989-08-14 03:00:00,,16.85
1989-08-15 03:00:00,,17.0
1989-08-16 03:00:00,,17.0
1989-08-17 03:00:00,,16.95
1989-08-18 03:00:00,,16.83
1989-08-21 03:00:00,,16.9
1989-08-22 03:00:00,,17.1
1989-08-23 03:00:00,,17.08
1989-08-24 03:00:00,,17.05
1989-08-25 03:00:00,,16.95
1989-08-28 03:00:00,,16.98
1989-08-29 03:00:00,,17.1
1989-08-30 03:00:00,,17.13
1989-08-31 03:00:00,,17.2
1989-09-01 03:00:00,,17.33
1989-09-04 03:00:00,,17.43
1989-09-05 03:00:00,,17.45
1989-09-06 03:00:00,,17.8
1989-09-07 03:00:00,,17.8
1989-09-08 03:00:00,,17.83
1989-09-11 03:00:00,,17.98
1989-09-12 03:00:00,,17.9
1989-09-13 03:00:00,,18.05
1989-09-14 03:00:00,,17.9
1989-09-15 03:00:00,,17.88
1989-09-18 03:00:00,,18.05
1989-09-19 03:00:00,,17.9
1989-09-20 03:00:00,,17.8
1989-09-21 03:00:00,,17.85
1989-09-22 03:00:00,,17.53
1989-09-25 03:00:00,,17.45
1989-09-26 03:00:00,,17.45
1989-09-27 03:00:00,,17.55
1989-09-28 03:00:00,,17.93
1989-09-29 03:00:00,,18.23
1989-10-02 03:00:00,,18.58
1989-10-03 03:00:00,,18.73
1989-10-04 03:00:00,,18.78
1989-10-05 03:00:00,,18.43
1989-10-06 03:00:00,,18.45
1989-10-09 03:00:00,,18.25
1989-10-10 03:00:00,,18.55
1989-10-11 03:00:00,,18.85
1989-10-12 03:00:00,,19.23
1989-10-13 03:00:00,,19.6
1989-10-16 03:00:00,,19.38
1989-10-17 03:00:00,,19.53
1989-10-18 03:00:00,,19.43
1989-10-19 03:00:00,,19.33
1989-10-20 03:00:00,,19.2
1989-10-23 03:00:00,,18.88
1989-10-24 03:00:00,,18.8
1989-10-25 03:00:00,,18.88
1989-10-26 03:00:00,,18.48
1989-10-27 03:00:00,,18.7
1989-10-30 03:00:00,,18.98
1989-10-31 03:00:00,,18.93
1989-11-01 03:00:00,,19.23
1989-11-02 03:00:00,,19.2
1989-11-03 03:00:00,,19.0
1989-11-06 03:00:00,,18.95
1989-11-07 03:00:00,,18.9
1989-11-08 02:00:00,,18.9
1989-11-09 02:00:00,,18.85
1989-11-10 02:00:00,,19.05
1989-11-13 02:00:00,,18.85
1989-11-14 02:00:00,,18.7
1989-11-15 02:00:00,,18.65
1989-11-16 02:00:00,,18.65
1989-11-17 02:00:00,,18.75
1989-11-20 02:00:00,,18.8
1989-11-21 02:00:00,,18.68
1989-11-22 02:00:00,,18.6
1989-11-23 02:00:00,,18.4
1989-11-24 02:00:00,,18.48
1989-11-27 02:00:00,,18.5
1989-11-28 02:00:00,,18.23
1989-11-29 02:00:00,,18.15
1989-11-30 02:00:00,,18.48
1989-12-01 02:00:00,,18.68
1989-12-04 02:00:00,,19.28
1989-12-05 02:00:00,,19.18
1989-12-06 02:00:00,,19.28
1989-12-07 02:00:00,,19.33
1989-12-08 02:00:00,,19.15
1989-12-11 02:00:00,,19.45
1989-12-12 02:00:00,,19.53
1989-12-13 02:00:00,,19.78
1989-12-14 02:00:00,,19.68
1989-12-15 02:00:00,,19.68
1989-12-18 02:00:00,,19.98
1989-12-19 02:00:00,,20.28
1989-12-20 02:00:00,,20.23
1989-12-21 02:00:00,,20.13
1989-12-22 02:00:00,,20.5
1989-12-27 02:00:00,,20.9
1989-12-28 02:00:00,,20.85
1989-12-29 02:00:00,,21.05
1990-01-02 02:00:00,,21.2
1990-01-03 02:00:00,,22.65
1990-01-04 02:00:00,,22.5
1990-01-05 02:00:00,,23.13
1990-01-08 02:00:00,,21.38
1990-01-09 02:00:00,,21.03
1990-01-10 02:00:00,,21.95
1990-01-11 02:00:00,,21.88
1990-01-12 02:00:00,,22.13
1990-01-15 02:00:00,,21.6
1990-01-16 02:00:00,,21.15
1990-01-17 02:00:00,,20.45
1990-01-18 02:00:00,,20.78
1990-01-19 02:00:00,,21.28
1990-01-22 02:00:00,,20.88
1990-01-23 02:00:00,,20.23
1990-01-24 02:00:00,,20.18
1990-01-25 02:00:00,,20.55
1990-01-26 02:00:00,,20.63
1990-01-29 02:00:00,,20.73
1990-01-30 02:00:00,,20.73
1990-01-31 02:00:00,,20.5
1990-02-01 02:00:00,,20.58
1990-02-02 02:00:00,,20.73
1990-02-05 02:00:00,,20.73
1990-02-06 02:00:00,,20.6
1990-02-07 02:00:00,,20.15
1990-02-08 02:00:00,,20.05
1990-02-09 02:00:00,,19.75
1990-02-12 03:00:00,,19.68
1990-02-13 03:00:00,,20.03
1990-02-14 03:00:00,,19.6
1990-02-15 03:00:00,,19.9
1990-02-16 03:00:00,,19.88
1990-02-19 03:00:00,,19.95
1990-02-20 03:00:00,,19.68
1990-02-21 03:00:00,,19.5
1990-02-22 03:00:00,,19.35
1990-02-23 03:00:00,,18.78
1990-02-26 03:00:00,,18.9
1990-02-27 03:00:00,,19.23
1990-02-28 03:00:00,,19.2
1990-03-01 03:00:00,,19.33
1990-03-02 03:00:00,,19.18
1990-03-05 03:00:00,,19.15
1990-03-06 03:00:00,,19.18
1990-03-07 03:00:00,,18.95
1990-03-08 03:00:00,,18.73
1990-03-09 03:00:00,,18.68
1990-03-12 03:00:00,,18.3
1990-03-13 03:00:00,,18.53
1990-03-14 03:00:00,,18.33
1990-03-15 03:00:00,,18.48
1990-03-16 03:00:00,,18.4
1990-03-19 03:00:00,,17.83
1990-03-20 03:00:00,,17.75
1990-03-21 03:00:00,,17.78
1990-03-22 03:00:00,,17.83
1990-03-23 03:00:00,,17.88
1990-03-26 03:00:00,,18.23
1990-03-27 03:00:00,,18.1
1990-03-28 03:00:00,,18.03
1990-03-29 03:00:00,,17.9
1990-03-30 03:00:00,,17.95
1990-04-02 03:00:00,,18.18
1990-04-03 03:00:00,,18.2
1990-04-04 03:00:00,,17.95
1990-04-05 03:00:00,,17.55
1990-04-06 03:00:00,,17.1
1990-04-09 03:00:00,,16.53
1990-04-10 03:00:00,,15.93
1990-04-11 03:00:00,,15.3
1990-04-12 03:00:00,,15.8
1990-04-17 03:00:00,,15.7
1990-04-18 03:00:00,,15.33
1990-04-19 03:00:00,,16.13
1990-04-20 03:00:00,,16.35
1990-04-23 03:00:00,,16.95
1990-04-24 03:00:00,,16.75
1990-04-25 03:00:00,,16.5
1990-04-26 03:00:00,,16.6
1990-04-27 03:00:00,,16.43
1990-04-30 03:00:00,,16.35
1990-05-01 03:00:00,,16.43
1990-05-02 03:00:00,,16.58
1990-05-03 03:00:00,,15.93
1990-05-04 03:00:00,,15.58
1990-05-07 03:00:00,,15.65
1990-05-08 03:00:00,,16.18
1990-05-09 03:00:00,,16.45
1990-05-10 03:00:00,,16.7
1990-05-11 03:00:00,,16.73
1990-05-14 03:00:00,,17.4
1990-05-15 03:00:00,,17.4
1990-05-16 03:00:00,,17.25
1990-05-17 03:00:00,,17.05
1990-05-18 03:00:00,,17.08
1990-05-21 03:00:00,,16.65
1990-05-22 03:00:00,,16.48
1990-05-23 03:00:00,,15.7
1990-05-24 03:00:00,,15.8
1990-05-25 03:00:00,,15.95
1990-05-29 03:00:00,,15.48
1990-05-30 03:00:00,,15.98
1990-05-31 03:00:00,,15.3
1990-06-01 03:00:00,,15.43
1990-06-04 03:00:00,,15.35
1990-06-05 03:00:00,,14.78
1990-06-06 03:00:00,,14.8
1990-06-07 03:00:00,,15.03
1990-06-08 03:00:00,,14.68
1990-06-11 03:00:00,,14.73
1990-06-12 03:00:00,,14.95
1990-06-13 03:00:00,,14.9
1990-06-14 03:00:00,,15.3
1990-06-15 03:00:00,,15.15
1990-06-18 03:00:00,,14.83
1990-06-19 03:00:00,,14.75
1990-06-20 03:00:00,,14.75
1990-06-21 03:00:00,,14.75
1990-06-22 03:00:00,,15.4
1990-06-25 03:00:00,,15.58
1990-06-26 03:00:00,,15.58
1990-06-27 03:00:00,,15.33
1990-06-28 03:00:00,,15.4
1990-06-29 03:00:00,,15.73
1990-07-02 03:00:00,,15.4
1990-07-03 03:00:00,,15.48
1990-07-04 03:00:00,,15.48
1990-07-05 03:00:00,,15.23
1990-07-06 03:00:00,,15.35
1990-07-09 03:00:00,,14.98
1990-07-10 03:00:00,,15.58
1990-07-11 03:00:00,,15.7
1990-07-12 03:00:00,,15.88
1990-07-13 03:00:00,,17.03
1990-07-16 03:00:00,,17.7
1990-07-17 03:00:00,,17.58
1990-07-18 03:00:00,,17.7
1990-07-19 03:00:00,,17.85
1990-07-20 03:00:00,,18.0
1990-07-23 03:00:00,,18.73
1990-07-24 03:00:00,,19.08
1990-07-25 03:00:00,,19.0
1990-07-26 03:00:00,,18.73
1990-07-27 03:00:00,,19.03
1990-07-30 03:00:00,,18.98
1990-07-31 03:00:00,,19.23
1990-08-01 03:00:00,,19.93
1990-08-02 03:00:00,,22.25
1990-08-03 03:00:00,,24.13
1990-08-06 03:00:00,,27.28
1990-08-07 03:00:00,,27.35
1990-08-08 03:00:00,,25.15
1990-08-09 03:00:00,,25.9
1990-08-10 03:00:00,,26.3
1990-08-13 03:00:00,,26.63
1990-08-14 03:00:00,,27.1
1990-08-15 03:00:00,,26.53
1990-08-16 03:00:00,,27.2
1990-08-17 03:00:00,,28.45
1990-08-20 03:00:00,,28.9
1990-08-21 03:00:00,,29.05
1990-08-22 03:00:00,,30.45
1990-08-23 03:00:00,,32.35
1990-08-24 03:00:00,,31.65
1990-08-27 03:00:00,,27.65
1990-08-28 03:00:00,,27.65
1990-08-29 03:00:00,,27.65
1990-08-30 03:00:00,,27.5
1990-08-31 03:00:00,,27.8
1990-09-03 03:00:00,,30.53
1990-09-04 03:00:00,,30.08
1990-09-05 03:00:00,,31.23
1990-09-06 03:00:00,,32.15
1990-09-07 03:00:00,,31.45
1990-09-10 03:00:00,,31.45
1990-09-11 03:00:00,,32.1
1990-09-12 03:00:00,,31.28
1990-09-13 03:00:00,,31.88
1990-09-14 03:00:00,,33.35
1990-09-17 03:00:00,,34.9
1990-09-18 03:00:00,,35.95
1990-09-19 03:00:00,,35.08
1990-09-20 03:00:00,,35.65
1990-09-21 03:00:00,,36.95
1990-09-24 03:00:00,,40.75
1990-09-25 03:00:00,,39.9
1990-09-26 03:00:00,,40.85
1990-09-27 03:00:00,,41.45
1990-09-28 03:00:00,,41.0
1990-10-01 03:00:00,,38.95
1990-10-02 03:00:00,,35.45
1990-10-03 03:00:00,,37.55
1990-10-04 03:00:00,,37.2
1990-10-05 03:00:00,,39.05
1990-10-08 03:00:00,,39.2
1990-10-09 03:00:00,,40.9
1990-10-10 03:00:00,,40.2
1990-10-11 03:00:00,,41.15
1990-10-12 03:00:00,,39.9
1990-10-15 03:00:00,,38.28
1990-10-16 03:00:00,,38.93
1990-10-17 03:00:00,,35.33
1990-10-18 03:00:00,,35.65
1990-10-19 03:00:00,,33.2
1990-10-22 03:00:00,,27.45
1990-10-23 03:00:00,,28.95
1990-10-24 03:00:00,,30.1
1990-10-25 03:00:00,,32.9
1990-10-26 03:00:00,,33.73
1990-10-29 03:00:00,,34.65
1990-10-30 03:00:00,,35.5
1990-10-31 03:00:00,,34.3
1990-11-01 03:00:00,,35.65
1990-11-02 03:00:00,,35.05
1990-11-05 03:00:00,,33.8
1990-11-06 03:00:00,,33.2
1990-11-07 02:00:00,,34.55
1990-11-08 02:00:00,,34.85
1990-11-09 02:00:00,,34.25
1990-11-12 02:00:00,,32.85
1990-11-13 02:00:00,,33.65
1990-11-14 02:00:00,,31.95
1990-11-15 02:00:00,,32.2
1990-11-16 02:00:00,,30.55
1990-11-19 02:00:00,,30.85
1990-11-20 02:00:00,,30.1
1990-11-21 02:00:00,,30.65
1990-11-22 02:00:00,,31.4
1990-11-23 02:00:00,,32.05
1990-11-26 02:00:00,,35.1
1990-11-27 02:00:00,,34.83
1990-11-28 02:00:00,,34.1
1990-11-29 02:00:00,,34.65
1990-11-30 02:00:00,,31.2
1990-12-03 02:00:00,,31.25
1990-12-04 02:00:00,,31.5
1990-12-05 02:00:00,,30.2
1990-12-06 02:00:00,,27.35
1990-12-07 02:00:00,,28.3
1990-12-10 02:00:00,,28.75
1990-12-11 02:00:00,,28.03
1990-12-12 02:00:00,,27.28
1990-12-13 02:00:00,,27.8
1990-12-14 02:00:00,,28.45
1990-12-17 02:00:00,,28.2
1990-12-18 02:00:00,,27.55
1990-12-19 02:00:00,,28.13
1990-12-20 02:00:00,,27.55
1990-12-21 02:00:00,,26.9
1990-12-24 02:00:00,,27.7
1990-12-26 02:00:00,,27.7
1990-12-27 02:00:00,,27.05
1990-12-28 02:00:00,,27.43
1990-12-31 02:00:00,,28.35
1991-01-02 02:00:00,,26.78
1991-01-03 02:00:00,,25.05
1991-01-04 02:00:00,,24.08
1991-01-07 02:00:00,,25.93
1991-01-08 02:00:00,,25.73
1991-01-09 02:00:00,,22.35
1991-01-10 02:00:00,,26.58
1991-01-11 02:00:00,,26.05
1991-01-14 02:00:00,,29.55
1991-01-15 02:00:00,,29.25
1991-01-16 02:00:00,,30.28
1991-01-17 02:00:00,,21.1
1991-01-18 02:00:00,,19.1
1991-01-21 02:00:00,,19.25
1991-01-22 02:00:00,,20.73
1991-01-23 02:00:00,,22.15
1991-01-24 02:00:00,,20.9
1991-01-25 02:00:00,,20.8
1991-01-28 02:00:00,,20.4
1991-01-29 02:00:00,,20.75
1991-01-30 02:00:00,,20.95
1991-01-31 02:00:00,,20.7
1991-02-01 02:00:00,,20.8
1991-02-04 02:00:00,,20.45
1991-02-05 02:00:00,,20.2
1991-02-06 02:00:00,,20.93
1991-02-07 02:00:00,,20.9
1991-02-08 02:00:00,,20.65
1991-02-11 03:00:00,,21.23
1991-02-12 03:00:00,,21.1
1991-02-13 03:00:00,,21.0
1991-02-14 03:00:00,,20.5
1991-02-15 03:00:00,,18.35
1991-02-18 03:00:00,,17.68
1991-02-19 03:00:00,,17.85
1991-02-20 03:00:00,,18.75
1991-02-21 03:00:00,,18.55
1991-02-22 03:00:00,,17.8
1991-02-25 03:00:00,,17.83
1991-02-26 03:00:00,,18.0
1991-02-27 03:00:00,,18.65
1991-02-28 03:00:00,,19.5
1991-03-01 03:00:00,,19.33
1991-03-04 03:00:00,,20.2
1991-03-05 03:00:00,,20.05
1991-03-06 03:00:00,,19.85
1991-03-07 03:00:00,,19.65
1991-03-08 03:00:00,,19.1
1991-03-11 03:00:00,,18.6
1991-03-12 03:00:00,,18.43
1991-03-13 03:00:00,,20.33
1991-03-14 03:00:00,,19.98
1991-03-15 03:00:00,,19.05
1991-03-18 03:00:00,,18.3
1991-03-19 03:00:00,,18.95
1991-03-20 03:00:00,,18.98
1991-03-21 03:00:00,,18.8
1991-03-22 03:00:00,,18.95
1991-03-25 03:00:00,,18.6
1991-03-26 03:00:00,,18.35
1991-03-27 03:00:00,,18.15
1991-03-28 03:00:00,,18.0
1991-04-01 03:00:00,,18.0
1991-04-02 03:00:00,,17.63
1991-04-03 03:00:00,,17.75
1991-04-04 03:00:00,,18.0
1991-04-05 03:00:00,,18.35
1991-04-08 03:00:00,,18.58
1991-04-09 03:00:00,,18.6
1991-04-10 03:00:00,,19.25
1991-04-11 03:00:00,,19.5
1991-04-12 03:00:00,,19.93
1991-04-15 03:00:00,,20.23
1991-04-16 03:00:00,,19.9
1991-04-17 03:00:00,,19.85
1991-04-18 03:00:00,,19.4
1991-04-19 03:00:00,,19.18
1991-04-22 03:00:00,,19.78
1991-04-23 03:00:00,,19.6
1991-04-24 03:00:00,,19.55
1991-04-25 03:00:00,,19.6
1991-04-26 03:00:00,,19.63
1991-04-29 03:00:00,,19.95
1991-04-30 03:00:00,,19.7
1991-05-01 03:00:00,,19.7
1991-05-02 03:00:00,,19.7
1991-05-03 03:00:00,,19.55
1991-05-06 03:00:00,,19.8
1991-05-07 03:00:00,,19.85
1991-05-08 03:00:00,,19.8
1991-05-09 03:00:00,,20.08
1991-05-10 03:00:00,,19.53
1991-05-13 03:00:00,,19.25
1991-05-14 03:00:00,,18.95
1991-05-15 03:00:00,,18.8
1991-05-16 03:00:00,,18.75
1991-05-17 03:00:00,,18.75
1991-05-20 03:00:00,,18.9
1991-05-21 03:00:00,,19.03
1991-05-22 03:00:00,,18.58
1991-05-23 03:00:00,,18.78
1991-05-24 03:00:00,,18.83
1991-05-28 03:00:00,,19.0
1991-05-29 03:00:00,,18.75
1991-05-30 03:00:00,,18.73
1991-05-31 03:00:00,,19.0
1991-06-03 03:00:00,,19.0
1991-06-04 03:00:00,,18.83
1991-06-05 03:00:00,,18.63
1991-06-06 03:00:00,,18.03
1991-06-07 03:00:00,,18.28
1991-06-10 03:00:00,,18.0
1991-06-11 03:00:00,,17.85
1991-06-12 03:00:00,,17.73
1991-06-13 03:00:00,,18.0
1991-06-14 03:00:00,,17.7
1991-06-17 03:00:00,,17.85
1991-06-18 03:00:00,,18.0
1991-06-19 03:00:00,,17.88
1991-06-20 03:00:00,,18.15
1991-06-21 03:00:00,,18.43
1991-06-24 03:00:00,,18.18
1991-06-25 03:00:00,,18.15
1991-06-26 03:00:00,,18.1
1991-06-27 03:00:00,,18.08
1991-06-28 03:00:00,,18.48
1991-07-01 03:00:00,,18.53
1991-07-02 03:00:00,,18.55
1991-07-03 03:00:00,,18.5
1991-07-04 03:00:00,,18.48
1991-07-05 03:00:00,,18.7
1991-07-08 03:00:00,,18.98
1991-07-09 03:00:00,,19.03
1991-07-10 03:00:00,,19.23
1991-07-11 03:00:00,,19.2
1991-07-12 03:00:00,,19.78
1991-07-15 03:00:00,,19.6
1991-07-16 03:00:00,,19.83
1991-07-17 03:00:00,,20.13
1991-07-18 03:00:00,,20.28
1991-07-19 03:00:00,,20.28
1991-07-22 03:00:00,,20.08
1991-07-23 03:00:00,,19.58
1991-07-24 03:00:00,,19.33
1991-07-25 03:00:00,,19.6
1991-07-26 03:00:00,,19.73
1991-07-29 03:00:00,,19.58
1991-07-30 03:00:00,,19.48
1991-07-31 03:00:00,,19.65
1991-08-01 03:00:00,,19.73
1991-08-02 03:00:00,,19.4
1991-08-05 03:00:00,,19.5
1991-08-06 03:00:00,,19.45
1991-08-07 03:00:00,,19.35
1991-08-08 03:00:00,,19.7
1991-08-09 03:00:00,,19.58
1991-08-12 03:00:00,,19.63
1991-08-13 03:00:00,,19.5
1991-08-14 03:00:00,,19.23
1991-08-15 03:00:00,,19.25
1991-08-16 03:00:00,,19.35
1991-08-19 03:00:00,,20.55
1991-08-20 03:00:00,,20.98
1991-08-21 03:00:00,,19.55
1991-08-22 03:00:00,,19.53
1991-08-23 03:00:00,,19.85
1991-08-26 03:00:00,,20.03
1991-08-27 03:00:00,,20.03
1991-08-28 03:00:00,,19.98
1991-08-29 03:00:00,,20.3
1991-08-30 03:00:00,,20.53
1991-09-02 03:00:00,,20.65
1991-09-03 03:00:00,,20.55
1991-09-04 03:00:00,,20.25
1991-09-05 03:00:00,,20.1
1991-09-06 03:00:00,,20.13
1991-09-09 03:00:00,,19.85
1991-09-10 03:00:00,,19.93
1991-09-11 03:00:00,,20.0
1991-09-12 03:00:00,,20.25
1991-09-13 03:00:00,,20.35
1991-09-16 03:00:00,,20.53
1991-09-17 03:00:00,,20.3
1991-09-18 03:00:00,,20.53
1991-09-19 03:00:00,,20.43
1991-09-20 03:00:00,,20.55
1991-09-23 03:00:00,,20.83
1991-09-24 03:00:00,,20.75
1991-09-25 03:00:00,,20.65
1991-09-26 03:00:00,,21.0
1991-09-27 03:00:00,,21.48
1991-09-30 03:00:00,,21.43
1991-10-01 03:00:00,,21.15
1991-10-02 03:00:00,,21.3
1991-10-03 03:00:00,,21.75
1991-10-04 03:00:00,,21.83
1991-10-07 03:00:00,,21.98
1991-10-08 03:00:00,,21.95
1991-10-09 03:00:00,,22.43
1991-10-10 03:00:00,,22.13
1991-10-11 03:00:00,,22.08
1991-10-14 03:00:00,,22.6
1991-10-15 03:00:00,,22.83
1991-10-16 03:00:00,,22.6
1991-10-17 03:00:00,,22.73
1991-10-18 03:00:00,,23.0
1991-10-21 03:00:00,,22.95
1991-10-22 03:00:00,,22.65
1991-10-23 03:00:00,,22.48
1991-10-24 03:00:00,,22.25
1991-10-25 03:00:00,,22.35
1991-10-28 03:00:00,,21.9
1991-10-29 03:00:00,,21.85
1991-10-30 03:00:00,,21.95
1991-10-31 03:00:00,,22.0
1991-11-01 03:00:00,,22.53
1991-11-04 03:00:00,,22.73
1991-11-05 03:00:00,,22.53
1991-11-06 02:00:00,,22.0
1991-11-07 02:00:00,,21.85
1991-11-08 02:00:00,,21.8
1991-11-11 02:00:00,,21.45
1991-11-12 02:00:00,,21.2
1991-11-13 02:00:00,,21.5
1991-11-14 02:00:00,,21.0
1991-11-15 02:00:00,,21.63
1991-11-18 02:00:00,,21.35
1991-11-19 02:00:00,,21.08
1991-11-20 02:00:00,,20.48
1991-11-21 02:00:00,,20.73
1991-11-22 02:00:00,,20.15
1991-11-25 02:00:00,,19.78
1991-11-26 02:00:00,,19.78
1991-11-27 02:00:00,,19.65
1991-11-28 02:00:00,,19.98
1991-11-29 02:00:00,,20.08
1991-12-02 02:00:00,,19.6
1991-12-03 02:00:00,,19.2
1991-12-04 02:00:00,,19.18
1991-12-05 02:00:00,,19.15
1991-12-06 02:00:00,,19.05
1991-12-09 02:00:00,,18.25
1991-12-10 02:00:00,,18.1
1991-12-11 02:00:00,,18.28
1991-12-12 02:00:00,,18.58
1991-12-13 02:00:00,,19.05
1991-12-16 02:00:00,,18.55
1991-12-17 02:00:00,,18.13
1991-12-18 02:00:00,,18.15
1991-12-19 02:00:00,,18.15
1991-12-20 02:00:00,,18.55
1991-12-23 02:00:00,,17.6
1991-12-24 02:00:00,,17.78
1991-12-26 02:00:00,,17.78
1991-12-27 02:00:00,,17.75
1991-12-30 02:00:00,,18.0
1991-12-31 02:00:00,,17.75
1992-01-02 02:00:00,,18.45
1992-01-03 02:00:00,,18.5
1992-01-06 02:00:00,,18.75
1992-01-07 02:00:00,,18.4
1992-01-08 02:00:00,,17.3
1992-01-09 02:00:00,,17.18
1992-01-10 02:00:00,,17.23
1992-01-13 02:00:00,,18.08
1992-01-14 02:00:00,,18.23
1992-01-15 02:00:00,,18.38
1992-01-16 02:00:00,,18.68
1992-01-17 02:00:00,,18.48
1992-01-20 02:00:00,,18.45
1992-01-21 02:00:00,,17.85
1992-01-22 02:00:00,,17.83
1992-01-23 02:00:00,,18.1
1992-01-24 02:00:00,,18.33
1992-01-27 02:00:00,,18.55
1992-01-28 02:00:00,,18.43
1992-01-29 02:00:00,,18.15
1992-01-30 02:00:00,,18.1
1992-01-31 02:00:00,,18.15
1992-02-03 02:00:00,,18.35
1992-02-04 02:00:00,,18.4
1992-02-05 02:00:00,,18.48
1992-02-06 02:00:00,,18.53
1992-02-07 02:00:00,,18.58
1992-02-10 03:00:00,,18.95
1992-02-11 03:00:00,,18.48
1992-02-12 03:00:00,,18.33
1992-02-13 03:00:00,,18.53
1992-02-14 03:00:00,,18.63
1992-02-17 03:00:00,,17.65
1992-02-18 03:00:00,,17.7
1992-02-19 03:00:00,,17.5
1992-02-20 03:00:00,,17.85
1992-02-21 03:00:00,,18.0
1992-02-24 03:00:00,,17.4
1992-02-25 03:00:00,,17.43
1992-02-26 03:00:00,,17.28
1992-02-27 03:00:00,,17.55
1992-02-28 03:00:00,,17.45
1992-03-02 03:00:00,,17.35
1992-03-03 03:00:00,,17.05
1992-03-04 03:00:00,,17.28
1992-03-05 03:00:00,,17.43
1992-03-06 03:00:00,,17.3
1992-03-09 03:00:00,,17.35
1992-03-10 03:00:00,,17.35
1992-03-11 03:00:00,,17.2
1992-03-12 03:00:00,,17.35
1992-03-13 03:00:00,,17.73
1992-03-16 03:00:00,,17.73
1992-03-17 03:00:00,,17.88
1992-03-18 03:00:00,,17.65
1992-03-19 03:00:00,,17.65
1992-03-20 03:00:00,,17.75
1992-03-23 03:00:00,,17.58
1992-03-24 03:00:00,,17.65
1992-03-25 03:00:00,,17.7
1992-03-26 03:00:00,,17.98
1992-03-27 03:00:00,,17.85
1992-03-30 03:00:00,,17.98
1992-03-31 03:00:00,,19.09
1992-04-01 03:00:00,,18.38
1992-04-02 03:00:00,,18.53
1992-04-03 03:00:00,,18.63
1992-04-06 03:00:00,,18.93
1992-04-07 03:00:00,,18.93
1992-04-08 03:00:00,,19.18
1992-04-09 03:00:00,,18.95
1992-04-10 03:00:00,,19.05
1992-04-13 03:00:00,,19.03
1992-04-14 03:00:00,,18.85
1992-04-15 03:00:00,,18.6
1992-04-16 03:00:00,,18.95
1992-04-20 03:00:00,,18.95
1992-04-21 03:00:00,,19.0
1992-04-22 03:00:00,,18.73
1992-04-23 03:00:00,,18.7
1992-04-24 03:00:00,,18.9
1992-04-27 03:00:00,,18.9
1992-04-28 03:00:00,,19.18
1992-04-29 03:00:00,,19.28
1992-04-30 03:00:00,,19.65
1992-05-01 03:00:00,,19.83
1992-05-04 03:00:00,,19.88
1992-05-05 03:00:00,,19.98
1992-05-06 03:00:00,,19.68
1992-05-07 03:00:00,,19.65
1992-05-08 03:00:00,,19.63
1992-05-11 03:00:00,,19.73
1992-05-12 03:00:00,,19.8
1992-05-13 03:00:00,,19.95
1992-05-14 03:00:00,,19.75
1992-05-15 03:00:00,,19.7
1992-05-18 03:00:00,,19.7
1992-05-19 03:00:00,,19.3
1992-05-20 03:00:00,,19.28
1992-05-21 03:00:00,,19.6
1992-05-22 03:00:00,,19.58
1992-05-26 03:00:00,,20.5
1992-05-27 03:00:00,,20.8
1992-05-28 03:00:00,,20.73
1992-05-29 03:00:00,,20.7
1992-06-01 03:00:00,,20.9
1992-06-02 03:00:00,,20.85
1992-06-03 03:00:00,,21.23
1992-06-04 03:00:00,,21.08
1992-06-05 03:00:00,,21.35
1992-06-08 03:00:00,,21.25
1992-06-09 03:00:00,,21.13
1992-06-10 03:00:00,,21.05
1992-06-11 03:00:00,,21.33
1992-06-12 03:00:00,,21.28
1992-06-15 03:00:00,,21.3
1992-06-16 03:00:00,,21.13
1992-06-17 03:00:00,,21.03
1992-06-18 03:00:00,,21.23
1992-06-19 03:00:00,,21.13
1992-06-22 03:00:00,,20.83
1992-06-23 03:00:00,,21.35
1992-06-24 03:00:00,,21.55
1992-06-25 03:00:00,,21.5
1992-06-26 03:00:00,,21.3
1992-06-29 03:00:00,,21.08
1992-06-30 03:00:00,,20.6
1992-07-01 03:00:00,,20.25
1992-07-02 03:00:00,,20.53
1992-07-03 03:00:00,,20.65
1992-07-06 03:00:00,,20.45
1992-07-07 03:00:00,,19.8
1992-07-08 03:00:00,,19.7
1992-07-09 03:00:00,,19.78
1992-07-10 03:00:00,,20.0
1992-07-13 03:00:00,,19.83
1992-07-14 03:00:00,,19.98
1992-07-15 03:00:00,,19.85
1992-07-16 03:00:00,,20.23
1992-07-17 03:00:00,,20.2
1992-07-20 03:00:00,,19.95
1992-07-21 03:00:00,,20.03
1992-07-22 03:00:00,,20.23
1992-07-23 03:00:00,,20.48
1992-07-24 03:00:00,,20.6
1992-07-27 03:00:00,,20.58
1992-07-28 03:00:00,,20.78
1992-07-29 03:00:00,,20.68
1992-07-30 03:00:00,,20.48
1992-07-31 03:00:00,,20.38
1992-08-03 03:00:00,,20.33
1992-08-04 03:00:00,,19.85
1992-08-05 03:00:00,,19.68
1992-08-06 03:00:00,,19.78
1992-08-07 03:00:00,,19.75
1992-08-10 03:00:00,,19.55
1992-08-11 03:00:00,,19.48
1992-08-12 03:00:00,,19.65
1992-08-13 03:00:00,,19.83
1992-08-14 03:00:00,,19.88
1992-08-17 03:00:00,,19.95
1992-08-18 03:00:00,,19.9
1992-08-19 03:00:00,,19.8
1992-08-20 03:00:00,,19.63
1992-08-21 03:00:00,,19.68
1992-08-24 03:00:00,,19.65
1992-08-25 03:00:00,,19.68
1992-08-26 03:00:00,,19.63
1992-08-27 03:00:00,,19.5
1992-08-28 03:00:00,,19.65
1992-08-31 03:00:00,,19.65
1992-09-01 03:00:00,,19.88
1992-09-02 03:00:00,,20.0
1992-09-03 03:00:00,,19.95
1992-09-04 03:00:00,,20.03
1992-09-07 03:00:00,,20.13
1992-09-08 03:00:00,,20.3
1992-09-09 03:00:00,,20.33
1992-09-10 03:00:00,,20.3
1992-09-11 03:00:00,,20.35
1992-09-14 03:00:00,,20.68
1992-09-15 03:00:00,,20.5
1992-09-16 03:00:00,,20.43
1992-09-17 03:00:00,,20.35
1992-09-18 03:00:00,,20.3
1992-09-21 03:00:00,,20.15
1992-09-22 03:00:00,,20.33
1992-09-23 03:00:00,,20.53
1992-09-24 03:00:00,,20.43
1992-09-25 03:00:00,,20.33
1992-09-28 03:00:00,,20.28
1992-09-29 03:00:00,,20.18
1992-09-30 03:00:00,,20.18
1992-10-01 03:00:00,,20.28
1992-10-02 03:00:00,,20.4
1992-10-05 03:00:00,,20.2
1992-10-06 03:00:00,,20.23
1992-10-07 03:00:00,,20.28
1992-10-08 03:00:00,,20.48
1992-10-09 03:00:00,,20.48
1992-10-12 03:00:00,,20.8
1992-10-13 03:00:00,,20.83
1992-10-14 03:00:00,,20.68
1992-10-15 03:00:00,,20.73
1992-10-16 03:00:00,,20.78
1992-10-19 03:00:00,,20.73
1992-10-20 03:00:00,,20.68
1992-10-21 03:00:00,,20.28
1992-10-22 03:00:00,,20.13
1992-10-23 03:00:00,,20.03
1992-10-26 03:00:00,,19.78
1992-10-27 03:00:00,,19.78
1992-10-28 03:00:00,,19.65
1992-10-29 03:00:00,,19.4
1992-10-30 03:00:00,,19.13
1992-11-02 03:00:00,,19.25
1992-11-03 03:00:00,,19.35
1992-11-04 02:00:00,,19.03
1992-11-05 02:00:00,,19.2
1992-11-06 02:00:00,,19.13
1992-11-09 02:00:00,,19.1
1992-11-10 02:00:00,,19.53
1992-11-11 02:00:00,,19.4
1992-11-12 02:00:00,,19.18
1992-11-13 02:00:00,,19.05
1992-11-16 02:00:00,,19.2
1992-11-17 02:00:00,,19.15
1992-11-18 02:00:00,,19.1
1992-11-19 02:00:00,,19.48
1992-11-20 02:00:00,,19.48
1992-11-23 02:00:00,,19.15
1992-11-24 02:00:00,,19.18
1992-11-25 02:00:00,,19.28
1992-11-26 02:00:00,,18.93
1992-11-27 02:00:00,,19.08
1992-11-30 02:00:00,,19.25
1992-12-01 02:00:00,,18.65
1992-12-02 02:00:00,,18.38
1992-12-03 02:00:00,,18.2
1992-12-04 02:00:00,,18.35
1992-12-07 02:00:00,,18.25
1992-12-08 02:00:00,,18.08
1992-12-09 02:00:00,,17.8
1992-12-10 02:00:00,,18.28
1992-12-11 02:00:00,,18.2
1992-12-14 02:00:00,,18.03
1992-12-15 02:00:00,,17.8
1992-12-16 02:00:00,,17.9
1992-12-17 02:00:00,,18.18
1992-12-18 02:00:00,,18.3
1992-12-21 02:00:00,,18.33
1992-12-22 02:00:00,,18.08
1992-12-23 02:00:00,,18.23
1992-12-24 02:00:00,,18.28
1992-12-29 02:00:00,,17.93
1992-12-30 02:00:00,,17.83
1992-12-31 02:00:00,,17.85
1993-01-04 02:00:00,,17.73
1993-01-05 02:00:00,,17.48
1993-01-06 02:00:00,,17.53
1993-01-07 02:00:00,,17.58
1993-01-08 02:00:00,,17.23
1993-01-11 02:00:00,,17.28
1993-01-12 02:00:00,,16.85
1993-01-13 02:00:00,,16.85
1993-01-14 02:00:00,,17.0
1993-01-15 02:00:00,,17.28
1993-01-18 02:00:00,,17.25
1993-01-19 02:00:00,,16.98
1993-01-20 02:00:00,,16.7
1993-01-21 02:00:00,,16.88
1993-01-22 02:00:00,,17.08
1993-01-25 02:00:00,,17.58
1993-01-26 02:00:00,,17.93
1993-01-27 02:00:00,,17.88
1993-01-28 02:00:00,,18.15
1993-01-29 02:00:00,,18.48
1993-02-01 02:00:00,,18.55
1993-02-02 02:00:00,,18.4
1993-02-04 02:00:00,,18.65
1993-02-05 02:00:00,,18.7
1993-02-08 02:00:00,,18.55
1993-02-09 02:00:00,,18.33
1993-02-10 02:00:00,,18.48
1993-02-11 02:00:00,,18.43
1993-02-12 02:00:00,,18.48
1993-02-15 03:00:00,,17.98
1993-02-16 03:00:00,,18.2
1993-02-17 03:00:00,,17.93
1993-02-18 03:00:00,,17.83
1993-02-19 03:00:00,,18.3
1993-02-22 03:00:00,,18.63
1993-02-23 03:00:00,,18.88
1993-02-24 03:00:00,,18.88
1993-02-25 03:00:00,,18.83
1993-02-26 03:00:00,,18.83
1993-03-01 03:00:00,,19.03
1993-03-02 03:00:00,,18.83
1993-03-03 03:00:00,,18.93
1993-03-04 03:00:00,,19.35
1993-03-05 03:00:00,,19.6
1993-03-08 03:00:00,,19.28
1993-03-09 03:00:00,,19.23
1993-03-10 03:00:00,,19.08
1993-03-11 03:00:00,,18.7
1993-03-12 03:00:00,,18.83
1993-03-15 03:00:00,,18.88
1993-03-16 03:00:00,,18.55
1993-03-17 03:00:00,,18.6
1993-03-18 03:00:00,,18.7
1993-03-19 03:00:00,,18.58
1993-03-22 03:00:00,,18.18
1993-03-23 03:00:00,,18.23
1993-03-24 03:00:00,,18.53
1993-03-25 03:00:00,,18.6
1993-03-26 03:00:00,,18.55
1993-03-29 03:00:00,,18.65
1993-03-30 03:00:00,,18.45
1993-03-31 03:00:00,,18.7
1993-04-01 03:00:00,,18.98
1993-04-02 03:00:00,,18.88
1993-04-05 03:00:00,,18.95
1993-04-06 03:00:00,,18.65
1993-04-07 03:00:00,,18.7
1993-04-08 03:00:00,,18.53
1993-04-13 03:00:00,,18.8
1993-04-14 03:00:00,,18.73
1993-04-15 03:00:00,,18.63
1993-04-16 03:00:00,,18.5
1993-04-19 03:00:00,,18.48
1993-04-20 03:00:00,,18.53
1993-04-21 03:00:00,,18.68
1993-04-22 03:00:00,,18.48
1993-04-23 03:00:00,,18.63
1993-04-26 03:00:00,,18.63
1993-04-27 03:00:00,,18.58
1993-04-28 03:00:00,,18.48
1993-04-29 03:00:00,,18.8
1993-04-30 03:00:00,,18.85
1993-05-04 03:00:00,,18.9
1993-05-05 03:00:00,,18.85
1993-05-06 03:00:00,,19.13
1993-05-07 03:00:00,,18.98
1993-05-10 03:00:00,,18.98
1993-05-11 03:00:00,,18.83
1993-05-12 03:00:00,,18.9
1993-05-13 03:00:00,,18.7
1993-05-14 03:00:00,,18.4
1993-05-17 03:00:00,,18.28
1993-05-18 03:00:00,,18.18
1993-05-19 03:00:00,,18.13
1993-05-20 03:00:00,,18.1
1993-05-21 03:00:00,,18.05
1993-05-24 03:00:00,,18.15
1993-05-25 03:00:00,,18.15
1993-05-26 03:00:00,,18.08
1993-05-27 03:00:00,,18.43
1993-05-28 03:00:00,,18.43
1993-06-01 03:00:00,,18.48
1993-06-02 03:00:00,,18.48
1993-06-03 03:00:00,,18.15
1993-06-04 03:00:00,,18.25
1993-06-07 03:00:00,,18.0
1993-06-08 03:00:00,,18.23
1993-06-09 03:00:00,,18.23
1993-06-10 03:00:00,,18.2
1993-06-11 03:00:00,,17.63
1993-06-14 03:00:00,,17.58
1993-06-15 03:00:00,,17.3
1993-06-16 03:00:00,,17.33
1993-06-17 03:00:00,,17.23
1993-06-18 03:00:00,,17.13
1993-06-21 03:00:00,,17.18
1993-06-22 03:00:00,,17.18
1993-06-23 03:00:00,,17.18
1993-06-24 03:00:00,,17.23
1993-06-25 03:00:00,,17.23
1993-06-28 03:00:00,,17.23
1993-06-29 03:00:00,,17.48
1993-06-30 03:00:00,,17.43
1993-07-01 03:00:00,,16.98
1993-07-02 03:00:00,,16.63
1993-07-05 03:00:00,,16.88
1993-07-06 03:00:00,,17.13
1993-07-07 03:00:00,,16.9
1993-07-08 03:00:00,,16.55
1993-07-09 03:00:00,,16.53
1993-07-12 03:00:00,,16.78
1993-07-13 03:00:00,,16.95
1993-07-14 03:00:00,,16.5
1993-07-15 03:00:00,,16.48
1993-07-16 03:00:00,,16.6
1993-07-19 03:00:00,,16.58
1993-07-20 03:00:00,,16.58
1993-07-21 03:00:00,,16.73
1993-07-22 03:00:00,,16.65
1993-07-23 03:00:00,,16.85
1993-07-26 03:00:00,,16.85
1993-07-27 03:00:00,,16.85
1993-07-28 03:00:00,,17.13
1993-07-29 03:00:00,,17.08
1993-07-30 03:00:00,,16.85
1993-08-02 03:00:00,,16.85
1993-08-03 03:00:00,,16.53
1993-08-04 03:00:00,,16.63
1993-08-05 03:00:00,,16.6
1993-08-06 03:00:00,,16.38
1993-08-09 03:00:00,,16.45
1993-08-10 03:00:00,,16.3
1993-08-11 03:00:00,,16.58
1993-08-12 03:00:00,,16.78
1993-08-13 03:00:00,,16.93
1993-08-16 03:00:00,,16.8
1993-08-17 03:00:00,,16.88
1993-08-18 03:00:00,,16.63
1993-08-19 03:00:00,,16.63
1993-08-20 03:00:00,,16.68
1993-08-23 03:00:00,,16.83
1993-08-24 03:00:00,,16.93
1993-08-25 03:00:00,,16.68
1993-08-26 03:00:00,,16.75
1993-08-27 03:00:00,,17.05
1993-08-31 03:00:00,,16.73
1993-09-01 03:00:00,,16.55
1993-09-02 03:00:00,,16.5
1993-09-03 03:00:00,,16.33
1993-09-06 03:00:00,,16.23
1993-09-07 03:00:00,,15.85
1993-09-08 03:00:00,,15.65
1993-09-09 03:00:00,,15.73
1993-09-10 03:00:00,,15.43
1993-09-13 03:00:00,,15.43
1993-09-14 03:00:00,,15.58
1993-09-15 03:00:00,,15.35
1993-09-16 03:00:00,,15.43
1993-09-17 03:00:00,,15.55
1993-09-20 03:00:00,,16.03
1993-09-21 03:00:00,,16.25
1993-09-22 03:00:00,,15.88
1993-09-23 03:00:00,,15.88
1993-09-24 03:00:00,,16.1
1993-09-27 03:00:00,,16.1
1993-09-28 03:00:00,,16.4
1993-09-29 03:00:00,,16.78
1993-09-30 03:00:00,,17.23
1993-10-01 03:00:00,,17.08
1993-10-04 03:00:00,,16.9
1993-10-05 03:00:00,,16.78
1993-10-06 03:00:00,,16.98
1993-10-07 03:00:00,,16.88
1993-10-08 03:00:00,,16.98
1993-10-11 03:00:00,,17.13
1993-10-12 03:00:00,,17.15
1993-10-13 03:00:00,,17.0
1993-10-14 03:00:00,,16.8
1993-10-15 03:00:00,,16.7
1993-10-18 03:00:00,,16.5
1993-10-19 03:00:00,,16.53
1993-10-20 03:00:00,,16.68
1993-10-21 03:00:00,,16.88
1993-10-22 03:00:00,,16.48
1993-10-25 03:00:00,,16.13
1993-10-26 03:00:00,,15.95
1993-10-27 03:00:00,,15.95
1993-10-28 03:00:00,,15.83
1993-10-29 03:00:00,,15.43
1993-11-01 03:00:00,,15.83
1993-11-02 03:00:00,,15.63
1993-11-03 02:00:00,,15.83
1993-11-04 02:00:00,,15.78
1993-11-05 02:00:00,,15.73
1993-11-08 02:00:00,,15.28
1993-11-09 02:00:00,,15.33
1993-11-10 02:00:00,,15.23
1993-11-11 02:00:00,,15.18
1993-11-12 02:00:00,,15.08
1993-11-15 02:00:00,,15.25
1993-11-16 02:00:00,,15.33
1993-11-17 02:00:00,,15.55
1993-11-18 02:00:00,,15.4
1993-11-19 02:00:00,,15.25
1993-11-22 02:00:00,,15.35
1993-11-23 02:00:00,,15.25
1993-11-24 02:00:00,,15.13
1993-11-25 02:00:00,,14.35
1993-11-26 02:00:00,,14.28
1993-11-29 02:00:00,,14.05
1993-11-30 02:00:00,,14.23
1993-12-01 02:00:00,,14.43
1993-12-02 02:00:00,,14.15
1993-12-03 02:00:00,,13.95
1993-12-06 02:00:00,,13.9
1993-12-07 02:00:00,,13.88
1993-12-08 02:00:00,,13.45
1993-12-09 02:00:00,,13.6
1993-12-10 02:00:00,,13.8
1993-12-13 02:00:00,,13.9
1993-12-14 02:00:00,,14.78
1993-12-15 02:00:00,,13.8
1993-12-16 02:00:00,,13.63
1993-12-17 02:00:00,,13.85
1993-12-20 02:00:00,,13.63
1993-12-21 02:00:00,,13.45
1993-12-22 02:00:00,,13.6
1993-12-23 02:00:00,,13.55
1993-12-24 02:00:00,,13.38
1993-12-29 02:00:00,,13.13
1993-12-30 02:00:00,,13.2
1993-12-31 02:00:00,,13.18
1994-01-04 02:00:00,,13.43
1994-01-05 02:00:00,,14.1
1994-01-06 02:00:00,,14.55
1994-01-07 02:00:00,,14.63
1994-01-10 02:00:00,,14.15
1994-01-11 02:00:00,,14.1
1994-01-12 02:00:00,,13.9
1994-01-13 02:00:00,,13.75
1994-01-14 02:00:00,,14.1
1994-01-17 02:00:00,,14.4
1994-01-18 02:00:00,,14.1
1994-01-19 02:00:00,,14.25
1994-01-20 02:00:00,,14.1
1994-01-21 02:00:00,,14.23
1994-01-24 02:00:00,,14.35
1994-01-25 02:00:00,,14.63
1994-01-26 02:00:00,,14.8
1994-01-27 02:00:00,,14.78
1994-01-28 02:00:00,,14.65
1994-01-31 02:00:00,,14.83
1994-02-01 02:00:00,,15.03
1994-02-02 02:00:00,,15.4
1994-02-03 02:00:00,,15.48
1994-02-04 02:00:00,,14.93
1994-02-07 02:00:00,,14.6
1994-02-08 02:00:00,,14.13
1994-02-09 02:00:00,,13.53
1994-02-10 02:00:00,,13.58
1994-02-11 02:00:00,,13.7
1994-02-14 03:00:00,,13.4
1994-02-15 03:00:00,,13.13
1994-02-16 03:00:00,,13.08
1994-02-17 03:00:00,,13.28
1994-02-18 03:00:00,,13.0
1994-02-21 03:00:00,,13.05
1994-02-22 03:00:00,,13.2
1994-02-23 03:00:00,,13.2
1994-02-24 03:00:00,,13.4
1994-02-25 03:00:00,,13.33
1994-02-28 03:00:00,,13.59
1994-03-01 03:00:00,,13.45
1994-03-02 03:00:00,,13.5
1994-03-03 03:00:00,,13.55
1994-03-04 03:00:00,,13.43
1994-03-07 03:00:00,,13.13
1994-03-08 03:00:00,,13.15
1994-03-09 03:00:00,,13.3
1994-03-10 03:00:00,,13.23
1994-03-11 03:00:00,,13.7
1994-03-14 03:00:00,,14.03
1994-03-15 03:00:00,,14.28
1994-03-16 03:00:00,,14.3
1994-03-17 03:00:00,,14.25
1994-03-18 03:00:00,,14.05
1994-03-21 03:00:00,,14.55
1994-03-22 03:00:00,,14.8
1994-03-23 03:00:00,,14.5
1994-03-24 03:00:00,,14.53
1994-03-25 03:00:00,,14.58
1994-03-28 03:00:00,,13.75
1994-03-29 03:00:00,,13.38
1994-03-30 03:00:00,,13.23
1994-03-31 03:00:00,,13.25
1994-04-05 03:00:00,,14.33
1994-04-06 03:00:00,,14.33
1994-04-07 03:00:00,,14.4
1994-04-08 03:00:00,,14.3
1994-04-11 03:00:00,,14.73
1994-04-12 03:00:00,,14.8
1994-04-13 03:00:00,,15.0
1994-04-14 03:00:00,,15.28
1994-04-15 03:00:00,,15.23
1994-04-18 03:00:00,,15.48
1994-04-19 03:00:00,,15.13
1994-04-20 03:00:00,,15.3
1994-04-21 03:00:00,,15.63
1994-04-22 03:00:00,,16.28
1994-04-25 03:00:00,,16.38
1994-04-26 03:00:00,,16.05
1994-04-27 03:00:00,,15.75
1994-04-28 03:00:00,,15.65
1994-04-29 03:00:00,1120.0,15.35
1994-05-02 03:00:00,1131.0,
1994-05-03 03:00:00,1081.0,15.93
1994-05-04 03:00:00,1083.0,15.95
1994-05-05 03:00:00,1105.0,15.85
1994-05-06 03:00:00,1151.0,16.25
1994-05-09 03:00:00,1179.0,16.33
1994-05-10 03:00:00,1193.0,16.25
1994-05-11 03:00:00,1185.0,16.1
1994-05-12 03:00:00,1167.0,16.25
1994-05-13 03:00:00,1200.0,16.5
1994-05-16 03:00:00,1251.0,16.23
1994-05-17 03:00:00,1277.0,15.83
1994-05-18 03:00:00,1256.0,15.98
1994-05-19 03:00:00,1173.0,16.15
1994-05-20 03:00:00,1173.0,16.23
1994-05-23 03:00:00,1105.0,16.63
1994-05-24 03:00:00,1080.0,16.63
1994-05-25 03:00:00,1061.0,16.33
1994-05-26 03:00:00,1072.0,16.08
1994-05-27 03:00:00,1070.0,16.08
1994-05-31 03:00:00,1079.0,16.18
1994-06-01 03:00:00,1103.0,16.4
1994-06-02 03:00:00,1123.0,16.35
1994-06-03 03:00:00,1103.0,16.13
1994-06-06 03:00:00,1087.0,16.18
1994-06-07 03:00:00,1047.0,15.95
1994-06-08 03:00:00,1024.0,15.65
1994-06-09 03:00:00,1045.0,16.13
1994-06-10 03:00:00,1028.0,16.38
1994-06-13 03:00:00,1055.0,16.23
1994-06-14 03:00:00,1069.0,16.4
1994-06-15 03:00:00,1077.0,16.73
1994-06-16 03:00:00,1102.0,16.88
1994-06-17 03:00:00,1101.0,17.13
1994-06-20 03:00:00,1126.0,17.38
1994-06-21 03:00:00,1142.0,17.63
1994-06-22 03:00:00,1126.0,17.48
1994-06-23 03:00:00,1129.0,17.3
1994-06-24 03:00:00,1158.0,17.4
1994-06-27 03:00:00,1173.0,17.4
1994-06-28 03:00:00,1177.0,16.98
1994-06-29 03:00:00,1161.0,17.23
1994-06-30 03:00:00,1183.0,17.45
1994-07-01 03:00:00,1179.0,17.65
1994-07-04 03:00:00,,17.5
1994-07-05 03:00:00,1169.0,17.13
1994-07-06 03:00:00,1168.0,16.9
1994-07-07 03:00:00,1135.0,16.78
1994-07-08 03:00:00,1121.0,17.0
1994-07-11 03:00:00,1114.0,17.48
1994-07-12 03:00:00,1102.0,18.25
1994-07-13 03:00:00,1100.0,18.25
1994-07-14 03:00:00,1076.0,18.33
1994-07-15 03:00:00,1074.0,18.15
1994-07-18 03:00:00,1084.0,17.5
1994-07-19 03:00:00,1099.0,17.2
1994-07-20 03:00:00,1106.0,17.35
1994-07-21 03:00:00,1118.0,17.45
1994-07-22 03:00:00,1106.0,17.58
1994-07-25 03:00:00,1117.0,17.35
1994-07-26 03:00:00,1116.0,17.43
1994-07-27 03:00:00,1110.0,17.83
1994-07-28 03:00:00,1096.0,18.0
1994-07-29 03:00:00,1096.0,18.48
1994-08-01 03:00:00,1092.0,19.03
1994-08-02 03:00:00,1070.0,18.48
1994-08-03 03:00:00,1047.0,18.48
1994-08-04 03:00:00,1038.0,18.43
1994-08-05 03:00:00,1020.0,17.78
1994-08-08 03:00:00,972.0,17.93
1994-08-09 03:00:00,971.0,17.68
1994-08-10 03:00:00,948.0,17.33
1994-08-11 03:00:00,933.0,17.5
1994-08-12 03:00:00,922.0,17.1
1994-08-15 03:00:00,875.0,16.75
1994-08-16 03:00:00,867.0,16.68
1994-08-17 03:00:00,882.0,16.28
1994-08-18 03:00:00,900.0,16.3
1994-08-19 03:00:00,877.0,16.13
1994-08-22 03:00:00,818.0,15.25
1994-08-23 03:00:00,811.0,15.3
1994-08-24 03:00:00,819.0,15.8
1994-08-25 03:00:00,848.0,15.75
1994-08-26 03:00:00,850.0,15.85
1994-08-29 03:00:00,866.0,
1994-08-30 03:00:00,830.0,15.78
1994-08-31 03:00:00,813.0,16.03
1994-09-01 03:00:00,825.0,16.03
1994-09-02 03:00:00,835.0,15.88
1994-09-05 03:00:00,,15.6
1994-09-06 03:00:00,878.0,15.95
1994-09-07 03:00:00,856.0,16.03
1994-09-08 03:00:00,835.0,16.05
1994-09-09 03:00:00,829.0,15.93
1994-09-12 03:00:00,840.0,15.83
1994-09-13 03:00:00,813.0,15.48
1994-09-14 03:00:00,805.0,15.4
1994-09-15 03:00:00,820.0,15.25
1994-09-16 03:00:00,815.0,15.3
1994-09-19 03:00:00,824.0,15.45
1994-09-20 03:00:00,824.0,15.78
1994-09-21 03:00:00,824.0,15.8
1994-09-22 03:00:00,795.0,15.9
1994-09-23 03:00:00,766.0,16.3
1994-09-26 03:00:00,777.0,16.1
1994-09-27 03:00:00,772.0,16.1
1994-09-28 03:00:00,762.0,16.2
1994-09-29 03:00:00,755.0,16.6
1994-09-30 03:00:00,739.0,16.73
1994-10-03 03:00:00,724.0,16.85
1994-10-04 03:00:00,724.0,16.7
1994-10-05 03:00:00,732.0,16.5
1994-10-06 03:00:00,745.0,16.63
1994-10-07 03:00:00,752.0,16.93
1994-10-10 03:00:00,,16.7
1994-10-11 03:00:00,756.0,16.38
1994-10-12 03:00:00,759.0,16.08
1994-10-13 03:00:00,751.0,15.63
1994-10-14 03:00:00,758.0,15.58
1994-10-17 03:00:00,767.0,15.75
1994-10-18 03:00:00,774.0,16.13
1994-10-19 03:00:00,785.0,16.28
1994-10-20 03:00:00,777.0,16.53
1994-10-21 03:00:00,777.0,16.35
1994-10-24 03:00:00,791.0,16.48
1994-10-25 03:00:00,819.0,16.48
1994-10-26 03:00:00,822.0,16.88
1994-10-27 03:00:00,859.0,17.08
1994-10-28 03:00:00,839.0,17.18
1994-10-31 03:00:00,852.0,17.18
1994-11-01 03:00:00,868.0,17.4
1994-11-02 02:00:00,905.0,17.58
1994-11-03 02:00:00,913.0,17.75
1994-11-04 02:00:00,900.0,18.0
1994-11-07 02:00:00,899.0,17.78
1994-11-08 02:00:00,874.0,17.38
1994-11-09 02:00:00,852.0,17.55
1994-11-10 02:00:00,849.0,17.2
1994-11-11 02:00:00,,17.38
1994-11-14 02:00:00,826.0,17.25
1994-11-15 02:00:00,807.0,16.98
1994-11-16 02:00:00,818.0,16.8
1994-11-17 02:00:00,846.0,16.53
1994-11-18 02:00:00,852.0,16.45
1994-11-21 02:00:00,886.0,17.25
1994-11-22 02:00:00,871.0,17.2
1994-11-23 02:00:00,867.0,16.88
1994-11-24 02:00:00,,16.95
1994-11-25 02:00:00,869.0,17.0
1994-11-28 02:00:00,859.0,16.95
1994-11-29 02:00:00,839.0,17.0
1994-11-30 02:00:00,817.0,16.95
1994-12-01 02:00:00,814.0,16.98
1994-12-02 02:00:00,807.0,16.35
1994-12-05 02:00:00,811.0,15.93
1994-12-06 02:00:00,812.0,16.05
1994-12-07 02:00:00,821.0,15.83
1994-12-08 02:00:00,823.0,16.13
1994-12-09 02:00:00,812.0,16.08
1994-12-12 02:00:00,814.0,15.98
1994-12-13 02:00:00,798.0,15.73
1994-12-14 02:00:00,787.0,15.83
1994-12-15 02:00:00,784.0,15.6
1994-12-16 02:00:00,797.0,15.48
1994-12-19 02:00:00,798.0,15.58
1994-12-20 02:00:00,803.0,15.73
1994-12-21 02:00:00,857.0,15.65
1994-12-22 02:00:00,919.0,15.6
1994-12-23 02:00:00,876.0,15.55
1994-12-27 02:00:00,980.0,
1994-12-28 02:00:00,947.0,16.08
1994-12-29 02:00:00,895.0,16.25
1994-12-30 02:00:00,923.0,16.23
1995-01-03 02:00:00,924.0,15.88
1995-01-04 02:00:00,985.0,15.93
1995-01-05 02:00:00,957.0,16.13
1995-01-06 02:00:00,988.0,16.35
1995-01-09 02:00:00,1162.0,16.08
1995-01-10 02:00:00,1362.0,16.0
1995-01-11 02:00:00,1250.0,16.4
1995-01-12 02:00:00,1042.0,16.48
1995-01-13 02:00:00,1010.0,16.2
1995-01-16 02:00:00,,16.38
1995-01-17 02:00:00,1035.0,16.78
1995-01-18 02:00:00,1019.0,16.95
1995-01-19 02:00:00,1055.0,17.08
1995-01-20 02:00:00,1064.0,17.23
1995-01-23 02:00:00,1072.0,17.0
1995-01-24 02:00:00,1049.0,17.15
1995-01-25 02:00:00,1063.0,16.98
1995-01-26 02:00:00,1048.0,16.73
1995-01-27 02:00:00,1108.0,16.38
1995-01-30 02:00:00,1175.0,16.68
1995-01-31 02:00:00,1057.0,16.8
1995-02-01 02:00:00,1055.0,17.05
1995-02-02 02:00:00,1085.0,17.0
1995-02-03 02:00:00,1047.0,17.4
1995-02-06 02:00:00,1019.0,17.08
1995-02-07 02:00:00,1041.0,17.05
1995-02-08 02:00:00,1077.0,17.03
1995-02-09 02:00:00,1099.0,16.85
1995-02-10 02:00:00,1119.0,16.85
1995-02-13 03:00:00,1131.0,16.88
1995-02-14 03:00:00,1170.0,17.0
1995-02-15 03:00:00,1198.0,17.1
1995-02-16 03:00:00,1216.0,17.13
1995-02-17 03:00:00,1146.0,17.4
1995-02-20 03:00:00,,17.43
1995-02-21 03:00:00,1180.0,17.18
1995-02-22 03:00:00,1219.0,17.08
1995-02-23 03:00:00,1184.0,17.1
1995-02-24 03:00:00,1195.0,17.1
1995-02-27 03:00:00,1229.0,17.35
1995-02-28 03:00:00,1214.0,17.23
1995-03-01 03:00:00,1244.0,16.85
1995-03-02 03:00:00,1300.0,16.55
1995-03-03 03:00:00,1265.0,16.68
1995-03-06 03:00:00,1343.0,16.75
1995-03-07 03:00:00,1444.0,16.85
1995-03-08 03:00:00,1513.0,16.73
1995-03-09 03:00:00,1689.0,16.65
1995-03-10 03:00:00,1509.0,16.5
1995-03-13 03:00:00,1457.0,16.3
1995-03-14 03:00:00,1331.0,16.33
1995-03-15 03:00:00,1389.0,16.38
1995-03-16 03:00:00,1423.0,16.5
1995-03-17 03:00:00,1512.0,16.55
1995-03-20 03:00:00,1517.0,16.83
1995-03-21 03:00:00,1523.0,16.8
1995-03-22 03:00:00,1522.0,17.08
1995-03-23 03:00:00,1529.0,17.48
1995-03-24 03:00:00,1471.0,17.65
1995-03-27 03:00:00,1475.0,17.83
1995-03-28 03:00:00,1521.0,17.85
1995-03-29 03:00:00,1501.0,18.05
1995-03-30 03:00:00,1428.0,17.98
1995-03-31 03:00:00,1441.0,17.98
1995-04-03 03:00:00,1443.0,17.88
1995-04-04 03:00:00,1397.0,18.03
1995-04-05 03:00:00,1394.0,18.35
1995-04-06 03:00:00,1355.0,18.5
1995-04-07 03:00:00,1359.0,18.45
1995-04-10 03:00:00,1370.0,18.15
1995-04-11 03:00:00,1412.0,18.63
1995-04-12 03:00:00,1427.0,18.73
1995-04-13 03:00:00,1344.0,17.98
1995-04-17 03:00:00,1337.0,
1995-04-18 03:00:00,1352.0,18.55
1995-04-19 03:00:00,1341.0,18.73
1995-04-20 03:00:00,1280.0,19.15
1995-04-21 03:00:00,1273.0,19.18
1995-04-24 03:00:00,1245.0,19.05
1995-04-25 03:00:00,1206.0,19.35
1995-04-26 03:00:00,1190.0,18.9
1995-04-27 03:00:00,1210.0,19.08
1995-04-28 03:00:00,1217.0,18.98
1995-05-01 03:00:00,1233.0,19.38
1995-05-02 03:00:00,1244.0,18.83
1995-05-03 03:00:00,1195.0,18.33
1995-05-04 03:00:00,1154.0,18.68
1995-05-05 03:00:00,1138.0,18.85
1995-05-08 03:00:00,1177.0,18.78
1995-05-09 03:00:00,1111.0,18.12
1995-05-10 03:00:00,1083.0,18.1
1995-05-11 03:00:00,1105.0,18.08
1995-05-12 03:00:00,1056.0,18.23
1995-05-15 03:00:00,1045.0,18.43
1995-05-16 03:00:00,1048.0,18.53
1995-05-17 03:00:00,1006.0,18.5
1995-05-18 03:00:00,998.0,18.23
1995-05-19 03:00:00,1016.0,18.43
1995-05-22 03:00:00,1016.0,18.38
1995-05-23 03:00:00,1019.0,18.48
1995-05-24 03:00:00,996.0,18.55
1995-05-25 03:00:00,1006.0,18.0
1995-05-26 03:00:00,1027.0,17.8
1995-05-30 03:00:00,1078.0,17.43
1995-05-31 03:00:00,1060.0,17.58
1995-06-01 03:00:00,1066.0,17.7
1995-06-02 03:00:00,1040.0,17.9
1995-06-05 03:00:00,1026.0,18.23
1995-06-06 03:00:00,1054.0,17.95
1995-06-07 03:00:00,1090.0,18.13
1995-06-08 03:00:00,1129.0,17.93
1995-06-09 03:00:00,1185.0,17.68
1995-06-12 03:00:00,1151.0,17.63
1995-06-13 03:00:00,1107.0,17.83
1995-06-14 03:00:00,1158.0,17.63
1995-06-15 03:00:00,1156.0,17.95
1995-06-16 03:00:00,1123.0,17.75
1995-06-19 03:00:00,1130.0,16.93
1995-06-20 03:00:00,1176.0,16.98
1995-06-21 03:00:00,1162.0,16.5
1995-06-22 03:00:00,1145.0,16.55
1995-06-23 03:00:00,1152.0,16.4
1995-06-26 03:00:00,1132.0,16.55
1995-06-27 03:00:00,1119.0,16.63
1995-06-28 03:00:00,1099.0,16.95
1995-06-29 03:00:00,1123.0,16.5
1995-06-30 03:00:00,1106.0,16.58
1995-07-03 03:00:00,1105.0,16.35
1995-07-04 03:00:00,,15.93
1995-07-05 03:00:00,1092.0,16.0
1995-07-06 03:00:00,1075.0,16.15
1995-07-07 03:00:00,1033.0,16.1
1995-07-10 03:00:00,1037.0,15.88
1995-07-11 03:00:00,1055.0,15.93
1995-07-12 03:00:00,1038.0,16.03
1995-07-13 03:00:00,1045.0,15.98
1995-07-14 03:00:00,1054.0,15.8
1995-07-17 03:00:00,1051.0,15.73
1995-07-18 03:00:00,1067.0,15.68
1995-07-19 03:00:00,1078.0,15.8
1995-07-20 03:00:00,1087.0,15.68
1995-07-21 03:00:00,1100.0,15.35
1995-07-24 03:00:00,1109.0,15.38
1995-07-25 03:00:00,1095.0,15.48
1995-07-26 03:00:00,1099.0,16.0
1995-07-27 03:00:00,1093.0,15.98
1995-07-28 03:00:00,1092.0,15.93
1995-07-31 03:00:00,1109.0,15.78
1995-08-01 03:00:00,1111.0,16.1
1995-08-02 03:00:00,1083.0,16.13
1995-08-03 03:00:00,1097.0,15.99
1995-08-04 03:00:00,1074.0,16.08
1995-08-07 03:00:00,1062.0,15.9
1995-08-08 03:00:00,1072.0,16.0
1995-08-09 03:00:00,1067.0,16.13
1995-08-10 03:00:00,1055.0,16.08
1995-08-11 03:00:00,1045.0,16.23
1995-08-14 03:00:00,1056.0,15.93
1995-08-15 03:00:00,1051.0,15.85
1995-08-16 03:00:00,1056.0,15.78
1995-08-17 03:00:00,1064.0,15.85
1995-08-18 03:00:00,1079.0,16.03
1995-08-21 03:00:00,1058.0,16.25
1995-08-22 03:00:00,1083.0,16.23
1995-08-23 03:00:00,1088.0,16.5
1995-08-24 03:00:00,1095.0,16.3
1995-08-25 03:00:00,1096.0,16.15
1995-08-28 03:00:00,1077.0,
1995-08-29 03:00:00,1087.0,16.23
1995-08-30 03:00:00,1090.0,16.18
1995-08-31 03:00:00,1081.0,16.2
1995-09-01 03:00:00,1077.0,16.25
1995-09-04 03:00:00,,16.62
1995-09-05 03:00:00,1074.0,16.68
1995-09-06 03:00:00,1078.0,16.63
1995-09-07 03:00:00,1064.0,16.6
1995-09-08 03:00:00,1062.0,16.93
1995-09-11 03:00:00,1049.0,16.75
1995-09-12 03:00:00,1047.0,16.9
1995-09-13 03:00:00,1049.0,16.85
1995-09-14 03:00:00,1014.0,17.0
1995-09-15 03:00:00,986.0,17.18
1995-09-18 03:00:00,988.0,17.23
1995-09-19 03:00:00,964.0,17.23
1995-09-20 03:00:00,943.0,17.0
1995-09-21 03:00:00,948.0,16.6
1995-09-22 03:00:00,952.0,16.4
1995-09-25 03:00:00,961.0,16.18
1995-09-26 03:00:00,967.0,16.15
1995-09-27 03:00:00,979.0,16.28
1995-09-28 03:00:00,976.0,16.65
1995-09-29 03:00:00,960.0,16.58
1995-10-02 03:00:00,964.0,16.55
1995-10-03 03:00:00,976.0,16.58
1995-10-04 03:00:00,978.0,16.4
1995-10-05 03:00:00,967.0,15.85
1995-10-06 03:00:00,965.0,15.75
1995-10-09 03:00:00,,16.0
1995-10-10 03:00:00,974.0,15.95
1995-10-11 03:00:00,970.0,16.05
1995-10-12 03:00:00,971.0,15.9
1995-10-13 03:00:00,966.0,15.98
1995-10-16 03:00:00,948.0,16.15
1995-10-17 03:00:00,950.0,16.03
1995-10-18 03:00:00,958.0,15.98
1995-10-19 03:00:00,958.0,15.85
1995-10-20 03:00:00,959.0,15.8
1995-10-23 03:00:00,968.0,15.88
1995-10-24 03:00:00,969.0,16.08
1995-10-25 03:00:00,986.0,15.98
1995-10-26 03:00:00,1017.0,16.3
1995-10-27 03:00:00,1015.0,16.35
1995-10-30 03:00:00,1009.0,16.45
1995-10-31 03:00:00,1021.0,16.58
1995-11-01 03:00:00,1028.0,16.53
1995-11-02 03:00:00,1033.0,16.83
1995-11-03 03:00:00,1036.0,16.88
1995-11-06 03:00:00,1058.0,16.78
1995-11-07 03:00:00,1077.0,16.7
1995-11-08 02:00:00,1088.0,16.75
1995-11-09 02:00:00,1091.0,16.9
1995-11-10 02:00:00,1110.0,16.83
1995-11-13 02:00:00,1128.0,16.63
1995-11-14 02:00:00,1116.0,16.58
1995-11-15 02:00:00,1114.0,16.73
1995-11-16 02:00:00,1074.0,16.78
1995-11-17 02:00:00,1055.0,17.03
1995-11-20 02:00:00,1084.0,16.8
1995-11-21 02:00:00,1076.0,16.6
1995-11-22 02:00:00,1069.0,16.9
1995-11-23 02:00:00,,16.88
1995-11-24 02:00:00,1066.0,16.93
1995-11-27 02:00:00,1067.0,17.2
1995-11-28 02:00:00,1064.0,17.25
1995-11-29 02:00:00,1035.0,17.3
1995-11-30 02:00:00,1020.0,17.13
1995-12-01 02:00:00,1026.0,17.18
1995-12-04 02:00:00,1016.0,17.35
1995-12-05 02:00:00,1031.0,17.53
1995-12-06 02:00:00,1019.0,17.55
1995-12-07 02:00:00,1030.0,17.48
1995-12-08 02:00:00,1023.0,17.73
1995-12-11 02:00:00,1023.0,17.68
1995-12-12 02:00:00,1003.0,17.48
1995-12-13 02:00:00,1014.0,17.7
1995-12-14 02:00:00,1034.0,17.9
1995-12-15 02:00:00,1036.0,18.15
1995-12-18 02:00:00,1047.0,18.33
1995-12-19 02:00:00,1018.0,18.03
1995-12-20 02:00:00,996.0,18.05
1995-12-21 02:00:00,993.0,18.1
1995-12-22 02:00:00,969.0,18.18
1995-12-26 02:00:00,940.0,
1995-12-27 02:00:00,948.0,18.73
1995-12-28 02:00:00,950.0,18.78
1995-12-29 02:00:00,933.0,18.65
1996-01-02 02:00:00,910.0,18.95
1996-01-03 02:00:00,879.0,19.15
1996-01-04 02:00:00,900.0,19.13
1996-01-05 02:00:00,906.0,19.5
1996-01-08 02:00:00,875.0,19.68
1996-01-09 02:00:00,875.0,19.05
1996-01-10 02:00:00,880.0,18.48
1996-01-11 02:00:00,857.0,17.85
1996-01-12 02:00:00,823.0,17.58
1996-01-15 02:00:00,,17.5
1996-01-16 02:00:00,808.0,17.73
1996-01-17 02:00:00,809.0,17.43
1996-01-18 02:00:00,816.0,17.88
1996-01-19 02:00:00,815.0,17.53
1996-01-22 02:00:00,809.0,17.53
1996-01-23 02:00:00,791.0,17.38
1996-01-24 02:00:00,801.0,17.33
1996-01-25 02:00:00,790.0,17.0
1996-01-26 02:00:00,798.0,16.7
1996-01-29 02:00:00,781.0,16.23
1996-01-30 02:00:00,757.0,16.53
1996-01-31 02:00:00,760.0,16.63
1996-02-01 02:00:00,762.0,16.78
1996-02-02 02:00:00,748.0,17.05
1996-02-05 02:00:00,747.0,16.93
1996-02-06 02:00:00,740.0,16.83
1996-02-07 02:00:00,739.0,16.93
1996-02-08 02:00:00,723.0,17.05
1996-02-09 02:00:00,707.0,17.23
1996-02-12 03:00:00,702.0,17.18
1996-02-13 03:00:00,708.0,18.08
1996-02-14 03:00:00,721.0,18.28
1996-02-15 03:00:00,726.0,18.18
1996-02-16 03:00:00,738.0,18.2
1996-02-19 03:00:00,,18.2
1996-02-20 03:00:00,774.0,18.58
1996-02-21 03:00:00,785.0,19.05
1996-02-22 03:00:00,773.0,19.28
1996-02-23 03:00:00,769.0,18.85
1996-02-26 03:00:00,786.0,18.85
1996-02-27 03:00:00,826.0,19.0
1996-02-28 03:00:00,827.0,18.65
1996-02-29 03:00:00,863.0,18.8
1996-03-01 03:00:00,825.0,18.55
1996-03-04 03:00:00,809.0,18.4
1996-03-05 03:00:00,821.0,18.75
1996-03-06 03:00:00,853.0,19.18
1996-03-07 03:00:00,889.0,19.03
1996-03-08 03:00:00,933.0,18.85
1996-03-11 03:00:00,931.0,18.93
1996-03-12 03:00:00,937.0,19.3
1996-03-13 03:00:00,917.0,19.58
1996-03-14 03:00:00,915.0,19.4
1996-03-15 03:00:00,900.0,19.3
1996-03-18 03:00:00,867.0,20.5
1996-03-19 03:00:00,863.0,20.35
1996-03-20 03:00:00,834.0,20.38
1996-03-21 03:00:00,825.0,20.35
1996-03-22 03:00:00,835.0,21.15
1996-03-25 03:00:00,812.0,21.3
1996-03-26 03:00:00,819.0,21.68
1996-03-27 03:00:00,835.0,21.33
1996-03-28 03:00:00,843.0,20.25
1996-03-29 03:00:00,840.0,20.33
1996-04-01 03:00:00,840.0,20.8
1996-04-02 03:00:00,842.0,21.18
1996-04-03 03:00:00,849.0,20.93
1996-04-04 03:00:00,850.0,20.85
1996-04-08 03:00:00,889.0,
1996-04-09 03:00:00,866.0,21.43
1996-04-10 03:00:00,850.0,22.63
1996-04-11 03:00:00,844.0,23.9
1996-04-12 03:00:00,804.0,22.73
1996-04-15 03:00:00,800.0,22.68
1996-04-16 03:00:00,792.0,21.2
1996-04-17 03:00:00,798.0,19.88
1996-04-18 03:00:00,797.0,19.33
1996-04-19 03:00:00,773.0,19.53
1996-04-22 03:00:00,776.0,19.38
1996-04-23 03:00:00,789.0,20.88
1996-04-24 03:00:00,784.0,20.73
1996-04-25 03:00:00,778.0,20.35
1996-04-26 03:00:00,765.0,20.05
1996-04-29 03:00:00,767.0,20.05
1996-04-30 03:00:00,763.0,19.5
1996-05-01 03:00:00,756.0,18.95
1996-05-02 03:00:00,765.0,19.45
1996-05-03 03:00:00,780.0,19.38
1996-05-06 03:00:00,772.0,
1996-05-07 03:00:00,757.0,20.08
1996-05-08 03:00:00,744.0,19.85
1996-05-09 03:00:00,746.0,19.35
1996-05-10 03:00:00,753.0,19.23
1996-05-13 03:00:00,746.0,19.48
1996-05-14 03:00:00,745.0,19.63
1996-05-15 03:00:00,738.0,19.5
1996-05-16 03:00:00,743.0,18.63
1996-05-17 03:00:00,738.0,18.05
1996-05-20 03:00:00,737.0,18.63
1996-05-21 03:00:00,743.0,18.7
1996-05-22 03:00:00,744.0,19.4
1996-05-23 03:00:00,758.0,19.53
1996-05-24 03:00:00,757.0,19.73
1996-05-28 03:00:00,741.0,19.53
1996-05-29 03:00:00,739.0,18.95
1996-05-30 03:00:00,741.0,18.1
1996-05-31 03:00:00,748.0,18.1
1996-06-03 03:00:00,754.0,18.25
1996-06-04 03:00:00,756.0,18.5
1996-06-05 03:00:00,760.0,18.2
1996-06-06 03:00:00,764.0,18.18
1996-06-07 03:00:00,761.0,18.4
1996-06-10 03:00:00,767.0,18.48
1996-06-11 03:00:00,764.0,18.28
1996-06-12 03:00:00,767.0,18.23
1996-06-13 03:00:00,767.0,17.98
1996-06-14 03:00:00,754.0,17.83
1996-06-17 03:00:00,745.0,18.7
1996-06-18 03:00:00,746.0,18.8
1996-06-19 03:00:00,747.0,18.4
1996-06-20 03:00:00,742.0,18.43
1996-06-21 03:00:00,738.0,18.45
1996-06-24 03:00:00,719.0,18.38
1996-06-25 03:00:00,710.0,18.38
1996-06-26 03:00:00,695.0,18.6
1996-06-27 03:00:00,685.0,19.38
1996-06-28 03:00:00,687.0,19.28
1996-07-01 03:00:00,692.0,19.77
1996-07-02 03:00:00,680.0,19.43
1996-07-03 03:00:00,671.0,19.13
1996-07-04 03:00:00,,19.77
1996-07-05 03:00:00,685.0,19.99
1996-07-08 03:00:00,682.0,19.62
1996-07-09 03:00:00,669.0,19.63
1996-07-10 03:00:00,662.0,19.8
1996-07-11 03:00:00,647.0,20.01
1996-07-12 03:00:00,643.0,19.93
1996-07-15 03:00:00,658.0,20.2
1996-07-16 03:00:00,680.0,20.3
1996-07-17 03:00:00,675.0,19.75
1996-07-18 03:00:00,664.0,19.95
1996-07-19 03:00:00,663.0,19.45
1996-07-22 03:00:00,671.0,19.23
1996-07-23 03:00:00,672.0,19.5
1996-07-24 03:00:00,682.0,19.36
1996-07-25 03:00:00,684.0,19.5
1996-07-26 03:00:00,689.0,18.92
1996-07-29 03:00:00,695.0,18.99
1996-07-30 03:00:00,689.0,18.9
1996-07-31 03:00:00,681.0,19.0
1996-08-01 03:00:00,681.0,18.84
1996-08-02 03:00:00,668.0,19.63
1996-08-05 03:00:00,663.0,19.65
1996-08-06 03:00:00,667.0,19.45
1996-08-07 03:00:00,660.0,19.48
1996-08-08 03:00:00,661.0,20.03
1996-08-09 03:00:00,659.0,20.05
1996-08-12 03:00:00,663.0,20.65
1996-08-13 03:00:00,665.0,21.03
1996-08-14 03:00:00,669.0,20.9
1996-08-15 03:00:00,660.0,20.88
1996-08-16 03:00:00,649.0,21.3
1996-08-19 03:00:00,649.0,21.58
1996-08-20 03:00:00,647.0,21.35
1996-08-21 03:00:00,642.0,20.8
1996-08-22 03:00:00,639.0,21.25
1996-08-23 03:00:00,636.0,20.78
1996-08-26 03:00:00,637.0,
1996-08-27 03:00:00,620.0,20.45
1996-08-28 03:00:00,615.0,20.68
1996-08-29 03:00:00,615.0,21.0
1996-08-30 03:00:00,610.0,20.98
1996-09-02 03:00:00,,22.23
1996-09-03 03:00:00,609.0,21.9
1996-09-04 03:00:00,608.0,22.2
1996-09-05 03:00:00,604.0,22.15
1996-09-06 03:00:00,585.0,22.43
1996-09-09 03:00:00,574.0,22.25
1996-09-10 03:00:00,574.0,22.68
1996-09-11 03:00:00,566.0,23.3
1996-09-12 03:00:00,553.0,23.35
1996-09-13 03:00:00,545.0,23.83
1996-09-16 03:00:00,532.0,22.6
1996-09-17 03:00:00,540.0,21.7
1996-09-18 03:00:00,542.0,22.38
1996-09-19 03:00:00,545.0,22.08
1996-09-20 03:00:00,545.0,21.78
1996-09-23 03:00:00,547.0,22.15
1996-09-24 03:00:00,539.0,22.78
1996-09-25 03:00:00,533.0,23.05
1996-09-26 03:00:00,518.0,23.35
1996-09-27 03:00:00,535.0,22.9
1996-09-30 03:00:00,533.0,24.15
1996-10-01 03:00:00,526.0,23.18
1996-10-02 03:00:00,528.0,23.13
1996-10-03 03:00:00,529.0,23.63
1996-10-04 03:00:00,525.0,23.88
1996-10-07 03:00:00,524.0,24.28
1996-10-08 03:00:00,508.0,24.55
1996-10-09 03:00:00,503.0,24.58
1996-10-10 03:00:00,512.0,23.63
1996-10-11 03:00:00,509.0,23.85
1996-10-14 03:00:00,,24.75
1996-10-15 03:00:00,512.0,24.58
1996-10-16 03:00:00,524.0,24.5
1996-10-17 03:00:00,534.0,24.83
1996-10-18 03:00:00,530.0,25.18
1996-10-21 03:00:00,538.0,25.08
1996-10-22 03:00:00,563.0,25.4
1996-10-23 03:00:00,564.0,24.6
1996-10-24 03:00:00,573.0,24.28
1996-10-25 03:00:00,605.0,24.13
1996-10-28 03:00:00,602.0,24.45
1996-10-29 03:00:00,599.0,23.3
1996-10-30 03:00:00,595.0,23.15
1996-10-31 03:00:00,594.0,22.8
1996-11-01 03:00:00,585.0,22.3
1996-11-04 03:00:00,553.0,22.1
1996-11-05 03:00:00,562.0,21.85
1996-11-06 02:00:00,562.0,21.85
1996-11-07 02:00:00,565.0,21.75
1996-11-08 02:00:00,577.0,22.4
1996-11-11 02:00:00,,22.7
1996-11-12 02:00:00,595.0,22.38
1996-11-13 02:00:00,588.0,22.88
1996-11-14 02:00:00,578.0,23.18
1996-11-15 02:00:00,574.0,23.28
1996-11-18 02:00:00,558.0,22.75
1996-11-19 02:00:00,566.0,23.13
1996-11-20 02:00:00,568.0,23.4
1996-11-21 02:00:00,569.0,22.9
1996-11-22 02:00:00,567.0,23.86
1996-11-25 02:00:00,556.0,23.22
1996-11-26 02:00:00,554.0,22.78
1996-11-27 02:00:00,558.0,23.07
1996-11-28 02:00:00,,23.0
1996-11-29 02:00:00,546.0,23.17
1996-12-02 02:00:00,539.0,23.5
1996-12-03 02:00:00,531.0,24.12
1996-12-04 02:00:00,534.0,24.21
1996-12-05 02:00:00,526.0,24.49
1996-12-06 02:00:00,543.0,24.56
1996-12-09 02:00:00,545.0,24.18
1996-12-10 02:00:00,539.0,23.74
1996-12-11 02:00:00,551.0,22.95
1996-12-12 02:00:00,559.0,22.65
1996-12-13 02:00:00,554.0,22.83
1996-12-16 02:00:00,546.0,23.98
1996-12-17 02:00:00,535.0,24.05
1996-12-18 02:00:00,536.0,23.69
1996-12-19 02:00:00,537.0,24.18
1996-12-20 02:00:00,529.0,23.96
1996-12-23 02:00:00,522.0,23.51
1996-12-24 02:00:00,517.0,23.66
1996-12-26 02:00:00,516.0,
1996-12-27 02:00:00,514.0,23.55
1996-12-30 02:00:00,512.0,23.95
1996-12-31 02:00:00,523.0,23.9
1997-01-02 02:00:00,514.0,24.45
1997-01-03 02:00:00,502.0,24.19
1997-01-06 02:00:00,495.0,24.76
1997-01-07 02:00:00,491.0,24.76
1997-01-08 02:00:00,488.0,24.78
1997-01-09 02:00:00,492.0,24.83
1997-01-10 02:00:00,480.0,24.22
1997-01-13 02:00:00,490.0,23.41
1997-01-14 02:00:00,479.0,
1997-01-15 02:00:00,467.0,23.31
1997-01-16 02:00:00,464.0,23.31
1997-01-17 02:00:00,463.0,22.87
1997-01-20 02:00:00,,22.86
1997-01-21 02:00:00,456.0,22.98
1997-01-22 02:00:00,446.0,22.93
1997-01-23 02:00:00,447.0,22.93
1997-01-24 02:00:00,460.0,22.8
1997-01-27 02:00:00,455.0,22.56
1997-01-28 02:00:00,444.0,22.62
1997-01-29 02:00:00,452.0,23.01
1997-01-30 02:00:00,445.0,23.43
1997-01-31 02:00:00,437.0,23.28
1997-02-03 02:00:00,429.0,22.91
1997-02-04 02:00:00,421.0,22.65
1997-02-05 02:00:00,420.0,22.69
1997-02-06 02:00:00,426.0,21.86
1997-02-07 02:00:00,421.0,
1997-02-10 03:00:00,418.0,20.73
1997-02-11 03:00:00,408.0,21.25
1997-02-12 03:00:00,404.0,21.15
1997-02-13 03:00:00,400.0,20.47
1997-02-14 03:00:00,400.0,20.56
1997-02-17 03:00:00,,20.48
1997-02-18 03:00:00,400.0,20.56
1997-02-19 03:00:00,402.0,20.98
1997-02-20 03:00:00,411.0,20.57
1997-02-21 03:00:00,401.0,20.13
1997-02-24 03:00:00,392.0,19.87
1997-02-25 03:00:00,383.0,20.08
1997-02-26 03:00:00,389.0,19.82
1997-02-27 03:00:00,411.0,19.96
1997-02-28 03:00:00,419.0,19.44
1997-03-03 03:00:00,445.0,19.1
1997-03-04 03:00:00,441.0,19.4
1997-03-05 03:00:00,464.0,19.38
1997-03-06 03:00:00,452.0,19.55
1997-03-07 03:00:00,433.0,
1997-03-10 03:00:00,430.0,19.21
1997-03-11 03:00:00,433.0,18.57
1997-03-12 03:00:00,441.0,18.98
1997-03-13 03:00:00,452.0,19.3
1997-03-14 03:00:00,440.0,19.44
1997-03-17 03:00:00,457.0,18.98
1997-03-18 03:00:00,452.0,19.54
1997-03-19 03:00:00,452.0,20.0
1997-03-20 03:00:00,454.0,19.62
1997-03-21 03:00:00,443.0,19.39
1997-03-24 03:00:00,441.0,18.93
1997-03-25 03:00:00,439.0,18.77
1997-03-26 03:00:00,446.0,18.91
1997-03-27 03:00:00,449.0,18.53
1997-03-28 03:00:00,,18.53
1997-03-31 03:00:00,469.0,18.53
1997-04-01 03:00:00,466.0,18.15
1997-04-02 03:00:00,458.0,17.97
1997-04-03 03:00:00,465.0,17.28
1997-04-04 03:00:00,466.0,17.25
1997-04-07 03:00:00,460.0,16.92
1997-04-08 03:00:00,457.0,16.98
1997-04-09 03:00:00,461.0,17.02
1997-04-10 03:00:00,464.0,17.25
1997-04-11 03:00:00,474.0,17.54
1997-04-14 03:00:00,477.0,17.61
1997-04-15 03:00:00,472.0,17.53
1997-04-16 03:00:00,471.0,17.24
1997-04-17 03:00:00,471.0,17.0
1997-04-18 03:00:00,472.0,17.26
1997-04-21 03:00:00,471.0,17.74
1997-04-22 03:00:00,471.0,17.72
1997-04-23 03:00:00,467.0,17.46
1997-04-24 03:00:00,466.0,17.8
1997-04-25 03:00:00,466.0,18.07
1997-04-28 03:00:00,468.0,17.92
1997-04-29 03:00:00,457.0,18.27
1997-04-30 03:00:00,457.0,18.25
1997-05-01 03:00:00,451.0,18.24
1997-05-02 03:00:00,437.0,17.7
1997-05-05 03:00:00,438.0,17.72
1997-05-06 03:00:00,420.0,17.82
1997-05-07 03:00:00,434.0,17.84
1997-05-08 03:00:00,435.0,18.32
1997-05-09 03:00:00,439.0,18.62
1997-05-12 03:00:00,432.0,19.42
1997-05-13 03:00:00,444.0,19.4
1997-05-14 03:00:00,462.0,19.1
1997-05-15 03:00:00,451.0,19.4
1997-05-16 03:00:00,453.0,19.77
1997-05-19 03:00:00,453.0,19.92
1997-05-20 03:00:00,443.0,19.75
1997-05-21 03:00:00,411.0,19.7
1997-05-22 03:00:00,403.0,20.03
1997-05-23 03:00:00,395.0,20.15
1997-05-27 03:00:00,402.0,19.33
1997-05-28 03:00:00,401.0,18.88
1997-05-29 03:00:00,401.0,19.38
1997-05-30 03:00:00,404.0,18.99
1997-06-02 03:00:00,403.0,19.17
1997-06-03 03:00:00,400.0,18.59
1997-06-04 03:00:00,401.0,18.36
1997-06-05 03:00:00,395.0,17.96
1997-06-06 03:00:00,392.0,17.43
1997-06-09 03:00:00,395.0,17.08
1997-06-10 03:00:00,397.0,17.01
1997-06-11 03:00:00,399.0,16.69
1997-06-12 03:00:00,395.0,16.79
1997-06-13 03:00:00,390.0,16.83
1997-06-16 03:00:00,387.0,17.15
1997-06-17 03:00:00,391.0,17.55
1997-06-18 03:00:00,394.0,17.22
1997-06-19 03:00:00,396.0,17.34
1997-06-20 03:00:00,392.0,17.09
1997-06-23 03:00:00,398.0,17.8
1997-06-24 03:00:00,399.0,17.65
1997-06-25 03:00:00,399.0,17.65
1997-06-26 03:00:00,399.0,17.6
1997-06-27 03:00:00,399.0,18.0
1997-06-30 03:00:00,392.0,18.22
1997-07-01 03:00:00,391.0,
1997-07-02 03:00:00,388.0,18.83
1997-07-03 03:00:00,384.0,18.18
1997-07-07 03:00:00,377.0,18.28
1997-07-08 03:00:00,374.0,
1997-07-09 03:00:00,365.0,18.25
1997-07-10 03:00:00,365.0,18.16
1997-07-11 03:00:00,369.0,18.0
1997-07-14 03:00:00,379.0,17.79
1997-07-15 03:00:00,400.0,18.19
1997-07-16 03:00:00,390.0,18.27
1997-07-17 03:00:00,392.0,18.83
1997-07-18 03:00:00,400.0,18.21
1997-07-21 03:00:00,401.0,18.23
1997-07-22 03:00:00,389.0,18.47
1997-07-23 03:00:00,389.0,18.71
1997-07-24 03:00:00,378.0,18.66
1997-07-25 03:00:00,381.0,18.77
1997-07-28 03:00:00,378.0,18.76
1997-07-29 03:00:00,375.0,18.74
1997-07-30 03:00:00,373.0,19.02
1997-07-31 03:00:00,375.0,18.94
1997-08-01 03:00:00,375.0,19.33
1997-08-04 03:00:00,377.0,19.64
1997-08-05 03:00:00,373.0,19.51
1997-08-06 03:00:00,366.0,19.21
1997-08-07 03:00:00,362.0,18.94
1997-08-08 03:00:00,367.0,18.56
1997-08-11 03:00:00,366.0,18.21
1997-08-12 03:00:00,362.0,18.56
1997-08-13 03:00:00,362.0,18.63
1997-08-14 03:00:00,359.0,19.0
1997-08-15 03:00:00,363.0,18.77
1997-08-18 03:00:00,375.0,18.41
1997-08-19 03:00:00,370.0,18.88
1997-08-20 03:00:00,370.0,18.83
1997-08-21 03:00:00,374.0,18.26
1997-08-22 03:00:00,381.0,
1997-08-25 03:00:00,375.0,17.87
1997-08-26 03:00:00,375.0,17.58
1997-08-27 03:00:00,371.0,17.83
1997-08-28 03:00:00,375.0,17.91
1997-08-29 03:00:00,387.0,17.98
1997-09-02 03:00:00,382.0,18.22
1997-09-03 03:00:00,380.0,18.12
1997-09-04 03:00:00,380.0,17.92
1997-09-05 03:00:00,375.0,18.15
1997-09-08 03:00:00,375.0,18.03
1997-09-09 03:00:00,374.0,18.18
1997-09-10 03:00:00,376.0,18.08
1997-09-11 03:00:00,377.0,18.21
1997-09-12 03:00:00,379.0,18.06
1997-09-15 03:00:00,382.0,18.05
1997-09-16 03:00:00,382.0,18.4
1997-09-17 03:00:00,374.0,18.21
1997-09-18 03:00:00,374.0,18.14
1997-09-19 03:00:00,367.0,18.32
1997-09-22 03:00:00,365.0,18.65
1997-09-23 03:00:00,368.0,18.57
1997-09-24 03:00:00,365.0,18.52
1997-09-25 03:00:00,364.0,19.05
1997-09-26 03:00:00,364.0,19.36
1997-09-29 03:00:00,364.0,19.48
1997-09-30 03:00:00,360.0,19.96
1997-10-01 03:00:00,358.0,19.87
1997-10-02 03:00:00,350.0,20.08
1997-10-03 03:00:00,344.0,21.29
1997-10-06 03:00:00,343.0,20.94
1997-10-07 03:00:00,339.0,20.71
1997-10-08 03:00:00,340.0,20.79
1997-10-09 03:00:00,348.0,20.6
1997-10-10 03:00:00,350.0,20.73
1997-10-13 03:00:00,,20.08
1997-10-14 03:00:00,348.0,19.4
1997-10-15 03:00:00,347.0,19.27
1997-10-16 03:00:00,345.0,19.56
1997-10-17 03:00:00,348.0,19.43
1997-10-20 03:00:00,346.0,19.29
1997-10-21 03:00:00,341.0,19.3
1997-10-22 03:00:00,337.0,19.86
1997-10-23 03:00:00,374.0,19.89
1997-10-24 03:00:00,405.0,19.45
1997-10-27 03:00:00,590.0,19.63
1997-10-28 03:00:00,567.0,18.86
1997-10-29 03:00:00,656.0,19.0
1997-10-30 03:00:00,710.0,19.45
1997-10-31 03:00:00,677.0,19.42
1997-11-03 03:00:00,621.0,19.48
1997-11-04 03:00:00,561.0,19.1
1997-11-05 02:00:00,588.0,18.93
1997-11-06 02:00:00,632.0,18.97
1997-11-07 02:00:00,681.0,19.24
1997-11-10 02:00:00,680.0,19.14
1997-11-12 02:00:00,772.0,19.26
1997-11-13 02:00:00,736.0,19.71
1997-11-14 02:00:00,698.0,20.24
1997-11-17 02:00:00,671.0,19.54
1997-11-18 02:00:00,680.0,19.39
1997-11-19 02:00:00,645.0,19.41
1997-11-20 02:00:00,629.0,18.82
1997-11-21 02:00:00,578.0,18.83
1997-11-24 02:00:00,616.0,19.01
1997-11-25 02:00:00,606.0,19.14
1997-11-26 02:00:00,585.0,18.5
1997-11-27 02:00:00,,18.64
1997-11-28 02:00:00,572.0,18.96
1997-12-01 02:00:00,556.0,18.01
1997-12-02 02:00:00,531.0,18.04
1997-12-03 02:00:00,531.0,17.94
1997-12-04 02:00:00,507.0,17.7
1997-12-05 02:00:00,491.0,17.91
1997-12-08 02:00:00,502.0,17.87
1997-12-09 02:00:00,526.0,17.57
1997-12-10 02:00:00,580.0,17.08
1997-12-11 02:00:00,620.0,16.98
1997-12-12 02:00:00,638.0,17.12
1997-12-15 02:00:00,590.0,16.89
1997-12-16 02:00:00,573.0,16.8
1997-12-17 02:00:00,562.0,16.98
1997-12-18 02:00:00,592.0,17.34
1997-12-19 02:00:00,624.0,17.2
1997-12-22 02:00:00,629.0,17.04
1997-12-23 02:00:00,603.0,17.09
1997-12-24 02:00:00,580.0,17.04
1997-12-26 02:00:00,565.0,
1997-12-29 02:00:00,534.0,16.35
1997-12-30 02:00:00,527.0,16.01
1997-12-31 02:00:00,521.0,15.86
1998-01-02 02:00:00,517.0,15.77
1998-01-05 02:00:00,546.0,15.29
1998-01-06 02:00:00,581.0,15.48
1998-01-07 02:00:00,574.0,15.33
1998-01-08 02:00:00,597.0,15.47
1998-01-09 02:00:00,615.0,15.33
1998-01-12 02:00:00,637.0,15.07
1998-01-13 02:00:00,604.0,15.08
1998-01-14 02:00:00,593.0,14.81
1998-01-15 02:00:00,619.0,14.75
1998-01-16 02:00:00,588.0,14.89
1998-01-19 02:00:00,,15.38
1998-01-20 02:00:00,584.0,14.95
1998-01-21 02:00:00,610.0,14.67
1998-01-22 02:00:00,604.0,14.35
1998-01-23 02:00:00,599.0,14.26
1998-01-26 02:00:00,588.0,14.79
1998-01-27 02:00:00,565.0,15.74
1998-01-28 02:00:00,573.0,15.64
1998-01-29 02:00:00,560.0,16.28
1998-01-30 02:00:00,546.0,15.59
1998-02-02 02:00:00,533.0,15.28
1998-02-03 02:00:00,534.0,14.87
1998-02-04 02:00:00,532.0,14.56
1998-02-05 02:00:00,526.0,14.83
1998-02-06 02:00:00,512.0,15.05
1998-02-09 02:00:00,515.0,14.77
1998-02-10 02:00:00,512.0,14.6
1998-02-11 02:00:00,503.0,14.35
1998-02-12 02:00:00,513.0,14.04
1998-02-13 02:00:00,515.0,14.05
1998-02-16 03:00:00,,13.5
1998-02-17 03:00:00,517.0,13.5
1998-02-18 03:00:00,510.0,13.46
1998-02-19 03:00:00,509.0,14.02
1998-02-20 03:00:00,515.0,13.91
1998-02-23 03:00:00,509.0,13.26
1998-02-24 03:00:00,510.0,13.08
1998-02-25 03:00:00,504.0,13.35
1998-02-26 03:00:00,499.0,13.38
1998-02-27 03:00:00,495.0,13.53
1998-03-02 03:00:00,490.0,13.37
1998-03-03 03:00:00,490.0,13.18
1998-03-04 03:00:00,491.0,13.09
1998-03-05 03:00:00,504.0,13.18
1998-03-06 03:00:00,493.0,12.85
1998-03-09 03:00:00,499.0,12.24
1998-03-10 03:00:00,491.0,12.36
1998-03-11 03:00:00,487.0,12.41
1998-03-12 03:00:00,478.0,12.3
1998-03-13 03:00:00,469.0,12.25
1998-03-16 03:00:00,460.0,11.74
1998-03-17 03:00:00,466.0,11.05
1998-03-18 03:00:00,449.0,12.21
1998-03-19 03:00:00,439.0,12.41
1998-03-20 03:00:00,446.0,12.35
1998-03-23 03:00:00,429.0,14.53
1998-03-24 03:00:00,444.0,14.02
1998-03-25 03:00:00,449.0,14.41
1998-03-26 03:00:00,441.0,15.18
1998-03-27 03:00:00,433.0,14.92
1998-03-30 03:00:00,437.0,14.35
1998-03-31 03:00:00,443.0,13.87
1998-04-01 03:00:00,448.0,13.72
1998-04-02 03:00:00,460.0,13.38
1998-04-03 03:00:00,491.0,13.63
1998-04-06 03:00:00,478.0,13.13
1998-04-07 03:00:00,464.0,12.82
1998-04-08 03:00:00,463.0,12.79
1998-04-09 03:00:00,453.0,13.23
1998-04-13 03:00:00,456.0,
1998-04-14 03:00:00,450.0,13.15
1998-04-15 03:00:00,451.0,13.31
1998-04-16 03:00:00,459.0,13.68
1998-04-17 03:00:00,462.0,14.06
1998-04-20 03:00:00,466.0,13.82
1998-04-21 03:00:00,463.0,13.95
1998-04-22 03:00:00,467.0,13.71
1998-04-23 03:00:00,462.0,13.42
1998-04-24 03:00:00,471.0,13.32
1998-04-27 03:00:00,495.0,13.65
1998-04-28 03:00:00,489.0,13.88
1998-04-29 03:00:00,480.0,14.09
1998-04-30 03:00:00,467.0,13.79
1998-05-01 03:00:00,463.0,14.6
1998-05-04 03:00:00,470.0,
1998-05-05 03:00:00,481.0,14.13
1998-05-06 03:00:00,497.0,13.91
1998-05-07 03:00:00,497.0,13.81
1998-05-08 03:00:00,498.0,13.94
1998-05-11 03:00:00,505.0,14.41
1998-05-12 03:00:00,520.0,14.75
1998-05-13 03:00:00,521.0,14.15
1998-05-14 03:00:00,517.0,14.29
1998-05-15 03:00:00,507.0,14.33
1998-05-18 03:00:00,563.0,14.72
1998-05-19 03:00:00,553.0,14.87
1998-05-20 03:00:00,541.0,14.58
1998-05-21 03:00:00,533.0,14.29
1998-05-22 03:00:00,544.0,14.33
1998-05-26 03:00:00,584.0,14.27
1998-05-27 03:00:00,588.0,14.78
1998-05-28 03:00:00,565.0,14.71
1998-05-29 03:00:00,576.0,14.03
1998-06-01 03:00:00,593.0,13.66
1998-06-02 03:00:00,558.0,13.62
1998-06-03 03:00:00,567.0,13.23
1998-06-04 03:00:00,560.0,13.71
1998-06-05 03:00:00,558.0,13.95
1998-06-08 03:00:00,571.0,13.56
1998-06-09 03:00:00,580.0,12.76
1998-06-10 03:00:00,604.0,12.23
1998-06-11 03:00:00,641.0,12.12
1998-06-12 03:00:00,638.0,11.62
1998-06-15 03:00:00,665.0,10.77
1998-06-16 03:00:00,635.0,10.77
1998-06-17 03:00:00,598.0,11.3
1998-06-18 03:00:00,624.0,10.88
1998-06-19 03:00:00,618.0,10.89
1998-06-22 03:00:00,634.0,11.23
1998-06-23 03:00:00,627.0,12.09
1998-06-24 03:00:00,637.0,12.5
1998-06-25 03:00:00,662.0,11.94
1998-06-26 03:00:00,698.0,12.04
1998-06-29 03:00:00,684.0,11.83
1998-06-30 03:00:00,663.0,11.84
1998-07-01 03:00:00,646.0,11.93
1998-07-02 03:00:00,654.0,11.95
1998-07-03 03:00:00,,11.79
1998-07-06 03:00:00,685.0,11.7
1998-07-07 03:00:00,666.0,11.66
1998-07-08 03:00:00,654.0,11.71
1998-07-09 03:00:00,655.0,11.61
1998-07-10 03:00:00,621.0,11.61
1998-07-13 03:00:00,600.0,11.56
1998-07-14 03:00:00,583.0,11.83
1998-07-15 03:00:00,594.0,11.79
1998-07-16 03:00:00,586.0,12.65
1998-07-17 03:00:00,578.0,12.38
1998-07-20 03:00:00,565.0,12.11
1998-07-21 03:00:00,573.0,12.01
1998-07-22 03:00:00,577.0,12.21
1998-07-23 03:00:00,601.0,12.23
1998-07-24 03:00:00,610.0,12.05
1998-07-27 03:00:00,634.0,12.53
1998-07-28 03:00:00,629.0,12.74
1998-07-29 03:00:00,611.0,12.6
1998-07-30 03:00:00,611.0,12.55
1998-07-31 03:00:00,608.0,12.63
1998-08-03 03:00:00,628.0,12.04
1998-08-04 03:00:00,643.0,12.03
1998-08-05 03:00:00,668.0,12.32
1998-08-06 03:00:00,671.0,12.08
1998-08-07 03:00:00,748.0,12.05
1998-08-10 03:00:00,819.0,11.62
1998-08-11 03:00:00,828.0,11.16
1998-08-12 03:00:00,876.0,11.24
1998-08-13 03:00:00,791.0,11.48
1998-08-14 03:00:00,757.0,11.46
1998-08-17 03:00:00,858.0,11.93
1998-08-18 03:00:00,834.0,11.87
1998-08-19 03:00:00,866.0,11.99
1998-08-20 03:00:00,971.0,12.21
1998-08-21 03:00:00,1187.0,12.02
1998-08-24 03:00:00,1199.0,12.15
1998-08-25 03:00:00,1124.0,12.43
1998-08-26 03:00:00,1239.0,12.24
1998-08-27 03:00:00,1524.0,11.9
1998-08-28 03:00:00,1434.0,12.06
1998-08-31 03:00:00,1421.0,
1998-09-01 03:00:00,1307.0,12.11
1998-09-02 03:00:00,1300.0,12.05
1998-09-03 03:00:00,1422.0,12.54
1998-09-04 03:00:00,1435.0,12.96
1998-09-07 03:00:00,,12.51
1998-09-08 03:00:00,1460.0,12.53
1998-09-09 03:00:00,1436.0,12.53
1998-09-10 03:00:00,1718.0,12.82
1998-09-11 03:00:00,1639.0,12.66
1998-09-14 03:00:00,1631.0,12.47
1998-09-15 03:00:00,1405.0,12.61
1998-09-16 03:00:00,1266.0,12.65
1998-09-17 03:00:00,1453.0,12.97
1998-09-18 03:00:00,1351.0,13.92
1998-09-21 03:00:00,1323.0,14.31
1998-09-22 03:00:00,1249.0,14.36
1998-09-23 03:00:00,1204.0,14.67
1998-09-24 03:00:00,1232.0,14.84
1998-09-25 03:00:00,1219.0,14.55
1998-09-28 03:00:00,1173.0,14.41
1998-09-29 03:00:00,1237.0,14.38
1998-09-30 03:00:00,1326.0,14.71
1998-10-01 03:00:00,1442.0,14.46
1998-10-02 03:00:00,1349.0,14.21
1998-10-05 03:00:00,1453.0,14.1
1998-10-06 03:00:00,1375.0,13.98
1998-10-07 03:00:00,1383.0,13.88
1998-10-08 03:00:00,1364.0,13.23
1998-10-09 03:00:00,1330.0,12.87
1998-10-12 03:00:00,,13.18
1998-10-13 03:00:00,1291.0,12.73
1998-10-14 03:00:00,1271.0,12.26
1998-10-15 03:00:00,1254.0,11.98
1998-10-16 03:00:00,1207.0,12.11
1998-10-19 03:00:00,1172.0,11.6
1998-10-20 03:00:00,1112.0,11.29
1998-10-21 03:00:00,1128.0,11.94
1998-10-22 03:00:00,1101.0,11.68
1998-10-23 03:00:00,1112.0,12.18
1998-10-26 03:00:00,1143.0,12.74
1998-10-27 03:00:00,1195.0,12.46
1998-10-28 03:00:00,1237.0,12.26
1998-10-29 03:00:00,1304.0,12.31
1998-10-30 03:00:00,1192.0,12.0
1998-11-02 03:00:00,1140.0,12.43
1998-11-03 03:00:00,1131.0,11.93
1998-11-04 02:00:00,1100.0,11.88
1998-11-05 02:00:00,1052.0,11.73
1998-11-06 02:00:00,990.0,11.51
1998-11-09 02:00:00,996.0,11.15
1998-11-10 02:00:00,1043.0,11.18
1998-11-11 02:00:00,,11.45
1998-11-12 02:00:00,1104.0,11.56
1998-11-13 02:00:00,1082.0,11.46
1998-11-16 02:00:00,1041.0,11.1
1998-11-17 02:00:00,1004.0,10.62
1998-11-18 02:00:00,1012.0,10.25
1998-11-19 02:00:00,974.0,10.45
1998-11-20 02:00:00,922.0,10.4
1998-11-23 02:00:00,933.0,10.54
1998-11-24 02:00:00,953.0,10.58
1998-11-25 02:00:00,950.0,10.51
1998-11-26 02:00:00,,10.41
1998-11-27 02:00:00,921.0,10.77
1998-11-30 02:00:00,975.0,9.91
1998-12-01 02:00:00,1033.0,9.87
1998-12-02 02:00:00,1062.0,9.71
1998-12-03 02:00:00,1158.0,10.05
1998-12-04 02:00:00,1179.0,9.73
1998-12-07 02:00:00,1140.0,9.7
1998-12-08 02:00:00,1149.0,9.68
1998-12-09 02:00:00,1166.0,9.46
1998-12-10 02:00:00,1164.0,9.1
1998-12-11 02:00:00,1219.0,9.26
1998-12-14 02:00:00,1293.0,9.45
1998-12-15 02:00:00,1219.0,9.57
1998-12-16 02:00:00,1250.0,10.87
1998-12-17 02:00:00,1261.0,9.92
1998-12-18 02:00:00,1281.0,9.62
1998-12-21 02:00:00,1214.0,9.45
1998-12-22 02:00:00,1199.0,9.83
1998-12-23 02:00:00,1203.0,9.91
1998-12-24 02:00:00,1196.0,9.91
1998-12-28 02:00:00,1209.0,
1998-12-29 02:00:00,1244.0,10.23
1998-12-30 02:00:00,1263.0,10.45
1998-12-31 02:00:00,1231.0,10.54
1999-01-04 02:00:00,1187.0,10.94
1999-01-05 02:00:00,1141.0,10.3
1999-01-06 02:00:00,1145.0,10.67
1999-01-07 02:00:00,1248.0,11.08
1999-01-08 02:00:00,1316.0,11.7
1999-01-11 02:00:00,1384.0,12.07
1999-01-12 02:00:00,1477.0,11.78
1999-01-13 02:00:00,1686.0,10.9
1999-01-14 02:00:00,1779.0,11.1
1999-01-15 02:00:00,1432.0,10.97
1999-01-18 02:00:00,,10.81
1999-01-19 02:00:00,1309.0,11.19
1999-01-20 02:00:00,1305.0,10.85
1999-01-21 02:00:00,1503.0,11.14
1999-01-22 02:00:00,1631.0,11.23
1999-01-25 02:00:00,1723.0,11.21
1999-01-26 02:00:00,1588.0,10.84
1999-01-27 02:00:00,1635.0,11.03
1999-01-28 02:00:00,1536.0,11.14
1999-01-29 02:00:00,1507.0,11.34
1999-02-01 02:00:00,1351.0,10.81
1999-02-02 02:00:00,1308.0,10.39
1999-02-03 02:00:00,1311.0,10.78
1999-02-04 02:00:00,1312.0,10.42
1999-02-05 02:00:00,1358.0,10.18
1999-02-08 02:00:00,1380.0,9.97
1999-02-09 02:00:00,1361.0,9.77
1999-02-10 02:00:00,1345.0,9.88
1999-02-11 02:00:00,1305.0,9.82
1999-02-12 02:00:00,1289.0,9.97
1999-02-16 03:00:00,1242.0,9.98
1999-02-17 03:00:00,1254.0,10.09
1999-02-18 03:00:00,1254.0,9.93
1999-02-19 03:00:00,1260.0,10.29
1999-02-22 03:00:00,1271.0,10.24
1999-02-23 03:00:00,1307.0,10.58
1999-02-24 03:00:00,1291.0,10.64
1999-02-25 03:00:00,1339.0,10.84
1999-02-26 03:00:00,1376.0,10.58
1999-03-01 03:00:00,1345.0,10.52
1999-03-02 03:00:00,1452.0,10.41
1999-03-03 03:00:00,1484.0,10.81
1999-03-04 03:00:00,1397.0,11.2
1999-03-05 03:00:00,1331.0,11.02
1999-03-08 03:00:00,1308.0,11.49
1999-03-09 03:00:00,1285.0,11.25
1999-03-10 03:00:00,1234.0,11.46
1999-03-11 03:00:00,1231.0,11.86
1999-03-12 03:00:00,1251.0,12.3
1999-03-15 03:00:00,1183.0,12.17
1999-03-16 03:00:00,1204.0,12.11
1999-03-17 03:00:00,1209.0,12.95
1999-03-18 03:00:00,1174.0,13.35
1999-03-19 03:00:00,1147.0,13.15
1999-03-22 03:00:00,1149.0,13.37
1999-03-23 03:00:00,1179.0,13.64
1999-03-24 03:00:00,1195.0,13.37
1999-03-25 03:00:00,1146.0,13.5
1999-03-26 03:00:00,1118.0,13.97
1999-03-29 03:00:00,1063.0,14.34
1999-03-30 03:00:00,1045.0,14.5
1999-03-31 03:00:00,1041.0,15.02
1999-04-01 03:00:00,1015.0,14.6
1999-04-05 03:00:00,990.0,
1999-04-06 03:00:00,990.0,14.53
1999-04-07 03:00:00,971.0,14.14
1999-04-08 03:00:00,941.0,13.72
1999-04-09 03:00:00,975.0,14.11
1999-04-12 03:00:00,957.0,14.23
1999-04-13 03:00:00,892.0,14.68
1999-04-14 03:00:00,881.0,14.45
1999-04-15 03:00:00,899.0,14.82
1999-04-16 03:00:00,832.0,15.34
1999-04-19 03:00:00,825.0,16.01
1999-04-20 03:00:00,862.0,16.04
1999-04-21 03:00:00,850.0,15.96
1999-04-22 03:00:00,851.0,16.29
1999-04-23 03:00:00,858.0,16.07
1999-04-26 03:00:00,871.0,15.63
1999-04-27 03:00:00,908.0,15.91
1999-04-28 03:00:00,905.0,16.38
1999-04-29 03:00:00,899.0,16.53
1999-04-30 03:00:00,873.0,16.45
1999-05-03 03:00:00,849.0,
1999-05-04 03:00:00,862.0,16.98
1999-05-05 03:00:00,885.0,16.85
1999-05-06 03:00:00,885.0,16.44
1999-05-07 03:00:00,854.0,15.66
1999-05-10 03:00:00,848.0,15.72
1999-05-11 03:00:00,867.0,15.23
1999-05-12 03:00:00,885.0,14.74
1999-05-13 03:00:00,884.0,15.21
1999-05-14 03:00:00,901.0,15.18
1999-05-17 03:00:00,920.0,14.98
1999-05-18 03:00:00,948.0,14.43
1999-05-19 03:00:00,994.0,14.42
1999-05-20 03:00:00,1004.0,14.44
1999-05-21 03:00:00,1075.0,14.49
1999-05-24 03:00:00,1112.0,14.83
1999-05-25 03:00:00,1070.0,14.71
1999-05-26 03:00:00,1029.0,15.18
1999-05-27 03:00:00,1066.0,15.04
1999-05-28 03:00:00,1066.0,14.75
1999-06-01 03:00:00,1068.0,14.22
1999-06-02 03:00:00,1066.0,14.28
1999-06-03 03:00:00,1052.0,14.26
1999-06-04 03:00:00,1035.0,15.21
1999-06-07 03:00:00,1016.0,15.98
1999-06-08 03:00:00,1015.0,16.25
1999-06-09 03:00:00,1032.0,16.19
1999-06-10 03:00:00,1041.0,15.99
1999-06-11 03:00:00,1047.0,16.25
1999-06-14 03:00:00,1042.0,16.05
1999-06-15 03:00:00,1004.0,16.33
1999-06-16 03:00:00,971.0,16.29
1999-06-17 03:00:00,942.0,16.0
1999-06-18 03:00:00,949.0,15.93
1999-06-21 03:00:00,938.0,15.64
1999-06-22 03:00:00,944.0,15.91
1999-06-23 03:00:00,969.0,16.04
1999-06-24 03:00:00,987.0,16.28
1999-06-25 03:00:00,1026.0,16.27
1999-06-28 03:00:00,1027.0,16.27
1999-06-29 03:00:00,1003.0,16.38
1999-06-30 03:00:00,957.0,16.97
1999-07-01 03:00:00,974.0,17.25
1999-07-02 03:00:00,976.0,17.55
1999-07-06 03:00:00,962.0,18.47
1999-07-07 03:00:00,981.0,18.36
1999-07-08 03:00:00,1010.0,18.74
1999-07-09 03:00:00,1044.0,18.9
1999-07-12 03:00:00,1114.0,18.94
1999-07-13 03:00:00,1113.0,19.49
1999-07-14 03:00:00,1082.0,19.48
1999-07-15 03:00:00,1070.0,18.9
1999-07-16 03:00:00,1084.0,19.42
1999-07-19 03:00:00,1071.0,19.75
1999-07-20 03:00:00,1093.0,19.33
1999-07-21 03:00:00,1094.0,18.62
1999-07-22 03:00:00,1099.0,19.01
1999-07-23 03:00:00,1110.0,19.69
1999-07-26 03:00:00,1114.0,19.73
1999-07-27 03:00:00,1087.0,19.46
1999-07-28 03:00:00,1079.0,19.65
1999-07-29 03:00:00,1076.0,19.97
1999-07-30 03:00:00,1053.0,19.97
1999-08-02 03:00:00,1084.0,19.21
1999-08-03 03:00:00,1096.0,19.32
1999-08-04 03:00:00,1109.0,19.38
1999-08-05 03:00:00,1145.0,19.64
1999-08-06 03:00:00,1116.0,19.66
1999-08-09 03:00:00,1122.0,19.34
1999-08-10 03:00:00,1142.0,20.18
1999-08-11 03:00:00,1110.0,20.58
1999-08-12 03:00:00,1098.0,20.32
1999-08-13 03:00:00,1093.0,20.61
1999-08-16 03:00:00,1086.0,20.68
1999-08-17 03:00:00,1080.0,20.61
1999-08-18 03:00:00,1124.0,20.69
1999-08-19 03:00:00,1126.0,20.92
1999-08-20 03:00:00,1152.0,21.11
1999-08-23 03:00:00,1146.0,20.96
1999-08-24 03:00:00,1141.0,20.48
1999-08-25 03:00:00,1128.0,19.71
1999-08-26 03:00:00,1130.0,19.8
1999-08-27 03:00:00,1126.0,20.32
1999-08-30 03:00:00,1131.0,
1999-08-31 03:00:00,1124.0,21.08
1999-09-01 03:00:00,1099.0,21.1
1999-09-02 03:00:00,1095.0,20.66
1999-09-03 03:00:00,1088.0,20.74
1999-09-06 03:00:00,,21.14
1999-09-07 03:00:00,1060.0,21.71
1999-09-08 03:00:00,1052.0,21.96
1999-09-09 03:00:00,1023.0,22.51
1999-09-10 03:00:00,990.0,22.36
1999-09-13 03:00:00,995.0,22.98
1999-09-14 03:00:00,991.0,23.18
1999-09-15 03:00:00,996.0,23.25
1999-09-16 03:00:00,1013.0,23.06
1999-09-17 03:00:00,990.0,22.93
1999-09-20 03:00:00,984.0,22.85
1999-09-21 03:00:00,992.0,22.68
1999-09-22 03:00:00,996.0,22.49
1999-09-23 03:00:00,986.0,23.41
1999-09-24 03:00:00,1027.0,23.66
1999-09-27 03:00:00,995.0,23.6
1999-09-28 03:00:00,1002.0,23.24
1999-09-29 03:00:00,983.0,23.46
1999-09-30 03:00:00,984.0,22.98
1999-10-01 03:00:00,1017.0,22.98
1999-10-04 03:00:00,992.0,23.3
1999-10-05 03:00:00,1003.0,22.64
1999-10-06 03:00:00,970.0,23.07
1999-10-07 03:00:00,948.0,22.33
1999-10-08 03:00:00,940.0,20.78
1999-10-11 03:00:00,,20.84
1999-10-12 03:00:00,957.0,21.89
1999-10-13 03:00:00,962.0,22.26
1999-10-14 03:00:00,951.0,22.28
1999-10-15 03:00:00,990.0,21.65
1999-10-18 03:00:00,981.0,22.26
1999-10-19 03:00:00,949.0,21.59
1999-10-20 03:00:00,925.0,21.02
1999-10-21 03:00:00,911.0,21.68
1999-10-22 03:00:00,877.0,22.38
1999-10-25 03:00:00,891.0,22.45
1999-10-26 03:00:00,872.0,22.14
1999-10-27 03:00:00,885.0,22.18
1999-10-28 03:00:00,867.0,21.22
1999-10-29 03:00:00,851.0,21.11
1999-11-01 03:00:00,845.0,21.32
1999-11-02 03:00:00,821.0,21.98
1999-11-03 02:00:00,816.0,22.38
1999-11-04 02:00:00,811.0,22.64
1999-11-05 02:00:00,812.0,22.8
1999-11-08 02:00:00,788.0,23.62
1999-11-09 02:00:00,778.0,24.44
1999-11-10 02:00:00,781.0,25.42
1999-11-11 02:00:00,,24.96
1999-11-12 02:00:00,772.0,25.39
1999-11-15 02:00:00,774.0,25.93
1999-11-16 02:00:00,769.0,24.88
1999-11-17 02:00:00,798.0,24.98
1999-11-18 02:00:00,790.0,25.02
1999-11-19 02:00:00,803.0,25.14
1999-11-22 02:00:00,800.0,25.86
1999-11-23 02:00:00,793.0,25.66
1999-11-24 02:00:00,788.0,25.77
1999-11-25 02:00:00,,25.94
1999-11-26 02:00:00,782.0,25.85
1999-11-29 02:00:00,783.0,25.67
1999-11-30 02:00:00,806.0,25.2
1999-12-01 02:00:00,811.0,24.2
1999-12-02 02:00:00,797.0,25.52
1999-12-03 02:00:00,768.0,26.17
1999-12-06 02:00:00,762.0,26.46
1999-12-07 02:00:00,761.0,26.1
1999-12-08 02:00:00,759.0,25.45
1999-12-09 02:00:00,756.0,25.85
1999-12-10 02:00:00,732.0,24.86
1999-12-13 02:00:00,692.0,24.31
1999-12-14 02:00:00,689.0,24.88
1999-12-15 02:00:00,674.0,25.68
1999-12-16 02:00:00,656.0,26.09
1999-12-17 02:00:00,655.0,26.22
1999-12-20 02:00:00,643.0,25.98
1999-12-21 02:00:00,639.0,25.51
1999-12-22 02:00:00,643.0,25.04
1999-12-23 02:00:00,640.0,25.11
1999-12-24 02:00:00,641.0,
1999-12-27 02:00:00,643.0,
1999-12-28 02:00:00,642.0,
1999-12-29 02:00:00,645.0,25.63
1999-12-30 02:00:00,640.0,24.93
1999-12-31 02:00:00,636.0,
2000-01-03 02:00:00,626.0,
2000-01-04 02:00:00,675.0,23.95
2000-01-05 02:00:00,677.0,23.72
2000-01-06 02:00:00,688.0,23.55
2000-01-07 02:00:00,677.0,23.35
2000-01-10 02:00:00,668.0,22.77
2000-01-11 02:00:00,698.0,23.93
2000-01-12 02:00:00,708.0,24.62
2000-01-13 02:00:00,702.0,24.9
2000-01-14 02:00:00,693.0,25.5
2000-01-17 02:00:00,,25.99
2000-01-18 02:00:00,687.0,26.31
2000-01-19 02:00:00,683.0,26.17
2000-01-20 02:00:00,687.0,26.26
2000-01-21 02:00:00,685.0,27.18
2000-01-24 02:00:00,688.0,27.02
2000-01-25 02:00:00,706.0,27.24
2000-01-26 02:00:00,703.0,27.18
2000-01-27 02:00:00,706.0,26.91
2000-01-28 02:00:00,750.0,26.59
2000-01-31 02:00:00,758.0,27.08
2000-02-01 02:00:00,756.0,27.35
2000-02-02 02:00:00,763.0,27.15
2000-02-03 02:00:00,772.0,27.6
2000-02-04 02:00:00,719.0,27.48
2000-02-07 02:00:00,691.0,27.94
2000-02-08 02:00:00,677.0,27.61
2000-02-09 02:00:00,683.0,27.44
2000-02-10 02:00:00,668.0,27.32
2000-02-11 02:00:00,673.0,27.82
2000-02-14 03:00:00,686.0,28.03
2000-02-15 03:00:00,680.0,28.12
2000-02-16 03:00:00,691.0,28.11
2000-02-17 03:00:00,689.0,27.54
2000-02-18 03:00:00,707.0,27.26
2000-02-21 03:00:00,,26.93
2000-02-22 03:00:00,727.0,27.22
2000-02-23 03:00:00,699.0,27.92
2000-02-24 03:00:00,716.0,28.21
2000-02-25 03:00:00,702.0,28.53
2000-02-28 03:00:00,694.0,28.7
2000-02-29 03:00:00,688.0,29.01
2000-03-01 03:00:00,685.0,29.78
2000-03-02 03:00:00,665.0,30.12
2000-03-03 03:00:00,647.0,29.83
2000-03-06 03:00:00,646.0,30.08
2000-03-07 03:00:00,638.0,31.93
2000-03-08 03:00:00,638.0,31.41
2000-03-09 03:00:00,638.0,29.11
2000-03-10 03:00:00,643.0,28.97
2000-03-13 03:00:00,663.0,29.25
2000-03-14 03:00:00,663.0,28.83
2000-03-15 03:00:00,680.0,28.03
2000-03-16 03:00:00,665.0,27.97
2000-03-17 03:00:00,657.0,27.87
2000-03-20 03:00:00,658.0,25.59
2000-03-21 03:00:00,651.0,24.93
2000-03-22 03:00:00,633.0,25.77
2000-03-23 03:00:00,650.0,25.32
2000-03-24 03:00:00,633.0,25.74
2000-03-27 03:00:00,630.0,25.16
2000-03-28 03:00:00,632.0,24.8
2000-03-29 03:00:00,643.0,23.77
2000-03-30 03:00:00,679.0,23.94
2000-03-31 03:00:00,679.0,23.98
2000-04-03 03:00:00,695.0,24.62
2000-04-04 03:00:00,722.0,23.26
2000-04-05 03:00:00,736.0,22.98
2000-04-06 03:00:00,726.0,22.9
2000-04-07 03:00:00,730.0,22.63
2000-04-10 03:00:00,735.0,21.08
2000-04-11 03:00:00,739.0,21.05
2000-04-12 03:00:00,739.0,21.4
2000-04-13 03:00:00,754.0,22.65
2000-04-14 03:00:00,780.0,22.13
2000-04-17 03:00:00,801.0,22.2
2000-04-18 03:00:00,772.0,22.67
2000-04-19 03:00:00,766.0,23.5
2000-04-20 03:00:00,764.0,23.57
2000-04-21 03:00:00,758.0,
2000-04-24 03:00:00,784.0,
2000-04-25 03:00:00,741.0,23.36
2000-04-26 03:00:00,751.0,22.9
2000-04-27 03:00:00,753.0,23.07
2000-04-28 03:00:00,742.0,23.79
2000-05-01 03:00:00,729.0,
2000-05-02 03:00:00,736.0,24.73
2000-05-03 03:00:00,770.0,25.13
2000-05-04 03:00:00,782.0,25.06
2000-05-05 03:00:00,795.0,24.93
2000-05-08 03:00:00,810.0,26.03
2000-05-09 03:00:00,809.0,26.69
2000-05-10 03:00:00,835.0,26.59
2000-05-11 03:00:00,823.0,27.22
2000-05-12 03:00:00,838.0,27.98
2000-05-15 03:00:00,823.0,28.26
2000-05-16 03:00:00,826.0,28.78
2000-05-17 03:00:00,815.0,28.4
2000-05-18 03:00:00,809.0,28.9
2000-05-19 03:00:00,833.0,29.01
2000-05-22 03:00:00,854.0,28.45
2000-05-23 03:00:00,839.0,28.12
2000-05-24 03:00:00,831.0,28.97
2000-05-25 03:00:00,821.0,29.62
2000-05-26 03:00:00,823.0,30.09
2000-05-30 03:00:00,797.0,29.89
2000-05-31 03:00:00,792.0,29.64
2000-06-01 03:00:00,770.0,29.69
2000-06-02 03:00:00,731.0,29.35
2000-06-05 03:00:00,743.0,28.27
2000-06-06 03:00:00,741.0,28.42
2000-06-07 03:00:00,730.0,28.32
2000-06-08 03:00:00,725.0,29.34
2000-06-09 03:00:00,711.0,29.0
2000-06-12 03:00:00,718.0,30.1
2000-06-13 03:00:00,706.0,30.4
2000-06-14 03:00:00,708.0,30.12
2000-06-15 03:00:00,719.0,29.77
2000-06-16 03:00:00,723.0,28.68
2000-06-19 03:00:00,719.0,27.69
2000-06-20 03:00:00,715.0,28.86
2000-06-21 03:00:00,706.0,30.71
2000-06-22 03:00:00,709.0,30.61
2000-06-23 03:00:00,725.0,31.02
2000-06-26 03:00:00,722.0,30.9
2000-06-27 03:00:00,716.0,30.47
2000-06-28 03:00:00,709.0,31.15
2000-06-29 03:00:00,719.0,31.05
2000-06-30 03:00:00,722.0,31.58
2000-07-03 03:00:00,705.0,32.15
2000-07-04 03:00:00,706.0,30.73
2000-07-05 03:00:00,694.0,30.35
2000-07-06 03:00:00,694.0,30.67
2000-07-07 03:00:00,697.0,30.62
2000-07-10 03:00:00,698.0,30.58
2000-07-11 03:00:00,710.0,29.83
2000-07-12 03:00:00,705.0,30.27
2000-07-13 03:00:00,709.0,31.15
2000-07-14 03:00:00,705.0,30.82
2000-07-17 03:00:00,700.0,28.44
2000-07-18 03:00:00,699.0,28.46
2000-07-19 03:00:00,710.0,28.33
2000-07-20 03:00:00,704.0,27.85
2000-07-21 03:00:00,702.0,26.68
2000-07-24 03:00:00,695.0,26.84
2000-07-25 03:00:00,699.0,25.78
2000-07-26 03:00:00,705.0,25.92
2000-07-27 03:00:00,716.0,25.6
2000-07-28 03:00:00,716.0,25.96
2000-07-31 03:00:00,712.0,25.3
2000-08-01 03:00:00,719.0,25.24
2000-08-02 03:00:00,708.0,26.8
2000-08-03 03:00:00,701.0,27.04
2000-08-04 03:00:00,700.0,28.01
2000-08-07 03:00:00,694.0,27.56
2000-08-08 03:00:00,697.0,27.58
2000-08-09 03:00:00,692.0,28.13
2000-08-10 03:00:00,698.0,28.98
2000-08-11 03:00:00,678.0,29.44
2000-08-14 03:00:00,672.0,29.24
2000-08-15 03:00:00,675.0,30.0
2000-08-16 03:00:00,689.0,29.66
2000-08-17 03:00:00,672.0,30.71
2000-08-18 03:00:00,685.0,30.76
2000-08-21 03:00:00,694.0,31.34
2000-08-22 03:00:00,679.0,30.18
2000-08-23 03:00:00,680.0,32.38
2000-08-24 03:00:00,674.0,31.67
2000-08-25 03:00:00,664.0,33.26
2000-08-28 03:00:00,663.0,33.29
2000-08-29 03:00:00,661.0,34.03
2000-08-30 03:00:00,660.0,34.13
2000-08-31 03:00:00,672.0,35.08
2000-09-01 03:00:00,663.0,35.09
2000-09-04 03:00:00,665.0,36.02
2000-09-05 03:00:00,669.0,35.72
2000-09-06 03:00:00,662.0,36.7
2000-09-07 03:00:00,670.0,37.43
2000-09-08 03:00:00,675.0,36.27
2000-09-11 03:00:00,679.0,36.87
2000-09-12 03:00:00,689.0,33.3
2000-09-13 03:00:00,696.0,31.08
2000-09-14 03:00:00,693.0,31.35
2000-09-15 03:00:00,702.0,33.68
2000-09-18 03:00:00,727.0,34.55
2000-09-19 03:00:00,717.0,33.48
2000-09-20 03:00:00,730.0,33.67
2000-09-21 03:00:00,726.0,32.18
2000-09-22 03:00:00,723.0,31.59
2000-09-25 03:00:00,716.0,30.01
2000-09-26 03:00:00,721.0,29.94
2000-09-27 03:00:00,711.0,29.78
2000-09-28 03:00:00,705.0,28.91
2000-09-29 03:00:00,705.0,28.42
2000-10-02 03:00:00,714.0,29.65
2000-10-03 03:00:00,694.0,30.64
2000-10-04 03:00:00,687.0,30.07
2000-10-05 03:00:00,687.0,29.19
2000-10-06 03:00:00,701.0,29.62
2000-10-09 03:00:00,704.0,29.99
2000-10-10 03:00:00,701.0,30.95
2000-10-11 03:00:00,712.0,31.25
2000-10-12 03:00:00,741.0,33.45
2000-10-13 03:00:00,744.0,33.5
2000-10-16 03:00:00,742.0,32.03
2000-10-17 03:00:00,776.0,30.38
2000-10-18 03:00:00,779.0,30.98
2000-10-19 03:00:00,772.0,31.29
2000-10-20 03:00:00,771.0,30.16
2000-10-23 03:00:00,791.0,30.98
2000-10-24 03:00:00,792.0,31.81
2000-10-25 03:00:00,807.0,31.17
2000-10-26 03:00:00,811.0,31.48
2000-10-27 03:00:00,792.0,31.31
2000-10-30 03:00:00,776.0,31.09
2000-10-31 03:00:00,758.0,30.15
2000-11-01 03:00:00,772.0,31.62
2000-11-02 03:00:00,753.0,30.81
2000-11-03 03:00:00,775.0,30.81
2000-11-06 03:00:00,776.0,31.0
2000-11-07 03:00:00,799.0,31.59
2000-11-08 02:00:00,818.0,31.3
2000-11-09 02:00:00,833.0,31.79
2000-11-10 02:00:00,812.0,32.26
2000-11-13 02:00:00,810.0,32.5
2000-11-14 02:00:00,800.0,33.05
2000-11-15 02:00:00,794.0,33.82
2000-11-16 02:00:00,792.0,34.16
2000-11-17 02:00:00,794.0,33.09
2000-11-20 02:00:00,776.0,34.23
2000-11-21 02:00:00,775.0,33.33
2000-11-22 02:00:00,798.0,33.11
2000-11-23 02:00:00,795.0,33.29
2000-11-24 02:00:00,796.0,33.35
2000-11-27 02:00:00,794.0,33.47
2000-11-28 02:00:00,808.0,32.59
2000-11-29 02:00:00,800.0,32.45
2000-11-30 02:00:00,829.0,32.53
2000-12-01 02:00:00,810.0,31.59
2000-12-04 02:00:00,810.0,30.37
2000-12-05 02:00:00,794.0,28.88
2000-12-06 02:00:00,789.0,27.47
2000-12-07 02:00:00,782.0,27.85
2000-12-08 02:00:00,763.0,26.85
2000-12-11 02:00:00,759.0,27.28
2000-12-12 02:00:00,768.0,26.81
2000-12-13 02:00:00,771.0,26.84
2000-12-14 02:00:00,778.0,24.32
2000-12-15 02:00:00,781.0,24.44
2000-12-18 02:00:00,779.0,25.11
2000-12-19 02:00:00,761.0,24.36
2000-12-20 02:00:00,778.0,23.29
2000-12-21 02:00:00,773.0,22.4
2000-12-22 02:00:00,765.0,22.23
2000-12-26 02:00:00,760.0,
2000-12-27 02:00:00,754.0,22.58
2000-12-28 02:00:00,744.0,22.29
2000-12-29 02:00:00,749.0,22.58
2001-01-02 02:00:00,762.0,23.43
2001-01-03 02:00:00,738.0,23.44
2001-01-04 02:00:00,737.0,24.57
2001-01-05 02:00:00,740.0,24.77
2001-01-08 02:00:00,751.0,24.75
2001-01-09 02:00:00,750.0,24.13
2001-01-10 02:00:00,748.0,24.98
2001-01-11 02:00:00,739.0,25.6
2001-01-12 02:00:00,728.0,25.63
2001-01-15 02:00:00,723.0,26.03
2001-01-16 02:00:00,732.0,25.52
2001-01-17 02:00:00,729.0,24.27
2001-01-18 02:00:00,726.0,24.74
2001-01-19 02:00:00,717.0,26.29
2001-01-22 02:00:00,708.0,27.69
2001-01-23 02:00:00,697.0,27.02
2001-01-24 02:00:00,694.0,27.04
2001-01-25 02:00:00,699.0,26.94
2001-01-26 02:00:00,683.0,27.04
2001-01-29 02:00:00,668.0,26.95
2001-01-30 02:00:00,680.0,26.32
2001-01-31 02:00:00,677.0,26.59
2001-02-01 02:00:00,687.0,27.17
2001-02-02 02:00:00,687.0,28.9
2001-02-05 02:00:00,702.0,29.25
2001-02-06 02:00:00,693.0,29.1
2001-02-07 02:00:00,700.0,29.54
2001-02-08 02:00:00,689.0,30.68
2001-02-09 02:00:00,696.0,29.53
2001-02-12 03:00:00,694.0,29.32
2001-02-13 03:00:00,693.0,28.0
2001-02-14 03:00:00,689.0,27.89
2001-02-15 03:00:00,680.0,26.33
2001-02-16 03:00:00,692.0,26.61
2001-02-19 03:00:00,698.0,27.05
2001-02-20 03:00:00,715.0,26.45
2001-02-21 03:00:00,735.0,26.1
2001-02-22 03:00:00,728.0,25.75
2001-02-23 03:00:00,731.0,26.12
2001-02-26 03:00:00,728.0,25.84
2001-02-27 03:00:00,745.0,25.28
2001-02-28 03:00:00,753.0,25.16
2001-03-01 03:00:00,742.0,24.76
2001-03-02 03:00:00,729.0,25.28
2001-03-05 03:00:00,718.0,25.98
2001-03-06 03:00:00,714.0,25.59
2001-03-07 03:00:00,713.0,25.91
2001-03-08 03:00:00,721.0,26.37
2001-03-09 03:00:00,711.0,25.78
2001-03-12 03:00:00,728.0,25.34
2001-03-13 03:00:00,734.0,24.8
2001-03-14 03:00:00,744.0,24.31
2001-03-15 03:00:00,758.0,23.37
2001-03-16 03:00:00,775.0,23.84
2001-03-19 03:00:00,797.0,23.19
2001-03-20 03:00:00,790.0,23.63
2001-03-21 03:00:00,785.0,23.21
2001-03-22 03:00:00,831.0,23.45
2001-03-23 03:00:00,853.0,23.94
2001-03-26 03:00:00,810.0,24.01
2001-03-27 03:00:00,788.0,24.41
2001-03-28 03:00:00,788.0,24.5
2001-03-29 03:00:00,808.0,23.77
2001-03-30 03:00:00,814.0,23.5
2001-04-02 03:00:00,810.0,23.31
2001-04-03 03:00:00,813.0,23.47
2001-04-04 03:00:00,807.0,24.35
2001-04-05 03:00:00,793.0,24.87
2001-04-06 03:00:00,792.0,24.02
2001-04-09 03:00:00,774.0,24.37
2001-04-10 03:00:00,764.0,25.64
2001-04-11 03:00:00,761.0,26.08
2001-04-12 03:00:00,761.0,27.12
2001-04-13 03:00:00,,26.8
2001-04-16 03:00:00,786.0,26.8
2001-04-17 03:00:00,784.0,26.99
2001-04-18 03:00:00,780.0,26.11
2001-04-19 03:00:00,800.0,25.86
2001-04-20 03:00:00,839.0,25.57
2001-04-23 03:00:00,898.0,25.42
2001-04-24 03:00:00,880.0,25.76
2001-04-25 03:00:00,864.0,25.49
2001-04-26 03:00:00,853.0,26.71
2001-04-27 03:00:00,810.0,26.85
2001-04-30 03:00:00,821.0,27.21
2001-05-01 03:00:00,823.0,27.31
2001-05-02 03:00:00,837.0,26.82
2001-05-03 03:00:00,824.0,27.46
2001-05-04 03:00:00,812.0,27.59
2001-05-07 03:00:00,812.0,27.71
2001-05-08 03:00:00,819.0,27.45
2001-05-09 03:00:00,833.0,27.46
2001-05-10 03:00:00,827.0,28.27
2001-05-11 03:00:00,836.0,27.97
2001-05-14 03:00:00,859.0,27.77
2001-05-15 03:00:00,856.0,27.88
2001-05-16 03:00:00,830.0,28.19
2001-05-17 03:00:00,827.0,28.57
2001-05-18 03:00:00,820.0,29.3
2001-05-21 03:00:00,817.0,29.8
2001-05-22 03:00:00,817.0,29.72
2001-05-23 03:00:00,834.0,29.51
2001-05-24 03:00:00,836.0,28.85
2001-05-25 03:00:00,853.0,28.69
2001-05-28 03:00:00,853.0,
2001-05-29 03:00:00,858.0,29.11
2001-05-30 03:00:00,860.0,28.92
2001-05-31 03:00:00,857.0,28.55
2001-06-01 03:00:00,860.0,28.86
2001-06-04 03:00:00,828.0,28.95
2001-06-05 03:00:00,804.0,29.25
2001-06-06 03:00:00,822.0,28.73
2001-06-07 03:00:00,803.0,28.55
2001-06-08 03:00:00,794.0,28.88
2001-06-11 03:00:00,794.0,29.57
2001-06-12 03:00:00,810.0,29.03
2001-06-13 03:00:00,825.0,29.13
2001-06-14 03:00:00,842.0,28.5
2001-06-15 03:00:00,842.0,28.13
2001-06-18 03:00:00,893.0,27.61
2001-06-19 03:00:00,878.0,26.68
2001-06-20 03:00:00,865.0,26.24
2001-06-21 03:00:00,843.0,26.7
2001-06-22 03:00:00,836.0,26.86
2001-06-25 03:00:00,829.0,27.36
2001-06-26 03:00:00,835.0,27.66
2001-06-27 03:00:00,847.0,26.25
2001-06-28 03:00:00,844.0,25.68
2001-06-29 03:00:00,841.0,26.21
2001-07-02 03:00:00,853.0,25.73
2001-07-03 03:00:00,852.0,25.56
2001-07-04 03:00:00,869.0,25.97
2001-07-05 03:00:00,894.0,25.69
2001-07-06 03:00:00,889.0,26.55
2001-07-09 03:00:00,887.0,25.59
2001-07-10 03:00:00,903.0,24.69
2001-07-11 03:00:00,972.0,24.44
2001-07-12 03:00:00,1028.0,23.62
2001-07-13 03:00:00,999.0,24.02
2001-07-16 03:00:00,1004.0,23.58
2001-07-17 03:00:00,940.0,23.9
2001-07-18 03:00:00,980.0,23.1
2001-07-19 03:00:00,975.0,23.35
2001-07-20 03:00:00,944.0,23.43
2001-07-23 03:00:00,921.0,24.44
2001-07-24 03:00:00,932.0,24.37
2001-07-25 03:00:00,916.0,24.9
2001-07-26 03:00:00,959.0,24.94
2001-07-27 03:00:00,975.0,24.82
2001-07-30 03:00:00,972.0,24.46
2001-07-31 03:00:00,972.0,24.35
2001-08-01 03:00:00,975.0,24.23
2001-08-02 03:00:00,949.0,25.49
2001-08-03 03:00:00,954.0,25.6
2001-08-06 03:00:00,928.0,25.39
2001-08-07 03:00:00,925.0,25.94
2001-08-08 03:00:00,904.0,25.61
2001-08-09 03:00:00,920.0,25.28
2001-08-10 03:00:00,912.0,25.78
2001-08-13 03:00:00,927.0,25.88
2001-08-14 03:00:00,943.0,25.71
2001-08-15 03:00:00,937.0,25.61
2001-08-16 03:00:00,932.0,25.18
2001-08-17 03:00:00,982.0,24.68
2001-08-20 03:00:00,989.0,24.35
2001-08-21 03:00:00,1010.0,25.36
2001-08-22 03:00:00,939.0,25.71
2001-08-23 03:00:00,943.0,25.66
2001-08-24 03:00:00,946.0,26.33
2001-08-27 03:00:00,953.0,26.22
2001-08-28 03:00:00,941.0,26.46
2001-08-29 03:00:00,933.0,26.67
2001-08-30 03:00:00,950.0,26.7
2001-08-31 03:00:00,952.0,26.8
2001-09-03 03:00:00,952.0,26.52
2001-09-04 03:00:00,923.0,26.27
2001-09-05 03:00:00,931.0,26.27
2001-09-06 03:00:00,955.0,26.61
2001-09-07 03:00:00,971.0,27.54
2001-09-10 03:00:00,968.0,27.59
2001-09-11 03:00:00,961.0,29.12
2001-09-12 03:00:00,961.0,28.24
2001-09-13 03:00:00,961.0,28.2
2001-09-14 03:00:00,961.0,29.22
2001-09-17 03:00:00,1090.0,28.32
2001-09-18 03:00:00,1073.0,27.54
2001-09-19 03:00:00,1076.0,25.44
2001-09-20 03:00:00,1102.0,25.57
2001-09-21 03:00:00,1151.0,25.17
2001-09-24 03:00:00,1145.0,20.63
2001-09-25 03:00:00,1152.0,20.13
2001-09-26 03:00:00,1188.0,20.67
2001-09-27 03:00:00,1183.0,21.47
2001-09-28 03:00:00,1163.0,21.87
2001-10-01 03:00:00,1191.0,21.22
2001-10-02 03:00:00,1192.0,21.29
2001-10-03 03:00:00,1215.0,20.63
2001-10-04 03:00:00,1241.0,20.94
2001-10-05 03:00:00,1246.0,21.46
2001-10-08 03:00:00,1256.0,20.91
2001-10-09 03:00:00,1232.0,20.65
2001-10-10 03:00:00,1188.0,21.02
2001-10-11 03:00:00,1172.0,21.38
2001-10-12 03:00:00,1186.0,20.57
2001-10-15 03:00:00,1163.0,20.36
2001-10-16 03:00:00,1136.0,20.47
2001-10-17 03:00:00,1119.0,19.47
2001-10-18 03:00:00,1129.0,19.21
2001-10-19 03:00:00,1094.0,19.91
2001-10-22 03:00:00,1074.0,20.38
2001-10-23 03:00:00,1090.0,20.56
2001-10-24 03:00:00,1105.0,20.37
2001-10-25 03:00:00,1119.0,20.67
2001-10-26 03:00:00,1129.0,20.31
2001-10-29 03:00:00,1191.0,20.55
2001-10-30 03:00:00,1180.0,20.41
2001-10-31 03:00:00,1179.0,19.63
2001-11-01 03:00:00,1191.0,19.39
2001-11-02 03:00:00,1177.0,18.63
2001-11-05 03:00:00,1139.0,18.78
2001-11-06 03:00:00,1123.0,18.64
2001-11-07 02:00:00,1083.0,18.86
2001-11-08 02:00:00,1054.0,19.54
2001-11-09 02:00:00,1054.0,20.72
2001-11-12 02:00:00,1074.0,19.48
2001-11-13 02:00:00,1010.0,20.47
2001-11-14 02:00:00,988.0,18.78
2001-11-15 02:00:00,963.0,16.51
2001-11-16 02:00:00,957.0,16.86
2001-11-19 02:00:00,919.0,16.55
2001-11-20 02:00:00,925.0,18.82
2001-11-21 02:00:00,915.0,18.44
2001-11-22 02:00:00,923.0,19.65
2001-11-23 02:00:00,907.0,19.4
2001-11-26 02:00:00,875.0,18.66
2001-11-27 02:00:00,894.0,19.09
2001-11-28 02:00:00,928.0,18.81
2001-11-29 02:00:00,983.0,18.54
2001-11-30 02:00:00,978.0,18.92
2001-12-03 02:00:00,928.0,20.0
2001-12-04 02:00:00,912.0,19.28
2001-12-05 02:00:00,885.0,19.27
2001-12-06 02:00:00,894.0,18.57
2001-12-07 02:00:00,878.0,17.81
2001-12-10 02:00:00,875.0,18.03
2001-12-11 02:00:00,875.0,17.61
2001-12-12 02:00:00,856.0,18.13
2001-12-13 02:00:00,864.0,17.8
2001-12-14 02:00:00,860.0,18.54
2001-12-17 02:00:00,878.0,18.58
2001-12-18 02:00:00,874.0,18.51
2001-12-19 02:00:00,887.0,19.03
2001-12-20 02:00:00,904.0,18.87
2001-12-21 02:00:00,892.0,18.73
2001-12-24 02:00:00,898.0,18.65
2001-12-25 02:00:00,903.0,
2001-12-26 02:00:00,896.0,
2001-12-27 02:00:00,884.0,18.87
2001-12-28 02:00:00,859.0,19.77
2001-12-31 02:00:00,870.0,19.35
2002-01-02 02:00:00,824.0,20.13
2002-01-03 02:00:00,805.0,20.47
2002-01-04 02:00:00,806.0,21.2
2002-01-07 02:00:00,820.0,21.08
2002-01-08 02:00:00,826.0,21.03
2002-01-09 02:00:00,841.0,20.21
2002-01-10 02:00:00,857.0,19.71
2002-01-11 02:00:00,874.0,20.08
2002-01-14 02:00:00,869.0,18.89
2002-01-15 02:00:00,863.0,18.86
2002-01-16 02:00:00,867.0,18.5
2002-01-17 02:00:00,853.0,18.2
2002-01-18 02:00:00,839.0,18.17
2002-01-21 02:00:00,842.0,18.32
2002-01-22 02:00:00,828.0,18.7
2002-01-23 02:00:00,817.0,18.89
2002-01-24 02:00:00,827.0,18.91
2002-01-25 02:00:00,828.0,19.04
2002-01-28 02:00:00,833.0,19.74
2002-01-29 02:00:00,856.0,19.26
2002-01-30 02:00:00,858.0,18.71
2002-01-31 02:00:00,965.0,19.07
2002-02-01 02:00:00,881.0,19.7
2002-02-04 02:00:00,890.0,20.26
2002-02-05 02:00:00,876.0,19.9
2002-02-06 02:00:00,869.0,19.97
2002-02-07 02:00:00,884.0,19.42
2002-02-08 02:00:00,885.0,20.01
2002-02-11 03:00:00,874.0,20.08
2002-02-12 03:00:00,856.0,21.75
2002-02-13 03:00:00,828.0,21.41
2002-02-14 03:00:00,836.0,20.97
2002-02-15 03:00:00,843.0,20.76
2002-02-18 03:00:00,842.0,20.12
2002-02-19 03:00:00,836.0,20.18
2002-02-20 03:00:00,821.0,19.44
2002-02-21 03:00:00,829.0,20.21
2002-02-22 03:00:00,824.0,20.14
2002-02-25 03:00:00,808.0,19.78
2002-02-26 03:00:00,806.0,19.95
2002-02-27 03:00:00,782.0,20.73
2002-02-28 03:00:00,786.0,20.73
2002-03-01 03:00:00,769.0,21.83
2002-03-04 03:00:00,755.0,21.59
2002-03-05 03:00:00,759.0,22.25
2002-03-06 03:00:00,766.0,22.11
2002-03-07 03:00:00,767.0,23.1
2002-03-08 03:00:00,743.0,22.32
2002-03-11 03:00:00,740.0,23.14
2002-03-12 03:00:00,727.0,22.7
2002-03-13 03:00:00,717.0,23.6
2002-03-14 03:00:00,698.0,23.76
2002-03-15 03:00:00,703.0,23.9
2002-03-18 03:00:00,705.0,23.8
2002-03-19 03:00:00,705.0,24.51
2002-03-20 03:00:00,698.0,24.78
2002-03-21 03:00:00,718.0,24.25
2002-03-22 03:00:00,728.0,24.83
2002-03-25 03:00:00,731.0,24.75
2002-03-26 03:00:00,723.0,24.6
2002-03-27 03:00:00,725.0,25.13
2002-03-28 03:00:00,717.0,25.34
2002-03-29 03:00:00,717.0,25.34
2002-04-01 03:00:00,718.0,26.06
2002-04-02 03:00:00,720.0,26.97
2002-04-03 03:00:00,728.0,26.72
2002-04-04 03:00:00,733.0,26.97
2002-04-05 03:00:00,737.0,25.39
2002-04-06 03:00:00,,26.97
2002-04-07 03:00:00,,26.72
2002-04-08 03:00:00,744.0,26.97
2002-04-09 03:00:00,746.0,25.39
2002-04-10 03:00:00,746.0,25.13
2002-04-11 03:00:00,739.0,24.22
2002-04-12 03:00:00,722.0,26.36
2002-04-13 03:00:00,,25.48
2002-04-14 03:00:00,,25.13
2002-04-15 03:00:00,748.0,24.22
2002-04-16 03:00:00,732.0,23.25
2002-04-17 03:00:00,733.0,25.26
2002-04-18 03:00:00,740.0,25.9
2002-04-19 03:00:00,741.0,23.39
2002-04-20 03:00:00,,24.03
2002-04-21 03:00:00,,25.26
2002-04-22 03:00:00,751.0,25.9
2002-04-23 03:00:00,772.0,25.86
2002-04-24 03:00:00,783.0,26.2
2002-04-25 03:00:00,794.0,26.47
2002-04-26 03:00:00,815.0,25.96
2002-04-27 03:00:00,,26.26
2002-04-28 03:00:00,,26.2
2002-04-29 03:00:00,825.0,26.47
2002-04-30 03:00:00,857.0,26.32
2002-05-01 03:00:00,854.0,26.67
2002-05-02 03:00:00,883.0,25.73
2002-05-03 03:00:00,879.0,26.85
2002-05-04 03:00:00,,26.98
2002-05-05 03:00:00,,26.67
2002-05-06 03:00:00,906.0,25.73
2002-05-07 03:00:00,903.0,25.8
2002-05-08 03:00:00,902.0,26.09
2002-05-09 03:00:00,949.0,26.09
2002-05-10 03:00:00,945.0,26.89
2002-05-11 03:00:00,,25.53
2002-05-12 03:00:00,,26.09
2002-05-13 03:00:00,973.0,26.09
2002-05-14 03:00:00,950.0,26.89
2002-05-15 03:00:00,921.0,27.17
2002-05-16 03:00:00,905.0,25.71
2002-05-17 03:00:00,919.0,26.3
2002-05-18 03:00:00,,27.12
2002-05-19 03:00:00,,27.17
2002-05-20 03:00:00,928.0,25.71
2002-05-21 03:00:00,940.0,25.45
2002-05-22 03:00:00,959.0,24.32
2002-05-23 03:00:00,972.0,24.01
2002-05-24 03:00:00,990.0,25.97
2002-05-25 03:00:00,,24.99
2002-05-26 03:00:00,,24.32
2002-05-27 03:00:00,982.0,24.01
2002-05-28 03:00:00,984.0,23.76
2002-05-29 03:00:00,979.0,24.18
2002-05-30 03:00:00,980.0,23.72
2002-05-31 03:00:00,976.0,23.52
2002-06-01 03:00:00,,24.71
2002-06-02 03:00:00,,24.18
2002-06-03 03:00:00,1006.0,23.72
2002-06-04 03:00:00,1072.0,23.87
2002-06-05 03:00:00,1127.0,23.19
2002-06-06 03:00:00,1199.0,22.79
2002-06-07 03:00:00,1181.0,22.99
2002-06-09 03:00:00,,23.19
2002-06-10 03:00:00,1144.0,22.79
2002-06-11 03:00:00,1208.0,22.99
2002-06-12 03:00:00,1296.0,23.09
2002-06-13 03:00:00,1237.0,23.72
2002-06-14 03:00:00,1315.0,22.83
2002-06-15 03:00:00,,22.37
2002-06-16 03:00:00,,23.09
2002-06-17 03:00:00,1250.0,23.72
2002-06-18 03:00:00,1313.0,23.97
2002-06-19 03:00:00,1382.0,24.85
2002-06-20 03:00:00,1593.0,24.42
2002-06-21 03:00:00,1706.0,24.69
2002-06-22 03:00:00,,24.64
2002-06-23 03:00:00,,24.85
2002-06-24 03:00:00,1524.0,24.42
2002-06-25 03:00:00,1631.0,24.14
2002-06-26 03:00:00,1709.0,24.75
2002-06-27 03:00:00,1599.0,25.39
2002-06-28 03:00:00,1527.0,24.99
2002-06-29 03:00:00,,25.32
2002-06-30 03:00:00,,24.75
2002-07-01 03:00:00,1599.0,25.39
2002-07-02 03:00:00,1682.0,25.33
2002-07-03 03:00:00,1727.0,25.59
2002-07-04 03:00:00,1718.0,25.51
2002-07-05 03:00:00,1715.0,25.65
2002-07-06 03:00:00,,25.64
2002-07-07 03:00:00,,25.59
2002-07-08 03:00:00,1687.0,25.51
2002-07-09 03:00:00,1610.0,25.75
2002-07-10 03:00:00,1630.0,25.82
2002-07-11 03:00:00,1548.0,25.83
2002-07-12 03:00:00,1514.0,25.08
2002-07-13 03:00:00,,24.9
2002-07-14 03:00:00,,25.82
2002-07-15 03:00:00,1546.0,25.83
2002-07-16 03:00:00,1554.0,26.11
2002-07-17 03:00:00,1551.0,26.19
2002-07-18 03:00:00,1510.0,26.72
2002-07-19 03:00:00,1550.0,26.16
2002-07-20 03:00:00,,25.94
2002-07-21 03:00:00,,26.19
2002-07-22 03:00:00,1619.0,26.72
2002-07-23 03:00:00,1700.0,26.37
2002-07-24 03:00:00,1751.0,25.43
2002-07-25 03:00:00,1849.0,25.36
2002-07-26 03:00:00,1991.0,25.7
2002-07-27 03:00:00,,25.65
2002-07-28 03:00:00,,25.43
2002-07-29 03:00:00,2164.0,25.36
2002-07-30 03:00:00,2390.0,25.1
2002-07-31 03:00:00,2307.0,26.28
2002-08-01 03:00:00,2060.0,25.79
2002-08-02 03:00:00,2047.0,25.2
2002-08-03 03:00:00,,25.95
2002-08-04 03:00:00,,26.28
2002-08-05 03:00:00,2180.0,25.79
2002-08-06 03:00:00,2126.0,25.17
2002-08-07 03:00:00,1922.0,25.7
2002-08-08 03:00:00,1759.0,25.51
2002-08-09 03:00:00,2005.0,25.2
2002-08-10 03:00:00,,25.69
2002-08-11 03:00:00,,25.7
2002-08-12 03:00:00,2221.0,25.51
2002-08-13 03:00:00,2284.0,25.49
2002-08-14 03:00:00,2159.0,26.47
2002-08-15 03:00:00,2177.0,26.66
2002-08-16 03:00:00,2091.0,25.63
2002-08-17 03:00:00,,26.11
2002-08-18 03:00:00,,26.47
2002-08-19 03:00:00,1994.0,26.66
2002-08-20 03:00:00,2017.0,27.33
2002-08-21 03:00:00,1877.0,27.53
2002-08-22 03:00:00,1903.0,27.81
2002-08-23 03:00:00,1845.0,27.44
2002-08-24 03:00:00,,27.63
2002-08-25 03:00:00,,27.53
2002-08-26 03:00:00,1767.0,27.81
2002-08-27 03:00:00,1717.0,27.51
2002-08-28 03:00:00,1717.0,27.54
2002-08-29 03:00:00,1661.0,27.11
2002-08-30 03:00:00,1633.0,27.56
2002-08-31 03:00:00,,27.89
2002-09-01 03:00:00,,27.54
2002-09-02 03:00:00,1618.0,27.11
2002-09-03 03:00:00,1729.0,27.56
2002-09-04 03:00:00,1698.0,27.31
2002-09-05 03:00:00,1708.0,27.54
2002-09-06 03:00:00,1734.0,27.45
2002-09-07 03:00:00,,26.58
2002-09-08 03:00:00,,27.31
2002-09-09 03:00:00,1672.0,27.54
2002-09-10 03:00:00,1690.0,28.36
2002-09-11 03:00:00,1706.0,28.68
2002-09-12 03:00:00,1704.0,27.76
2002-09-13 03:00:00,1719.0,28.67
2002-09-14 03:00:00,,28.92
2002-09-15 03:00:00,,28.68
2002-09-16 03:00:00,1719.0,27.76
2002-09-17 03:00:00,1862.0,28.53
2002-09-18 03:00:00,1942.0,28.41
2002-09-19 03:00:00,2050.0,28.45
2002-09-20 03:00:00,1982.0,28.38
2002-09-21 03:00:00,,27.76
2002-09-22 03:00:00,,28.41
2002-09-23 03:00:00,2207.0,28.45
2002-09-24 03:00:00,2213.0,28.61
2002-09-25 03:00:00,2179.0,29.11
2002-09-26 03:00:00,2227.0,28.93
2002-09-27 03:00:00,2443.0,29.36
2002-09-28 03:00:00,,29.47
2002-09-29 03:00:00,,29.11
2002-09-30 03:00:00,2397.0,28.93
2002-10-01 03:00:00,2213.0,29.0
2002-10-02 03:00:00,2153.0,29.14
2002-10-03 03:00:00,2037.0,28.46
2002-10-04 03:00:00,1960.0,29.11
2002-10-05 03:00:00,,29.42
2002-10-06 03:00:00,,29.14
2002-10-07 03:00:00,2040.0,28.46
2002-10-08 03:00:00,2099.0,28.32
2002-10-09 03:00:00,2271.0,28.29
2002-10-10 03:00:00,2271.0,27.7
2002-10-11 03:00:00,2220.0,28.38
2002-10-12 03:00:00,,28.28
2002-10-13 03:00:00,,28.29
2002-10-14 03:00:00,2264.0,27.7
2002-10-15 03:00:00,2280.0,28.18
2002-10-16 03:00:00,2272.0,28.61
2002-10-17 03:00:00,2064.0,28.22
2002-10-18 03:00:00,1952.0,28.56
2002-10-19 03:00:00,,28.66
2002-10-20 03:00:00,,28.61
2002-10-21 03:00:00,1988.0,28.22
2002-10-22 03:00:00,1928.0,28.2
2002-10-23 03:00:00,1883.0,26.68
2002-10-24 03:00:00,1829.0,26.78
2002-10-25 03:00:00,1785.0,27.01
2002-10-26 03:00:00,,26.69
2002-10-27 03:00:00,,26.68
2002-10-28 03:00:00,1850.0,26.78
2002-10-29 03:00:00,1901.0,25.96
2002-10-30 03:00:00,1786.0,25.29
2002-10-31 03:00:00,1741.0,25.51
2002-11-01 03:00:00,1696.0,25.44
2002-11-02 03:00:00,,25.71
2002-11-03 03:00:00,,25.29
2002-11-04 03:00:00,1722.0,25.51
2002-11-05 03:00:00,1750.0,25.78
2002-11-06 02:00:00,1785.0,23.73
2002-11-07 02:00:00,1780.0,24.36
2002-11-08 02:00:00,1732.0,25.21
2002-11-09 02:00:00,,24.66
2002-11-10 02:00:00,,23.73
2002-11-11 02:00:00,1732.0,24.36
2002-11-12 02:00:00,1817.0,23.54
2002-11-13 02:00:00,1836.0,22.96
2002-11-14 02:00:00,1756.0,22.82
2002-11-15 02:00:00,1756.0,23.86
2002-11-16 02:00:00,,24.01
2002-11-17 02:00:00,,22.96
2002-11-18 02:00:00,1658.0,22.82
2002-11-19 02:00:00,1626.0,23.33
2002-11-20 02:00:00,1595.0,24.05
2002-11-21 02:00:00,1563.0,24.52
2002-11-22 02:00:00,1558.0,23.41
2002-11-23 02:00:00,,24.05
2002-11-24 02:00:00,,24.05
2002-11-25 02:00:00,1594.0,24.52
2002-11-26 02:00:00,1661.0,24.79
2002-11-27 02:00:00,1624.0,25.11
2002-11-28 02:00:00,1624.0,25.7
2002-11-29 02:00:00,1586.0,24.85
2002-11-30 02:00:00,,24.56
2002-12-01 02:00:00,,25.11
2002-12-02 02:00:00,1527.0,25.7
2002-12-03 02:00:00,1547.0,25.74
2002-12-04 02:00:00,1595.0,25.99
2002-12-05 02:00:00,1710.0,26.07
2002-12-06 02:00:00,1678.0,25.73
2002-12-07 02:00:00,,26.09
2002-12-08 02:00:00,,25.99
2002-12-09 02:00:00,1649.0,26.07
2002-12-10 02:00:00,1649.0,25.67
2002-12-11 02:00:00,1627.0,26.85
2002-12-12 02:00:00,1570.0,27.29
2002-12-13 02:00:00,1557.0,26.06
2002-12-14 02:00:00,,26.35
2002-12-15 02:00:00,,26.85
2002-12-16 02:00:00,1486.0,27.29
2002-12-17 02:00:00,1507.0,27.64
2002-12-18 02:00:00,1461.0,29.95
2002-12-19 02:00:00,1418.0,30.26
2002-12-20 02:00:00,1397.0,28.73
2002-12-21 02:00:00,,29.25
2002-12-22 02:00:00,,29.95
2002-12-23 02:00:00,1385.0,30.26
2002-12-24 02:00:00,1385.0,29.59
2002-12-26 02:00:00,1417.0,
2002-12-27 02:00:00,1426.0,30.61
2002-12-28 02:00:00,,30.93
2002-12-30 02:00:00,1445.0,32.02
2002-12-31 02:00:00,1445.0,31.49
2003-01-02 02:00:00,1374.0,30.32
2003-01-03 02:00:00,1374.0,32.02
2003-01-04 02:00:00,,30.12
2003-01-06 02:00:00,1268.0,30.32
2003-01-07 02:00:00,1246.0,31.43
2003-01-08 02:00:00,1267.0,29.3
2003-01-09 02:00:00,1258.0,30.26
2003-01-10 02:00:00,1229.0,31.43
2003-01-11 02:00:00,,30.78
2003-01-12 02:00:00,,29.3
2003-01-13 02:00:00,1223.0,30.26
2003-01-14 02:00:00,1222.0,30.07
2003-01-15 02:00:00,1274.0,31.73
2003-01-16 02:00:00,1263.0,32.29
2003-01-17 02:00:00,1287.0,30.46
2003-01-18 02:00:00,,31.36
2003-01-19 02:00:00,,31.73
2003-01-20 02:00:00,1287.0,32.29
2003-01-21 02:00:00,1360.0,31.57
2003-01-22 02:00:00,1398.0,32.07
2003-01-23 02:00:00,1369.0,31.4
2003-01-24 02:00:00,1427.0,32.23
2003-01-25 02:00:00,,31.72
2003-01-26 02:00:00,,32.07
2003-01-27 02:00:00,1413.0,31.4
2003-01-28 02:00:00,1399.0,31.62
2003-01-29 02:00:00,1353.0,31.26
2003-01-30 02:00:00,1362.0,31.42
2003-01-31 02:00:00,1323.0,31.02
2003-02-01 02:00:00,,30.73
2003-02-02 02:00:00,,31.26
2003-02-03 02:00:00,1299.0,31.42
2003-02-04 02:00:00,1334.0,31.57
2003-02-05 02:00:00,1314.0,31.77
2003-02-06 02:00:00,1326.0,31.81
2003-02-07 02:00:00,1311.0,30.95
2003-02-08 02:00:00,,31.13
2003-02-09 03:00:00,,31.77
2003-02-10 03:00:00,1316.0,31.81
2003-02-11 03:00:00,1302.0,32.23
2003-02-12 03:00:00,1322.0,32.46
2003-02-13 03:00:00,1351.0,33.23
2003-02-14 03:00:00,1339.0,32.47
2003-02-15 03:00:00,,32.51
2003-02-16 03:00:00,,32.46
2003-02-17 03:00:00,1339.0,33.23
2003-02-18 03:00:00,1308.0,33.26
2003-02-19 03:00:00,1312.0,33.16
2003-02-20 03:00:00,1305.0,32.76
2003-02-21 03:00:00,1286.0,33.06
2003-02-22 03:00:00,,33.26
2003-02-23 03:00:00,,33.16
2003-02-24 03:00:00,1238.0,32.76
2003-02-25 03:00:00,1238.0,32.76
2003-02-26 03:00:00,1213.0,33.46
2003-02-27 03:00:00,1205.0,34.09
2003-02-28 03:00:00,1205.0,33.41
2003-03-01 03:00:00,,33.64
2003-03-02 03:00:00,,33.46
2003-03-03 03:00:00,1205.0,34.09
2003-03-04 03:00:00,1205.0,34.0
2003-03-05 03:00:00,1164.0,33.92
2003-03-06 03:00:00,1111.0,34.39
2003-03-07 03:00:00,1116.0,33.4
2003-03-08 03:00:00,,34.37
2003-03-09 03:00:00,,33.92
2003-03-10 03:00:00,1146.0,34.39
2003-03-11 03:00:00,1134.0,34.47
2003-03-12 03:00:00,1117.0,34.16
2003-03-13 03:00:00,1081.0,33.98
2003-03-14 03:00:00,1083.0,34.94
2003-03-15 03:00:00,,34.06
2003-03-16 03:00:00,,34.16
2003-03-17 03:00:00,1059.0,33.98
2003-03-18 03:00:00,1040.0,31.48
2003-03-19 03:00:00,1075.0,28.4
2003-03-20 03:00:00,1077.0,28.0
2003-03-21 03:00:00,1032.0,30.35
2003-03-22 03:00:00,,28.55
2003-03-23 03:00:00,,28.4
2003-03-24 03:00:00,1066.0,28.0
2003-03-25 03:00:00,1045.0,25.59
2003-03-26 03:00:00,1021.0,25.98
2003-03-27 03:00:00,1045.0,27.29
2003-03-28 03:00:00,1030.0,26.54
2003-03-29 03:00:00,,27.28
2003-03-30 03:00:00,,25.98
2003-03-31 03:00:00,1045.0,27.29
2003-04-01 03:00:00,993.0,27.66
2003-04-02 03:00:00,965.0,26.29
2003-04-03 03:00:00,935.0,26.75
2003-04-04 03:00:00,939.0,28.05
2003-04-05 03:00:00,,27.94
2003-04-06 03:00:00,,26.29
2003-04-07 03:00:00,903.0,26.75
2003-04-08 03:00:00,939.0,25.62
2003-04-09 03:00:00,966.0,25.11
2003-04-10 03:00:00,961.0,25.16
2003-04-11 03:00:00,918.0,25.27
2003-04-12 03:00:00,,24.88
2003-04-13 03:00:00,,25.11
2003-04-14 03:00:00,877.0,25.16
2003-04-15 03:00:00,883.0,24.39
2003-04-16 03:00:00,900.0,24.86
2003-04-17 03:00:00,868.0,25.36
2003-04-18 03:00:00,,24.72
2003-04-19 03:00:00,,24.74
2003-04-20 03:00:00,,24.86
2003-04-21 03:00:00,868.0,25.36
2003-04-22 03:00:00,860.0,25.76
2003-04-23 03:00:00,848.0,24.56
2003-04-24 03:00:00,878.0,24.06
2003-04-25 03:00:00,870.0,25.76
2003-04-26 03:00:00,,25.72
2003-04-27 03:00:00,,24.56
2003-04-28 03:00:00,850.0,24.06
2003-04-29 03:00:00,839.0,24.29
2003-04-30 03:00:00,821.0,23.6
2003-05-01 03:00:00,821.0,23.79
2003-05-02 03:00:00,777.0,23.42
2003-05-03 03:00:00,,23.23
2003-05-04 03:00:00,,23.6
2003-05-05 03:00:00,784.0,23.79
2003-05-06 03:00:00,796.0,23.73
2003-05-07 03:00:00,763.0,24.01
2003-05-08 03:00:00,753.0,24.48
2003-05-09 03:00:00,732.0,23.59
2003-05-10 03:00:00,,23.91
2003-05-11 03:00:00,,24.01
2003-05-12 03:00:00,720.0,24.48
2003-05-13 03:00:00,711.0,25.55
2003-05-14 03:00:00,753.0,25.98
2003-05-15 03:00:00,813.0,26.77
2003-05-16 03:00:00,802.0,25.69
2003-05-17 03:00:00,,25.45
2003-05-18 03:00:00,,25.98
2003-05-19 03:00:00,829.0,26.77
2003-05-20 03:00:00,852.0,27.18
2003-05-21 03:00:00,814.0,27.58
2003-05-22 03:00:00,796.0,27.32
2003-05-23 03:00:00,783.0,27.23
2003-05-24 03:00:00,,26.69
2003-05-25 03:00:00,,27.58
2003-05-26 03:00:00,783.0,27.32
2003-05-27 03:00:00,791.0,27.14
2003-05-28 03:00:00,792.0,26.48
2003-05-29 03:00:00,786.0,26.39
2003-05-30 03:00:00,794.0,26.78
2003-05-31 03:00:00,,26.55
2003-06-01 03:00:00,,26.48
2003-06-02 03:00:00,802.0,26.39
2003-06-03 03:00:00,802.0,26.58
2003-06-04 03:00:00,774.0,27.49
2003-06-05 03:00:00,743.0,28.16
2003-06-06 03:00:00,730.0,27.56
2003-06-07 03:00:00,,27.99
2003-06-08 03:00:00,,27.49
2003-06-09 03:00:00,738.0,28.16
2003-06-10 03:00:00,744.0,28.38
2003-06-11 03:00:00,750.0,28.97
2003-06-12 03:00:00,739.0,28.48
2003-06-13 03:00:00,726.0,28.62
2003-06-14 03:00:00,,28.44
2003-06-15 03:00:00,,28.97
2003-06-16 03:00:00,696.0,28.48
2003-06-17 03:00:00,685.0,27.39
2003-06-18 03:00:00,722.0,26.43
2003-06-19 03:00:00,741.0,26.21
2003-06-20 03:00:00,771.0,27.5
2003-06-21 03:00:00,,27.14
2003-06-22 03:00:00,,26.43
2003-06-23 03:00:00,770.0,26.21
2003-06-24 03:00:00,755.0,27.13
2003-06-25 03:00:00,752.0,27.34
2003-06-26 03:00:00,795.0,27.06
2003-06-27 03:00:00,819.0,27.13
2003-06-28 03:00:00,,26.96
2003-06-29 03:00:00,,27.34
2003-06-30 03:00:00,801.0,27.06
2003-07-01 03:00:00,780.0,27.45
2003-07-02 03:00:00,780.0,28.2
2003-07-03 03:00:00,797.0,28.63
2003-07-04 03:00:00,799.0,28.88
2003-07-05 03:00:00,,28.33
2003-07-06 03:00:00,,28.2
2003-07-07 03:00:00,841.0,28.63
2003-07-08 03:00:00,823.0,27.97
2003-07-09 03:00:00,806.0,28.21
2003-07-10 03:00:00,814.0,29.37
2003-07-11 03:00:00,832.0,27.23
2003-07-12 03:00:00,,27.95
2003-07-13 03:00:00,,28.21
2003-07-14 03:00:00,802.0,29.37
2003-07-15 03:00:00,809.0,29.36
2003-07-16 03:00:00,800.0,28.51
2003-07-17 03:00:00,769.0,28.59
2003-07-18 03:00:00,746.0,28.52
2003-07-19 03:00:00,,28.87
2003-07-20 03:00:00,,28.51
2003-07-21 03:00:00,729.0,28.59
2003-07-22 03:00:00,710.0,29.2
2003-07-23 03:00:00,729.0,27.67
2003-07-24 03:00:00,738.0,27.73
2003-07-25 03:00:00,743.0,28.01
2003-07-26 03:00:00,,28.4
2003-07-27 03:00:00,,27.67
2003-07-28 03:00:00,748.0,27.73
2003-07-29 03:00:00,776.0,28.3
2003-07-30 03:00:00,800.0,28.31
2003-07-31 03:00:00,801.0,28.68
2003-08-01 03:00:00,853.0,27.71
2003-08-02 03:00:00,,28.27
2003-08-03 03:00:00,,28.31
2003-08-04 03:00:00,895.0,28.68
2003-08-05 03:00:00,856.0,29.63
2003-08-06 03:00:00,898.0,30.01
2003-08-07 03:00:00,844.0,30.06
2003-08-08 03:00:00,810.0,29.91
2003-08-09 03:00:00,,30.37
2003-08-10 03:00:00,,30.01
2003-08-11 03:00:00,807.0,30.06
2003-08-12 03:00:00,804.0,30.59
2003-08-13 03:00:00,807.0,29.66
2003-08-14 03:00:00,790.0,28.96
2003-08-15 03:00:00,790.0,30.05
2003-08-16 03:00:00,,30.13
2003-08-17 03:00:00,,29.66
2003-08-18 03:00:00,770.0,28.96
2003-08-19 03:00:00,750.0,29.18
2003-08-20 03:00:00,741.0,29.28
2003-08-21 03:00:00,736.0,29.95
2003-08-22 03:00:00,720.0,29.88
2003-08-23 03:00:00,,29.18
2003-08-24 03:00:00,,29.28
2003-08-25 03:00:00,722.0,29.95
2003-08-26 03:00:00,705.0,30.22
2003-08-27 03:00:00,687.0,30.05
2003-08-28 03:00:00,698.0,30.1
2003-08-29 03:00:00,703.0,29.98
2003-08-30 03:00:00,,30.08
2003-08-31 03:00:00,,30.05
2003-09-01 03:00:00,703.0,30.1
2003-09-02 03:00:00,685.0,30.38
2003-09-03 03:00:00,682.0,27.89
2003-09-04 03:00:00,665.0,27.49
2003-09-05 03:00:00,662.0,29.64
2003-09-06 03:00:00,,28.08
2003-09-07 03:00:00,,27.89
2003-09-08 03:00:00,671.0,27.49
2003-09-09 03:00:00,681.0,27.72
2003-09-10 03:00:00,668.0,27.76
2003-09-11 03:00:00,662.0,27.48
2003-09-12 03:00:00,675.0,28.47
2003-09-13 03:00:00,,27.64
2003-09-14 03:00:00,,27.76
2003-09-15 03:00:00,661.0,27.48
2003-09-16 03:00:00,665.0,26.52
2003-09-17 03:00:00,660.0,25.76
2003-09-18 03:00:00,648.0,25.56
2003-09-19 03:00:00,643.0,26.38
2003-09-20 03:00:00,,26.28
2003-09-21 03:00:00,,25.76
2003-09-22 03:00:00,653.0,25.56
2003-09-23 03:00:00,675.0,25.51
2003-09-24 03:00:00,662.0,26.81
2003-09-25 03:00:00,681.0,27.04
2003-09-26 03:00:00,699.0,25.82
2003-09-27 03:00:00,,25.74
2003-09-28 03:00:00,,26.81
2003-09-29 03:00:00,692.0,27.04
2003-09-30 03:00:00,698.0,27.02
2003-10-01 03:00:00,704.0,27.98
2003-10-02 03:00:00,689.0,28.9
2003-10-03 03:00:00,667.0,27.77
2003-10-04 03:00:00,,28.09
2003-10-05 03:00:00,,27.98
2003-10-06 03:00:00,656.0,28.9
2003-10-07 03:00:00,636.0,29.14
2003-10-08 03:00:00,616.0,28.96
2003-10-09 03:00:00,609.0,30.21
2003-10-10 03:00:00,607.0,29.75
2003-10-11 03:00:00,,29.35
2003-10-12 03:00:00,,28.96
2003-10-13 03:00:00,602.0,30.21
2003-10-14 03:00:00,582.0,31.13
2003-10-15 03:00:00,579.0,31.23
2003-10-16 03:00:00,591.0,31.05
2003-10-17 03:00:00,608.0,31.0
2003-10-18 03:00:00,,31.45
2003-10-19 03:00:00,,31.23
2003-10-20 03:00:00,607.0,31.05
2003-10-21 03:00:00,606.0,30.27
2003-10-22 03:00:00,625.0,29.25
2003-10-23 03:00:00,638.0,29.63
2003-10-24 03:00:00,649.0,29.78
2003-10-25 03:00:00,,29.61
2003-10-26 03:00:00,,29.25
2003-10-27 03:00:00,653.0,29.63
2003-10-28 03:00:00,646.0,30.01
2003-10-29 03:00:00,631.0,28.56
2003-10-30 03:00:00,616.0,27.47
2003-10-31 03:00:00,603.0,29.38
2003-11-01 03:00:00,,28.99
2003-11-02 03:00:00,,28.56
2003-11-03 03:00:00,589.0,27.47
2003-11-04 03:00:00,581.0,27.88
2003-11-05 02:00:00,589.0,27.9
2003-11-06 02:00:00,580.0,28.52
2003-11-07 02:00:00,572.0,27.78
2003-11-08 02:00:00,,27.32
2003-11-09 02:00:00,,27.9
2003-11-10 02:00:00,573.0,28.52
2003-11-11 02:00:00,573.0,28.73
2003-11-12 02:00:00,568.0,28.58
2003-11-13 02:00:00,582.0,29.01
2003-11-14 02:00:00,581.0,28.82
2003-11-15 02:00:00,,28.88
2003-11-16 02:00:00,,28.58
2003-11-17 02:00:00,584.0,29.01
2003-11-18 02:00:00,575.0,29.78
2003-11-19 02:00:00,577.0,30.13
2003-11-20 02:00:00,563.0,29.88
2003-11-21 02:00:00,559.0,28.98
2003-11-22 02:00:00,,29.26
2003-11-23 02:00:00,,30.13
2003-11-24 02:00:00,545.0,29.88
2003-11-25 02:00:00,545.0,29.79
2003-11-26 02:00:00,542.0,28.23
2003-11-27 02:00:00,542.0,28.9
2003-11-28 02:00:00,533.0,27.99
2003-11-29 02:00:00,,27.62
2003-11-30 02:00:00,,28.23
2003-12-01 02:00:00,501.0,28.9
2003-12-02 02:00:00,508.0,28.95
2003-12-03 02:00:00,502.0,29.26
2003-12-04 02:00:00,494.0,29.25
2003-12-05 02:00:00,501.0,28.17
2003-12-06 02:00:00,,29.1
2003-12-07 02:00:00,,29.26
2003-12-08 02:00:00,484.0,29.25
2003-12-09 02:00:00,479.0,28.87
2003-12-10 02:00:00,500.0,30.02
2003-12-11 02:00:00,514.0,29.79
2003-12-12 02:00:00,507.0,30.52
2003-12-13 02:00:00,,30.27
2003-12-14 02:00:00,,30.02
2003-12-15 02:00:00,494.0,29.79
2003-12-16 02:00:00,489.0,30.24
2003-12-17 02:00:00,488.0,31.01
2003-12-18 02:00:00,480.0,30.79
2003-12-19 02:00:00,481.0,30.89
2003-12-20 02:00:00,,30.64
2003-12-21 02:00:00,,31.01
2003-12-22 02:00:00,478.0,30.79
2003-12-23 02:00:00,482.0,31.03
2003-12-24 02:00:00,480.0,29.45
2003-12-26 02:00:00,486.0,28.78
2003-12-27 02:00:00,,28.3
2003-12-28 02:00:00,,29.45
2003-12-29 02:00:00,480.0,29.17
2003-12-30 02:00:00,471.0,30.1
2003-12-31 02:00:00,463.0,30.3
2004-01-02 02:00:00,450.0,29.17
2004-01-03 02:00:00,,30.1
2004-01-04 02:00:00,,30.3
2004-01-05 02:00:00,428.0,32.3
2004-01-06 02:00:00,432.0,29.55
2004-01-07 02:00:00,423.0,30.99
2004-01-08 02:00:00,412.0,31.11
2004-01-09 02:00:00,410.0,32.3
2004-01-10 02:00:00,,31.2
2004-01-11 02:00:00,,30.99
2004-01-12 02:00:00,410.0,31.11
2004-01-13 02:00:00,427.0,31.91
2004-01-14 02:00:00,440.0,31.84
2004-01-15 02:00:00,429.0,31.43
2004-01-16 02:00:00,439.0,31.41
2004-01-17 02:00:00,,32.55
2004-01-18 02:00:00,,31.84
2004-01-19 02:00:00,439.0,31.43
2004-01-20 02:00:00,441.0,31.26
2004-01-21 02:00:00,429.0,31.95
2004-01-22 02:00:00,435.0,31.42
2004-01-23 02:00:00,430.0,31.67
2004-01-24 02:00:00,,32.26
2004-01-25 02:00:00,,31.95
2004-01-26 02:00:00,427.0,31.42
2004-01-27 02:00:00,428.0,32.08
2004-01-28 02:00:00,443.0,30.77
2004-01-29 02:00:00,483.0,29.47
2004-01-30 02:00:00,493.0,31.15
2004-01-31 02:00:00,,31.05
2004-02-01 02:00:00,,30.77
2004-02-02 02:00:00,525.0,29.47
2004-02-03 02:00:00,512.0,29.53
2004-02-04 02:00:00,523.0,29.63
2004-02-05 02:00:00,548.0,29.02
2004-02-06 02:00:00,546.0,30.3
2004-02-07 02:00:00,,30.07
2004-02-08 02:00:00,,29.63
2004-02-09 02:00:00,522.0,29.02
2004-02-10 02:00:00,527.0,29.26
2004-02-11 02:00:00,508.0,30.33
2004-02-12 02:00:00,506.0,30.17
2004-02-13 02:00:00,522.0,29.1
2004-02-14 02:00:00,,30.06
2004-02-15 03:00:00,,30.33
2004-02-16 03:00:00,522.0,30.17
2004-02-17 03:00:00,539.0,30.96
2004-02-18 03:00:00,557.0,31.57
2004-02-19 03:00:00,587.0,31.63
2004-02-20 03:00:00,586.0,31.08
2004-02-21 03:00:00,,31.43
2004-02-22 03:00:00,,31.57
2004-02-23 03:00:00,575.0,31.63
2004-02-24 03:00:00,570.0,31.22
2004-02-25 03:00:00,587.0,32.46
2004-02-26 03:00:00,571.0,32.45
2004-02-27 03:00:00,579.0,31.89
2004-02-28 03:00:00,,31.6
2004-02-29 03:00:00,,32.46
2004-03-01 03:00:00,552.0,32.45
2004-03-02 03:00:00,563.0,32.94
2004-03-03 03:00:00,547.0,33.32
2004-03-04 03:00:00,549.0,33.45
2004-03-05 03:00:00,540.0,33.34
2004-03-06 03:00:00,,34.15
2004-03-07 03:00:00,,33.32
2004-03-08 03:00:00,522.0,33.45
2004-03-09 03:00:00,533.0,34.4
2004-03-10 03:00:00,550.0,32.83
2004-03-11 03:00:00,565.0,33.22
2004-03-12 03:00:00,567.0,34.27
2004-03-13 03:00:00,,33.72
2004-03-14 03:00:00,,32.83
2004-03-15 03:00:00,562.0,33.22
2004-03-16 03:00:00,567.0,32.76
2004-03-17 03:00:00,561.0,34.95
2004-03-18 03:00:00,550.0,34.43
2004-03-19 03:00:00,529.0,34.39
2004-03-20 03:00:00,,34.72
2004-03-21 03:00:00,,34.95
2004-03-22 03:00:00,554.0,34.43
2004-03-23 03:00:00,556.0,34.33
2004-03-24 03:00:00,579.0,34.14
2004-03-25 03:00:00,573.0,33.32
2004-03-26 03:00:00,568.0,33.57
2004-03-27 03:00:00,,34.4
2004-03-28 03:00:00,,34.14
2004-03-29 03:00:00,577.0,33.32
2004-03-30 03:00:00,556.0,32.51
2004-03-31 03:00:00,559.0,32.29
2004-04-01 03:00:00,543.0,32.59
2004-04-02 03:00:00,564.0,32.04
2004-04-03 03:00:00,,33.04
2004-04-04 03:00:00,,32.29
2004-04-05 03:00:00,563.0,32.59
2004-04-06 03:00:00,536.0,31.19
2004-04-07 03:00:00,549.0,33.07
2004-04-08 03:00:00,549.0,33.98
2004-04-09 03:00:00,,31.17
2004-04-10 03:00:00,,31.48
2004-04-11 03:00:00,,33.07
2004-04-12 03:00:00,543.0,33.98
2004-04-13 03:00:00,541.0,34.03
2004-04-14 03:00:00,557.0,33.54
2004-04-15 03:00:00,618.0,33.72
2004-04-16 03:00:00,596.0,34.51
2004-04-17 03:00:00,,34.15
2004-04-18 03:00:00,,33.54
2004-04-19 03:00:00,604.0,33.72
2004-04-20 03:00:00,612.0,33.85
2004-04-21 03:00:00,638.0,33.23
2004-04-22 03:00:00,616.0,33.24
2004-04-23 03:00:00,606.0,34.71
2004-04-24 03:00:00,,33.56
2004-04-25 03:00:00,,33.23
2004-04-26 03:00:00,602.0,33.24
2004-04-27 03:00:00,630.0,33.78
2004-04-28 03:00:00,672.0,35.02
2004-04-29 03:00:00,679.0,34.66
2004-04-30 03:00:00,663.0,34.18
2004-05-01 03:00:00,,34.11
2004-05-02 03:00:00,,35.02
2004-05-03 03:00:00,701.0,34.66
2004-05-04 03:00:00,675.0,35.23
2004-05-05 03:00:00,669.0,36.58
2004-05-06 03:00:00,722.0,37.05
2004-05-07 03:00:00,761.0,34.97
2004-05-08 03:00:00,,36.07
2004-05-09 03:00:00,,36.58
2004-05-10 03:00:00,808.0,37.05
2004-05-11 03:00:00,758.0,37.25
2004-05-12 03:00:00,777.0,37.95
2004-05-13 03:00:00,763.0,38.3
2004-05-14 03:00:00,710.0,35.83
2004-05-15 03:00:00,,36.97
2004-05-16 03:00:00,,37.95
2004-05-17 03:00:00,728.0,38.3
2004-05-18 03:00:00,712.0,39.04
2004-05-19 03:00:00,697.0,38.35
2004-05-20 03:00:00,758.0,38.89
2004-05-21 03:00:00,749.0,38.88
2004-05-22 03:00:00,,38.43
2004-05-23 03:00:00,,38.35
2004-05-24 03:00:00,729.0,38.89
2004-05-25 03:00:00,699.0,37.6
2004-05-26 03:00:00,720.0,38.05
2004-05-27 03:00:00,712.0,37.03
2004-05-28 03:00:00,696.0,39.22
2004-05-29 03:00:00,,38.46
2004-05-30 03:00:00,,38.05
2004-05-31 03:00:00,698.0,37.03
2004-06-01 03:00:00,712.0,37.0
2004-06-02 03:00:00,691.0,37.99
2004-06-03 03:00:00,705.0,36.26
2004-06-04 03:00:00,672.0,37.0
2004-06-05 03:00:00,,39.05
2004-06-06 03:00:00,,37.99
2004-06-07 03:00:00,642.0,36.26
2004-06-08 03:00:00,654.0,35.97
2004-06-09 03:00:00,668.0,34.69
2004-06-10 03:00:00,683.0,35.75
2004-06-11 03:00:00,683.0,35.57
2004-06-12 03:00:00,,35.47
2004-06-13 03:00:00,,34.69
2004-06-14 03:00:00,705.0,35.75
2004-06-15 03:00:00,680.0,35.23
2004-06-16 03:00:00,674.0,34.56
2004-06-17 03:00:00,651.0,35.58
2004-06-18 03:00:00,663.0,35.22
2004-06-19 03:00:00,,34.66
2004-06-20 03:00:00,,34.56
2004-06-21 03:00:00,651.0,35.58
2004-06-22 03:00:00,655.0,35.43
2004-06-23 03:00:00,646.0,34.81
2004-06-24 03:00:00,642.0,34.71
2004-06-25 03:00:00,660.0,34.82
2004-06-26 03:00:00,,34.95
2004-06-27 03:00:00,,34.81
2004-06-28 03:00:00,666.0,34.71
2004-06-29 03:00:00,655.0,34.25
2004-06-30 03:00:00,650.0,33.22
2004-07-01 03:00:00,646.0,35.58
2004-07-02 03:00:00,623.0,33.24
2004-07-03 03:00:00,,32.61
2004-07-04 03:00:00,,33.22
2004-07-05 03:00:00,623.0,35.58
2004-07-06 03:00:00,622.0,35.36
2004-07-07 03:00:00,632.0,35.62
2004-07-08 03:00:00,648.0,37.13
2004-07-09 03:00:00,633.0,35.73
2004-07-10 03:00:00,,36.47
2004-07-11 03:00:00,,35.62
2004-07-12 03:00:00,625.0,37.13
2004-07-13 03:00:00,621.0,37.58
2004-07-14 03:00:00,615.0,37.51
2004-07-15 03:00:00,607.0,38.41
2004-07-16 03:00:00,583.0,37.73
2004-07-17 03:00:00,,36.68
2004-07-18 03:00:00,,37.51
2004-07-19 03:00:00,587.0,38.41
2004-07-20 03:00:00,589.0,38.49
2004-07-21 03:00:00,607.0,38.48
2004-07-22 03:00:00,606.0,39.16
2004-07-23 03:00:00,613.0,39.07
2004-07-24 03:00:00,,38.96
2004-07-25 03:00:00,,38.48
2004-07-26 03:00:00,627.0,39.16
2004-07-27 03:00:00,628.0,39.59
2004-07-28 03:00:00,611.0,41.08
2004-07-29 03:00:00,592.0,40.93
2004-07-30 03:00:00,593.0,39.75
2004-07-31 03:00:00,,40.09
2004-08-01 03:00:00,,41.08
2004-08-02 03:00:00,596.0,40.93
2004-08-03 03:00:00,598.0,41.47
2004-08-04 03:00:00,598.0,41.75
2004-08-05 03:00:00,606.0,42.49
2004-08-06 03:00:00,595.0,41.35
2004-08-07 03:00:00,,41.82
2004-08-08 03:00:00,,41.75
2004-08-09 03:00:00,590.0,42.49
2004-08-10 03:00:00,582.0,42.63
2004-08-11 03:00:00,585.0,42.45
2004-08-12 03:00:00,579.0,43.5
2004-08-13 03:00:00,563.0,43.21
2004-08-14 03:00:00,,42.5
2004-08-15 03:00:00,,42.45
2004-08-16 03:00:00,561.0,43.5
2004-08-17 03:00:00,554.0,44.13
2004-08-18 03:00:00,550.0,44.12
2004-08-19 03:00:00,549.0,44.84
2004-08-20 03:00:00,527.0,44.35
2004-08-21 03:00:00,,44.05
2004-08-22 03:00:00,,44.12
2004-08-23 03:00:00,523.0,44.84
2004-08-24 03:00:00,516.0,45.46
2004-08-25 03:00:00,522.0,42.39
2004-08-26 03:00:00,534.0,40.65
2004-08-27 03:00:00,525.0,44.39
2004-08-28 03:00:00,,42.99
2004-08-29 03:00:00,,42.39
2004-08-30 03:00:00,509.0,40.65
2004-08-31 03:00:00,521.0,40.72
2004-09-01 03:00:00,521.0,40.96
2004-09-02 03:00:00,522.0,42.39
2004-09-03 03:00:00,511.0,40.78
2004-09-04 03:00:00,,39.8
2004-09-05 03:00:00,,40.96
2004-09-06 03:00:00,511.0,42.39
2004-09-07 03:00:00,496.0,41.07
2004-09-08 03:00:00,496.0,39.91
2004-09-09 03:00:00,499.0,41.45
2004-09-10 03:00:00,501.0,40.4
2004-09-11 03:00:00,,40.19
2004-09-12 03:00:00,,39.91
2004-09-13 03:00:00,508.0,41.45
2004-09-14 03:00:00,502.0,41.03
2004-09-15 03:00:00,494.0,42.03
2004-09-16 03:00:00,484.0,40.68
2004-09-17 03:00:00,466.0,40.63
2004-09-18 03:00:00,,41.34
2004-09-19 03:00:00,,42.03
2004-09-20 03:00:00,458.0,40.68
2004-09-21 03:00:00,463.0,43.08
2004-09-22 03:00:00,461.0,45.66
2004-09-23 03:00:00,472.0,46.53
2004-09-24 03:00:00,477.0,43.6
2004-09-25 03:00:00,,44.56
2004-09-26 03:00:00,,45.66
2004-09-27 03:00:00,486.0,46.53
2004-09-28 03:00:00,483.0,46.13
2004-09-29 03:00:00,475.0,46.54
2004-09-30 03:00:00,469.0,47.76
2004-10-01 03:00:00,464.0,46.87
2004-10-02 03:00:00,,47.52
2004-10-03 03:00:00,,46.54
2004-10-04 03:00:00,445.0,47.76
2004-10-05 03:00:00,445.0,46.86
2004-10-06 03:00:00,451.0,47.95
2004-10-07 03:00:00,440.0,48.98
2004-10-08 03:00:00,443.0,46.99
2004-10-09 03:00:00,,47.1
2004-10-10 03:00:00,,47.95
2004-10-11 03:00:00,445.0,48.98
2004-10-12 03:00:00,437.0,49.41
2004-10-13 03:00:00,452.0,50.42
2004-10-14 03:00:00,481.0,51.31
2004-10-15 03:00:00,464.0,50.75
2004-10-16 03:00:00,,51.28
2004-10-17 03:00:00,,50.42
2004-10-18 03:00:00,465.0,51.31
2004-10-19 03:00:00,484.0,51.02
2004-10-20 03:00:00,489.0,50.78
2004-10-21 03:00:00,486.0,51.06
2004-10-22 03:00:00,490.0,49.16
2004-10-23 03:00:00,,49.21
2004-10-24 03:00:00,,50.78
2004-10-25 03:00:00,510.0,51.06
2004-10-26 03:00:00,504.0,52.28
2004-10-27 03:00:00,481.0,49.99
2004-10-28 03:00:00,483.0,48.88
2004-10-29 03:00:00,473.0,51.68
2004-10-30 03:00:00,,52.04
2004-10-31 03:00:00,,49.99
2004-11-01 03:00:00,462.0,48.88
2004-11-02 03:00:00,453.0,48.16
2004-11-03 02:00:00,457.0,46.14
2004-11-04 02:00:00,448.0,45.32
2004-11-05 02:00:00,455.0,46.84
2004-11-06 02:00:00,,46.25
2004-11-07 02:00:00,,46.14
2004-11-08 02:00:00,459.0,45.32
2004-11-09 02:00:00,462.0,44.37
2004-11-10 02:00:00,456.0,42.57
2004-11-11 02:00:00,456.0,42.22
2004-11-12 02:00:00,441.0,44.78
2004-11-13 02:00:00,,43.27
2004-11-14 02:00:00,,42.57
2004-11-15 02:00:00,436.0,42.22
2004-11-16 02:00:00,438.0,41.33
2004-11-17 02:00:00,430.0,40.27
2004-11-18 02:00:00,431.0,40.8
2004-11-19 02:00:00,433.0,39.32
2004-11-20 02:00:00,,40.48
2004-11-21 02:00:00,,40.27
2004-11-22 02:00:00,433.0,40.8
2004-11-23 02:00:00,426.0,42.29
2004-11-24 02:00:00,416.0,42.62
2004-11-25 02:00:00,416.0,43.12
2004-11-26 02:00:00,412.0,42.26
2004-11-27 02:00:00,,43.03
2004-11-28 02:00:00,,42.62
2004-11-29 02:00:00,418.0,43.12
2004-11-30 02:00:00,414.0,42.87
2004-12-01 02:00:00,405.0,41.19
2004-12-02 02:00:00,412.0,38.49
2004-12-03 02:00:00,413.0,44.05
2004-12-04 02:00:00,,44.23
2004-12-05 02:00:00,,41.19
2004-12-06 02:00:00,412.0,38.49
2004-12-07 02:00:00,407.0,38.57
2004-12-08 02:00:00,415.0,36.9
2004-12-09 02:00:00,419.0,38.33
2004-12-10 02:00:00,412.0,38.43
2004-12-11 02:00:00,,37.11
2004-12-12 02:00:00,,36.9
2004-12-13 02:00:00,410.0,38.33
2004-12-14 02:00:00,411.0,37.24
2004-12-15 02:00:00,407.0,41.53
2004-12-16 02:00:00,402.0,41.49
2004-12-17 02:00:00,396.0,36.77
2004-12-18 02:00:00,,37.03
2004-12-19 02:00:00,,41.53
2004-12-20 02:00:00,388.0,41.49
2004-12-21 02:00:00,389.0,43.06
2004-12-22 02:00:00,386.0,40.44
2004-12-23 02:00:00,386.0,40.29
2004-12-24 02:00:00,386.0,42.67
2004-12-25 02:00:00,,42.76
2004-12-26 02:00:00,,40.44
2004-12-27 02:00:00,377.0,40.29
2004-12-28 02:00:00,381.0,39.6
2004-12-29 02:00:00,378.0,38.93
2004-12-30 02:00:00,379.0,39.8
2004-12-31 02:00:00,382.0,39.6
2005-01-01 02:00:00,,40.24
2005-01-02 02:00:00,,38.93
2005-01-03 02:00:00,385.0,39.8
2005-01-04 02:00:00,395.0,40.38
2005-01-05 02:00:00,416.0,41.0
2005-01-06 02:00:00,422.0,43.25
2005-01-07 02:00:00,417.0,43.28
2005-01-08 02:00:00,,40.75
2005-01-09 02:00:00,,41.0
2005-01-10 02:00:00,433.0,43.25
2005-01-11 02:00:00,433.0,43.28
2005-01-12 02:00:00,420.0,43.75
2005-01-13 02:00:00,424.0,45.76
2005-01-14 02:00:00,434.0,44.71
2005-01-15 02:00:00,,43.45
2005-01-16 02:00:00,,43.75
2005-01-17 02:00:00,433.0,45.76
2005-01-18 02:00:00,440.0,45.26
2005-01-19 02:00:00,439.0,45.16
2005-01-20 02:00:00,436.0,44.06
2005-01-21 02:00:00,431.0,45.1
2005-01-22 02:00:00,,45.18
2005-01-23 02:00:00,,45.16
2005-01-24 02:00:00,428.0,44.06
2005-01-25 02:00:00,419.0,45.88
2005-01-26 02:00:00,412.0,45.94
2005-01-27 02:00:00,414.0,46.51
2005-01-28 02:00:00,419.0,45.74
2005-01-29 02:00:00,,46.14
2005-01-30 02:00:00,,45.94
2005-01-31 02:00:00,418.0,46.51
2005-02-01 02:00:00,421.0,44.75
2005-02-02 02:00:00,425.0,44.17
2005-02-03 02:00:00,423.0,43.13
2005-02-04 02:00:00,411.0,44.51
2005-02-05 02:00:00,,45.12
2005-02-06 02:00:00,,44.17
2005-02-07 02:00:00,405.0,43.13
2005-02-08 02:00:00,413.0,43.26
2005-02-09 02:00:00,413.0,42.49
2005-02-10 02:00:00,409.0,44.04
2005-02-11 02:00:00,404.0,42.7
2005-02-12 02:00:00,,42.79
2005-02-13 02:00:00,,42.49
2005-02-14 02:00:00,405.0,44.04
2005-02-15 02:00:00,406.0,44.41
2005-02-16 02:00:00,404.0,45.42
2005-02-17 02:00:00,393.0,45.42
2005-02-18 02:00:00,396.0,44.51
2005-02-19 02:00:00,,44.91
2005-02-20 03:00:00,,45.42
2005-02-21 03:00:00,396.0,45.42
2005-02-22 03:00:00,403.0,45.86
2005-02-23 03:00:00,400.0,48.16
2005-02-24 03:00:00,392.0,49.24
2005-02-25 03:00:00,391.0,46.09
2005-02-26 03:00:00,,47.6
2005-02-27 03:00:00,,48.16
2005-02-28 03:00:00,393.0,49.24
2005-03-01 03:00:00,395.0,50.05
2005-03-02 03:00:00,392.0,51.05
2005-03-03 03:00:00,389.0,52.89
2005-03-04 03:00:00,384.0,50.13
2005-03-05 03:00:00,,50.47
2005-03-06 03:00:00,,51.05
2005-03-07 03:00:00,377.0,52.89
2005-03-08 03:00:00,376.0,52.1
2005-03-09 03:00:00,386.0,54.11
2005-03-10 03:00:00,392.0,53.04
2005-03-11 03:00:00,399.0,51.87
2005-03-12 03:00:00,,53.29
2005-03-13 03:00:00,,54.11
2005-03-14 03:00:00,411.0,53.04
2005-03-15 03:00:00,419.0,53.15
2005-03-16 03:00:00,431.0,54.61
2005-03-17 03:00:00,427.0,56.03
2005-03-18 03:00:00,425.0,53.68
2005-03-19 03:00:00,,53.97
2005-03-20 03:00:00,,54.61
2005-03-21 03:00:00,436.0,56.03
2005-03-22 03:00:00,445.0,55.97
2005-03-23 03:00:00,463.0,51.52
2005-03-24 03:00:00,474.0,52.35
2005-03-25 03:00:00,,55.79
2005-03-26 03:00:00,,55.39
2005-03-27 03:00:00,,51.52
2005-03-28 03:00:00,478.0,52.35
2005-03-29 03:00:00,472.0,51.42
2005-03-30 03:00:00,462.0,50.63
2005-03-31 03:00:00,458.0,53.22
2005-04-01 03:00:00,459.0,51.75
2005-04-02 03:00:00,,51.42
2005-04-03 03:00:00,,50.63
2005-04-04 03:00:00,474.0,53.22
2005-04-05 03:00:00,463.0,54.14
2005-04-06 03:00:00,448.0,54.08
2005-04-07 03:00:00,450.0,52.57
2005-04-08 03:00:00,446.0,55.92
2005-04-09 03:00:00,,54.53
2005-04-10 03:00:00,,54.08
2005-04-11 03:00:00,446.0,52.57
2005-04-12 03:00:00,441.0,51.83
2005-04-13 03:00:00,432.0,49.67
2005-04-14 03:00:00,456.0,50.21
2005-04-15 03:00:00,486.0,51.21
2005-04-16 03:00:00,,51.53
2005-04-17 03:00:00,,49.67
2005-04-18 03:00:00,479.0,50.21
2005-04-19 03:00:00,462.0,49.52
2005-04-20 03:00:00,464.0,51.53
2005-04-21 03:00:00,441.0,51.73
2005-04-22 03:00:00,450.0,48.58
2005-04-23 03:00:00,,50.79
2005-04-24 03:00:00,,51.53
2005-04-25 03:00:00,448.0,51.73
2005-04-26 03:00:00,446.0,53.51
2005-04-27 03:00:00,447.0,51.29
2005-04-28 03:00:00,462.0,50.74
2005-04-29 03:00:00,457.0,53.1
2005-04-30 03:00:00,,52.47
2005-05-01 03:00:00,,51.29
2005-05-02 03:00:00,456.0,50.74
2005-05-03 03:00:00,444.0,50.61
2005-05-04 03:00:00,427.0,50.36
2005-05-05 03:00:00,430.0,49.81
2005-05-06 03:00:00,425.0,50.89
2005-05-07 03:00:00,,49.48
2005-05-08 03:00:00,,50.36
2005-05-09 03:00:00,423.0,49.81
2005-05-10 03:00:00,441.0,49.7
2005-05-11 03:00:00,444.0,48.91
2005-05-12 03:00:00,445.0,47.4
2005-05-13 03:00:00,449.0,49.71
2005-05-14 03:00:00,,50.61
2005-05-15 03:00:00,,48.91
2005-05-16 03:00:00,449.0,47.4
2005-05-17 03:00:00,458.0,46.85
2005-05-18 03:00:00,447.0,47.35
2005-05-19 03:00:00,440.0,46.92
2005-05-20 03:00:00,437.0,46.42
2005-05-21 03:00:00,,47.31
2005-05-22 03:00:00,,47.35
2005-05-23 03:00:00,435.0,46.92
2005-05-24 03:00:00,441.0,46.91
2005-05-25 03:00:00,429.0,49.24
2005-05-26 03:00:00,421.0,49.71
2005-05-27 03:00:00,417.0,47.28
2005-05-28 03:00:00,,47.29
2005-05-29 03:00:00,,49.24
2005-05-30 03:00:00,417.0,49.71
2005-05-31 03:00:00,420.0,49.42
2005-06-01 03:00:00,427.0,50.46
2005-06-02 03:00:00,418.0,51.3
2005-06-03 03:00:00,416.0,49.33
2005-06-04 03:00:00,,49.3
2005-06-05 03:00:00,,50.46
2005-06-06 03:00:00,431.0,51.3
2005-06-07 03:00:00,444.0,51.9
2005-06-08 03:00:00,443.0,51.92
2005-06-09 03:00:00,448.0,51.36
2005-06-10 03:00:00,429.0,52.61
2005-06-11 03:00:00,,51.62
2005-06-12 03:00:00,,51.92
2005-06-13 03:00:00,423.0,51.36
2005-06-14 03:00:00,418.0,51.98
2005-06-15 03:00:00,419.0,54.12
2005-06-16 03:00:00,413.0,54.3
2005-06-17 03:00:00,409.0,52.0
2005-06-18 03:00:00,,53.52
2005-06-19 03:00:00,,54.12
2005-06-20 03:00:00,409.0,54.3
2005-06-21 03:00:00,411.0,56.92
2005-06-22 03:00:00,415.0,56.06
2005-06-23 03:00:00,424.0,57.03
2005-06-24 03:00:00,424.0,57.1
2005-06-25 03:00:00,,57.36
2005-06-26 03:00:00,,56.06
2005-06-27 03:00:00,428.0,57.03
2005-06-28 03:00:00,420.0,57.21
2005-06-29 03:00:00,415.0,55.42
2005-06-30 03:00:00,414.0,55.36
2005-07-01 03:00:00,407.0,58.5
2005-07-02 03:00:00,,57.75
2005-07-03 03:00:00,,55.42
2005-07-04 03:00:00,407.0,55.36
2005-07-05 03:00:00,410.0,56.41
2005-07-06 03:00:00,416.0,58.38
2005-07-07 03:00:00,415.0,57.55
2005-07-08 03:00:00,409.0,57.13
2005-07-09 03:00:00,,57.86
2005-07-10 03:00:00,,58.38
2005-07-11 03:00:00,412.0,57.55
2005-07-12 03:00:00,401.0,59.0
2005-07-13 03:00:00,401.0,58.33
2005-07-14 03:00:00,398.0,56.79
2005-07-15 03:00:00,402.0,56.1
2005-07-16 03:00:00,,58.95
2005-07-17 03:00:00,,58.33
2005-07-18 03:00:00,402.0,56.79
2005-07-19 03:00:00,408.0,56.98
2005-07-20 03:00:00,407.0,56.39
2005-07-21 03:00:00,404.0,55.59
2005-07-22 03:00:00,416.0,56.25
2005-07-23 03:00:00,,56.75
2005-07-24 03:00:00,,56.39
2005-07-25 03:00:00,420.0,55.59
2005-07-26 03:00:00,422.0,56.98
2005-07-27 03:00:00,416.0,58.34
2005-07-28 03:00:00,410.0,58.28
2005-07-29 03:00:00,402.0,57.51
2005-07-30 03:00:00,,58.58
2005-07-31 03:00:00,,58.34
2005-08-01 03:00:00,400.0,58.28
2005-08-02 03:00:00,392.0,59.77
2005-08-03 03:00:00,389.0,60.04
2005-08-04 03:00:00,387.0,60.62
2005-08-05 03:00:00,380.0,60.56
2005-08-06 03:00:00,,60.13
2005-08-07 03:00:00,,60.04
2005-08-08 03:00:00,387.0,60.62
2005-08-09 03:00:00,382.0,60.73
2005-08-10 03:00:00,377.0,63.77
2005-08-11 03:00:00,392.0,65.9
2005-08-12 03:00:00,405.0,62.56
2005-08-13 03:00:00,,62.79
2005-08-14 03:00:00,,63.77
2005-08-15 03:00:00,396.0,65.9
2005-08-16 03:00:00,402.0,67.26
2005-08-17 03:00:00,400.0,63.41
2005-08-18 03:00:00,406.0,61.75
2005-08-19 03:00:00,419.0,66.68
2005-08-20 03:00:00,,65.1
2005-08-21 03:00:00,,63.41
2005-08-22 03:00:00,410.0,61.75
2005-08-23 03:00:00,416.0,64.21
2005-08-24 03:00:00,420.0,65.25
2005-08-25 03:00:00,414.0,65.88
2005-08-26 03:00:00,416.0,65.87
2005-08-27 03:00:00,,65.16
2005-08-28 03:00:00,,65.25
2005-08-29 03:00:00,412.0,65.88
2005-08-30 03:00:00,416.0,66.23
2005-08-31 03:00:00,413.0,66.8
2005-09-01 03:00:00,412.0,66.79
2005-09-02 03:00:00,407.0,64.77
2005-09-03 03:00:00,,66.15
2005-09-04 03:00:00,,66.8
2005-09-05 03:00:00,407.0,66.79
2005-09-06 03:00:00,400.0,65.95
2005-09-07 03:00:00,389.0,63.6
2005-09-08 03:00:00,390.0,61.66
2005-09-09 03:00:00,386.0,64.16
2005-09-10 03:00:00,,64.16
2005-09-11 03:00:00,,63.6
2005-09-12 03:00:00,384.0,61.66
2005-09-13 03:00:00,389.0,62.62
2005-09-14 03:00:00,384.0,61.7
2005-09-15 03:00:00,372.0,61.9
2005-09-16 03:00:00,368.0,60.69
2005-09-17 03:00:00,,61.31
2005-09-18 03:00:00,,61.7
2005-09-19 03:00:00,364.0,61.9
2005-09-20 03:00:00,367.0,60.48
2005-09-21 03:00:00,364.0,64.31
2005-09-22 03:00:00,364.0,64.64
2005-09-23 03:00:00,359.0,64.04
2005-09-24 03:00:00,,62.98
2005-09-25 03:00:00,,64.31
2005-09-26 03:00:00,353.0,64.64
2005-09-27 03:00:00,356.0,62.17
2005-09-28 03:00:00,356.0,62.81
2005-09-29 03:00:00,348.0,62.02
2005-09-30 03:00:00,345.0,61.73
2005-10-01 03:00:00,,62.56
2005-10-02 03:00:00,,62.81
2005-10-03 03:00:00,341.0,62.02
2005-10-04 03:00:00,353.0,61.7
2005-10-05 03:00:00,365.0,59.33
2005-10-06 03:00:00,384.0,57.2
2005-10-07 03:00:00,374.0,61.64
2005-10-08 03:00:00,,59.17
2005-10-09 03:00:00,,59.33
2005-10-10 03:00:00,374.0,57.2
2005-10-11 03:00:00,373.0,57.29
2005-10-12 03:00:00,390.0,59.91
2005-10-13 03:00:00,391.0,59.48
2005-10-14 03:00:00,388.0,57.01
2005-10-15 03:00:00,,58.1
2005-10-16 03:00:00,,59.91
2005-10-17 02:00:00,376.0,59.48
2005-10-18 02:00:00,373.0,58.45
2005-10-19 02:00:00,372.0,58.13
2005-10-20 02:00:00,377.0,57.04
2005-10-21 02:00:00,383.0,59.81
2005-10-22 02:00:00,,58.85
2005-10-23 02:00:00,,58.13
2005-10-24 02:00:00,376.0,57.04
2005-10-25 02:00:00,366.0,56.94
2005-10-26 02:00:00,362.0,58.56
2005-10-27 02:00:00,371.0,58.1
2005-10-28 02:00:00,362.0,57.64
2005-10-29 02:00:00,,58.72
2005-10-30 02:00:00,,58.56
2005-10-31 02:00:00,357.0,58.1
2005-11-01 02:00:00,354.0,59.47
2005-11-02 02:00:00,352.0,58.53
2005-11-03 02:00:00,355.0,59.55
2005-11-04 02:00:00,356.0,58.47
2005-11-05 02:00:00,,56.69
2005-11-06 02:00:00,,58.53
2005-11-07 02:00:00,353.0,59.55
2005-11-08 02:00:00,354.0,60.48
2005-11-09 02:00:00,346.0,57.71
2005-11-10 02:00:00,349.0,55.85
2005-11-11 02:00:00,349.0,58.19
2005-11-12 02:00:00,,57.89
2005-11-13 02:00:00,,57.71
2005-11-14 02:00:00,355.0,55.85
2005-11-15 02:00:00,353.0,54.3
2005-11-16 02:00:00,354.0,53.68
2005-11-17 02:00:00,349.0,53.8
2005-11-18 02:00:00,349.0,54.1
2005-11-19 02:00:00,,54.45
2005-11-20 02:00:00,,53.68
2005-11-21 02:00:00,347.0,53.8
2005-11-22 02:00:00,349.0,52.84
2005-11-23 02:00:00,341.0,53.73
2005-11-24 02:00:00,341.0,53.41
2005-11-25 02:00:00,341.0,53.36
2005-11-26 02:00:00,,54.21
2005-11-27 02:00:00,,53.73
2005-11-28 02:00:00,346.0,53.41
2005-11-29 02:00:00,344.0,53.15
2005-11-30 02:00:00,340.0,53.25
2005-12-01 02:00:00,330.0,53.65
2005-12-02 02:00:00,326.0,52.91
2005-12-03 02:00:00,,53.24
2005-12-04 02:00:00,,53.25
2005-12-05 02:00:00,323.0,53.65
2005-12-06 02:00:00,316.0,54.91
2005-12-07 02:00:00,317.0,55.17
2005-12-08 02:00:00,324.0,56.26
2005-12-09 02:00:00,317.0,56.05
2005-12-10 02:00:00,,55.68
2005-12-11 02:00:00,,55.17
2005-12-12 02:00:00,316.0,56.26
2005-12-13 02:00:00,311.0,57.18
2005-12-14 02:00:00,311.0,59.59
2005-12-15 02:00:00,313.0,59.67
2005-12-16 02:00:00,317.0,57.23
2005-12-17 02:00:00,,59.16
2005-12-18 02:00:00,,59.59
2005-12-19 02:00:00,317.0,59.67
2005-12-20 02:00:00,314.0,58.11
2005-12-21 02:00:00,306.0,56.05
2005-12-22 02:00:00,303.0,57.3
2005-12-23 02:00:00,306.0,56.09
2005-12-24 02:00:00,,56.08
2005-12-25 02:00:00,,56.05
2005-12-26 02:00:00,306.0,57.3
2005-12-27 02:00:00,304.0,56.28
2005-12-28 02:00:00,307.0,56.91
2005-12-29 02:00:00,306.0,57.72
2005-12-30 02:00:00,311.0,56.54
2005-12-31 02:00:00,311.0,
2006-01-01 02:00:00,,56.91
2006-01-02 02:00:00,311.0,57.72
2006-01-03 02:00:00,302.0,58.34
2006-01-04 02:00:00,294.0,61.25
2006-01-05 02:00:00,296.0,61.68
2006-01-06 02:00:00,285.0,62.43
2006-01-07 02:00:00,,61.51
2006-01-08 02:00:00,,61.25
2006-01-09 02:00:00,283.0,61.68
2006-01-10 02:00:00,285.0,62.43
2006-01-11 02:00:00,279.0,61.54
2006-01-12 02:00:00,289.0,62.95
2006-01-13 02:00:00,289.0,62.51
2006-01-14 02:00:00,,62.32
2006-01-15 02:00:00,,61.54
2006-01-16 02:00:00,289.0,62.95
2006-01-17 02:00:00,292.0,61.58
2006-01-18 02:00:00,291.0,63.6
2006-01-19 02:00:00,282.0,63.64
2006-01-20 02:00:00,279.0,62.34
2006-01-21 02:00:00,,63.22
2006-01-22 02:00:00,,63.6
2006-01-23 02:00:00,278.0,63.64
2006-01-24 02:00:00,273.0,64.92
2006-01-25 02:00:00,270.0,62.61
2006-01-26 02:00:00,265.0,62.93
2006-01-27 02:00:00,260.0,64.56
2006-01-28 02:00:00,,63.82
2006-01-29 02:00:00,,62.61
2006-01-30 02:00:00,261.0,62.93
2006-01-31 02:00:00,266.0,64.95
2006-02-01 02:00:00,262.0,65.64
2006-02-02 02:00:00,264.0,63.49
2006-02-03 02:00:00,262.0,65.14
2006-02-04 02:00:00,,63.19
2006-02-05 02:00:00,,65.64
2006-02-06 02:00:00,259.0,63.49
2006-02-07 02:00:00,261.0,62.54
2006-02-08 02:00:00,258.0,60.82
2006-02-09 02:00:00,256.0,60.7
2006-02-10 02:00:00,230.0,63.32
2006-02-11 02:00:00,,61.64
2006-02-12 02:00:00,,60.82
2006-02-13 02:00:00,231.0,60.7
2006-02-14 02:00:00,228.0,59.66
2006-02-15 02:00:00,231.0,57.67
2006-02-16 02:00:00,229.0,56.78
2006-02-17 02:00:00,229.0,59.16
2006-02-18 02:00:00,,58.27
2006-02-19 03:00:00,,57.67
2006-02-20 03:00:00,229.0,56.78
2006-02-21 03:00:00,230.0,58.34
2006-02-22 03:00:00,232.0,58.71
2006-02-23 03:00:00,224.0,58.71
2006-02-24 03:00:00,222.0,60.05
2006-02-25 03:00:00,,59.35
2006-02-26 03:00:00,,58.71
2006-02-27 03:00:00,215.0,58.71
2006-02-28 03:00:00,221.0,60.13
2006-03-01 03:00:00,216.0,61.12
2006-03-02 03:00:00,217.0,62.27
2006-03-03 03:00:00,218.0,59.44
2006-03-04 03:00:00,,59.78
2006-03-05 03:00:00,,61.12
2006-03-06 03:00:00,223.0,62.27
2006-03-07 03:00:00,235.0,62.69
2006-03-08 03:00:00,237.0,58.42
2006-03-09 03:00:00,236.0,58.82
2006-03-10 03:00:00,230.0,61.41
2006-03-11 03:00:00,,59.79
2006-03-12 03:00:00,,58.42
2006-03-13 03:00:00,229.0,58.82
2006-03-14 03:00:00,232.0,59.04
2006-03-15 03:00:00,225.0,63.12
2006-03-16 03:00:00,224.0,62.07
2006-03-17 03:00:00,225.0,60.99
2006-03-18 03:00:00,,62.39
2006-03-19 03:00:00,,63.12
2006-03-20 03:00:00,228.0,62.07
2006-03-21 03:00:00,231.0,63.54
2006-03-22 03:00:00,229.0,61.23
2006-03-23 03:00:00,230.0,61.76
2006-03-24 03:00:00,234.0,62.3
2006-03-25 03:00:00,,59.96
2006-03-26 03:00:00,,61.23
2006-03-27 03:00:00,236.0,61.76
2006-03-28 03:00:00,237.0,62.78
2006-03-29 03:00:00,235.0,64.88
2006-03-30 03:00:00,234.0,65.95
2006-03-31 03:00:00,235.0,62.59
2006-04-01 03:00:00,,64.31
2006-04-02 03:00:00,,64.88
2006-04-03 03:00:00,236.0,65.95
2006-04-04 03:00:00,235.0,66.06
2006-04-05 03:00:00,239.0,66.74
2006-04-06 03:00:00,239.0,67.58
2006-04-07 03:00:00,244.0,67.28
2006-04-08 03:00:00,,65.93
2006-04-09 03:00:00,,66.74
2006-04-10 03:00:00,245.0,67.58
2006-04-11 03:00:00,247.0,67.11
2006-04-12 03:00:00,241.0,69.54
2006-04-13 03:00:00,238.0,69.39
2006-04-14 03:00:00,,68.2
2006-04-15 03:00:00,,68.52
2006-04-16 03:00:00,,69.54
2006-04-17 03:00:00,241.0,69.39
2006-04-18 03:00:00,234.0,70.97
2006-04-19 03:00:00,226.0,72.69
2006-04-20 03:00:00,228.0,72.57
2006-04-21 03:00:00,228.0,73.94
2006-04-22 03:00:00,,70.97
2006-04-23 03:00:00,,72.69
2006-04-24 03:00:00,231.0,72.57
2006-04-25 03:00:00,228.0,73.94
2006-04-26 03:00:00,226.0,73.46
2006-04-27 03:00:00,222.0,71.79
2006-04-28 03:00:00,218.0,73.96
2006-04-29 03:00:00,,72.86
2006-04-30 03:00:00,,73.46
2006-05-01 03:00:00,214.0,71.79
2006-05-02 03:00:00,214.0,72.15
2006-05-03 03:00:00,215.0,73.73
2006-05-04 03:00:00,215.0,71.84
2006-05-05 03:00:00,216.0,73.37
2006-05-06 03:00:00,,74.45
2006-05-07 03:00:00,,73.73
2006-05-08 03:00:00,217.0,71.84
2006-05-09 03:00:00,219.0,71.22
2006-05-10 03:00:00,218.0,69.83
2006-05-11 03:00:00,222.0,72.2
2006-05-12 03:00:00,234.0,68.26
2006-05-13 03:00:00,,70.6
2006-05-14 03:00:00,,69.83
2006-05-15 03:00:00,251.0,72.2
2006-05-16 03:00:00,242.0,71.3
2006-05-17 03:00:00,255.0,67.52
2006-05-18 03:00:00,260.0,67.39
2006-05-19 03:00:00,265.0,68.69
2006-05-20 03:00:00,,68.66
2006-05-21 03:00:00,,67.52
2006-05-22 03:00:00,279.0,67.39
2006-05-23 03:00:00,276.0,66.93
2006-05-24 03:00:00,289.0,68.45
2006-05-25 03:00:00,270.0,68.51
2006-05-26 03:00:00,269.0,66.52
2006-05-27 03:00:00,,68.97
2006-05-28 03:00:00,,68.45
2006-05-29 03:00:00,269.0,68.51
2006-05-30 03:00:00,278.0,69.88
2006-05-31 03:00:00,273.0,67.57
2006-06-01 03:00:00,266.0,68.77
2006-06-02 03:00:00,275.0,69.16
2006-06-03 03:00:00,,69.82
2006-06-04 03:00:00,,67.57
2006-06-05 03:00:00,264.0,68.77
2006-06-06 03:00:00,269.0,68.42
2006-06-07 03:00:00,262.0,67.17
2006-06-08 03:00:00,270.0,65.76
2006-06-09 03:00:00,263.0,69.13
2006-06-10 03:00:00,,68.25
2006-06-11 03:00:00,,67.17
2006-06-12 03:00:00,267.0,65.76
2006-06-13 03:00:00,276.0,69.13
2006-06-14 03:00:00,265.0,65.52
2006-06-15 03:00:00,253.0,66.04
2006-06-16 03:00:00,255.0,68.62
2006-06-17 03:00:00,,65.67
2006-06-18 03:00:00,,65.52
2006-06-19 03:00:00,257.0,66.04
2006-06-20 03:00:00,254.0,65.01
2006-06-21 03:00:00,257.0,68.17
2006-06-22 03:00:00,258.0,69.6
2006-06-23 03:00:00,258.0,66.4
2006-06-24 03:00:00,,67.57
2006-06-25 03:00:00,,68.17
2006-06-26 03:00:00,261.0,69.6
2006-06-27 03:00:00,269.0,69.91
2006-06-28 03:00:00,260.0,71.76
2006-06-29 03:00:00,254.0,73.02
2006-06-30 03:00:00,254.0,69.85
2006-07-01 03:00:00,,71.26
2006-07-02 03:00:00,,71.76
2006-07-03 03:00:00,247.0,73.02
2006-07-04 03:00:00,247.0,73.2
2006-07-05 03:00:00,248.0,72.88
2006-07-06 03:00:00,243.0,73.12
2006-07-07 03:00:00,245.0,73.94
2006-07-08 03:00:00,,73.17
2006-07-09 03:00:00,,72.88
2006-07-10 03:00:00,243.0,73.12
2006-07-11 03:00:00,245.0,74.14
2006-07-12 03:00:00,248.0,73.04
2006-07-13 03:00:00,254.0,75.23
2006-07-14 03:00:00,255.0,72.39
2006-07-15 03:00:00,,73.14
2006-07-16 03:00:00,,73.04
2006-07-17 03:00:00,251.0,75.23
2006-07-18 03:00:00,242.0,76.13
2006-07-19 03:00:00,236.0,71.62
2006-07-20 03:00:00,237.0,72.56
2006-07-21 03:00:00,236.0,75.12
2006-07-22 03:00:00,,75.32
2006-07-23 03:00:00,,71.62
2006-07-24 03:00:00,231.0,72.56
2006-07-25 03:00:00,229.0,72.96
2006-07-26 03:00:00,227.0,73.76
2006-07-27 03:00:00,222.0,75.36
2006-07-28 03:00:00,222.0,72.09
2006-07-29 03:00:00,,72.49
2006-07-30 03:00:00,,73.76
2006-07-31 03:00:00,223.0,75.36
2006-08-01 03:00:00,224.0,73.95
2006-08-02 03:00:00,221.0,77.63
2006-08-03 03:00:00,221.0,76.28
2006-08-04 03:00:00,220.0,74.75
2006-08-05 03:00:00,,76.39
2006-08-06 03:00:00,,77.63
2006-08-07 03:00:00,218.0,76.28
2006-08-08 03:00:00,216.0,76.53
2006-08-09 03:00:00,208.0,78.26
2006-08-10 03:00:00,210.0,75.69
2006-08-11 03:00:00,209.0,77.82
2006-08-12 03:00:00,,77.93
2006-08-13 03:00:00,,78.26
2006-08-14 03:00:00,206.0,75.69
2006-08-15 03:00:00,210.0,75.19
2006-08-16 03:00:00,210.0,72.67
2006-08-17 03:00:00,210.0,70.42
2006-08-18 03:00:00,216.0,73.78
2006-08-19 03:00:00,,73.57
2006-08-20 03:00:00,,72.67
2006-08-21 03:00:00,217.0,70.42
2006-08-22 03:00:00,219.0,71.3
2006-08-23 03:00:00,223.0,71.12
2006-08-24 03:00:00,226.0,71.4
2006-08-25 03:00:00,230.0,72.42
2006-08-26 03:00:00,,72.06
2006-08-27 03:00:00,,71.12
2006-08-28 03:00:00,227.0,71.4
2006-08-29 03:00:00,229.0,72.58
2006-08-30 03:00:00,225.0,67.15
2006-08-31 03:00:00,223.0,67.66
2006-09-01 03:00:00,223.0,69.44
2006-09-02 03:00:00,,67.01
2006-09-03 03:00:00,,67.15
2006-09-04 03:00:00,223.0,67.66
2006-09-05 03:00:00,214.0,70.49
2006-09-06 03:00:00,218.0,65.41
2006-09-07 03:00:00,221.0,64.52
2006-09-08 03:00:00,223.0,68.62
2006-09-09 03:00:00,,65.94
2006-09-10 03:00:00,,65.41
2006-09-11 03:00:00,224.0,64.52
2006-09-12 03:00:00,225.0,64.3
2006-09-13 03:00:00,225.0,61.28
2006-09-14 03:00:00,223.0,60.75
2006-09-15 03:00:00,220.0,62.41
2006-09-16 03:00:00,,62.23
2006-09-17 03:00:00,,61.28
2006-09-18 03:00:00,218.0,60.75
2006-09-19 03:00:00,226.0,60.23
2006-09-20 03:00:00,230.0,59.09
2006-09-21 03:00:00,244.0,59.27
2006-09-22 03:00:00,252.0,61.47
2006-09-23 03:00:00,,62.52
2006-09-24 03:00:00,,59.09
2006-09-25 03:00:00,250.0,59.27
2006-09-26 03:00:00,244.0,58.81
2006-09-27 03:00:00,240.0,57.6
2006-09-28 03:00:00,233.0,60.68
2006-09-29 03:00:00,233.0,57.89
2006-09-30 03:00:00,,58.53
2006-10-01 03:00:00,,57.6
2006-10-02 03:00:00,231.0,60.68
2006-10-03 03:00:00,236.0,59.09
2006-10-04 03:00:00,234.0,55.82
2006-10-05 03:00:00,228.0,57.93
2006-10-06 03:00:00,223.0,58.8
2006-10-07 03:00:00,,56.28
2006-10-08 03:00:00,,55.82
2006-10-09 03:00:00,223.0,57.93
2006-10-10 03:00:00,217.0,56.9
2006-10-11 03:00:00,216.0,57.75
2006-10-12 03:00:00,212.0,57.87
2006-10-13 03:00:00,210.0,59.25
2006-10-14 03:00:00,,57.8
2006-10-15 03:00:00,,57.75
2006-10-16 03:00:00,210.0,57.87
2006-10-17 03:00:00,213.0,58.97
2006-10-18 03:00:00,211.0,58.51
2006-10-19 03:00:00,210.0,57.74
2006-10-20 03:00:00,212.0,58.22
2006-10-21 03:00:00,,60.13
2006-10-22 03:00:00,,58.51
2006-10-23 03:00:00,211.0,57.74
2006-10-24 03:00:00,212.0,57.94
2006-10-25 03:00:00,212.0,58.79
2006-10-26 03:00:00,213.0,58.76
2006-10-27 03:00:00,215.0,56.56
2006-10-28 03:00:00,,56.56
2006-10-29 03:00:00,,58.79
2006-10-30 03:00:00,218.0,58.76
2006-10-31 03:00:00,223.0,57.99
2006-11-01 03:00:00,224.0,56.37
2006-11-02 03:00:00,221.0,56.26
2006-11-03 03:00:00,213.0,57.08
2006-11-04 03:00:00,,56.13
2006-11-05 03:00:00,,56.37
2006-11-06 02:00:00,212.0,56.26
2006-11-07 02:00:00,216.0,56.55
2006-11-08 02:00:00,217.0,57.18
2006-11-09 02:00:00,219.0,59.72
2006-11-10 02:00:00,221.0,57.02
2006-11-11 02:00:00,,56.99
2006-11-12 02:00:00,,57.18
2006-11-13 02:00:00,220.0,59.72
2006-11-14 02:00:00,218.0,59.18
2006-11-15 02:00:00,216.0,57.97
2006-11-16 02:00:00,214.0,59.5
2006-11-17 02:00:00,219.0,56.88
2006-11-18 02:00:00,,57.9
2006-11-19 02:00:00,219.0,57.97
2006-11-20 02:00:00,219.0,59.5
2006-11-21 02:00:00,220.0,57.01
2006-11-22 02:00:00,221.0,58.66
2006-11-23 02:00:00,221.0,59.7
2006-11-24 02:00:00,223.0,57.38
2006-11-25 02:00:00,,59.53
2006-11-26 02:00:00,,58.66
2006-11-27 02:00:00,229.0,59.7
2006-11-28 02:00:00,230.0,60.72
2006-11-29 02:00:00,222.0,62.13
2006-11-30 02:00:00,223.0,64.36
2006-12-01 02:00:00,229.0,60.52
2006-12-02 02:00:00,,61.22
2006-12-03 02:00:00,,62.13
2006-12-04 02:00:00,224.0,64.36
2006-12-05 02:00:00,218.0,64.74
2006-12-06 02:00:00,216.0,63.7
2006-12-07 02:00:00,216.0,63.17
2006-12-08 02:00:00,210.0,63.97
2006-12-09 02:00:00,,63.65
2006-12-10 02:00:00,,63.7
2006-12-11 02:00:00,210.0,63.17
2006-12-12 02:00:00,213.0,63.67
2006-12-13 02:00:00,206.0,61.89
2006-12-14 02:00:00,203.0,62.85
2006-12-15 02:00:00,202.0,62.59
2006-12-16 02:00:00,,62.58
2006-12-17 02:00:00,,61.89
2006-12-18 02:00:00,203.0,62.85
2006-12-19 02:00:00,200.0,62.91
2006-12-20 02:00:00,201.0,63.13
2006-12-21 02:00:00,201.0,62.13
2006-12-22 02:00:00,198.0,62.81
2006-12-23 02:00:00,,62.19
2006-12-24 02:00:00,,63.13
2006-12-25 02:00:00,,62.13
2006-12-26 02:00:00,200.0,61.92
2006-12-27 02:00:00,196.0,60.7
2006-12-28 02:00:00,192.0,59.41
2006-12-29 02:00:00,192.0,58.96
2006-12-31 02:00:00,,60.7
2007-01-01 02:00:00,,59.41
2007-01-02 02:00:00,194.0,58.96
2007-01-03 02:00:00,194.0,56.63
2007-01-04 02:00:00,199.0,54.58
2007-01-05 02:00:00,198.0,52.82
2007-01-06 02:00:00,,58.49
2007-01-07 02:00:00,,56.63
2007-01-08 02:00:00,197.0,54.58
2007-01-09 02:00:00,200.0,52.82
2007-01-10 02:00:00,199.0,52.11
2007-01-11 02:00:00,196.0,51.68
2007-01-12 02:00:00,193.0,52.82
2007-01-13 02:00:00,,52.38
2007-01-14 02:00:00,,52.11
2007-01-15 02:00:00,193.0,51.68
2007-01-16 02:00:00,192.0,49.95
2007-01-17 02:00:00,186.0,51.19
2007-01-18 02:00:00,190.0,50.83
2007-01-19 02:00:00,187.0,52.29
2007-01-20 02:00:00,,51.28
2007-01-21 02:00:00,,51.19
2007-01-22 02:00:00,188.0,50.83
2007-01-23 02:00:00,185.0,52.29
2007-01-24 02:00:00,185.0,55.11
2007-01-25 02:00:00,184.0,55.67
2007-01-26 02:00:00,186.0,54.34
2007-01-27 02:00:00,,53.93
2007-01-28 02:00:00,,55.11
2007-01-29 02:00:00,190.0,55.67
2007-01-30 02:00:00,190.0,55.29
2007-01-31 02:00:00,190.0,56.52
2007-02-01 02:00:00,182.0,56.74
2007-02-02 02:00:00,182.0,54.71
2007-02-03 02:00:00,,54.69
2007-02-04 02:00:00,,56.52
2007-02-05 02:00:00,182.0,56.74
2007-02-06 02:00:00,181.0,56.93
2007-02-07 02:00:00,186.0,58.35
2007-02-08 02:00:00,186.0,57.24
2007-02-09 02:00:00,184.0,58.67
2007-02-10 02:00:00,,58.04
2007-02-11 02:00:00,,58.35
2007-02-12 02:00:00,182.0,57.24
2007-02-13 02:00:00,177.0,57.21
2007-02-14 02:00:00,181.0,55.05
2007-02-15 02:00:00,180.0,54.25
2007-02-16 02:00:00,182.0,55.52
2007-02-17 02:00:00,,56.12
2007-02-18 02:00:00,,55.05
2007-02-19 02:00:00,182.0,54.25
2007-02-20 02:00:00,181.0,56.78
2007-02-21 02:00:00,179.0,57.74
2007-02-22 02:00:00,176.0,58.62
2007-02-23 02:00:00,179.0,60.38
2007-02-24 02:00:00,,55.91
2007-02-25 03:00:00,,57.74
2007-02-26 03:00:00,182.0,58.62
2007-02-27 03:00:00,204.0,60.38
2007-02-28 03:00:00,195.0,59.39
2007-03-01 03:00:00,195.0,61.18
2007-03-02 03:00:00,201.0,60.34
2007-03-03 03:00:00,,60.28
2007-03-04 03:00:00,,59.39
2007-03-05 03:00:00,201.0,61.18
2007-03-06 03:00:00,197.0,61.92
2007-03-07 03:00:00,199.0,61.13
2007-03-08 03:00:00,197.0,60.9
2007-03-09 03:00:00,190.0,59.78
2007-03-10 03:00:00,,59.68
2007-03-11 03:00:00,,61.13
2007-03-12 03:00:00,191.0,60.9
2007-03-13 03:00:00,198.0,60.25
2007-03-14 03:00:00,194.0,60.89
2007-03-15 03:00:00,193.0,60.4
2007-03-16 03:00:00,191.0,60.59
2007-03-17 03:00:00,,61.52
2007-03-18 03:00:00,,60.89
2007-03-19 03:00:00,186.0,60.4
2007-03-20 03:00:00,186.0,60.93
2007-03-21 03:00:00,181.0,60.18
2007-03-22 03:00:00,175.0,61.57
2007-03-23 03:00:00,175.0,60.49
2007-03-24 03:00:00,,60.11
2007-03-25 03:00:00,,60.18
2007-03-26 03:00:00,174.0,61.57
2007-03-27 03:00:00,173.0,63.1
2007-03-28 03:00:00,172.0,66.15
2007-03-29 03:00:00,170.0,67.19
2007-03-30 03:00:00,167.0,64.43
2007-03-31 03:00:00,,64.25
2007-04-01 03:00:00,,66.15
2007-04-02 03:00:00,167.0,67.19
2007-04-03 03:00:00,164.0,68.47
2007-04-04 03:00:00,165.0,68.09
2007-04-05 03:00:00,164.0,69.15
2007-04-06 03:00:00,,68.94
2007-04-07 03:00:00,,68.0
2007-04-08 03:00:00,,68.09
2007-04-09 03:00:00,156.0,69.15
2007-04-10 03:00:00,158.0,67.64
2007-04-11 03:00:00,156.0,68.6
2007-04-12 03:00:00,157.0,67.79
2007-04-13 03:00:00,154.0,68.78
2007-04-14 03:00:00,,67.64
2007-04-15 03:00:00,,68.6
2007-04-16 03:00:00,154.0,67.79
2007-04-17 03:00:00,155.0,68.78
2007-04-18 03:00:00,153.0,65.09
2007-04-19 03:00:00,148.0,66.17
2007-04-20 03:00:00,146.0,67.1
2007-04-21 03:00:00,,66.34
2007-04-22 03:00:00,,65.09
2007-04-23 03:00:00,148.0,66.17
2007-04-24 03:00:00,149.0,66.34
2007-04-25 03:00:00,148.0,67.44
2007-04-26 03:00:00,148.0,67.51
2007-04-27 03:00:00,148.0,66.8
2007-04-28 03:00:00,,67.94
2007-04-29 03:00:00,,67.44
2007-04-30 03:00:00,156.0,67.51
2007-05-01 03:00:00,152.0,67.28
2007-05-02 03:00:00,153.0,65.57
2007-05-03 03:00:00,152.0,64.85
2007-05-04 03:00:00,157.0,67.23
2007-05-05 03:00:00,,67.4
2007-05-06 03:00:00,,65.57
2007-05-07 03:00:00,156.0,64.85
2007-05-08 03:00:00,155.0,65.14
2007-05-09 03:00:00,152.0,63.5
2007-05-10 03:00:00,154.0,64.63
2007-05-11 03:00:00,152.0,62.7
2007-05-12 03:00:00,,63.55
2007-05-13 03:00:00,,63.5
2007-05-14 03:00:00,152.0,64.63
2007-05-15 03:00:00,150.0,65.18
2007-05-16 03:00:00,148.0,66.83
2007-05-17 03:00:00,145.0,69.08
2007-05-18 03:00:00,141.0,65.86
2007-05-19 03:00:00,,66.74
2007-05-20 03:00:00,,66.83
2007-05-21 03:00:00,143.0,69.08
2007-05-22 03:00:00,139.0,69.26
2007-05-23 03:00:00,139.0,71.01
2007-05-24 03:00:00,143.0,71.96
2007-05-25 03:00:00,140.0,69.51
2007-05-26 03:00:00,,70.05
2007-05-27 03:00:00,,71.01
2007-05-28 03:00:00,140.0,71.96
2007-05-29 03:00:00,142.0,70.72
2007-05-30 03:00:00,146.0,67.64
2007-05-31 03:00:00,145.0,68.18
2007-06-01 03:00:00,139.0,68.65
2007-06-02 03:00:00,,69.31
2007-06-03 03:00:00,,67.64
2007-06-04 03:00:00,144.0,68.18
2007-06-05 03:00:00,144.0,68.65
2007-06-06 03:00:00,146.0,71.5
2007-06-07 03:00:00,146.0,72.36
2007-06-08 03:00:00,146.0,70.9
2007-06-09 03:00:00,,71.36
2007-06-10 03:00:00,,71.5
2007-06-11 03:00:00,146.0,72.36
2007-06-12 03:00:00,143.0,70.04
2007-06-13 03:00:00,151.0,69.24
2007-06-14 03:00:00,148.0,71.18
2007-06-15 03:00:00,141.0,68.85
2007-06-16 03:00:00,,68.56
2007-06-17 03:00:00,,69.24
2007-06-18 03:00:00,138.0,71.18
2007-06-19 03:00:00,143.0,71.63
2007-06-20 03:00:00,142.0,70.55
2007-06-21 03:00:00,145.0,71.81
2007-06-22 03:00:00,147.0,72.33
2007-06-23 03:00:00,,72.17
2007-06-24 03:00:00,,70.55
2007-06-25 03:00:00,154.0,71.81
2007-06-26 03:00:00,157.0,72.04
2007-06-27 03:00:00,158.0,71.84
2007-06-28 03:00:00,151.0,71.96
2007-06-29 03:00:00,160.0,71.36
2007-06-30 03:00:00,,71.41
2007-07-01 03:00:00,,71.84
2007-07-02 03:00:00,157.0,71.96
2007-07-03 03:00:00,157.0,72.22
2007-07-04 03:00:00,157.0,
2007-07-05 03:00:00,153.0,75.4
2007-07-06 03:00:00,147.0,72.9
2007-07-07 03:00:00,,74.26
2007-07-09 03:00:00,148.0,75.4
2007-07-10 03:00:00,158.0,76.58
2007-07-11 03:00:00,154.0,77.44
2007-07-12 03:00:00,151.0,78.24
2007-07-13 03:00:00,154.0,77.1
2007-07-14 03:00:00,,77.88
2007-07-15 03:00:00,,77.44
2007-07-16 03:00:00,158.0,78.24
2007-07-17 03:00:00,155.0,78.12
2007-07-18 03:00:00,162.0,78.0
2007-07-19 03:00:00,160.0,78.37
2007-07-20 03:00:00,167.0,78.17
2007-07-21 03:00:00,,77.59
2007-07-22 03:00:00,,78.0
2007-07-23 03:00:00,169.0,78.37
2007-07-24 03:00:00,176.0,79.09
2007-07-25 03:00:00,183.0,75.21
2007-07-26 03:00:00,222.0,77.28
2007-07-27 03:00:00,212.0,78.36
2007-07-28 03:00:00,,75.88
2007-07-29 03:00:00,,75.21
2007-07-30 03:00:00,207.0,77.28
2007-07-31 03:00:00,208.0,76.58
2007-08-01 03:00:00,206.0,77.11
2007-08-02 03:00:00,201.0,76.14
2007-08-03 03:00:00,201.0,76.07
2007-08-04 03:00:00,,77.01
2007-08-05 03:00:00,,77.11
2007-08-06 03:00:00,200.0,76.14
2007-08-07 03:00:00,194.0,75.36
2007-08-08 03:00:00,175.0,70.73
2007-08-09 03:00:00,184.0,70.08
2007-08-10 03:00:00,190.0,72.69
2007-08-11 03:00:00,,70.42
2007-08-12 03:00:00,,70.73
2007-08-13 03:00:00,189.0,70.08
2007-08-14 03:00:00,197.0,69.57
2007-08-15 03:00:00,200.0,71.3
2007-08-16 03:00:00,229.0,68.77
2007-08-17 03:00:00,208.0,71.3
2007-08-18 03:00:00,,69.29
2007-08-19 03:00:00,,71.3
2007-08-20 03:00:00,216.0,68.77
2007-08-21 03:00:00,217.0,69.8
2007-08-22 03:00:00,210.0,67.73
2007-08-23 03:00:00,207.0,68.73
2007-08-24 03:00:00,200.0,68.37
2007-08-25 03:00:00,,67.88
2007-08-26 03:00:00,,67.73
2007-08-27 03:00:00,200.0,68.73
2007-08-28 03:00:00,207.0,69.49
2007-08-29 03:00:00,200.0,70.48
2007-08-30 03:00:00,206.0,71.46
2007-08-31 03:00:00,195.0,68.85
2007-09-01 03:00:00,,69.66
2007-09-02 03:00:00,,70.48
2007-09-03 03:00:00,195.0,71.46
2007-09-04 03:00:00,196.0,72.29
2007-09-05 03:00:00,206.0,74.72
2007-09-06 03:00:00,204.0,76.21
2007-09-07 03:00:00,212.0,75.08
2007-09-08 03:00:00,,74.22
2007-09-09 03:00:00,,74.72
2007-09-10 03:00:00,219.0,76.21
2007-09-11 03:00:00,210.0,75.08
2007-09-12 03:00:00,207.0,77.15
2007-09-13 03:00:00,199.0,77.84
2007-09-14 03:00:00,198.0,74.97
2007-09-15 03:00:00,,76.23
2007-09-16 03:00:00,,77.15
2007-09-17 03:00:00,199.0,77.84
2007-09-18 03:00:00,188.0,78.27
2007-09-19 03:00:00,177.0,78.47
2007-09-20 03:00:00,172.0,78.48
2007-09-21 03:00:00,172.0,77.99
2007-09-22 03:00:00,,77.0
2007-09-23 03:00:00,,78.47
2007-09-24 03:00:00,174.0,78.48
2007-09-25 03:00:00,173.0,78.91
2007-09-26 03:00:00,172.0,76.21
2007-09-27 03:00:00,176.0,78.88
2007-09-28 03:00:00,173.0,77.87
2007-09-29 03:00:00,,76.8
2007-09-30 03:00:00,,76.21
2007-10-01 03:00:00,173.0,78.88
2007-10-02 03:00:00,173.0,80.97
2007-10-03 03:00:00,170.0,77.8
2007-10-04 03:00:00,171.0,77.84
2007-10-05 03:00:00,165.0,78.33
2007-10-06 03:00:00,,76.87
2007-10-07 03:00:00,,77.8
2007-10-08 03:00:00,165.0,77.84
2007-10-09 03:00:00,161.0,79.05
2007-10-10 03:00:00,162.0,77.85
2007-10-11 03:00:00,161.0,80.83
2007-10-12 03:00:00,158.0,76.94
2007-10-13 03:00:00,,77.82
2007-10-14 03:00:00,,77.85
2007-10-15 02:00:00,160.0,80.83
2007-10-16 02:00:00,161.0,80.82
2007-10-17 02:00:00,170.0,85.24
2007-10-18 02:00:00,167.0,85.03
2007-10-19 02:00:00,177.0,82.5
2007-10-20 02:00:00,,84.43
2007-10-21 02:00:00,,85.24
2007-10-22 02:00:00,179.0,85.03
2007-10-23 02:00:00,177.0,84.25
2007-10-24 02:00:00,183.0,83.47
2007-10-25 02:00:00,180.0,85.4
2007-10-26 02:00:00,177.0,82.72
2007-10-27 02:00:00,,82.31
2007-10-28 02:00:00,,83.47
2007-10-29 02:00:00,176.0,85.4
2007-10-30 02:00:00,175.0,84.71
2007-10-31 02:00:00,167.0,89.87
2007-11-01 02:00:00,179.0,90.36
2007-11-02 02:00:00,187.0,89.87
2007-11-03 02:00:00,,89.87
2007-11-04 02:00:00,,89.87
2007-11-05 02:00:00,186.0,90.36
2007-11-06 02:00:00,184.0,92.11
2007-11-07 02:00:00,191.0,94.85
2007-11-08 02:00:00,200.0,94.4
2007-11-09 02:00:00,202.0,92.16
2007-11-10 02:00:00,,93.99
2007-11-11 02:00:00,,94.85
2007-11-12 02:00:00,202.0,94.4
2007-11-13 02:00:00,202.0,92.32
2007-11-14 02:00:00,197.0,90.73
2007-11-15 02:00:00,202.0,90.32
2007-11-16 02:00:00,210.0,91.56
2007-11-17 02:00:00,,89.09
2007-11-18 02:00:00,,90.73
2007-11-19 02:00:00,220.0,90.32
2007-11-20 02:00:00,221.0,91.99
2007-11-21 02:00:00,234.0,94.97
2007-11-22 02:00:00,234.0,
2007-11-23 02:00:00,233.0,91.59
2007-11-24 02:00:00,,94.13
2007-11-25 02:00:00,,94.97
2007-11-26 02:00:00,254.0,94.88
2007-11-27 02:00:00,246.0,95.33
2007-11-28 02:00:00,229.0,91.64
2007-11-29 02:00:00,233.0,92.34
2007-11-30 02:00:00,213.0,94.88
2007-12-01 02:00:00,,93.23
2007-12-02 02:00:00,,91.64
2007-12-03 02:00:00,230.0,92.34
2007-12-04 02:00:00,231.0,88.71
2007-12-05 02:00:00,227.0,90.7
2007-12-06 02:00:00,218.0,88.46
2007-12-07 02:00:00,211.0,87.85
2007-12-08 02:00:00,,89.97
2007-12-09 02:00:00,,90.7
2007-12-10 02:00:00,205.0,88.46
2007-12-11 02:00:00,216.0,88.46
2007-12-12 02:00:00,214.0,91.69
2007-12-13 02:00:00,205.0,92.57
2007-12-14 02:00:00,202.0,87.33
2007-12-15 02:00:00,,87.77
2007-12-16 02:00:00,,91.69
2007-12-17 02:00:00,212.0,92.57
2007-12-18 02:00:00,217.0,91.86
2007-12-19 02:00:00,223.0,90.98
2007-12-20 02:00:00,228.0,91.06
2007-12-21 02:00:00,214.0,90.32
2007-12-22 02:00:00,,90.71
2007-12-23 02:00:00,,90.98
2007-12-24 02:00:00,207.0,91.06
2007-12-25 02:00:00,,91.03
2007-12-26 02:00:00,203.0,
2007-12-27 02:00:00,205.0,95.66
2007-12-28 02:00:00,213.0,91.59
2007-12-31 02:00:00,221.0,95.66
2008-01-01 02:00:00,,95.92
2008-01-02 02:00:00,227.0,97.01
2008-01-03 02:00:00,226.0,98.45
2008-01-04 02:00:00,231.0,93.68
2008-01-06 02:00:00,,97.01
2008-01-07 02:00:00,229.0,98.45
2008-01-08 02:00:00,225.0,96.87
2008-01-09 02:00:00,238.0,96.76
2008-01-10 02:00:00,226.0,92.8
2008-01-11 02:00:00,231.0,94.19
2008-01-12 02:00:00,,96.37
2008-01-13 02:00:00,,96.76
2008-01-14 02:00:00,231.0,92.8
2008-01-15 02:00:00,238.0,91.86
2008-01-16 02:00:00,236.0,88.1
2008-01-17 02:00:00,248.0,88.96
2008-01-18 02:00:00,252.0,92.58
2008-01-19 02:00:00,,90.87
2008-01-20 02:00:00,,88.1
2008-01-21 02:00:00,252.0,88.96
2008-01-22 02:00:00,269.0,89.66
2008-01-23 02:00:00,275.0,87.06
2008-01-24 02:00:00,252.0,87.69
2008-01-25 02:00:00,258.0,90.96
2008-01-26 02:00:00,,88.11
2008-01-27 02:00:00,258.0,87.06
2008-01-28 02:00:00,259.0,87.69
2008-01-29 02:00:00,253.0,90.96
2008-01-30 02:00:00,244.0,92.46
2008-01-31 02:00:00,255.0,91.58
2008-02-01 02:00:00,259.0,90.91
2008-02-02 02:00:00,,92.49
2008-02-03 02:00:00,,92.46
2008-02-04 02:00:00,253.0,91.58
2008-02-05 02:00:00,265.0,91.41
2008-02-06 02:00:00,265.0,88.73
2008-02-07 02:00:00,257.0,88.55
2008-02-08 02:00:00,273.0,91.09
2008-02-09 02:00:00,,89.6
2008-02-10 02:00:00,,88.73
2008-02-11 02:00:00,273.0,88.55
2008-02-12 02:00:00,263.0,91.45
2008-02-13 02:00:00,258.0,93.82
2008-02-14 02:00:00,252.0,95.92
2008-02-15 02:00:00,261.0,93.93
2008-02-16 02:00:00,,94.28
2008-02-17 03:00:00,,93.82
2008-02-18 03:00:00,261.0,95.92
2008-02-19 03:00:00,261.0,96.96
2008-02-20 03:00:00,252.0,97.88
2008-02-21 03:00:00,255.0,97.52
2008-02-22 03:00:00,248.0,96.07
2008-02-23 03:00:00,,97.03
2008-02-24 03:00:00,,97.88
2008-02-25 03:00:00,239.0,97.52
2008-02-26 03:00:00,238.0,96.07
2008-02-27 03:00:00,240.0,98.28
2008-02-28 03:00:00,255.0,99.83
2008-02-29 03:00:00,265.0,97.43
2008-03-01 03:00:00,,99.05
2008-03-02 03:00:00,,98.28
2008-03-03 03:00:00,267.0,99.83
2008-03-04 03:00:00,258.0,100.9
2008-03-05 03:00:00,252.0,100.95
2008-03-06 03:00:00,257.0,103.47
2008-03-07 03:00:00,273.0,101.83
2008-03-08 03:00:00,,98.6
2008-03-09 03:00:00,,100.95
2008-03-10 03:00:00,284.0,103.47
2008-03-11 03:00:00,265.0,104.66
2008-03-12 03:00:00,272.0,107.99
2008-03-13 03:00:00,277.0,109.18
2008-03-14 03:00:00,289.0,105.33
2008-03-15 03:00:00,,106.78
2008-03-16 03:00:00,,107.99
2008-03-17 03:00:00,305.0,109.18
2008-03-18 03:00:00,285.0,109.16
2008-03-19 03:00:00,290.0,102.65
2008-03-20 03:00:00,291.0,99.78
2008-03-21 03:00:00,,104.41
2008-03-22 03:00:00,,105.35
2008-03-23 03:00:00,,102.65
2008-03-24 03:00:00,273.0,99.78
2008-03-25 03:00:00,275.0,99.91
2008-03-26 03:00:00,277.0,102.83
2008-03-27 03:00:00,273.0,103.89
2008-03-28 03:00:00,278.0,100.93
2008-03-29 03:00:00,,99.91
2008-03-30 03:00:00,,102.83
2008-03-31 03:00:00,284.0,103.89
2008-04-01 03:00:00,273.0,102.68
2008-04-02 03:00:00,268.0,98.85
2008-04-03 03:00:00,263.0,102.31
2008-04-04 03:00:00,265.0,102.33
2008-04-05 03:00:00,,98.69
2008-04-06 03:00:00,,98.85
2008-04-07 03:00:00,258.0,102.31
2008-04-08 03:00:00,256.0,102.21
2008-04-09 03:00:00,264.0,107.46
2008-04-10 03:00:00,256.0,107.37
2008-04-11 03:00:00,256.0,105.98
2008-04-12 03:00:00,,105.05
2008-04-13 03:00:00,,107.46
2008-04-14 03:00:00,252.0,107.37
2008-04-15 03:00:00,245.0,107.15
2008-04-16 03:00:00,228.0,110.95
2008-04-17 03:00:00,230.0,111.34
2008-04-18 03:00:00,229.0,108.32
2008-04-19 03:00:00,,110.84
2008-04-20 03:00:00,,110.95
2008-04-21 03:00:00,235.0,111.34
2008-04-22 03:00:00,234.0,110.67
2008-04-23 03:00:00,233.0,115.34
2008-04-24 03:00:00,228.0,114.85
2008-04-25 03:00:00,225.0,111.35
2008-04-26 03:00:00,,113.54
2008-04-27 03:00:00,,115.34
2008-04-28 03:00:00,228.0,114.85
2008-04-29 03:00:00,225.0,116.62
2008-04-30 03:00:00,218.0,111.12
2008-05-01 03:00:00,207.0,107.3
2008-05-02 03:00:00,201.0,115.7
2008-05-03 03:00:00,,113.86
2008-05-04 03:00:00,,111.12
2008-05-05 03:00:00,201.0,107.3
2008-05-06 03:00:00,198.0,111.92
2008-05-07 03:00:00,204.0,120.27
2008-05-08 03:00:00,211.0,119.85
2008-05-09 03:00:00,216.0,115.68
2008-05-10 03:00:00,,119.88
2008-05-11 03:00:00,,120.27
2008-05-12 03:00:00,216.0,119.85
2008-05-13 03:00:00,205.0,123.54
2008-05-14 03:00:00,205.0,121.18
2008-05-15 03:00:00,210.0,122.76
2008-05-16 03:00:00,205.0,122.89
2008-05-17 03:00:00,,123.11
2008-05-18 03:00:00,,121.18
2008-05-19 03:00:00,206.0,122.76
2008-05-20 03:00:00,210.0,122.98
2008-05-21 03:00:00,208.0,127.28
2008-05-22 03:00:00,202.0,129.04
2008-05-23 03:00:00,210.0,122.19
2008-05-24 03:00:00,,124.12
2008-05-25 03:00:00,,127.28
2008-05-26 03:00:00,210.0,129.04
2008-05-27 03:00:00,208.0,129.72
2008-05-28 03:00:00,207.0,128.93
2008-05-29 03:00:00,191.0,129.33
2008-05-30 03:00:00,181.0,127.85
2008-05-31 03:00:00,,128.92
2008-06-01 03:00:00,,128.93
2008-06-02 03:00:00,179.0,129.33
2008-06-03 03:00:00,184.0,127.85
2008-06-04 03:00:00,180.0,121.72
2008-06-05 03:00:00,179.0,122.36
2008-06-06 03:00:00,190.0,128.5
2008-06-07 03:00:00,,126.28
2008-06-08 03:00:00,,121.72
2008-06-09 03:00:00,195.0,122.36
2008-06-10 03:00:00,184.0,132.81
2008-06-11 03:00:00,192.0,134.52
2008-06-12 03:00:00,186.0,132.11
2008-06-13 03:00:00,183.0,134.43
2008-06-14 03:00:00,,135.24
2008-06-15 03:00:00,,134.52
2008-06-16 03:00:00,188.0,132.11
2008-06-17 03:00:00,187.0,134.29
2008-06-18 03:00:00,194.0,129.12
2008-06-19 03:00:00,190.0,131.84
2008-06-20 03:00:00,197.0,133.9
2008-06-21 03:00:00,,131.27
2008-06-22 03:00:00,,129.12
2008-06-23 03:00:00,199.0,131.84
2008-06-24 03:00:00,206.0,134.28
2008-06-25 03:00:00,209.0,131.59
2008-06-26 03:00:00,221.0,136.82
2008-06-27 03:00:00,229.0,134.54
2008-06-28 03:00:00,,135.37
2008-06-29 03:00:00,,131.59
2008-06-30 03:00:00,228.0,136.82
2008-07-01 03:00:00,232.0,139.38
2008-07-02 03:00:00,235.0,141.24
2008-07-03 03:00:00,235.0,143.95
2008-07-04 03:00:00,235.0,138.4
2008-07-05 03:00:00,,140.67
2008-07-06 03:00:00,,141.24
2008-07-07 03:00:00,238.0,143.95
2008-07-08 03:00:00,244.0,134.15
2008-07-09 03:00:00,247.0,133.91
2008-07-10 03:00:00,249.0,135.81
2008-07-11 03:00:00,241.0,139.62
2008-07-12 03:00:00,,134.15
2008-07-13 03:00:00,,133.91
2008-07-14 03:00:00,249.0,135.81
2008-07-15 03:00:00,248.0,143.68
2008-07-16 03:00:00,239.0,133.31
2008-07-17 03:00:00,228.0,134.16
2008-07-18 03:00:00,226.0,142.43
2008-07-19 03:00:00,,136.02
2008-07-20 03:00:00,,133.31
2008-07-21 03:00:00,226.0,134.16
2008-07-22 03:00:00,223.0,129.34
2008-07-23 03:00:00,217.0,126.86
2008-07-24 03:00:00,225.0,125.43
2008-07-25 03:00:00,217.0,129.34
2008-07-26 03:00:00,,127.18
2008-07-27 03:00:00,,126.86
2008-07-28 03:00:00,222.0,125.43
2008-07-29 03:00:00,220.0,124.7
2008-07-30 03:00:00,221.0,122.46
2008-07-31 03:00:00,226.0,124.1
2008-08-01 03:00:00,228.0,125.67
2008-08-02 03:00:00,,125.77
2008-08-03 03:00:00,,122.46
2008-08-04 03:00:00,227.0,124.1
2008-08-05 03:00:00,224.0,124.16
2008-08-06 03:00:00,220.0,114.47
2008-08-07 03:00:00,229.0,116.94
2008-08-08 03:00:00,230.0,121.87
2008-08-09 03:00:00,,116.5
2008-08-10 03:00:00,,114.47
2008-08-11 03:00:00,225.0,116.94
2008-08-12 03:00:00,231.0,113.03
2008-08-13 03:00:00,231.0,110.68
2008-08-14 03:00:00,235.0,111.82
2008-08-15 03:00:00,239.0,110.54
2008-08-16 03:00:00,,108.98
2008-08-17 03:00:00,,110.68
2008-08-18 03:00:00,244.0,111.82
2008-08-19 03:00:00,241.0,108.8
2008-08-20 03:00:00,245.0,108.72
2008-08-21 03:00:00,241.0,117.24
2008-08-22 03:00:00,240.0,109.33
2008-08-23 03:00:00,,109.02
2008-08-24 03:00:00,,108.72
2008-08-25 03:00:00,247.0,117.24
2008-08-26 03:00:00,247.0,113.99
2008-08-27 03:00:00,248.0,113.05
2008-08-28 03:00:00,244.0,113.54
2008-08-29 03:00:00,240.0,109.74
2008-08-30 03:00:00,,112.2
2008-08-31 03:00:00,,113.05
2008-09-01 03:00:00,240.0,113.54
2008-09-02 03:00:00,246.0,113.49
2008-09-03 03:00:00,252.0,103.88
2008-09-04 03:00:00,259.0,103.41
2008-09-05 03:00:00,262.0,102.51
2008-09-06 03:00:00,,104.94
2008-09-07 03:00:00,,103.88
2008-09-08 03:00:00,254.0,103.41
2008-09-09 03:00:00,268.0,102.51
2008-09-10 03:00:00,268.0,96.0
2008-09-11 03:00:00,272.0,96.01
2008-09-12 03:00:00,268.0,101.08
2008-09-13 03:00:00,,98.94
2008-09-14 03:00:00,,96.0
2008-09-15 03:00:00,310.0,96.01
2008-09-16 03:00:00,350.0,94.37
2008-09-17 03:00:00,373.0,86.09
2008-09-18 03:00:00,339.0,90.89
2008-09-19 03:00:00,285.0,90.45
2008-09-20 03:00:00,,85.85
2008-09-21 03:00:00,,86.09
2008-09-22 03:00:00,278.0,90.89
2008-09-23 03:00:00,289.0,93.46
2008-09-24 03:00:00,296.0,102.09
2008-09-25 03:00:00,285.0,100.45
2008-09-26 03:00:00,296.0,100.43
2008-09-27 03:00:00,,100.72
2008-09-28 03:00:00,,102.09
2008-09-29 03:00:00,337.0,100.45
2008-09-30 03:00:00,331.0,100.88
2008-10-01 03:00:00,337.0,92.19
2008-10-02 03:00:00,356.0,88.88
2008-10-03 03:00:00,349.0,95.96
2008-10-04 03:00:00,,93.51
2008-10-05 03:00:00,,92.19
2008-10-06 03:00:00,409.0,88.88
2008-10-07 03:00:00,404.0,88.95
2008-10-08 03:00:00,438.0,80.76
2008-10-09 03:00:00,440.0,81.65
2008-10-10 03:00:00,520.0,84.71
2008-10-11 03:00:00,,83.17
2008-10-12 03:00:00,,80.76
2008-10-13 03:00:00,,81.65
2008-10-14 03:00:00,437.0,74.58
2008-10-15 03:00:00,467.0,66.86
2008-10-16 03:00:00,493.0,64.14
2008-10-17 03:00:00,482.0,74.37
2008-10-18 03:00:00,,74.98
2008-10-19 03:00:00,,66.86
2008-10-20 02:00:00,489.0,64.14
2008-10-21 02:00:00,530.0,66.05
2008-10-22 02:00:00,671.0,62.95
2008-10-23 02:00:00,688.0,65.06
2008-10-24 02:00:00,668.0,67.45
2008-10-25 02:00:00,,65.99
2008-10-26 02:00:00,,62.95
2008-10-27 02:00:00,613.0,65.06
2008-10-28 02:00:00,560.0,60.57
2008-10-29 02:00:00,515.0,64.0
2008-10-30 02:00:00,488.0,60.86
2008-10-31 02:00:00,449.0,59.34
2008-11-01 02:00:00,,58.87
2008-11-02 02:00:00,,64.0
2008-11-03 02:00:00,439.0,60.86
2008-11-04 02:00:00,418.0,60.0
2008-11-05 02:00:00,443.0,61.09
2008-11-06 02:00:00,451.0,56.14
2008-11-07 02:00:00,440.0,60.32
2008-11-08 02:00:00,,62.78
2008-11-09 02:00:00,,61.09
2008-11-10 02:00:00,434.0,56.14
2008-11-11 02:00:00,438.0,56.84
2008-11-12 02:00:00,461.0,52.47
2008-11-13 02:00:00,460.0,51.32
2008-11-14 02:00:00,460.0,57.08
2008-11-15 02:00:00,,54.77
2008-11-16 02:00:00,,52.47
2008-11-17 02:00:00,451.0,51.32
2008-11-18 02:00:00,465.0,50.7
2008-11-19 02:00:00,495.0,48.35
2008-11-20 02:00:00,534.0,45.79
2008-11-21 02:00:00,539.0,50.82
2008-11-22 02:00:00,,49.1
2008-11-23 02:00:00,,48.35
2008-11-24 02:00:00,499.0,45.79
2008-11-25 02:00:00,483.0,44.91
2008-11-26 02:00:00,488.0,49.39
2008-11-28 02:00:00,489.0,49.51
2008-11-29 02:00:00,,47.51
2008-11-30 02:00:00,,49.39
2008-12-01 02:00:00,530.0,47.57
2008-12-02 02:00:00,526.0,47.72
2008-12-03 02:00:00,524.0,44.39
2008-12-04 02:00:00,530.0,43.83
2008-12-05 02:00:00,523.0,47.57
2008-12-06 02:00:00,,45.64
2008-12-07 02:00:00,,44.39
2008-12-08 02:00:00,499.0,43.83
2008-12-09 02:00:00,498.0,37.04
2008-12-10 02:00:00,489.0,39.34
2008-12-11 02:00:00,489.0,43.54
2008-12-12 02:00:00,495.0,40.02
2008-12-13 02:00:00,,39.77
2008-12-14 02:00:00,,39.34
2008-12-15 02:00:00,506.0,43.54
2008-12-16 02:00:00,503.0,42.38
2008-12-17 02:00:00,463.0,41.84
2008-12-18 02:00:00,453.0,40.19
2008-12-19 02:00:00,448.0,45.02
2008-12-20 02:00:00,,42.0
2008-12-21 02:00:00,,41.84
2008-12-22 02:00:00,445.0,40.19
2008-12-23 02:00:00,437.0,39.52
2008-12-24 02:00:00,436.0,34.45
2008-12-26 02:00:00,437.0,38.08
2008-12-27 02:00:00,,35.27
2008-12-28 02:00:00,,34.45
2008-12-29 02:00:00,439.0,34.16
2008-12-30 02:00:00,430.0,33.73
2008-12-31 02:00:00,428.0,35.82
2009-01-02 02:00:00,405.0,34.16
2009-01-03 02:00:00,,35.22
2009-01-04 02:00:00,,35.82
2009-01-05 02:00:00,393.0,45.84
2009-01-06 02:00:00,388.0,42.94
2009-01-07 02:00:00,402.0,46.23
2009-01-08 02:00:00,426.0,42.94
2009-01-09 02:00:00,423.0,45.84
2009-01-10 02:00:00,,48.89
2009-01-11 02:00:00,,46.23
2009-01-12 02:00:00,445.0,42.94
2009-01-13 02:00:00,446.0,42.34
2009-01-14 02:00:00,459.0,42.27
2009-01-15 02:00:00,465.0,42.32
2009-01-16 02:00:00,450.0,40.86
2009-01-17 02:00:00,,43.05
2009-01-18 02:00:00,,42.27
2009-01-19 02:00:00,450.0,42.32
2009-01-20 02:00:00,460.0,43.42
2009-01-21 02:00:00,448.0,39.9
2009-01-22 02:00:00,438.0,42.42
2009-01-23 02:00:00,432.0,43.13
2009-01-24 02:00:00,,41.22
2009-01-25 02:00:00,,39.9
2009-01-26 02:00:00,423.0,42.42
2009-01-27 02:00:00,429.0,43.13
2009-01-28 02:00:00,413.0,42.86
2009-01-29 02:00:00,412.0,43.13
2009-01-30 02:00:00,409.0,48.0
2009-01-31 02:00:00,,42.86
2009-02-01 02:00:00,,42.86
2009-02-02 02:00:00,426.0,43.13
2009-02-03 02:00:00,413.0,44.17
2009-02-04 02:00:00,418.0,43.68
2009-02-05 02:00:00,429.0,43.92
2009-02-06 02:00:00,413.0,42.96
2009-02-07 02:00:00,,43.15
2009-02-08 02:00:00,,43.68
2009-02-09 02:00:00,408.0,43.92
2009-02-10 02:00:00,426.0,44.49
2009-02-11 02:00:00,439.0,44.24
2009-02-12 02:00:00,451.0,47.23
2009-02-13 02:00:00,426.0,47.23
2009-02-14 02:00:00,,45.88
2009-02-15 03:00:00,,44.24
2009-02-16 03:00:00,424.0,47.23
2009-02-17 03:00:00,451.0,43.36
2009-02-18 03:00:00,487.0,39.41
2009-02-19 03:00:00,417.0,42.35
2009-02-20 03:00:00,426.0,42.19
2009-02-21 03:00:00,,39.69
2009-02-22 03:00:00,,39.41
2009-02-23 03:00:00,439.0,42.35
2009-02-24 03:00:00,431.0,42.19
2009-02-25 03:00:00,420.0,42.37
2009-02-26 03:00:00,419.0,45.15
2009-02-27 03:00:00,421.0,41.27
2009-02-28 03:00:00,,40.18
2009-03-01 03:00:00,,42.37
2009-03-02 03:00:00,442.0,45.15
2009-03-03 03:00:00,441.0,44.41
2009-03-04 03:00:00,434.0,46.07
2009-03-05 03:00:00,458.0,44.45
2009-03-06 03:00:00,457.0,42.6
2009-03-07 03:00:00,,42.72
2009-03-08 03:00:00,,46.07
2009-03-09 03:00:00,453.0,44.45
2009-03-10 03:00:00,442.0,43.48
2009-03-11 03:00:00,446.0,43.2
2009-03-12 03:00:00,446.0,42.19
2009-03-13 03:00:00,442.0,44.55
2009-03-14 03:00:00,,44.99
2009-03-15 03:00:00,,43.2
2009-03-16 03:00:00,431.0,42.19
2009-03-17 03:00:00,428.0,44.97
2009-03-18 03:00:00,438.0,45.22
2009-03-19 03:00:00,423.0,48.03
2009-03-20 03:00:00,426.0,44.12
2009-03-21 03:00:00,,45.53
2009-03-22 03:00:00,,45.22
2009-03-23 03:00:00,419.0,48.03
2009-03-24 03:00:00,421.0,49.27
2009-03-25 03:00:00,417.0,51.46
2009-03-26 03:00:00,411.0,51.89
2009-03-27 03:00:00,414.0,51.84
2009-03-28 03:00:00,,51.32
2009-03-29 03:00:00,,51.46
2009-03-30 03:00:00,427.0,51.89
2009-03-31 03:00:00,425.0,50.81
2009-04-01 03:00:00,427.0,45.92
2009-04-02 03:00:00,412.0,50.89
2009-04-03 03:00:00,384.0,49.05
2009-04-04 03:00:00,,46.13
2009-04-05 03:00:00,,45.92
2009-04-06 03:00:00,378.0,50.89
2009-04-07 03:00:00,383.0,50.48
2009-04-08 03:00:00,376.0,52.06
2009-04-09 03:00:00,368.0,52.33
2009-04-10 03:00:00,,50.91
2009-04-11 03:00:00,,50.62
2009-04-12 03:00:00,,52.06
2009-04-13 03:00:00,368.0,52.33
2009-04-14 03:00:00,380.0,52.06
2009-04-15 03:00:00,388.0,51.31
2009-04-16 03:00:00,388.0,51.83
2009-04-17 03:00:00,381.0,50.73
2009-04-18 03:00:00,,52.06
2009-04-19 03:00:00,,51.31
2009-04-20 03:00:00,399.0,51.83
2009-04-21 03:00:00,391.0,52.02
2009-04-22 03:00:00,386.0,48.5
2009-04-23 03:00:00,389.0,48.29
2009-04-24 03:00:00,376.0,49.06
2009-04-25 03:00:00,,48.69
2009-04-26 03:00:00,,48.5
2009-04-27 03:00:00,384.0,48.29
2009-04-28 03:00:00,370.0,50.29
2009-04-29 03:00:00,359.0,50.22
2009-04-30 03:00:00,355.0,50.3
2009-05-01 03:00:00,351.0,48.67
2009-05-02 03:00:00,,48.64
2009-05-03 03:00:00,,50.22
2009-05-04 03:00:00,331.0,50.3
2009-05-05 03:00:00,330.0,51.75
2009-05-06 03:00:00,314.0,55.07
2009-05-07 03:00:00,305.0,56.63
2009-05-08 03:00:00,310.0,53.26
2009-05-09 03:00:00,,53.16
2009-05-10 03:00:00,,55.07
2009-05-11 03:00:00,324.0,56.63
2009-05-12 03:00:00,326.0,56.02
2009-05-13 03:00:00,337.0,56.84
2009-05-14 03:00:00,333.0,56.25
2009-05-15 03:00:00,330.0,55.99
2009-05-16 03:00:00,,56.52
2009-05-17 03:00:00,,56.84
2009-05-18 03:00:00,316.0,56.25
2009-05-19 03:00:00,309.0,56.33
2009-05-20 03:00:00,310.0,59.1
2009-05-21 03:00:00,306.0,58.02
2009-05-22 03:00:00,300.0,56.51
2009-05-23 03:00:00,,57.12
2009-05-24 03:00:00,,59.1
2009-05-25 03:00:00,300.0,58.02
2009-05-26 03:00:00,291.0,58.7
2009-05-27 03:00:00,278.0,61.28
2009-05-28 03:00:00,282.0,63.47
2009-05-29 03:00:00,294.0,64.98
2009-05-30 03:00:00,,59.05
2009-05-31 03:00:00,,61.28
2009-06-01 03:00:00,266.0,63.47
2009-06-02 03:00:00,280.0,64.98
2009-06-03 03:00:00,291.0,66.15
2009-06-04 03:00:00,278.0,67.68
2009-06-05 03:00:00,269.0,66.6
2009-06-06 03:00:00,,67.67
2009-06-07 03:00:00,,66.15
2009-06-08 03:00:00,266.0,67.68
2009-06-09 03:00:00,264.0,67.77
2009-06-10 03:00:00,260.0,70.52
2009-06-11 03:00:00,260.0,71.71
2009-06-12 03:00:00,265.0,67.61
2009-06-13 03:00:00,,68.94
2009-06-14 03:00:00,,70.52
2009-06-15 03:00:00,274.0,71.71
2009-06-16 03:00:00,281.0,70.62
2009-06-17 03:00:00,294.0,68.95
2009-06-18 03:00:00,285.0,69.96
2009-06-19 03:00:00,291.0,68.49
2009-06-20 03:00:00,,70.52
2009-06-21 03:00:00,,68.95
2009-06-22 03:00:00,309.0,69.96
2009-06-23 03:00:00,309.0,70.48
2009-06-24 03:00:00,294.0,68.47
2009-06-25 03:00:00,295.0,68.82
2009-06-26 03:00:00,290.0,66.13
2009-06-27 03:00:00,,66.36
2009-06-28 03:00:00,,68.47
2009-06-29 03:00:00,279.0,68.82
2009-06-30 03:00:00,284.0,68.1
2009-07-01 03:00:00,277.0,68.52
2009-07-02 03:00:00,288.0,65.74
2009-07-03 03:00:00,288.0,69.75
2009-07-04 03:00:00,,68.11
2009-07-05 03:00:00,,68.52
2009-07-06 03:00:00,286.0,65.74
2009-07-07 03:00:00,286.0,61.54
2009-07-08 03:00:00,306.0,59.71
2009-07-09 03:00:00,290.0,59.17
2009-07-10 03:00:00,303.0,63.12
2009-07-11 03:00:00,,61.54
2009-07-12 03:00:00,,59.71
2009-07-13 03:00:00,293.0,59.17
2009-07-14 03:00:00,278.0,58.43
2009-07-15 03:00:00,261.0,61.25
2009-07-16 03:00:00,263.0,62.02
2009-07-17 03:00:00,250.0,58.25
2009-07-18 03:00:00,,60.48
2009-07-19 03:00:00,,61.25
2009-07-20 03:00:00,257.0,62.02
2009-07-21 03:00:00,269.0,63.54
2009-07-22 03:00:00,263.0,65.36
2009-07-23 03:00:00,244.0,68.06
2009-07-24 03:00:00,249.0,64.64
2009-07-25 03:00:00,,65.93
2009-07-26 03:00:00,,65.36
2009-07-27 03:00:00,244.0,68.06
2009-07-28 03:00:00,248.0,68.82
2009-07-29 03:00:00,253.0,65.79
2009-07-30 03:00:00,254.0,68.82
2009-07-31 03:00:00,265.0,69.78
2009-08-01 03:00:00,,68.53
2009-08-02 03:00:00,,65.79
2009-08-03 03:00:00,243.0,68.82
2009-08-04 03:00:00,238.0,70.08
2009-08-05 03:00:00,230.0,74.39
2009-08-06 03:00:00,238.0,74.61
2009-08-07 03:00:00,228.0,72.9
2009-08-08 03:00:00,,73.82
2009-08-09 03:00:00,,74.39
2009-08-10 03:00:00,238.0,74.61
2009-08-11 03:00:00,248.0,74.21
2009-08-12 03:00:00,246.0,74.03
2009-08-13 03:00:00,254.0,73.76
2009-08-14 03:00:00,256.0,73.79
2009-08-15 03:00:00,,71.58
2009-08-16 03:00:00,,74.03
2009-08-17 03:00:00,261.0,73.76
2009-08-18 03:00:00,255.0,71.33
2009-08-19 03:00:00,264.0,72.81
2009-08-20 03:00:00,266.0,73.75
2009-08-21 03:00:00,253.0,68.65
2009-08-22 03:00:00,,68.66
2009-08-23 03:00:00,,72.81
2009-08-24 03:00:00,254.0,73.75
2009-08-25 03:00:00,262.0,73.71
2009-08-26 03:00:00,266.0,70.74
2009-08-27 03:00:00,263.0,70.68
2009-08-28 03:00:00,267.0,74.34
2009-08-29 03:00:00,,73.1
2009-08-30 03:00:00,,70.74
2009-08-31 03:00:00,271.0,70.68
2009-09-01 03:00:00,272.0,72.8
2009-09-02 03:00:00,276.0,67.6
2009-09-03 03:00:00,265.0,66.78
2009-09-04 03:00:00,260.0,69.02
2009-09-05 03:00:00,,68.78
2009-09-06 03:00:00,,67.6
2009-09-07 03:00:00,260.0,66.78
2009-09-08 03:00:00,241.0,65.84
2009-09-09 03:00:00,239.0,69.76
2009-09-10 03:00:00,249.0,68.96
2009-09-11 03:00:00,243.0,68.76
2009-09-12 03:00:00,,69.2
2009-09-13 03:00:00,,69.76
2009-09-14 03:00:00,234.0,68.96
2009-09-15 03:00:00,226.0,68.76
2009-09-16 03:00:00,216.0,68.51
2009-09-17 03:00:00,228.0,71.56
2009-09-18 03:00:00,222.0,66.91
2009-09-19 03:00:00,,66.53
2009-09-20 03:00:00,,68.51
2009-09-21 03:00:00,224.0,71.56
2009-09-22 03:00:00,224.0,70.72
2009-09-23 03:00:00,228.0,67.43
2009-09-24 03:00:00,234.0,64.99
2009-09-25 03:00:00,240.0,68.11
2009-09-26 03:00:00,,69.65
2009-09-27 03:00:00,,67.43
2009-09-28 03:00:00,240.0,64.99
2009-09-29 03:00:00,240.0,64.6
2009-09-30 03:00:00,234.0,65.82
2009-10-01 03:00:00,251.0,67.12
2009-10-02 03:00:00,249.0,65.43
2009-10-03 03:00:00,,64.63
2009-10-04 03:00:00,,65.82
2009-10-05 03:00:00,238.0,67.12
2009-10-06 03:00:00,233.0,66.5
2009-10-07 03:00:00,238.0,67.65
2009-10-08 03:00:00,220.0,68.47
2009-10-09 03:00:00,213.0,65.26
2009-10-10 03:00:00,,68.51
2009-10-11 03:00:00,,67.65
2009-10-12 03:00:00,212.0,68.47
2009-10-13 03:00:00,218.0,69.45
2009-10-14 03:00:00,206.0,72.16
2009-10-15 03:00:00,207.0,73.14
2009-10-16 03:00:00,216.0,70.75
2009-10-17 03:00:00,,70.81
2009-10-18 03:00:00,,72.16
2009-10-19 02:00:00,218.0,73.14
2009-10-20 02:00:00,224.0,74.58
2009-10-21 02:00:00,221.0,77.74
2009-10-22 02:00:00,222.0,78.36
2009-10-23 02:00:00,224.0,75.86
2009-10-24 02:00:00,,76.51
2009-10-25 02:00:00,,77.74
2009-10-26 02:00:00,221.0,78.36
2009-10-27 02:00:00,239.0,77.72
2009-10-28 02:00:00,247.0,75.11
2009-10-29 02:00:00,231.0,77.18
2009-10-30 02:00:00,240.0,76.45
2009-10-31 02:00:00,,76.69
2009-11-01 02:00:00,,75.11
2009-11-02 02:00:00,238.0,77.18
2009-11-03 02:00:00,236.0,74.91
2009-11-04 02:00:00,225.0,78.21
2009-11-05 02:00:00,228.0,78.02
2009-11-06 02:00:00,228.0,75.56
2009-11-07 02:00:00,,75.68
2009-11-08 02:00:00,,78.21
2009-11-09 02:00:00,217.0,78.02
2009-11-10 02:00:00,212.0,75.51
2009-11-11 02:00:00,209.0,76.99
2009-11-12 02:00:00,216.0,75.18
2009-11-13 02:00:00,219.0,77.18
2009-11-14 02:00:00,,77.07
2009-11-15 02:00:00,,76.99
2009-11-16 02:00:00,220.0,75.18
2009-11-17 02:00:00,220.0,74.81
2009-11-18 02:00:00,216.0,78.64
2009-11-19 02:00:00,219.0,76.45
2009-11-20 02:00:00,217.0,77.14
2009-11-21 02:00:00,,77.36
2009-11-22 02:00:00,,78.64
2009-11-23 02:00:00,213.0,76.45
2009-11-24 02:00:00,216.0,75.61
2009-11-25 02:00:00,216.0,76.57
2009-11-26 02:00:00,216.0,
2009-11-27 02:00:00,227.0,78.14
2009-11-28 02:00:00,,75.35
2009-11-29 02:00:00,,76.57
2009-11-30 02:00:00,231.0,77.77
2009-12-01 02:00:00,219.0,76.0
2009-12-02 02:00:00,218.0,76.96
2009-12-03 02:00:00,212.0,77.76
2009-12-04 02:00:00,206.0,77.77
2009-12-05 02:00:00,,78.68
2009-12-06 02:00:00,,76.96
2009-12-07 02:00:00,207.0,77.76
2009-12-08 02:00:00,213.0,77.74
2009-12-09 02:00:00,209.0,73.63
2009-12-10 02:00:00,204.0,70.91
2009-12-11 02:00:00,201.0,76.18
2009-12-12 02:00:00,,74.93
2009-12-13 02:00:00,,73.63
2009-12-14 02:00:00,199.0,70.91
2009-12-15 02:00:00,196.0,70.07
2009-12-16 02:00:00,201.0,73.34
2009-12-17 02:00:00,217.0,71.28
2009-12-18 02:00:00,213.0,71.19
2009-12-19 02:00:00,,71.33
2009-12-20 02:00:00,,73.34
2009-12-21 02:00:00,204.0,71.28
2009-12-22 02:00:00,206.0,71.87
2009-12-23 02:00:00,207.0,73.87
2009-12-24 02:00:00,201.0,75.15
2009-12-25 02:00:00,,72.74
2009-12-26 02:00:00,,71.64
2009-12-27 02:00:00,,73.87
2009-12-28 02:00:00,194.0,75.15
2009-12-29 02:00:00,197.0,76.65
2009-12-30 02:00:00,197.0,77.62
2009-12-31 02:00:00,192.0,77.91
2010-01-01 02:00:00,,76.59
2010-01-02 02:00:00,,76.65
2010-01-03 02:00:00,,77.62
2010-01-04 02:00:00,191.0,77.91
2010-01-05 02:00:00,197.0,79.27
2010-01-06 02:00:00,191.0,80.14
2010-01-07 02:00:00,193.0,80.57
2010-01-08 02:00:00,195.0,79.05
2010-01-09 02:00:00,,79.27
2010-01-10 02:00:00,,80.14
2010-01-11 02:00:00,190.0,80.57
2010-01-12 02:00:00,201.0,80.06
2010-01-13 02:00:00,195.0,77.57
2010-01-14 02:00:00,204.0,77.61
2010-01-15 02:00:00,210.0,80.14
2010-01-16 02:00:00,,79.38
2010-01-17 02:00:00,,77.57
2010-01-18 02:00:00,,77.61
2010-01-19 02:00:00,207.0,76.85
2010-01-20 02:00:00,214.0,75.09
2010-01-21 02:00:00,223.0,74.13
2010-01-22 02:00:00,223.0,72.73
2010-01-23 02:00:00,,75.18
2010-01-24 02:00:00,,75.09
2010-01-25 02:00:00,217.0,74.13
2010-01-26 02:00:00,219.0,72.73
2010-01-27 02:00:00,224.0,72.75
2010-01-28 02:00:00,228.0,70.65
2010-01-29 02:00:00,234.0,72.18
2010-01-30 02:00:00,,72.63
2010-01-31 02:00:00,,72.75
2010-02-01 02:00:00,230.0,70.65
2010-02-02 02:00:00,230.0,71.2
2010-02-03 02:00:00,225.0,75.77
2010-02-04 02:00:00,240.0,71.3
2010-02-05 02:00:00,249.0,71.58
2010-02-06 02:00:00,,73.94
2010-02-07 02:00:00,,75.77
2010-02-08 02:00:00,243.0,71.3
2010-02-09 02:00:00,234.0,70.11
2010-02-10 02:00:00,224.0,70.4
2010-02-11 02:00:00,216.0,72.35
2010-02-12 02:00:00,222.0,69.62
2010-02-13 02:00:00,,70.4
2010-02-14 02:00:00,,70.4
2010-02-15 02:00:00,222.0,72.35
2010-02-16 02:00:00,219.0,71.49
2010-02-17 02:00:00,211.0,74.89
2010-02-18 02:00:00,206.0,76.61
2010-02-19 02:00:00,209.0,76.88
2010-02-20 02:00:00,,74.82
2010-02-21 03:00:00,,74.89
2010-02-22 03:00:00,208.0,76.61
2010-02-23 03:00:00,221.0,76.88
2010-02-24 03:00:00,218.0,77.0
2010-02-25 03:00:00,215.0,74.38
2010-02-26 03:00:00,215.0,76.95
2010-02-27 03:00:00,,76.44
2010-02-28 03:00:00,,77.0
2010-03-01 03:00:00,201.0,74.38
2010-03-02 03:00:00,200.0,76.36
2010-03-03 03:00:00,203.0,78.66
2010-03-04 03:00:00,198.0,77.88
2010-03-05 03:00:00,189.0,76.07
2010-03-06 03:00:00,,77.5
2010-03-07 03:00:00,,78.66
2010-03-08 03:00:00,183.0,77.88
2010-03-09 03:00:00,183.0,79.2
2010-03-10 03:00:00,185.0,80.29
2010-03-11 03:00:00,186.0,79.44
2010-03-12 03:00:00,189.0,78.94
2010-03-13 03:00:00,,78.77
2010-03-14 03:00:00,,80.29
2010-03-15 03:00:00,189.0,79.44
2010-03-16 03:00:00,191.0,79.38
2010-03-17 03:00:00,192.0,80.28
2010-03-18 03:00:00,193.0,80.09
2010-03-19 03:00:00,194.0,77.08
2010-03-20 03:00:00,,79.45
2010-03-21 03:00:00,,80.28
2010-03-22 03:00:00,197.0,80.09
2010-03-23 03:00:00,192.0,78.37
2010-03-24 03:00:00,182.0,78.03
2010-03-25 03:00:00,181.0,78.64
2010-03-26 03:00:00,184.0,78.09
2010-03-27 03:00:00,,79.17
2010-03-28 03:00:00,,78.03
2010-03-29 03:00:00,182.0,78.64
2010-03-30 03:00:00,182.0,77.98
2010-03-31 03:00:00,185.0,80.37
2010-04-01 03:00:00,184.0,82.63
2010-04-02 03:00:00,,79.89
2010-04-03 03:00:00,,79.46
2010-04-04 03:00:00,,80.37
2010-04-05 03:00:00,172.0,82.63
2010-04-06 03:00:00,173.0,85.05
2010-04-07 03:00:00,182.0,84.49
2010-04-08 03:00:00,175.0,82.63
2010-04-09 03:00:00,176.0,84.48
2010-04-10 03:00:00,,85.05
2010-04-11 03:00:00,,84.49
2010-04-12 03:00:00,180.0,82.63
2010-04-13 03:00:00,179.0,82.77
2010-04-14 03:00:00,170.0,85.81
2010-04-15 03:00:00,167.0,86.9
2010-04-16 03:00:00,177.0,85.21
2010-04-17 03:00:00,,83.44
2010-04-18 03:00:00,,85.81
2010-04-19 03:00:00,175.0,86.9
2010-04-20 03:00:00,175.0,84.81
2010-04-21 03:00:00,179.0,84.55
2010-04-22 03:00:00,180.0,84.58
2010-04-23 03:00:00,178.0,83.09
2010-04-24 03:00:00,,84.73
2010-04-25 03:00:00,,84.55
2010-04-26 03:00:00,176.0,84.58
2010-04-27 03:00:00,194.0,86.09
2010-04-28 03:00:00,186.0,84.59
2010-04-29 03:00:00,190.0,86.82
2010-04-30 03:00:00,196.0,86.72
2010-05-01 03:00:00,,85.59
2010-05-02 03:00:00,,84.59
2010-05-03 03:00:00,190.0,86.82
2010-05-04 03:00:00,205.0,86.19
2010-05-05 03:00:00,218.0,82.31
2010-05-06 03:00:00,248.0,80.21
2010-05-07 03:00:00,240.0,88.09
2010-05-08 03:00:00,,85.39
2010-05-09 03:00:00,,82.31
2010-05-10 03:00:00,214.0,80.21
2010-05-11 03:00:00,210.0,76.48
2010-05-12 03:00:00,196.0,78.7
2010-05-13 03:00:00,197.0,79.41
2010-05-14 03:00:00,212.0,78.08
2010-05-15 03:00:00,,79.0
2010-05-16 03:00:00,,78.7
2010-05-17 03:00:00,210.0,79.41
2010-05-18 03:00:00,225.0,76.43
2010-05-19 03:00:00,230.0,71.86
2010-05-20 03:00:00,243.0,69.56
2010-05-21 03:00:00,246.0,73.87
2010-05-22 03:00:00,,75.12
2010-05-23 03:00:00,,71.86
2010-05-24 03:00:00,241.0,69.56
2010-05-25 03:00:00,249.0,70.45
2010-05-26 03:00:00,239.0,70.59
2010-05-27 03:00:00,227.0,73.56
2010-05-28 03:00:00,235.0,69.62
2010-05-29 03:00:00,,67.18
2010-05-30 03:00:00,,70.59
2010-05-31 03:00:00,235.0,73.56
2010-06-01 03:00:00,235.0,73.0
2010-06-02 03:00:00,230.0,72.78
2010-06-03 03:00:00,223.0,73.12
2010-06-04 03:00:00,245.0,71.84
2010-06-05 03:00:00,,73.08
2010-06-06 03:00:00,,72.78
2010-06-07 03:00:00,244.0,73.12
2010-06-08 03:00:00,251.0,71.84
2010-06-09 03:00:00,247.0,73.68
2010-06-10 03:00:00,234.0,74.33
2010-06-11 03:00:00,242.0,71.09
2010-06-12 03:00:00,,71.43
2010-06-13 03:00:00,,73.68
2010-06-14 03:00:00,234.0,74.33
2010-06-15 03:00:00,223.0,73.28
2010-06-16 03:00:00,224.0,76.12
2010-06-17 03:00:00,229.0,77.52
2010-06-18 03:00:00,223.0,75.11
2010-06-19 03:00:00,,75.29
2010-06-20 03:00:00,,76.12
2010-06-21 03:00:00,222.0,77.52
2010-06-22 03:00:00,233.0,77.05
2010-06-23 03:00:00,238.0,75.22
2010-06-24 03:00:00,236.0,75.17
2010-06-25 03:00:00,237.0,78.53
2010-06-26 03:00:00,,78.08
2010-06-27 03:00:00,,75.22
2010-06-28 03:00:00,238.0,75.17
2010-06-29 03:00:00,248.0,76.21
2010-06-30 03:00:00,248.0,74.94
2010-07-01 03:00:00,250.0,71.73
2010-07-02 03:00:00,247.0,76.66
2010-07-03 03:00:00,,74.21
2010-07-04 03:00:00,,74.94
2010-07-05 03:00:00,247.0,71.73
2010-07-06 03:00:00,244.0,71.75
2010-07-07 03:00:00,236.0,72.97
2010-07-08 03:00:00,233.0,74.56
2010-07-09 03:00:00,229.0,75.2
2010-07-10 03:00:00,,73.08
2010-07-11 03:00:00,,72.97
2010-07-12 03:00:00,223.0,74.56
2010-07-13 03:00:00,212.0,75.2
2010-07-14 03:00:00,221.0,76.63
2010-07-15 03:00:00,227.0,75.52
2010-07-16 03:00:00,228.0,74.35
2010-07-17 03:00:00,,76.45
2010-07-18 03:00:00,,76.63
2010-07-19 03:00:00,221.0,75.52
2010-07-20 03:00:00,220.0,75.55
2010-07-21 03:00:00,226.0,75.75
2010-07-22 03:00:00,218.0,77.59
2010-07-23 03:00:00,210.0,76.29
2010-07-24 03:00:00,,76.31
2010-07-25 03:00:00,,75.75
2010-07-26 03:00:00,204.0,77.59
2010-07-27 03:00:00,202.0,77.27
2010-07-28 03:00:00,207.0,76.66
2010-07-29 03:00:00,204.0,78.6
2010-07-30 03:00:00,214.0,77.9
2010-07-31 03:00:00,,75.52
2010-08-01 03:00:00,,76.66
2010-08-02 03:00:00,204.0,78.6
2010-08-03 03:00:00,205.0,77.5
2010-08-04 03:00:00,200.0,83.76
2010-08-05 03:00:00,205.0,82.9
2010-08-06 03:00:00,208.0,81.93
2010-08-07 03:00:00,,83.6
2010-08-08 03:00:00,,83.76
2010-08-09 03:00:00,194.0,82.9
2010-08-10 03:00:00,195.0,81.28
2010-08-11 03:00:00,195.0,77.83
2010-08-12 03:00:00,195.0,76.63
2010-08-13 03:00:00,200.0,81.54
2010-08-14 03:00:00,,79.89
2010-08-15 03:00:00,,77.83
2010-08-16 03:00:00,208.0,76.63
2010-08-17 03:00:00,199.0,75.14
2010-08-18 03:00:00,197.0,75.1
2010-08-19 03:00:00,202.0,74.84
2010-08-20 03:00:00,204.0,74.56
2010-08-21 03:00:00,,76.74
2010-08-22 03:00:00,,75.1
2010-08-23 03:00:00,202.0,74.84
2010-08-24 03:00:00,215.0,73.48
2010-08-25 03:00:00,212.0,70.74
2010-08-26 03:00:00,222.0,74.5
2010-08-27 03:00:00,216.0,73.08
2010-08-28 03:00:00,,70.61
2010-08-29 03:00:00,,70.74
2010-08-30 03:00:00,229.0,74.5
2010-08-31 03:00:00,233.0,75.16
2010-09-01 03:00:00,222.0,75.53
2010-09-02 03:00:00,220.0,74.93
2010-09-03 03:00:00,213.0,76.05
2010-09-04 03:00:00,,75.51
2010-09-05 03:00:00,,75.53
2010-09-06 03:00:00,213.0,74.93
2010-09-07 03:00:00,226.0,75.03
2010-09-08 03:00:00,224.0,77.48
2010-09-09 03:00:00,216.0,77.87
2010-09-10 03:00:00,212.0,77.54
2010-09-11 03:00:00,,75.78
2010-09-12 03:00:00,,77.48
2010-09-13 03:00:00,213.0,77.87
2010-09-14 03:00:00,215.0,77.54
2010-09-15 03:00:00,206.0,78.46
2010-09-16 03:00:00,195.0,78.89
2010-09-17 03:00:00,199.0,78.52
2010-09-18 03:00:00,,78.89
2010-09-19 03:00:00,,78.46
2010-09-20 03:00:00,201.0,78.89
2010-09-21 03:00:00,213.0,77.43
2010-09-22 03:00:00,213.0,77.29
2010-09-23 03:00:00,214.0,77.69
2010-09-24 03:00:00,205.0,79.42
2010-09-25 03:00:00,,78.76
2010-09-26 03:00:00,,77.29
2010-09-27 03:00:00,209.0,77.69
2010-09-28 03:00:00,215.0,78.73
2010-09-29 03:00:00,207.0,78.79
2010-09-30 03:00:00,206.0,80.77
2010-10-01 03:00:00,203.0,77.71
2010-10-02 03:00:00,,79.14
2010-10-03 03:00:00,,78.79
2010-10-04 03:00:00,206.0,80.77
2010-10-05 03:00:00,204.0,82.69
2010-10-06 03:00:00,202.0,85.01
2010-10-07 03:00:00,201.0,83.67
2010-10-08 03:00:00,197.0,83.42
2010-10-09 03:00:00,,83.35
2010-10-10 03:00:00,,85.01
2010-10-11 03:00:00,197.0,83.67
2010-10-12 03:00:00,185.0,83.88
2010-10-13 03:00:00,180.0,84.01
2010-10-14 03:00:00,176.0,83.55
2010-10-15 03:00:00,172.0,83.08
2010-10-16 03:00:00,,82.99
2010-10-17 03:00:00,,84.01
2010-10-18 02:00:00,181.0,83.55
2010-10-19 02:00:00,191.0,81.94
2010-10-20 02:00:00,187.0,81.68
2010-10-21 02:00:00,186.0,81.28
2010-10-22 02:00:00,183.0,82.3
2010-10-23 02:00:00,,81.12
2010-10-24 02:00:00,,81.68
2010-10-25 02:00:00,178.0,81.28
2010-10-26 02:00:00,174.0,80.75
2010-10-27 02:00:00,171.0,81.27
2010-10-28 02:00:00,173.0,82.97
2010-10-29 02:00:00,175.0,81.91
2010-10-30 02:00:00,,82.62
2010-10-31 02:00:00,,81.27
2010-11-01 02:00:00,171.0,82.97
2010-11-02 02:00:00,175.0,82.47
2010-11-03 02:00:00,172.0,85.33
2010-11-04 02:00:00,176.0,86.83
2010-11-05 02:00:00,174.0,84.06
2010-11-06 02:00:00,,84.71
2010-11-07 02:00:00,,85.33
2010-11-08 02:00:00,180.0,86.83
2010-11-09 02:00:00,174.0,87.05
2010-11-10 02:00:00,175.0,87.92
2010-11-11 02:00:00,175.0,88.08
2010-11-12 02:00:00,176.0,87.15
2010-11-13 02:00:00,,87.93
2010-11-14 02:00:00,,87.92
2010-11-15 02:00:00,171.0,88.08
2010-11-16 02:00:00,187.0,86.07
2010-11-17 02:00:00,175.0,83.36
2010-11-18 02:00:00,175.0,83.7
2010-11-19 02:00:00,177.0,85.49
2010-11-20 02:00:00,,83.98
2010-11-21 02:00:00,,83.36
2010-11-22 02:00:00,183.0,83.7
2010-11-23 02:00:00,189.0,83.17
2010-11-24 02:00:00,177.0,84.53
2010-11-25 02:00:00,177.0,
2010-11-26 02:00:00,177.0,82.34
2010-11-27 02:00:00,,82.37
2010-11-28 02:00:00,,84.53
2010-11-29 02:00:00,192.0,85.9
2010-11-30 02:00:00,198.0,84.78
2010-12-01 02:00:00,183.0,88.56
2010-12-02 02:00:00,178.0,89.37
2010-12-03 02:00:00,171.0,85.9
2010-12-04 02:00:00,,82.37
2010-12-05 02:00:00,,88.56
2010-12-06 02:00:00,176.0,89.37
2010-12-07 02:00:00,162.0,90.65
2010-12-08 02:00:00,168.0,89.74
2010-12-09 02:00:00,168.0,89.93
2010-12-10 02:00:00,167.0,91.25
2010-12-11 02:00:00,,90.78
2010-12-12 02:00:00,,89.74
2010-12-13 02:00:00,172.0,89.93
2010-12-14 02:00:00,166.0,90.63
2010-12-15 02:00:00,175.0,91.33
2010-12-16 02:00:00,184.0,89.54
2010-12-17 02:00:00,199.0,90.4
2010-12-18 02:00:00,,90.63
2010-12-19 02:00:00,,91.33
2010-12-20 02:00:00,183.0,91.09
2010-12-21 02:00:00,186.0,91.11
2010-12-22 02:00:00,181.0,93.55
2010-12-23 02:00:00,179.0,93.63
2010-12-24 02:00:00,179.0,91.31
2010-12-25 02:00:00,,93.11
2010-12-26 02:00:00,,93.55
2010-12-27 02:00:00,178.0,93.63
2010-12-28 02:00:00,178.0,93.52
2010-12-29 02:00:00,184.0,93.52
2010-12-30 02:00:00,180.0,92.5
2010-12-31 02:00:00,189.0,93.08
2011-01-01 02:00:00,,93.52
2011-01-02 02:00:00,,93.52
2011-01-03 02:00:00,181.0,92.5
2011-01-04 02:00:00,167.0,93.23
2011-01-05 02:00:00,164.0,95.07
2011-01-06 02:00:00,165.0,94.95
2011-01-07 02:00:00,169.0,95.82
2011-01-08 02:00:00,,93.52
2011-01-09 02:00:00,,95.07
2011-01-10 02:00:00,173.0,94.95
2011-01-11 02:00:00,168.0,94.25
2011-01-12 02:00:00,166.0,97.86
2011-01-13 02:00:00,168.0,97.86
2011-01-14 02:00:00,169.0,95.05
2011-01-15 02:00:00,,96.8
2011-01-16 02:00:00,,97.86
2011-01-17 02:00:00,169.0,97.86
2011-01-18 02:00:00,167.0,97.86
2011-01-19 02:00:00,175.0,98.42
2011-01-20 02:00:00,168.0,96.27
2011-01-21 02:00:00,169.0,96.84
2011-01-22 02:00:00,,97.83
2011-01-23 02:00:00,,98.42
2011-01-24 02:00:00,165.0,96.27
2011-01-25 02:00:00,173.0,96.84
2011-01-26 02:00:00,166.0,96.04
2011-01-27 02:00:00,174.0,96.48
2011-01-28 02:00:00,186.0,96.76
2011-01-29 02:00:00,,96.76
2011-01-30 02:00:00,,96.04
2011-01-31 02:00:00,179.0,96.48
2011-02-01 02:00:00,169.0,97.06
2011-02-02 02:00:00,165.0,101.3
2011-02-03 02:00:00,165.0,101.69
2011-02-04 02:00:00,160.0,98.97
2011-02-05 02:00:00,,100.4
2011-02-06 02:00:00,,101.3
2011-02-07 02:00:00,163.0,101.69
2011-02-08 02:00:00,162.0,99.43
2011-02-09 02:00:00,173.0,100.16
2011-02-10 02:00:00,171.0,100.74
2011-02-11 02:00:00,176.0,99.44
2011-02-12 02:00:00,,99.25
2011-02-13 02:00:00,,100.16
2011-02-14 02:00:00,181.0,100.74
2011-02-15 02:00:00,180.0,99.93
2011-02-16 02:00:00,175.0,102.78
2011-02-17 02:00:00,175.0,103.45
2011-02-18 02:00:00,176.0,103.12
2011-02-19 02:00:00,,102.48
2011-02-20 03:00:00,,102.78
2011-02-21 03:00:00,176.0,103.45
2011-02-22 03:00:00,183.0,102.2
2011-02-23 03:00:00,184.0,109.77
2011-02-24 03:00:00,188.0,113.91
2011-02-25 03:00:00,186.0,111.47
2011-02-26 03:00:00,,106.82
2011-02-27 03:00:00,,109.77
2011-02-28 03:00:00,177.0,113.91
2011-03-01 03:00:00,174.0,111.47
2011-03-02 03:00:00,168.0,116.89
2011-03-03 03:00:00,162.0,114.42
2011-03-04 03:00:00,166.0,112.27
2011-03-05 03:00:00,,113.34
2011-03-06 03:00:00,,116.89
2011-03-07 03:00:00,165.0,114.42
2011-03-08 03:00:00,156.0,115.71
2011-03-09 03:00:00,161.0,115.19
2011-03-10 03:00:00,173.0,114.07
2011-03-11 03:00:00,171.0,116.58
2011-03-12 03:00:00,,112.32
2011-03-13 03:00:00,,115.19
2011-03-14 03:00:00,174.0,114.07
2011-03-15 03:00:00,180.0,114.07
2011-03-16 03:00:00,191.0,110.96
2011-03-17 03:00:00,187.0,114.18
2011-03-18 03:00:00,184.0,112.95
2011-03-19 03:00:00,,111.11
2011-03-20 03:00:00,,110.96
2011-03-21 03:00:00,177.0,114.18
2011-03-22 03:00:00,178.0,114.13
2011-03-23 03:00:00,176.0,115.65
2011-03-24 03:00:00,173.0,115.41
2011-03-25 03:00:00,171.0,114.92
2011-03-26 03:00:00,,115.63
2011-03-27 03:00:00,,115.65
2011-03-28 03:00:00,170.0,115.41
2011-03-29 03:00:00,173.0,115.45
2011-03-30 03:00:00,170.0,115.35
2011-03-31 03:00:00,173.0,116.94
2011-04-01 03:00:00,171.0,115.95
2011-04-02 03:00:00,,115.58
2011-04-03 03:00:00,,115.35
2011-04-04 03:00:00,169.0,116.94
2011-04-05 03:00:00,168.0,118.63
2011-04-06 03:00:00,163.0,123.01
2011-04-07 03:00:00,164.0,122.9
2011-04-08 03:00:00,164.0,120.07
2011-04-09 03:00:00,,122.87
2011-04-10 03:00:00,,123.01
2011-04-11 03:00:00,164.0,122.9
2011-04-12 03:00:00,170.0,126.3
2011-04-13 03:00:00,171.0,122.7
2011-04-14 03:00:00,171.0,122.74
2011-04-15 03:00:00,175.0,126.46
2011-04-16 03:00:00,,121.33
2011-04-17 03:00:00,,122.7
2011-04-18 03:00:00,178.0,122.74
2011-04-19 03:00:00,181.0,124.63
2011-04-20 03:00:00,176.0,124.26
2011-04-21 03:00:00,176.0,123.64
2011-04-22 03:00:00,,121.69
2011-04-23 03:00:00,,121.35
2011-04-24 03:00:00,,124.26
2011-04-25 03:00:00,179.0,123.64
2011-04-26 03:00:00,179.0,124.55
2011-04-27 03:00:00,176.0,124.94
2011-04-28 03:00:00,176.0,126.59
2011-04-29 03:00:00,169.0,
2011-04-30 03:00:00,,124.55
2011-05-01 03:00:00,,124.94
2011-05-02 03:00:00,165.0,126.59
2011-05-03 03:00:00,169.0,124.01
2011-05-04 03:00:00,173.0,121.55
2011-05-05 03:00:00,171.0,111.93
2011-05-06 03:00:00,171.0,126.64
2011-05-07 03:00:00,,124.01
2011-05-08 03:00:00,,121.55
2011-05-09 03:00:00,168.0,111.93
2011-05-10 03:00:00,166.0,113.69
2011-05-11 03:00:00,171.0,115.66
2011-05-12 03:00:00,167.0,112.87
2011-05-13 03:00:00,168.0,113.21
2011-05-14 03:00:00,,117.82
2011-05-15 03:00:00,,115.66
2011-05-16 03:00:00,169.0,112.87
2011-05-17 03:00:00,169.0,113.08
2011-05-18 03:00:00,166.0,112.54
2011-05-19 03:00:00,163.0,113.2
2011-05-20 03:00:00,162.0,113.72
2011-05-21 03:00:00,,109.39
2011-05-22 03:00:00,,112.54
2011-05-23 03:00:00,165.0,113.2
2011-05-24 03:00:00,165.0,111.25
2011-05-25 03:00:00,166.0,114.47
2011-05-26 03:00:00,174.0,115.06
2011-05-27 03:00:00,175.0,110.13
2011-05-28 03:00:00,,112.52
2011-05-29 03:00:00,,114.47
2011-05-30 03:00:00,175.0,115.06
2011-05-31 03:00:00,175.0,114.85
2011-06-01 03:00:00,183.0,116.15
2011-06-02 03:00:00,174.0,114.3
2011-06-03 03:00:00,175.0,115.09
2011-06-04 03:00:00,,117.18
2011-06-05 03:00:00,,116.15
2011-06-06 03:00:00,177.0,114.3
2011-06-07 03:00:00,175.0,115.09
2011-06-08 03:00:00,179.0,118.43
2011-06-09 03:00:00,176.0,119.95
2011-06-10 03:00:00,177.0,115.4
2011-06-11 03:00:00,,116.14
2011-06-12 03:00:00,,118.43
2011-06-13 03:00:00,176.0,119.95
2011-06-14 03:00:00,161.0,120.35
2011-06-15 03:00:00,174.0,114.67
2011-06-16 03:00:00,179.0,118.71
2011-06-17 03:00:00,179.0,120.49
2011-06-18 03:00:00,,120.35
2011-06-19 03:00:00,,114.67
2011-06-20 03:00:00,172.0,114.69
2011-06-21 03:00:00,167.0,113.74
2011-06-22 03:00:00,166.0,113.59
2011-06-23 03:00:00,172.0,108.27
2011-06-24 03:00:00,175.0,112.21
2011-06-25 03:00:00,,112.02
2011-06-26 03:00:00,,113.59
2011-06-27 03:00:00,168.0,108.27
2011-06-28 03:00:00,160.0,104.79
2011-06-29 03:00:00,154.0,111.49
2011-06-30 03:00:00,148.0,111.71
2011-07-01 03:00:00,147.0,104.57
2011-07-02 03:00:00,,107.57
2011-07-03 03:00:00,,111.49
2011-07-04 03:00:00,147.0,111.71
2011-07-05 03:00:00,154.0,109.82
2011-07-06 03:00:00,159.0,113.55
2011-07-07 03:00:00,153.0,117.4
2011-07-08 03:00:00,163.0,117.4
2011-07-09 03:00:00,,113.21
2011-07-10 03:00:00,,113.55
2011-07-11 03:00:00,173.0,117.4
2011-07-12 03:00:00,173.0,117.4
2011-07-13 03:00:00,176.0,118.46
2011-07-14 03:00:00,172.0,117.38
2011-07-15 03:00:00,173.0,117.35
2011-07-16 03:00:00,,117.36
2011-07-17 03:00:00,,118.46
2011-07-18 03:00:00,170.0,117.38
2011-07-19 03:00:00,171.0,118.06
2011-07-20 03:00:00,166.0,118.52
2011-07-21 03:00:00,161.0,118.25
2011-07-22 03:00:00,163.0,117.05
2011-07-23 03:00:00,,118.18
2011-07-24 03:00:00,,118.52
2011-07-25 03:00:00,159.0,118.25
2011-07-26 03:00:00,159.0,118.99
2011-07-27 03:00:00,156.0,117.99
2011-07-28 03:00:00,153.0,118.16
2011-07-29 03:00:00,157.0,118.27
2011-07-30 03:00:00,,118.14
2011-07-31 03:00:00,,117.99
2011-08-01 03:00:00,157.0,118.16
2011-08-02 03:00:00,162.0,115.93
2011-08-03 03:00:00,166.0,113.74
2011-08-04 03:00:00,186.0,110.22
2011-08-05 03:00:00,179.0,116.3
2011-08-06 03:00:00,,116.02
2011-08-07 03:00:00,,113.74
2011-08-08 03:00:00,212.0,110.22
2011-08-09 03:00:00,217.0,106.92
2011-08-10 03:00:00,221.0,103.84
2011-08-11 03:00:00,215.0,107.82
2011-08-12 03:00:00,214.0,103.06
2011-08-13 03:00:00,,103.63
2011-08-14 03:00:00,,103.84
2011-08-15 03:00:00,199.0,107.82
2011-08-16 03:00:00,206.0,108.17
2011-08-17 03:00:00,206.0,111.37
2011-08-18 03:00:00,213.0,108.36
2011-08-19 03:00:00,215.0,108.89
2011-08-20 03:00:00,,109.69
2011-08-21 03:00:00,,111.37
2011-08-22 03:00:00,214.0,108.36
2011-08-23 03:00:00,213.0,109.37
2011-08-24 03:00:00,201.0,111.91
2011-08-25 03:00:00,204.0,111.91
2011-08-26 03:00:00,210.0,108.83
2011-08-27 03:00:00,,110.35
2011-08-28 03:00:00,,111.91
2011-08-29 03:00:00,200.0,111.91
2011-08-30 03:00:00,207.0,112.29
2011-08-31 03:00:00,194.0,116.48
2011-09-01 03:00:00,203.0,116.43
2011-09-02 03:00:00,214.0,115.92
2011-09-03 03:00:00,,115.59
2011-09-04 03:00:00,,116.48
2011-09-05 03:00:00,214.0,116.43
2011-09-06 03:00:00,217.0,115.92
2011-09-07 03:00:00,211.0,117.5
2011-09-08 03:00:00,217.0,117.99
2011-09-09 03:00:00,228.0,115.1
2011-09-10 03:00:00,,113.29
2011-09-11 03:00:00,,117.5
2011-09-12 03:00:00,232.0,117.99
2011-09-13 03:00:00,228.0,115.1
2011-09-14 03:00:00,233.0,113.1
2011-09-15 03:00:00,228.0,116.71
2011-09-16 03:00:00,231.0,114.75
2011-09-17 03:00:00,,114.08
2011-09-18 03:00:00,,113.1
2011-09-19 03:00:00,251.0,116.71
2011-09-20 03:00:00,244.0,116.26
2011-09-21 03:00:00,254.0,114.26
2011-09-22 03:00:00,282.0,109.21
2011-09-23 03:00:00,278.0,112.89
2011-09-24 03:00:00,,114.39
2011-09-25 03:00:00,,114.26
2011-09-26 03:00:00,282.0,109.21
2011-09-27 03:00:00,264.0,109.17
2011-09-28 03:00:00,265.0,108.52
2011-09-29 03:00:00,270.0,107.08
2011-09-30 03:00:00,275.0,107.9
2011-10-01 03:00:00,,109.54
2011-10-02 03:00:00,,108.52
2011-10-03 03:00:00,288.0,107.08
2011-10-04 03:00:00,289.0,105.42
2011-10-05 03:00:00,279.0,103.77
2011-10-06 03:00:00,262.0,104.38
2011-10-07 03:00:00,257.0,103.61
2011-10-08 03:00:00,,101.84
2011-10-09 03:00:00,,103.77
2011-10-10 03:00:00,257.0,104.38
2011-10-11 03:00:00,239.0,106.56
2011-10-12 03:00:00,223.0,112.44
2011-10-13 03:00:00,233.0,112.45
2011-10-14 03:00:00,225.0,109.49
2011-10-15 03:00:00,,109.22
2011-10-16 03:00:00,,112.44
2011-10-17 02:00:00,232.0,112.45
2011-10-18 02:00:00,232.0,114.33
2011-10-19 02:00:00,235.0,111.76
2011-10-20 02:00:00,237.0,109.0
2011-10-21 02:00:00,231.0,112.92
2011-10-22 02:00:00,,112.08
2011-10-23 02:00:00,,111.76
2011-10-24 02:00:00,226.0,109.0
2011-10-25 02:00:00,233.0,111.6
2011-10-26 02:00:00,224.0,110.43
2011-10-27 02:00:00,197.0,112.45
2011-10-28 02:00:00,212.0,111.67
2011-10-29 02:00:00,,112.11
2011-10-30 02:00:00,,110.43
2011-10-31 02:00:00,222.0,112.45
2011-11-01 02:00:00,229.0,110.01
2011-11-02 02:00:00,225.0,110.82
2011-11-03 02:00:00,215.0,110.76
2011-11-04 02:00:00,219.0,108.43
2011-11-05 02:00:00,,106.97
2011-11-06 02:00:00,,110.82
2011-11-07 02:00:00,223.0,110.76
2011-11-08 02:00:00,213.0,112.22
2011-11-09 02:00:00,230.0,115.29
2011-11-10 02:00:00,220.0,113.32
2011-11-11 02:00:00,220.0,114.75
2011-11-12 02:00:00,,115.61
2011-11-13 02:00:00,,115.29
2011-11-14 02:00:00,220.0,113.32
2011-11-15 02:00:00,219.0,114.43
2011-11-16 02:00:00,225.0,111.91
2011-11-17 02:00:00,236.0,109.25
2011-11-18 02:00:00,232.0,112.57
2011-11-19 02:00:00,,111.9
2011-11-20 02:00:00,,111.91
2011-11-21 02:00:00,241.0,109.25
2011-11-22 02:00:00,239.0,107.82
2011-11-23 02:00:00,248.0,106.83
2011-11-24 02:00:00,248.0,
2011-11-25 02:00:00,241.0,105.98
2011-11-26 02:00:00,,107.77
2011-11-27 02:00:00,,106.83
2011-11-28 02:00:00,241.0,109.38
2011-11-29 02:00:00,237.0,106.08
2011-11-30 02:00:00,228.0,111.22
2011-12-01 02:00:00,219.0,108.83
2011-12-02 02:00:00,224.0,109.38
2011-12-03 02:00:00,,111.25
2011-12-04 02:00:00,,111.22
2011-12-05 02:00:00,220.0,108.83
2011-12-06 02:00:00,214.0,109.59
2011-12-07 02:00:00,221.0,110.07
2011-12-08 02:00:00,221.0,108.23
2011-12-09 02:00:00,208.0,110.18
2011-12-10 02:00:00,,110.16
2011-12-11 02:00:00,,110.07
2011-12-12 02:00:00,211.0,108.23
2011-12-13 02:00:00,213.0,107.91
2011-12-14 02:00:00,222.0,105.72
2011-12-15 02:00:00,221.0,104.52
2011-12-16 02:00:00,231.0,107.82
2011-12-17 02:00:00,,109.25
2011-12-18 02:00:00,,105.72
2011-12-19 02:00:00,235.0,104.52
2011-12-20 02:00:00,223.0,104.0
2011-12-21 02:00:00,217.0,108.0
2011-12-22 02:00:00,219.0,108.98
2011-12-23 02:00:00,210.0,104.55
2011-12-24 02:00:00,,107.8
2011-12-25 02:00:00,,108.0
2011-12-26 02:00:00,210.0,108.98
2011-12-27 02:00:00,211.0,109.28
2011-12-28 02:00:00,220.0,107.54
2011-12-29 02:00:00,223.0,106.89
2011-12-30 02:00:00,223.0,108.09
2012-01-01 02:00:00,,107.54
2012-01-02 02:00:00,223.0,106.89
2012-01-03 02:00:00,217.0,108.09
2012-01-04 02:00:00,216.0,113.59
2012-01-05 02:00:00,214.0,111.96
2012-01-06 02:00:00,219.0,111.12
2012-01-07 02:00:00,,113.37
2012-01-08 02:00:00,,113.59
2012-01-09 02:00:00,220.0,111.96
2012-01-10 02:00:00,224.0,111.66
2012-01-11 02:00:00,233.0,112.97
2012-01-12 02:00:00,229.0,111.07
2012-01-13 02:00:00,237.0,113.3
2012-01-14 02:00:00,,111.66
2012-01-15 02:00:00,,112.97
2012-01-16 02:00:00,237.0,109.88
2012-01-17 02:00:00,234.0,109.81
2012-01-18 02:00:00,230.0,
2012-01-19 02:00:00,218.0,109.54
2012-01-20 02:00:00,213.0,110.55
2012-01-21 02:00:00,,109.81
2012-01-23 02:00:00,209.0,109.54
2012-01-24 02:00:00,212.0,108.5
2012-01-25 02:00:00,210.0,108.48
2012-01-26 02:00:00,218.0,109.08
2012-01-27 02:00:00,218.0,109.46
2012-01-28 02:00:00,,108.38
2012-01-29 02:00:00,,108.48
2012-01-30 02:00:00,224.0,109.08
2012-01-31 02:00:00,224.0,110.5
2012-02-01 02:00:00,216.0,111.96
2012-02-02 02:00:00,218.0,110.96
2012-02-03 02:00:00,207.0,110.24
2012-02-04 02:00:00,,110.26
2012-02-05 02:00:00,,111.96
2012-02-06 02:00:00,210.0,110.96
2012-02-07 02:00:00,203.0,112.56
2012-02-08 02:00:00,203.0,117.18
2012-02-09 02:00:00,196.0,118.4
2012-02-10 02:00:00,201.0,115.47
2012-02-11 02:00:00,,116.86
2012-02-12 02:00:00,,117.18
2012-02-13 02:00:00,196.0,118.4
2012-02-14 02:00:00,203.0,118.13
2012-02-15 02:00:00,205.0,120.25
2012-02-16 02:00:00,202.0,121.0
2012-02-17 02:00:00,198.0,118.73
2012-02-18 02:00:00,,118.3
2012-02-19 02:00:00,,120.25
2012-02-20 02:00:00,198.0,121.0
2012-02-21 02:00:00,194.0,120.69
2012-02-22 02:00:00,197.0,123.07
2012-02-23 02:00:00,201.0,124.53
2012-02-24 02:00:00,201.0,124.89
2012-02-25 02:00:00,,120.85
2012-02-26 03:00:00,,123.07
2012-02-27 03:00:00,206.0,124.53
2012-02-28 03:00:00,202.0,124.89
2012-02-29 03:00:00,196.0,122.23
2012-03-01 03:00:00,193.0,125.76
2012-03-02 03:00:00,190.0,126.46
2012-03-03 03:00:00,,124.02
2012-03-04 03:00:00,,122.23
2012-03-05 03:00:00,191.0,125.76
2012-03-06 03:00:00,200.0,125.93
2012-03-07 03:00:00,195.0,125.37
2012-03-08 03:00:00,186.0,127.96
2012-03-09 03:00:00,182.0,126.68
2012-03-10 03:00:00,,125.03
2012-03-11 03:00:00,,125.37
2012-03-12 03:00:00,176.0,127.96
2012-03-13 03:00:00,172.0,128.08
2012-03-14 03:00:00,166.0,126.98
2012-03-15 03:00:00,169.0,123.63
2012-03-16 03:00:00,171.0,127.27
2012-03-17 03:00:00,,128.14
2012-03-18 03:00:00,,126.98
2012-03-19 03:00:00,166.0,123.63
2012-03-20 03:00:00,165.0,125.09
2012-03-21 03:00:00,167.0,123.89
2012-03-22 03:00:00,171.0,122.49
2012-03-23 03:00:00,174.0,125.76
2012-03-24 03:00:00,,124.38
2012-03-25 03:00:00,,123.89
2012-03-26 03:00:00,173.0,122.49
2012-03-27 03:00:00,177.0,125.21
2012-03-28 03:00:00,179.0,124.41
2012-03-29 03:00:00,183.0,123.23
2012-03-30 03:00:00,177.0,125.85
2012-03-31 03:00:00,,125.25
2012-04-01 03:00:00,,124.41
2012-04-02 03:00:00,178.0,123.23
2012-04-03 03:00:00,167.0,123.41
2012-04-04 03:00:00,178.0,123.04
2012-04-05 03:00:00,185.0,123.58
2012-04-06 03:00:00,,124.44
2012-04-07 03:00:00,,125.66
2012-04-08 03:00:00,,123.04
2012-04-09 03:00:00,196.0,123.58
2012-04-10 03:00:00,194.0,121.89
2012-04-11 03:00:00,188.0,120.41
2012-04-12 03:00:00,181.0,120.57
2012-04-13 03:00:00,188.0,120.62
2012-04-14 03:00:00,,121.89
2012-04-15 03:00:00,,120.41
2012-04-16 03:00:00,190.0,120.57
2012-04-17 03:00:00,183.0,120.62
2012-04-18 03:00:00,184.0,115.18
2012-04-19 03:00:00,181.0,117.0
2012-04-20 03:00:00,183.0,118.23
2012-04-21 03:00:00,,117.41
2012-04-22 03:00:00,,115.18
2012-04-23 03:00:00,188.0,117.0
2012-04-24 03:00:00,185.0,118.08
2012-04-25 03:00:00,185.0,117.45
2012-04-26 03:00:00,186.0,119.33
2012-04-27 03:00:00,188.0,116.66
2012-04-28 03:00:00,,117.74
2012-04-29 03:00:00,,117.45
2012-04-30 03:00:00,188.0,119.33
2012-05-01 03:00:00,184.0,119.3
2012-05-02 03:00:00,183.0,117.57
2012-05-03 03:00:00,182.0,115.91
2012-05-04 03:00:00,187.0,118.66
2012-05-05 03:00:00,,119.57
2012-05-06 03:00:00,,117.57
2012-05-07 03:00:00,188.0,115.91
2012-05-08 03:00:00,193.0,111.66
2012-05-09 03:00:00,196.0,111.89
2012-05-10 03:00:00,195.0,112.24
2012-05-11 03:00:00,201.0,112.5
2012-05-12 03:00:00,,110.48
2012-05-13 03:00:00,,111.89
2012-05-14 03:00:00,208.0,112.24
2012-05-15 03:00:00,212.0,112.5
2012-05-16 03:00:00,216.0,109.8
2012-05-17 03:00:00,227.0,109.31
2012-05-18 03:00:00,228.0,110.79
2012-05-19 03:00:00,,111.4
2012-05-20 03:00:00,,109.8
2012-05-21 03:00:00,226.0,109.31
2012-05-22 03:00:00,223.0,108.03
2012-05-23 03:00:00,234.0,106.88
2012-05-24 03:00:00,229.0,107.2
2012-05-25 03:00:00,229.0,109.02
2012-05-26 03:00:00,,109.76
2012-05-27 03:00:00,,106.88
2012-05-28 03:00:00,229.0,107.2
2012-05-29 03:00:00,229.0,107.86
2012-05-30 03:00:00,237.0,103.85
2012-05-31 03:00:00,244.0,103.86
2012-06-01 03:00:00,251.0,98.63
2012-06-02 03:00:00,,107.55
2012-06-03 03:00:00,,103.85
2012-06-04 03:00:00,244.0,103.86
2012-06-05 03:00:00,234.0,98.63
2012-06-06 03:00:00,221.0,101.14
2012-06-07 03:00:00,222.0,100.05
2012-06-08 03:00:00,222.0,97.74
2012-06-09 03:00:00,,98.65
2012-06-10 03:00:00,,101.14
2012-06-11 03:00:00,226.0,100.05
2012-06-12 03:00:00,216.0,97.57
2012-06-13 03:00:00,214.0,97.29
2012-06-14 03:00:00,213.0,96.46
2012-06-15 03:00:00,203.0,98.6
2012-06-16 03:00:00,,96.59
2012-06-17 03:00:00,,97.29
2012-06-18 03:00:00,211.0,96.46
2012-06-19 03:00:00,211.0,97.13
2012-06-20 03:00:00,211.0,93.5
2012-06-21 03:00:00,212.0,89.22
2012-06-22 03:00:00,208.0,95.21
2012-06-23 03:00:00,,95.14
2012-06-24 03:00:00,,93.5
2012-06-25 03:00:00,214.0,89.22
2012-06-26 03:00:00,213.0,89.22
2012-06-27 03:00:00,213.0,92.06
2012-06-28 03:00:00,219.0,91.02
2012-06-29 03:00:00,208.0,88.69
2012-06-30 03:00:00,,90.19
2012-07-01 03:00:00,,92.06
2012-07-02 03:00:00,213.0,91.02
2012-07-03 03:00:00,205.0,94.17
2012-07-04 03:00:00,205.0,
2012-07-05 03:00:00,205.0,101.54
2012-07-06 03:00:00,208.0,95.28
2012-07-07 03:00:00,,99.89
2012-07-09 03:00:00,208.0,101.54
2012-07-10 03:00:00,211.0,98.5
2012-07-11 03:00:00,208.0,99.23
2012-07-12 03:00:00,206.0,99.18
2012-07-13 03:00:00,203.0,99.94
2012-07-14 03:00:00,,99.15
2012-07-15 03:00:00,,99.23
2012-07-16 03:00:00,200.0,99.18
2012-07-17 03:00:00,195.0,101.91
2012-07-18 03:00:00,199.0,105.92
2012-07-19 03:00:00,197.0,107.79
2012-07-20 03:00:00,198.0,102.1
2012-07-21 03:00:00,,104.21
2012-07-22 03:00:00,,105.92
2012-07-23 03:00:00,205.0,107.79
2012-07-24 03:00:00,211.0,106.98
2012-07-25 03:00:00,210.0,102.35
2012-07-26 03:00:00,207.0,104.77
2012-07-27 03:00:00,190.0,103.91
2012-07-28 03:00:00,,103.57
2012-07-29 03:00:00,,102.35
2012-07-30 03:00:00,182.0,104.77
2012-07-31 03:00:00,183.0,106.3
2012-08-01 03:00:00,175.0,106.78
2012-08-02 03:00:00,182.0,107.55
2012-08-03 03:00:00,174.0,106.54
2012-08-04 03:00:00,,105.93
2012-08-05 03:00:00,,106.78
2012-08-06 03:00:00,173.0,107.55
2012-08-07 03:00:00,169.0,109.57
2012-08-08 03:00:00,164.0,113.42
2012-08-09 03:00:00,165.0,113.52
2012-08-10 03:00:00,169.0,110.01
2012-08-11 03:00:00,,112.39
2012-08-12 03:00:00,,113.42
2012-08-13 03:00:00,169.0,113.52
2012-08-14 03:00:00,166.0,113.13
2012-08-15 03:00:00,163.0,115.51
2012-08-16 03:00:00,166.0,116.12
2012-08-17 03:00:00,167.0,114.48
2012-08-18 03:00:00,,113.9
2012-08-19 03:00:00,,115.51
2012-08-20 03:00:00,168.0,116.12
2012-08-21 03:00:00,167.0,115.2
2012-08-22 03:00:00,169.0,115.77
2012-08-23 03:00:00,172.0,117.45
2012-08-24 03:00:00,174.0,115.5
2012-08-25 03:00:00,,116.03
2012-08-26 03:00:00,,115.77
2012-08-27 03:00:00,177.0,117.45
2012-08-28 03:00:00,173.0,115.76
2012-08-29 03:00:00,173.0,112.53
2012-08-30 03:00:00,175.0,112.28
2012-08-31 03:00:00,181.0,113.74
2012-09-01 03:00:00,,112.62
2012-09-02 03:00:00,,112.53
2012-09-03 03:00:00,181.0,112.28
2012-09-04 03:00:00,176.0,113.93
2012-09-05 03:00:00,176.0,113.32
2012-09-06 03:00:00,165.0,114.5
2012-09-07 03:00:00,166.0,113.64
2012-09-08 03:00:00,,114.98
2012-09-09 03:00:00,,113.32
2012-09-10 03:00:00,165.0,114.5
2012-09-11 03:00:00,163.0,113.64
2012-09-12 03:00:00,157.0,114.86
2012-09-13 03:00:00,157.0,116.0
2012-09-14 03:00:00,149.0,113.84
2012-09-15 03:00:00,,114.86
2012-09-16 03:00:00,,114.86
2012-09-17 03:00:00,153.0,116.0
2012-09-18 03:00:00,155.0,117.48
2012-09-19 03:00:00,156.0,108.49
2012-09-20 03:00:00,156.0,109.41
2012-09-21 03:00:00,154.0,116.7
2012-09-22 03:00:00,,113.29
2012-09-23 03:00:00,,108.49
2012-09-24 03:00:00,157.0,109.41
2012-09-25 03:00:00,164.0,111.27
2012-09-26 03:00:00,168.0,108.99
2012-09-27 03:00:00,166.0,111.45
2012-09-28 03:00:00,166.0,109.2
2012-09-29 03:00:00,,110.77
2012-09-30 03:00:00,,108.99
2012-10-01 03:00:00,162.0,111.45
2012-10-02 03:00:00,159.0,111.36
2012-10-03 03:00:00,157.0,109.32
2012-10-04 03:00:00,153.0,110.48
2012-10-05 03:00:00,146.0,112.58
2012-10-06 03:00:00,,112.49
2012-10-07 03:00:00,,109.32
2012-10-08 03:00:00,146.0,110.48
2012-10-09 03:00:00,149.0,112.17
2012-10-10 03:00:00,153.0,116.11
2012-10-11 03:00:00,155.0,116.18
2012-10-12 03:00:00,152.0,115.17
2012-10-13 03:00:00,,114.32
2012-10-14 03:00:00,,116.11
2012-10-15 03:00:00,151.0,116.18
2012-10-16 03:00:00,146.0,115.17
2012-10-17 03:00:00,140.0,113.49
2012-10-18 03:00:00,137.0,112.58
2012-10-19 03:00:00,145.0,115.0
2012-10-20 03:00:00,,115.0
2012-10-21 03:00:00,,113.49
2012-10-22 02:00:00,145.0,112.58
2012-10-23 02:00:00,146.0,111.89
2012-10-24 02:00:00,145.0,107.66
2012-10-25 02:00:00,144.0,107.64
2012-10-26 02:00:00,154.0,109.62
2012-10-27 02:00:00,,107.53
2012-10-28 02:00:00,,107.66
2012-10-29 02:00:00,157.0,107.64
2012-10-30 02:00:00,157.0,108.9
2012-10-31 02:00:00,158.0,109.89
2012-11-01 02:00:00,152.0,108.84
2012-11-02 02:00:00,153.0,109.33
2012-11-03 02:00:00,,109.4
2012-11-04 02:00:00,,109.89
2012-11-05 02:00:00,147.0,108.84
2012-11-06 02:00:00,143.0,106.79
2012-11-07 02:00:00,147.0,108.21
2012-11-08 02:00:00,152.0,107.23
2012-11-09 02:00:00,154.0,105.59
2012-11-10 02:00:00,,109.27
2012-11-11 02:00:00,,108.21
2012-11-12 02:00:00,154.0,107.23
2012-11-13 02:00:00,160.0,108.61
2012-11-14 02:00:00,164.0,109.66
2012-11-15 02:00:00,166.0,110.07
2012-11-16 02:00:00,165.0,110.23
2012-11-17 02:00:00,,108.82
2012-11-18 02:00:00,,109.66
2012-11-19 02:00:00,162.0,110.07
2012-11-20 02:00:00,158.0,106.81
2012-11-21 02:00:00,154.0,110.81
2012-11-22 02:00:00,154.0,
2012-11-23 02:00:00,154.0,110.06
2012-11-24 02:00:00,,110.01
2012-11-25 02:00:00,,110.81
2012-11-26 02:00:00,155.0,110.18
2012-11-27 02:00:00,154.0,110.14
2012-11-28 02:00:00,155.0,108.26
2012-11-29 02:00:00,152.0,110.47
2012-11-30 02:00:00,153.0,110.18
2012-12-01 02:00:00,,109.33
2012-12-02 02:00:00,,108.26
2012-12-03 02:00:00,155.0,110.47
2012-12-04 02:00:00,156.0,110.84
2012-12-05 02:00:00,156.0,108.96
2012-12-06 02:00:00,158.0,108.01
2012-12-07 02:00:00,154.0,111.27
2012-12-08 02:00:00,,109.99
2012-12-09 02:00:00,,108.96
2012-12-10 02:00:00,155.0,108.01
2012-12-11 02:00:00,153.0,107.16
2012-12-12 02:00:00,148.0,110.17
2012-12-13 02:00:00,147.0,
2012-12-14 02:00:00,146.0,108.25
2012-12-15 02:00:00,,107.6
2012-12-16 02:00:00,,110.17
2012-12-17 02:00:00,140.0,109.35
2012-12-18 02:00:00,138.0,109.28
2012-12-19 02:00:00,137.0,109.95
2012-12-20 02:00:00,138.0,110.57
2012-12-21 02:00:00,143.0,109.35
2012-12-22 02:00:00,,109.96
2012-12-23 02:00:00,,109.95
2012-12-24 02:00:00,141.0,110.57
2012-12-25 02:00:00,,109.13
2012-12-26 02:00:00,142.0,110.72
2012-12-27 02:00:00,146.0,110.04
2012-12-28 02:00:00,148.0,108.44
2012-12-30 02:00:00,,110.72
2012-12-31 02:00:00,142.0,110.04
2013-01-01 02:00:00,,110.05
2013-01-02 02:00:00,136.0,112.98
2013-01-03 02:00:00,137.0,113.03
2013-01-04 02:00:00,137.0,110.8
2013-01-06 02:00:00,,112.98
2013-01-07 02:00:00,142.0,113.03
2013-01-08 02:00:00,146.0,112.58
2013-01-09 02:00:00,148.0,113.07
2013-01-10 02:00:00,146.0,112.97
2013-01-11 02:00:00,147.0,112.49
2013-01-12 02:00:00,,113.03
2013-01-13 02:00:00,,113.07
2013-01-14 02:00:00,143.0,112.97
2013-01-15 02:00:00,147.0,110.3
2013-01-16 02:00:00,148.0,110.97
2013-01-17 02:00:00,146.0,111.01
2013-01-18 02:00:00,147.0,111.32
2013-01-19 02:00:00,,111.72
2013-01-20 02:00:00,,110.97
2013-01-21 02:00:00,147.0,111.01
2013-01-22 02:00:00,148.0,111.71
2013-01-23 02:00:00,149.0,113.68
2013-01-24 02:00:00,151.0,114.59
2013-01-25 02:00:00,147.0,113.88
2013-01-26 02:00:00,,112.72
2013-01-27 02:00:00,,113.68
2013-01-28 02:00:00,148.0,114.59
2013-01-29 02:00:00,150.0,113.88
2013-01-30 02:00:00,153.0,115.42
2013-01-31 02:00:00,155.0,115.55
2013-02-01 02:00:00,151.0,113.92
2013-02-02 02:00:00,,115.22
2013-02-03 02:00:00,,115.42
2013-02-04 02:00:00,155.0,115.55
2013-02-05 02:00:00,153.0,115.55
2013-02-06 02:00:00,156.0,
2013-02-07 02:00:00,156.0,117.17
2013-02-08 02:00:00,155.0,116.06
2013-02-09 02:00:00,,117.03
2013-02-11 02:00:00,156.0,117.17
2013-02-12 02:00:00,156.0,118.9
2013-02-13 02:00:00,154.0,118.43
2013-02-14 02:00:00,156.0,118.48
2013-02-15 02:00:00,158.0,118.29
2013-02-16 02:00:00,,117.89
2013-02-17 03:00:00,,118.43
2013-02-18 03:00:00,158.0,118.48
2013-02-19 03:00:00,158.0,117.4
2013-02-20 03:00:00,169.0,116.23
2013-02-21 03:00:00,171.0,114.19
2013-02-22 03:00:00,171.0,113.74
2013-02-23 03:00:00,,117.04
2013-02-24 03:00:00,,116.23
2013-02-25 03:00:00,173.0,114.19
2013-02-26 03:00:00,176.0,113.74
2013-02-27 03:00:00,173.0,112.24
2013-02-28 03:00:00,178.0,112.2
2013-03-01 03:00:00,182.0,114.55
2013-03-02 03:00:00,,112.96
2013-03-03 03:00:00,,112.24
2013-03-04 03:00:00,178.0,112.2
2013-03-05 03:00:00,171.0,110.14
2013-03-06 03:00:00,167.0,110.27
2013-03-07 03:00:00,166.0,110.42
2013-03-08 03:00:00,167.0,109.9
2013-03-09 03:00:00,,110.42
2013-03-10 03:00:00,,110.27
2013-03-11 03:00:00,170.0,110.42
2013-03-12 03:00:00,169.0,108.91
2013-03-13 03:00:00,177.0,107.51
2013-03-14 03:00:00,174.0,108.1
2013-03-15 03:00:00,179.0,108.64
2013-03-16 03:00:00,,108.48
2013-03-17 03:00:00,,107.51
2013-03-18 03:00:00,179.0,108.1
2013-03-19 03:00:00,188.0,109.32
2013-03-20 03:00:00,187.0,108.27
2013-03-21 03:00:00,189.0,106.41
2013-03-22 03:00:00,194.0,108.54
2013-03-24 03:00:00,,108.27
2013-03-25 03:00:00,191.0,106.41
2013-03-26 03:00:00,191.0,106.51
2013-03-27 03:00:00,191.0,108.51
2013-03-28 03:00:00,189.0,108.45
2013-03-29 03:00:00,,106.66
2013-03-30 03:00:00,,107.1
2013-03-31 03:00:00,,108.51
2013-04-01 03:00:00,191.0,108.45
2013-04-02 03:00:00,188.0,109.66
2013-04-03 03:00:00,185.0,107.82
2013-04-04 03:00:00,181.0,105.09
2013-04-05 03:00:00,181.0,108.76
2013-04-06 03:00:00,,109.66
2013-04-07 03:00:00,,107.82
2013-04-08 03:00:00,178.0,105.09
2013-04-09 03:00:00,174.0,103.98
2013-04-10 03:00:00,169.0,104.8
2013-04-11 03:00:00,165.0,103.62
2013-04-12 03:00:00,168.0,103.16
2013-04-13 03:00:00,,104.08
2013-04-14 03:00:00,,104.8
2013-04-15 03:00:00,174.0,103.62
2013-04-16 03:00:00,172.0,100.58
2013-04-17 03:00:00,173.0,96.84
2013-04-18 03:00:00,178.0,97.48
2013-04-19 03:00:00,176.0,99.32
2013-04-20 03:00:00,,97.88
2013-04-21 03:00:00,,96.84
2013-04-22 03:00:00,174.0,97.48
2013-04-23 03:00:00,174.0,98.94
2013-04-24 03:00:00,176.0,100.71
2013-04-25 03:00:00,174.0,101.62
2013-04-26 03:00:00,175.0,99.07
2013-04-27 03:00:00,,99.25
2013-04-28 03:00:00,,100.71
2013-04-29 03:00:00,173.0,101.62
2013-04-30 03:00:00,171.0,102.39
2013-05-01 03:00:00,170.0,98.34
2013-05-02 03:00:00,169.0,100.32
2013-05-03 03:00:00,165.0,102.88
2013-05-04 03:00:00,,101.53
2013-05-05 03:00:00,,98.34
2013-05-06 03:00:00,162.0,100.32
2013-05-07 03:00:00,161.0,104.6
2013-05-08 03:00:00,164.0,103.79
2013-05-09 03:00:00,161.0,103.59
2013-05-10 03:00:00,161.0,105.0
2013-05-11 03:00:00,,105.18
2013-05-12 03:00:00,,103.79
2013-05-13 03:00:00,165.0,103.59
2013-05-14 03:00:00,162.0,101.31
2013-05-15 03:00:00,168.0,101.57
2013-05-16 03:00:00,177.0,104.27
2013-05-17 03:00:00,175.0,102.17
2013-05-18 03:00:00,,102.7
2013-05-19 03:00:00,,101.57
2013-05-20 03:00:00,176.0,104.27
2013-05-21 03:00:00,181.0,103.83
2013-05-22 03:00:00,178.0,102.14
2013-05-23 03:00:00,189.0,100.46
2013-05-24 03:00:00,191.0,104.55
2013-05-25 03:00:00,,103.1
2013-05-26 03:00:00,,102.14
2013-05-27 03:00:00,191.0,100.46
2013-05-28 03:00:00,197.0,101.24
2013-05-29 03:00:00,203.0,102.14
2013-05-30 03:00:00,198.0,101.79
2013-05-31 03:00:00,206.0,100.43
2013-06-01 03:00:00,,103.77
2013-06-02 03:00:00,,102.14
2013-06-03 03:00:00,207.0,101.79
2013-06-04 03:00:00,206.0,100.43
2013-06-05 03:00:00,210.0,103.51
2013-06-06 03:00:00,218.0,103.37
2013-06-07 03:00:00,213.0,101.63
2013-06-08 03:00:00,,102.04
2013-06-09 03:00:00,,103.51
2013-06-10 03:00:00,222.0,103.37
2013-06-11 03:00:00,236.0,104.07
2013-06-12 03:00:00,226.0,103.11
2013-06-13 03:00:00,212.0,103.38
2013-06-14 03:00:00,216.0,103.87
2013-06-15 03:00:00,,101.5
2013-06-16 03:00:00,,103.11
2013-06-17 03:00:00,216.0,103.38
2013-06-18 03:00:00,224.0,105.1
2013-06-19 03:00:00,233.0,105.56
2013-06-20 03:00:00,249.0,102.72
2013-06-21 03:00:00,253.0,105.8
2013-06-22 03:00:00,,105.21
2013-06-23 03:00:00,,105.56
2013-06-24 03:00:00,263.0,102.72
2013-06-25 03:00:00,252.0,100.36
2013-06-26 03:00:00,248.0,100.62
2013-06-27 03:00:00,244.0,102.74
2013-06-28 03:00:00,237.0,99.8
2013-06-29 03:00:00,,101.51
2013-06-30 03:00:00,,100.62
2013-07-01 03:00:00,232.0,102.74
2013-07-02 03:00:00,236.0,102.49
2013-07-03 03:00:00,239.0,106.12
2013-07-04 03:00:00,239.0,
2013-07-05 03:00:00,236.0,103.19
2013-07-06 03:00:00,,103.96
2013-07-07 03:00:00,,106.12
2013-07-08 03:00:00,241.0,107.75
2013-07-09 03:00:00,243.0,107.46
2013-07-10 03:00:00,238.0,108.43
2013-07-11 03:00:00,239.0,108.18
2013-07-12 03:00:00,234.0,107.75
2013-07-13 03:00:00,,107.9
2013-07-14 03:00:00,,108.43
2013-07-15 03:00:00,224.0,108.18
2013-07-16 03:00:00,221.0,109.03
2013-07-17 03:00:00,211.0,109.67
2013-07-18 03:00:00,203.0,109.71
2013-07-19 03:00:00,207.0,109.05
2013-07-20 03:00:00,,109.29
2013-07-21 03:00:00,,109.67
2013-07-22 03:00:00,207.0,109.71
2013-07-23 03:00:00,208.0,109.34
2013-07-24 03:00:00,211.0,108.23
2013-07-25 03:00:00,217.0,108.1
2013-07-26 03:00:00,230.0,108.82
2013-07-27 03:00:00,,109.27
2013-07-28 03:00:00,,108.23
2013-07-29 03:00:00,233.0,108.1
2013-07-30 03:00:00,236.0,107.57
2013-07-31 03:00:00,235.0,107.89
2013-08-01 03:00:00,233.0,109.94
2013-08-02 03:00:00,236.0,108.1
2013-08-03 03:00:00,,107.47
2013-08-04 03:00:00,,107.89
2013-08-05 03:00:00,233.0,109.94
2013-08-06 03:00:00,232.0,109.63
2013-08-07 03:00:00,237.0,108.39
2013-08-08 03:00:00,234.0,107.32
2013-08-09 03:00:00,236.0,109.81
2013-08-10 03:00:00,,108.77
2013-08-11 03:00:00,,108.39
2013-08-12 03:00:00,230.0,107.32
2013-08-13 03:00:00,222.0,108.49
2013-08-14 03:00:00,226.0,110.26
2013-08-15 03:00:00,228.0,111.58
2013-08-16 03:00:00,232.0,109.28
2013-08-17 03:00:00,,110.69
2013-08-18 03:00:00,,110.26
2013-08-19 03:00:00,240.0,111.58
2013-08-20 03:00:00,241.0,111.82
2013-08-21 03:00:00,246.0,110.82
2013-08-22 03:00:00,238.0,110.51
2013-08-23 03:00:00,242.0,111.41
2013-08-24 03:00:00,,110.74
2013-08-25 03:00:00,,110.82
2013-08-26 03:00:00,242.0,110.51
2013-08-27 03:00:00,249.0,112.12
2013-08-28 03:00:00,248.0,116.27
2013-08-29 03:00:00,251.0,116.91
2013-08-30 03:00:00,251.0,112.23
2013-08-31 03:00:00,,115.21
2013-09-01 03:00:00,,116.27
2013-09-02 03:00:00,251.0,116.91
2013-09-03 03:00:00,248.0,115.97
2013-09-04 03:00:00,250.0,115.65
2013-09-05 03:00:00,243.0,115.81
2013-09-06 03:00:00,237.0,117.15
2013-09-07 03:00:00,,115.49
2013-09-08 03:00:00,,115.65
2013-09-09 03:00:00,230.0,115.81
2013-09-10 03:00:00,235.0,117.15
2013-09-11 03:00:00,230.0,112.37
2013-09-12 03:00:00,231.0,113.11
2013-09-13 03:00:00,229.0,115.2
2013-09-14 03:00:00,,112.1
2013-09-15 03:00:00,,112.37
2013-09-16 03:00:00,222.0,113.11
2013-09-17 03:00:00,217.0,113.31
2013-09-18 03:00:00,211.0,109.09
2013-09-19 03:00:00,208.0,110.66
2013-09-20 03:00:00,213.0,110.86
2013-09-21 03:00:00,,109.05
2013-09-22 03:00:00,,109.09
2013-09-23 03:00:00,213.0,110.66
2013-09-24 03:00:00,221.0,110.22
2013-09-25 03:00:00,221.0,109.46
2013-09-26 03:00:00,228.0,108.86
2013-09-27 03:00:00,231.0,108.56
2013-09-28 03:00:00,,107.68
2013-09-29 03:00:00,,109.46
2013-09-30 03:00:00,236.0,108.86
2013-10-01 03:00:00,234.0,109.45
2013-10-02 03:00:00,234.0,109.09
2013-10-03 03:00:00,234.0,109.49
2013-10-04 03:00:00,230.0,107.85
2013-10-05 03:00:00,,107.32
2013-10-06 03:00:00,,109.09
2013-10-07 03:00:00,228.0,109.49
2013-10-08 03:00:00,225.0,109.42
2013-10-09 03:00:00,222.0,109.02
2013-10-10 03:00:00,219.0,111.63
2013-10-11 03:00:00,213.0,109.66
2013-10-12 03:00:00,,110.56
2013-10-13 03:00:00,,109.02
2013-10-14 03:00:00,213.0,111.63
2013-10-15 03:00:00,207.0,110.65
2013-10-16 03:00:00,211.0,110.79
2013-10-17 03:00:00,214.0,109.55
2013-10-18 03:00:00,206.0,110.13
2013-10-19 03:00:00,,110.67
2013-10-20 03:00:00,,110.79
2013-10-21 02:00:00,211.0,109.55
2013-10-22 02:00:00,213.0,109.57
2013-10-23 02:00:00,213.0,107.74
2013-10-24 02:00:00,215.0,106.63
2013-10-25 02:00:00,219.0,109.47
2013-10-26 02:00:00,,109.57
2013-10-27 02:00:00,,107.74
2013-10-28 02:00:00,219.0,106.63
2013-10-29 02:00:00,219.0,105.7
2013-10-30 02:00:00,216.0,108.41
2013-10-31 02:00:00,220.0,107.53
2013-11-01 02:00:00,224.0,108.29
2013-11-02 02:00:00,,108.04
2013-11-03 02:00:00,,108.41
2013-11-04 02:00:00,223.0,107.53
2013-11-05 02:00:00,224.0,105.78
2013-11-06 02:00:00,226.0,105.46
2013-11-07 02:00:00,233.0,103.08
2013-11-08 02:00:00,237.0,104.85
2013-11-09 02:00:00,,105.01
2013-11-10 02:00:00,,105.46
2013-11-11 02:00:00,237.0,103.08
2013-11-12 02:00:00,242.0,104.29
2013-11-13 02:00:00,241.0,106.9
2013-11-14 02:00:00,235.0,108.29
2013-11-15 02:00:00,233.0,105.76
2013-11-16 02:00:00,,106.29
2013-11-17 02:00:00,,106.9
2013-11-18 02:00:00,232.0,108.29
2013-11-19 02:00:00,236.0,108.25
2013-11-20 02:00:00,235.0,108.27
2013-11-21 02:00:00,236.0,109.9
2013-11-22 02:00:00,237.0,108.8
2013-11-23 02:00:00,,108.29
2013-11-24 02:00:00,,108.27
2013-11-25 02:00:00,242.0,109.9
2013-11-26 02:00:00,243.0,111.36
2013-11-27 02:00:00,247.0,111.32
2013-11-28 02:00:00,247.0,
2013-11-29 02:00:00,247.0,110.83
2013-11-30 02:00:00,,112.04
2013-12-01 02:00:00,,111.32
2013-12-02 02:00:00,255.0,111.49
2013-12-03 02:00:00,259.0,111.07
2013-12-04 02:00:00,257.0,113.27
2013-12-05 02:00:00,255.0,112.07
2013-12-06 02:00:00,246.0,111.49
2013-12-07 02:00:00,,113.06
2013-12-08 02:00:00,,113.27
2013-12-09 02:00:00,246.0,112.07
2013-12-10 02:00:00,247.0,111.5
2013-12-11 02:00:00,243.0,109.47
2013-12-12 02:00:00,235.0,108.99
2013-12-13 02:00:00,234.0,110.07
2013-12-14 02:00:00,,108.91
2013-12-15 02:00:00,,109.47
2013-12-16 02:00:00,232.0,108.99
2013-12-17 02:00:00,238.0,108.08
2013-12-18 02:00:00,235.0,109.56
2013-12-19 02:00:00,230.0,110.78
2013-12-20 02:00:00,232.0,110.3
2013-12-21 02:00:00,,108.91
2013-12-22 02:00:00,,109.56
2013-12-23 02:00:00,229.0,110.78
2013-12-24 02:00:00,223.0,112.15
2013-12-26 02:00:00,222.0,111.65
2013-12-27 02:00:00,226.0,111.58
2013-12-28 02:00:00,,111.57
2013-12-30 02:00:00,228.0,111.65
2013-12-31 02:00:00,224.0,112.06
2014-01-02 02:00:00,230.0,107.94
2014-01-03 02:00:00,229.0,110.47
2014-01-04 02:00:00,,109.95
2014-01-06 02:00:00,236.0,107.94
2014-01-07 02:00:00,245.0,106.57
2014-01-08 02:00:00,248.0,107.42
2014-01-09 02:00:00,245.0,107.49
2014-01-10 02:00:00,249.0,106.71
2014-01-11 02:00:00,,107.01
2014-01-12 02:00:00,,107.42
2014-01-13 02:00:00,251.0,107.49
2014-01-14 02:00:00,248.0,106.44
2014-01-15 02:00:00,243.0,108.09
2014-01-16 02:00:00,246.0,107.46
2014-01-17 02:00:00,248.0,108.02
2014-01-18 02:00:00,,107.12
2014-01-19 02:00:00,,108.09
2014-01-20 02:00:00,248.0,107.46
2014-01-21 02:00:00,248.0,108.45
2014-01-22 02:00:00,252.0,109.69
2014-01-23 02:00:00,261.0,109.69
2014-01-24 02:00:00,264.0,108.01
2014-01-25 02:00:00,,109.17
2014-01-26 02:00:00,,109.69
2014-01-27 02:00:00,264.0,109.69
2014-01-28 02:00:00,264.0,109.14
2014-01-29 02:00:00,273.0,108.83
2014-01-30 02:00:00,273.0,109.36
2014-01-31 02:00:00,272.0,108.72
2014-02-01 02:00:00,,109.1
2014-02-02 02:00:00,,108.83
2014-02-03 02:00:00,278.0,109.36
2014-02-04 02:00:00,268.0,108.16
2014-02-05 02:00:00,260.0,106.81
2014-02-06 02:00:00,254.0,108.15
2014-02-07 02:00:00,252.0,106.55
2014-02-08 02:00:00,,107.04
2014-02-09 02:00:00,,106.81
2014-02-10 02:00:00,256.0,108.15
2014-02-11 02:00:00,255.0,110.12
2014-02-12 02:00:00,255.0,108.62
2014-02-13 02:00:00,257.0,108.98
2014-02-14 02:00:00,256.0,110.18
2014-02-15 02:00:00,,109.21
2014-02-16 03:00:00,,108.62
2014-02-17 03:00:00,256.0,108.98
2014-02-18 03:00:00,259.0,108.63
2014-02-19 03:00:00,251.0,110.37
2014-02-20 03:00:00,249.0,109.42
2014-02-21 03:00:00,246.0,109.03
2014-02-22 03:00:00,,110.14
2014-02-23 03:00:00,,110.37
2014-02-24 03:00:00,239.0,109.42
2014-02-25 03:00:00,244.0,109.03
2014-02-26 03:00:00,249.0,109.39
2014-02-27 03:00:00,247.0,108.54
2014-02-28 03:00:00,245.0,109.76
2014-03-01 03:00:00,,109.19
2014-03-02 03:00:00,,109.39
2014-03-03 03:00:00,251.0,108.54
2014-03-04 03:00:00,238.0,108.98
2014-03-05 03:00:00,229.0,108.15
2014-03-06 03:00:00,226.0,107.99
2014-03-07 03:00:00,230.0,111.26
2014-03-08 03:00:00,,109.17
2014-03-09 03:00:00,,108.15
2014-03-10 03:00:00,232.0,107.99
2014-03-11 03:00:00,237.0,109.14
2014-03-12 03:00:00,238.0,107.88
2014-03-13 03:00:00,245.0,107.48
2014-03-14 03:00:00,245.0,108.27
2014-03-15 03:00:00,,108.35
2014-03-16 03:00:00,,107.88
2014-03-17 03:00:00,240.0,107.48
2014-03-18 03:00:00,234.0,108.08
2014-03-19 03:00:00,232.0,105.95
2014-03-20 03:00:00,236.0,105.73
2014-03-21 03:00:00,234.0,106.99
2014-03-22 03:00:00,,106.79
2014-03-23 03:00:00,,105.95
2014-03-24 03:00:00,237.0,105.73
2014-03-25 03:00:00,230.0,107.2
2014-03-26 03:00:00,223.0,105.9
2014-03-27 03:00:00,224.0,106.58
2014-03-28 03:00:00,227.0,106.59
2014-03-29 03:00:00,,107.01
2014-03-30 03:00:00,,105.9
2014-03-31 03:00:00,228.0,106.58
2014-04-01 03:00:00,222.0,106.64
2014-04-02 03:00:00,223.0,103.37
2014-04-03 03:00:00,223.0,104.88
2014-04-04 03:00:00,221.0,105.95
2014-04-05 03:00:00,,105.7
2014-04-06 03:00:00,,103.37
2014-04-07 03:00:00,222.0,104.88
2014-04-08 03:00:00,221.0,106.41
2014-04-09 03:00:00,222.0,107.39
2014-04-10 03:00:00,220.0,107.1
2014-04-11 03:00:00,222.0,104.89
2014-04-12 03:00:00,,105.83
2014-04-13 03:00:00,,107.39
2014-04-14 03:00:00,223.0,107.1
2014-04-15 03:00:00,224.0,107.34
2014-04-16 03:00:00,221.0,109.71
2014-04-17 03:00:00,212.0,109.79
2014-04-18 03:00:00,,107.68
2014-04-19 03:00:00,,109.1
2014-04-20 03:00:00,,109.71
2014-04-21 03:00:00,213.0,109.79
2014-04-22 03:00:00,215.0,108.54
2014-04-23 03:00:00,219.0,108.48
2014-04-24 03:00:00,220.0,109.79
2014-04-25 03:00:00,222.0,109.69
2014-04-26 03:00:00,,108.54
2014-04-27 03:00:00,,108.48
2014-04-28 03:00:00,219.0,109.79
2014-04-29 03:00:00,214.0,109.53
2014-04-30 03:00:00,211.0,108.63
2014-05-01 03:00:00,209.0,108.63
2014-05-02 03:00:00,207.0,109.12
2014-05-03 03:00:00,,109.89
2014-05-04 03:00:00,,108.63
2014-05-05 03:00:00,207.0,108.63
2014-05-06 03:00:00,204.0,109.48
2014-05-07 03:00:00,204.0,108.17
2014-05-08 03:00:00,202.0,108.19
2014-05-09 03:00:00,205.0,109.48
2014-05-10 03:00:00,,108.3
2014-05-11 03:00:00,,108.17
2014-05-12 03:00:00,205.0,108.19
2014-05-13 03:00:00,205.0,108.26
2014-05-14 03:00:00,207.0,109.87
2014-05-15 03:00:00,214.0,109.74
2014-05-16 03:00:00,212.0,108.37
2014-05-17 03:00:00,,108.78
2014-05-18 03:00:00,,109.87
2014-05-19 03:00:00,210.0,109.74
2014-05-20 03:00:00,216.0,110.9
2014-05-21 03:00:00,212.0,111.32
2014-05-22 03:00:00,215.0,110.89
2014-05-23 03:00:00,214.0,110.84
2014-05-24 03:00:00,,110.35
2014-05-25 03:00:00,,111.32
2014-05-26 03:00:00,214.0,110.89
2014-05-27 03:00:00,216.0,110.19
2014-05-28 03:00:00,212.0,109.09
2014-05-29 03:00:00,206.0,109.98
2014-05-30 03:00:00,208.0,110.01
2014-05-31 03:00:00,,109.81
2014-06-01 03:00:00,,109.09
2014-06-02 03:00:00,208.0,109.98
2014-06-03 03:00:00,207.0,109.21
2014-06-04 03:00:00,210.0,109.07
2014-06-05 03:00:00,207.0,108.43
2014-06-06 03:00:00,198.0,109.34
2014-06-07 03:00:00,,108.87
2014-06-08 03:00:00,,109.07
2014-06-09 03:00:00,197.0,108.43
2014-06-10 03:00:00,201.0,109.21
2014-06-11 03:00:00,212.0,109.83
2014-06-12 03:00:00,211.0,112.18
2014-06-13 03:00:00,204.0,110.55
2014-06-14 03:00:00,,109.18
2014-06-15 03:00:00,,109.83
2014-06-16 03:00:00,208.0,112.18
2014-06-17 03:00:00,207.0,113.15
2014-06-18 03:00:00,206.0,114.25
2014-06-19 03:00:00,208.0,115.19
2014-06-20 03:00:00,209.0,113.42
2014-06-21 03:00:00,,114.02
2014-06-22 03:00:00,,114.25
2014-06-23 03:00:00,208.0,115.19
2014-06-24 03:00:00,207.0,114.55
2014-06-25 03:00:00,203.0,112.84
2014-06-26 03:00:00,203.0,112.61
2014-06-27 03:00:00,205.0,113.62
2014-06-28 03:00:00,,113.74
2014-06-29 03:00:00,,112.84
2014-06-30 03:00:00,208.0,112.61
2014-07-01 03:00:00,206.0,112.62
2014-07-02 03:00:00,207.0,110.18
2014-07-03 03:00:00,206.0,108.98
2014-07-04 03:00:00,206.0,111.03
2014-07-05 03:00:00,,110.84
2014-07-06 03:00:00,,110.18
2014-07-07 03:00:00,206.0,108.98
2014-07-08 03:00:00,208.0,107.65
2014-07-09 03:00:00,212.0,106.84
2014-07-10 03:00:00,214.0,106.2
2014-07-11 03:00:00,215.0,108.7
2014-07-12 03:00:00,,107.65
2014-07-13 03:00:00,,106.84
2014-07-14 03:00:00,213.0,106.2
2014-07-15 03:00:00,214.0,105.77
2014-07-16 03:00:00,214.0,105.41
2014-07-17 03:00:00,219.0,106.04
2014-07-18 03:00:00,209.0,104.73
2014-07-19 03:00:00,,104.73
2014-07-20 03:00:00,,105.41
2014-07-21 03:00:00,208.0,106.04
2014-07-22 03:00:00,207.0,106.03
2014-07-23 03:00:00,203.0,106.85
2014-07-24 03:00:00,203.0,105.78
2014-07-25 03:00:00,209.0,105.71
2014-07-26 03:00:00,,106.48
2014-07-27 03:00:00,,106.85
2014-07-28 03:00:00,210.0,105.78
2014-07-29 03:00:00,215.0,106.89
2014-07-30 03:00:00,206.0,106.47
2014-07-31 03:00:00,212.0,104.94
2014-08-01 03:00:00,225.0,106.7
2014-08-02 03:00:00,,106.98
2014-08-03 03:00:00,,106.47
2014-08-04 03:00:00,224.0,104.94
2014-08-05 03:00:00,231.0,103.45
2014-08-06 03:00:00,230.0,104.17
2014-08-07 03:00:00,234.0,104.02
2014-08-08 03:00:00,233.0,103.63
2014-08-09 03:00:00,,102.82
2014-08-10 03:00:00,,104.17
2014-08-11 03:00:00,231.0,104.02
2014-08-12 03:00:00,228.0,103.36
2014-08-13 03:00:00,227.0,102.27
2014-08-14 03:00:00,221.0,101.15
2014-08-15 03:00:00,222.0,103.47
2014-08-16 03:00:00,,101.68
2014-08-17 03:00:00,,102.27
2014-08-18 03:00:00,218.0,101.15
2014-08-19 03:00:00,215.0,101.13
2014-08-20 03:00:00,213.0,99.92
2014-08-21 03:00:00,211.0,100.28
2014-08-22 03:00:00,212.0,99.37
2014-08-23 03:00:00,,99.74
2014-08-24 03:00:00,,99.92
2014-08-25 03:00:00,212.0,100.28
2014-08-26 03:00:00,209.0,100.09
2014-08-27 03:00:00,205.0,100.4
2014-08-28 03:00:00,204.0,100.71
2014-08-29 03:00:00,205.0,100.49
2014-08-30 03:00:00,,100.5
2014-08-31 03:00:00,,100.4
2014-09-01 03:00:00,205.0,100.71
2014-09-02 03:00:00,203.0,101.12
2014-09-03 03:00:00,201.0,100.88
2014-09-04 03:00:00,203.0,101.21
2014-09-05 03:00:00,200.0,99.51
2014-09-06 03:00:00,,100.21
2014-09-07 03:00:00,,100.88
2014-09-08 03:00:00,200.0,101.21
2014-09-09 03:00:00,210.0,99.51
2014-09-10 03:00:00,208.0,96.26
2014-09-11 03:00:00,209.0,96.42
2014-09-12 03:00:00,214.0,99.53
2014-09-13 03:00:00,,98.08
2014-09-14 03:00:00,,96.26
2014-09-15 03:00:00,219.0,96.42
2014-09-16 03:00:00,218.0,96.31
2014-09-17 03:00:00,209.0,97.7
2014-09-18 03:00:00,210.0,96.82
2014-09-19 03:00:00,212.0,96.43
2014-09-20 03:00:00,,97.39
2014-09-21 03:00:00,,97.7
2014-09-22 03:00:00,219.0,96.82
2014-09-23 03:00:00,220.0,96.75
2014-09-24 03:00:00,218.0,94.53
2014-09-25 03:00:00,228.0,95.2
2014-09-26 03:00:00,230.0,95.37
2014-09-27 03:00:00,,94.87
2014-09-28 03:00:00,,94.53
2014-09-29 03:00:00,243.0,95.2
2014-09-30 03:00:00,239.0,95.08
2014-10-01 03:00:00,246.0,94.57
2014-10-02 03:00:00,240.0,91.29
2014-10-03 03:00:00,239.0,95.7
2014-10-04 03:00:00,,94.67
2014-10-05 03:00:00,,94.57
2014-10-06 03:00:00,237.0,91.29
2014-10-07 03:00:00,240.0,90.8
2014-10-08 03:00:00,239.0,90.25
2014-10-09 03:00:00,232.0,90.47
2014-10-10 03:00:00,236.0,90.65
2014-10-11 03:00:00,,90.9
2014-10-12 03:00:00,,90.25
2014-10-13 03:00:00,236.0,90.47
2014-10-14 03:00:00,245.0,88.66
2014-10-15 03:00:00,244.0,84.02
2014-10-16 03:00:00,245.0,84.02
2014-10-17 03:00:00,239.0,87.82
2014-10-18 03:00:00,,86.36
2014-10-19 03:00:00,,84.02
2014-10-20 02:00:00,241.0,84.02
2014-10-21 02:00:00,244.0,85.27
2014-10-22 02:00:00,243.0,86.38
2014-10-23 02:00:00,243.0,85.94
2014-10-24 02:00:00,243.0,84.42
2014-10-25 02:00:00,,85.17
2014-10-26 02:00:00,,86.38
2014-10-27 02:00:00,245.0,85.94
2014-10-28 02:00:00,239.0,86.0
2014-10-29 02:00:00,236.0,86.91
2014-10-30 02:00:00,233.0,85.5
2014-10-31 02:00:00,233.0,85.64
2014-11-01 02:00:00,,85.57
2014-11-02 02:00:00,,86.91
2014-11-03 02:00:00,237.0,85.5
2014-11-04 02:00:00,244.0,84.17
2014-11-05 02:00:00,242.0,82.88
2014-11-06 02:00:00,243.0,82.08
2014-11-07 02:00:00,252.0,84.9
2014-11-08 02:00:00,,82.12
2014-11-09 02:00:00,,82.88
2014-11-10 02:00:00,249.0,82.08
2014-11-11 02:00:00,249.0,83.2
2014-11-12 02:00:00,249.0,80.42
2014-11-13 02:00:00,250.0,77.74
2014-11-14 02:00:00,263.0,82.9
2014-11-15 02:00:00,,80.94
2014-11-16 02:00:00,,80.42
2014-11-17 02:00:00,264.0,77.74
2014-11-18 02:00:00,264.0,77.51
2014-11-19 02:00:00,255.0,77.21
2014-11-20 02:00:00,252.0,77.61
2014-11-21 02:00:00,237.0,76.86
2014-11-22 02:00:00,,77.23
2014-11-23 02:00:00,,77.21
2014-11-24 02:00:00,241.0,77.61
2014-11-25 02:00:00,245.0,79.2
2014-11-26 02:00:00,238.0,77.39
2014-11-27 02:00:00,238.0,
2014-11-28 02:00:00,238.0,79.62
2014-11-29 02:00:00,,77.62
2014-11-30 02:00:00,,77.39
2014-12-01 02:00:00,244.0,70.87
2014-12-02 02:00:00,238.0,71.89
2014-12-03 02:00:00,233.0,70.13
2014-12-04 02:00:00,238.0,68.48
2014-12-05 02:00:00,243.0,70.87
2014-12-06 02:00:00,,71.13
2014-12-07 02:00:00,,70.13
2014-12-08 02:00:00,255.0,68.48
2014-12-09 02:00:00,266.0,68.0
2014-12-10 02:00:00,280.0,63.32
2014-12-11 02:00:00,273.0,63.65
2014-12-12 02:00:00,301.0,65.64
2014-12-13 02:00:00,,66.11
2014-12-14 02:00:00,,63.32
2014-12-15 02:00:00,312.0,63.65
2014-12-16 02:00:00,318.0,61.67
2014-12-17 02:00:00,284.0,59.84
2014-12-18 02:00:00,283.0,58.81
2014-12-19 02:00:00,266.0,61.09
2014-12-20 02:00:00,,60.26
2014-12-21 02:00:00,,59.84
2014-12-22 02:00:00,263.0,58.81
2014-12-23 02:00:00,250.0,58.87
2014-12-24 02:00:00,254.0,58.67
2014-12-26 02:00:00,256.0,58.31
2014-12-27 02:00:00,,59.07
2014-12-28 02:00:00,,58.67
2014-12-29 02:00:00,257.0,57.86
2014-12-30 02:00:00,261.0,58.72
2014-12-31 02:00:00,259.0,55.27
2015-01-01 02:00:00,,55.27
2015-01-02 02:00:00,264.0,57.86
2015-01-03 02:00:00,,55.6
2015-01-04 02:00:00,,55.27
2015-01-05 02:00:00,281.0,55.27
2015-01-06 02:00:00,287.0,55.38
2015-01-07 02:00:00,284.0,49.06
2015-01-08 02:00:00,278.0,49.43
2015-01-09 02:00:00,281.0,51.08
2015-01-10 02:00:00,,50.12
2015-01-11 02:00:00,,49.06
2015-01-12 02:00:00,293.0,49.43
2015-01-13 02:00:00,292.0,47.64
2015-01-14 02:00:00,289.0,45.82
2015-01-15 02:00:00,294.0,47.66
2015-01-16 02:00:00,294.0,46.9
2015-01-17 02:00:00,,45.13
2015-01-18 02:00:00,,45.82
2015-01-19 02:00:00,294.0,47.66
2015-01-20 02:00:00,290.0,47.38
2015-01-21 02:00:00,288.0,46.5
2015-01-22 02:00:00,286.0,46.09
2015-01-23 02:00:00,283.0,46.69
2015-01-24 02:00:00,,46.49
2015-01-25 02:00:00,,46.5
2015-01-26 02:00:00,286.0,46.09
2015-01-27 02:00:00,284.0,46.69
2015-01-28 02:00:00,297.0,47.07
2015-01-29 02:00:00,294.0,46.61
2015-01-30 02:00:00,324.0,46.07
2015-01-31 02:00:00,,46.55
2015-02-01 02:00:00,,47.07
2015-02-02 02:00:00,324.0,46.61
2015-02-03 02:00:00,311.0,47.52
2015-02-04 02:00:00,307.0,55.07
2015-02-05 02:00:00,300.0,55.98
2015-02-06 02:00:00,297.0,51.74
2015-02-07 02:00:00,,54.41
2015-02-08 02:00:00,,55.07
2015-02-09 02:00:00,296.0,55.98
2015-02-10 02:00:00,300.0,55.88
2015-02-11 02:00:00,312.0,53.48
2015-02-12 02:00:00,313.0,56.23
2015-02-13 02:00:00,305.0,57.0
2015-02-14 02:00:00,,55.79
2015-02-15 02:00:00,,53.48
2015-02-16 02:00:00,305.0,56.23
2015-02-17 02:00:00,301.0,60.33
2015-02-18 02:00:00,304.0,60.72
2015-02-19 02:00:00,297.0,58.78
2015-02-20 02:00:00,306.0,61.57
2015-02-21 02:00:00,,60.78
2015-02-22 03:00:00,,60.72
2015-02-23 03:00:00,314.0,58.78
2015-02-24 03:00:00,314.0,60.99
2015-02-25 03:00:00,322.0,59.77
2015-02-26 03:00:00,329.0,61.39
2015-02-27 03:00:00,322.0,59.78
2015-02-28 03:00:00,,60.33
2015-03-01 03:00:00,,59.77
2015-03-02 03:00:00,310.0,61.39
2015-03-03 03:00:00,303.0,61.89
2015-03-04 03:00:00,307.0,59.18
2015-03-05 03:00:00,307.0,60.33
2015-03-06 03:00:00,308.0,60.75
2015-03-07 03:00:00,,61.18
2015-03-08 03:00:00,,59.18
2015-03-09 03:00:00,327.0,60.33
2015-03-10 03:00:00,328.0,59.15
2015-03-11 03:00:00,333.0,56.46
2015-03-12 03:00:00,324.0,56.66
2015-03-13 03:00:00,344.0,58.67
2015-03-14 03:00:00,,55.95
2015-03-15 03:00:00,,56.46
2015-03-16 03:00:00,344.0,56.66
2015-03-17 03:00:00,361.0,54.8
2015-03-18 03:00:00,360.0,52.59
2015-03-19 03:00:00,351.0,52.96
2015-03-20 03:00:00,344.0,52.0
2015-03-21 03:00:00,,52.17
2015-03-22 03:00:00,,52.59
2015-03-23 03:00:00,333.0,52.96
2015-03-24 03:00:00,328.0,53.88
2015-03-25 03:00:00,324.0,54.18
2015-03-26 03:00:00,319.0,57.02
2015-03-27 03:00:00,324.0,53.82
2015-03-28 03:00:00,,53.61
2015-03-29 03:00:00,,54.18
2015-03-30 03:00:00,318.0,57.02
2015-03-31 03:00:00,322.0,56.44
2015-04-01 03:00:00,317.0,55.73
2015-04-02 03:00:00,309.0,55.73
2015-04-03 03:00:00,312.0,53.99
2015-04-04 03:00:00,,53.69
2015-04-05 03:00:00,,55.73
2015-04-06 03:00:00,302.0,55.73
2015-04-07 03:00:00,301.0,55.73
2015-04-08 03:00:00,287.0,56.42
2015-04-09 03:00:00,283.0,56.04
2015-04-10 03:00:00,287.0,55.73
2015-04-11 03:00:00,,57.55
2015-04-12 03:00:00,,56.42
2015-04-13 03:00:00,291.0,56.04
2015-04-14 03:00:00,289.0,56.82
2015-04-15 03:00:00,293.0,59.32
2015-04-16 03:00:00,300.0,60.13
2015-04-17 03:00:00,310.0,57.14
2015-04-18 03:00:00,,57.69
2015-04-19 03:00:00,,59.32
2015-04-20 03:00:00,296.0,60.13
2015-04-21 03:00:00,288.0,61.31
2015-04-22 03:00:00,278.0,60.12
2015-04-23 03:00:00,276.0,62.66
2015-04-24 03:00:00,280.0,61.2
2015-04-25 03:00:00,,60.12
2015-04-26 03:00:00,,60.12
2015-04-27 03:00:00,283.0,62.66
2015-04-28 03:00:00,281.0,62.96
2015-04-29 03:00:00,282.0,63.97
2015-04-30 03:00:00,295.0,63.9
2015-05-01 03:00:00,296.0,62.86
2015-05-02 03:00:00,,62.61
2015-05-03 03:00:00,,63.97
2015-05-04 03:00:00,292.0,63.9
2015-05-05 03:00:00,284.0,64.13
2015-05-06 03:00:00,277.0,66.22
2015-05-07 03:00:00,281.0,64.93
2015-05-08 03:00:00,274.0,64.62
2015-05-09 03:00:00,,65.44
2015-05-10 03:00:00,,66.22
2015-05-11 03:00:00,275.0,64.93
2015-05-12 03:00:00,283.0,63.82
2015-05-13 03:00:00,279.0,66.33
2015-05-14 03:00:00,282.0,65.58
2015-05-15 03:00:00,285.0,62.82
2015-05-16 03:00:00,,65.09
2015-05-17 03:00:00,,66.33
2015-05-18 03:00:00,275.0,65.58
2015-05-19 03:00:00,274.0,64.69
2015-05-20 03:00:00,270.0,63.52
2015-05-21 03:00:00,269.0,64.7
2015-05-22 03:00:00,268.0,65.15
2015-05-23 03:00:00,,63.48
2015-05-24 03:00:00,,63.52
2015-05-25 03:00:00,268.0,64.7
2015-05-26 03:00:00,281.0,64.7
2015-05-27 03:00:00,285.0,61.35
2015-05-28 03:00:00,287.0,60.12
2015-05-29 03:00:00,294.0,64.52
2015-05-30 03:00:00,,61.65
2015-05-31 03:00:00,,61.35
2015-06-01 03:00:00,292.0,60.12
2015-06-02 03:00:00,284.0,63.16
2015-06-03 03:00:00,283.0,62.78
2015-06-04 03:00:00,288.0,60.34
2015-06-05 03:00:00,287.0,62.87
2015-06-06 03:00:00,,63.14
2015-06-07 03:00:00,,62.78
2015-06-08 03:00:00,288.0,60.34
2015-06-09 03:00:00,290.0,60.36
2015-06-10 03:00:00,291.0,64.68
2015-06-11 03:00:00,288.0,63.76
2015-06-12 03:00:00,287.0,61.33
2015-06-13 03:00:00,,63.23
2015-06-14 03:00:00,,64.68
2015-06-15 03:00:00,292.0,63.76
2015-06-16 03:00:00,297.0,63.19
2015-06-17 03:00:00,298.0,60.75
2015-06-18 03:00:00,283.0,61.37
2015-06-19 03:00:00,292.0,60.99
2015-06-20 03:00:00,,60.75
2015-06-21 03:00:00,,60.75
2015-06-22 03:00:00,292.0,61.37
2015-06-23 03:00:00,288.0,59.41
2015-06-24 03:00:00,292.0,61.63
2015-06-25 03:00:00,298.0,60.24
2015-06-26 03:00:00,296.0,60.54
2015-06-27 03:00:00,,61.67
2015-06-28 03:00:00,,61.63
2015-06-29 03:00:00,310.0,60.24
2015-06-30 03:00:00,304.0,60.14
2015-07-01 03:00:00,299.0,61.65
2015-07-02 03:00:00,295.0,61.73
2015-07-03 03:00:00,295.0,59.03
2015-07-04 03:00:00,,60.31
2015-07-05 03:00:00,,61.65
2015-07-06 03:00:00,304.0,61.73
2015-07-07 03:00:00,309.0,59.06
2015-07-08 03:00:00,312.0,55.7
2015-07-09 03:00:00,307.0,57.83
2015-07-10 03:00:00,297.0,57.19
2015-07-11 03:00:00,,54.72
2015-07-12 03:00:00,,55.7
2015-07-13 03:00:00,296.0,57.83
2015-07-14 03:00:00,297.0,57.72
2015-07-15 03:00:00,306.0,57.34
2015-07-16 03:00:00,306.0,57.31
2015-07-17 03:00:00,311.0,57.63
2015-07-18 03:00:00,,57.2
2015-07-19 03:00:00,,57.34
2015-07-20 03:00:00,318.0,57.31
2015-07-21 03:00:00,320.0,56.38
2015-07-22 03:00:00,328.0,56.36
2015-07-23 03:00:00,344.0,55.76
2015-07-24 03:00:00,353.0,56.42
2015-07-25 03:00:00,,55.94
2015-07-26 03:00:00,,56.36
2015-07-27 03:00:00,360.0,55.76
2015-07-28 03:00:00,350.0,54.29
2015-07-29 03:00:00,340.0,54.73
2015-07-30 03:00:00,339.0,54.29
2015-07-31 03:00:00,315.0,54.07
2015-08-01 03:00:00,,54.3
2015-08-02 03:00:00,,54.73
2015-08-03 03:00:00,323.0,54.29
2015-08-04 03:00:00,322.0,53.29
2015-08-05 03:00:00,317.0,49.04
2015-08-06 03:00:00,341.0,47.8
2015-08-07 03:00:00,343.0,49.49
2015-08-08 03:00:00,,49.08
2015-08-09 03:00:00,,49.04
2015-08-10 03:00:00,335.0,47.8
2015-08-11 03:00:00,342.0,47.54
2015-08-12 03:00:00,323.0,48.29
2015-08-13 03:00:00,322.0,48.01
2015-08-14 03:00:00,318.0,48.3
2015-08-15 03:00:00,,47.33
2015-08-16 03:00:00,,48.29
2015-08-17 03:00:00,316.0,48.01
2015-08-18 03:00:00,316.0,47.79
2015-08-19 03:00:00,329.0,45.75
2015-08-20 03:00:00,338.0,45.63
2015-08-21 03:00:00,351.0,47.77
2015-08-22 03:00:00,,47.0
2015-08-23 03:00:00,,45.75
2015-08-24 03:00:00,369.0,45.63
2015-08-25 03:00:00,352.0,43.84
2015-08-26 03:00:00,358.0,47.76
2015-08-27 03:00:00,338.0,44.46
2015-08-28 03:00:00,334.0,41.59
2015-08-29 03:00:00,,41.86
2015-08-30 03:00:00,,47.76
2015-08-31 03:00:00,340.0,44.46
2015-09-01 03:00:00,361.0,47.97
2015-09-02 03:00:00,367.0,47.67
2015-09-03 03:00:00,365.0,50.41
2015-09-04 03:00:00,381.0,48.59
2015-09-05 03:00:00,,48.8
2015-09-06 03:00:00,,47.67
2015-09-07 03:00:00,381.0,50.41
2015-09-08 03:00:00,372.0,48.59
2015-09-09 03:00:00,363.0,48.04
2015-09-10 03:00:00,388.0,47.77
2015-09-11 03:00:00,390.0,46.42
2015-09-12 03:00:00,,48.88
2015-09-13 03:00:00,,48.04
2015-09-14 03:00:00,389.0,47.77
2015-09-15 03:00:00,377.0,46.87
2015-09-16 03:00:00,374.0,49.35
2015-09-17 03:00:00,376.0,48.27
2015-09-18 03:00:00,397.0,45.87
2015-09-19 03:00:00,,45.91
2015-09-20 03:00:00,,49.35
2015-09-21 03:00:00,422.0,48.27
2015-09-22 03:00:00,443.0,47.28
2015-09-23 03:00:00,454.0,48.0
2015-09-24 03:00:00,450.0,47.06
2015-09-25 03:00:00,453.0,47.64
2015-09-26 03:00:00,,46.69
2015-09-27 03:00:00,,48.0
2015-09-28 03:00:00,489.0,47.06
2015-09-29 03:00:00,485.0,47.28
2015-09-30 03:00:00,442.0,47.29
2015-10-01 03:00:00,421.0,47.48
2015-10-02 03:00:00,406.0,46.04
2015-10-03 03:00:00,,47.58
2015-10-04 03:00:00,,47.29
2015-10-05 03:00:00,388.0,47.48
2015-10-06 03:00:00,386.0,46.55
2015-10-07 03:00:00,405.0,51.66
2015-10-08 03:00:00,389.0,52.13
2015-10-09 03:00:00,383.0,49.45
2015-10-10 03:00:00,,51.34
2015-10-11 03:00:00,,51.66
2015-10-12 03:00:00,383.0,52.13
2015-10-13 03:00:00,408.0,52.08
2015-10-14 03:00:00,411.0,48.25
2015-10-15 03:00:00,408.0,47.87
2015-10-16 03:00:00,419.0,50.95
2015-10-17 03:00:00,,48.94
2015-10-18 03:00:00,,48.25
2015-10-19 02:00:00,438.0,47.87
2015-10-20 02:00:00,454.0,48.96
2015-10-21 02:00:00,450.0,46.72
2015-10-22 02:00:00,437.0,46.59
2015-10-23 02:00:00,423.0,47.51
2015-10-24 02:00:00,,46.93
2015-10-25 02:00:00,,46.72
2015-10-26 02:00:00,418.0,46.59
2015-10-27 02:00:00,422.0,46.3
2015-10-28 02:00:00,414.0,47.6
2015-10-29 02:00:00,410.0,48.04
2015-10-30 02:00:00,410.0,46.57
2015-10-31 02:00:00,,45.54
2015-11-01 02:00:00,,47.6
2015-11-02 02:00:00,394.0,48.04
2015-11-03 02:00:00,376.0,48.0
2015-11-04 02:00:00,378.0,46.96
2015-11-05 02:00:00,387.0,47.19
2015-11-06 02:00:00,393.0,47.91
2015-11-07 02:00:00,,48.0
2015-11-08 02:00:00,,46.96
2015-11-09 02:00:00,403.0,47.19
2015-11-10 02:00:00,396.0,46.09
2015-11-11 02:00:00,396.0,44.98
2015-11-12 02:00:00,398.0,44.98
2015-11-13 02:00:00,415.0,45.38
2015-11-14 02:00:00,,46.44
2015-11-15 02:00:00,,44.98
2015-11-16 02:00:00,410.0,44.98
2015-11-17 02:00:00,399.0,41.98
2015-11-18 02:00:00,395.0,41.45
2015-11-19 02:00:00,381.0,42.22
2015-11-20 02:00:00,386.0,40.28
2015-11-21 02:00:00,,41.28
2015-11-22 02:00:00,,41.45
2015-11-23 02:00:00,397.0,42.22
2015-11-24 02:00:00,393.0,42.49
2015-11-25 02:00:00,411.0,43.56
2015-11-26 02:00:00,411.0,43.55
2015-11-27 02:00:00,409.0,43.7
2015-11-28 02:00:00,,44.38
2015-11-29 02:00:00,,43.56
2015-11-30 02:00:00,432.0,43.55
2015-12-01 02:00:00,436.0,43.07
2015-12-02 02:00:00,440.0,41.92
2015-12-03 02:00:00,438.0,42.0
2015-12-04 02:00:00,435.0,43.73
2015-12-05 02:00:00,,42.97
2015-12-06 02:00:00,,41.92
2015-12-07 02:00:00,444.0,42.0
2015-12-08 02:00:00,453.0,41.44
2015-12-09 02:00:00,458.0,39.04
2015-12-10 02:00:00,473.0,38.65
2015-12-11 02:00:00,501.0,39.69
2015-12-12 02:00:00,,39.44
2015-12-13 02:00:00,,39.04
2015-12-14 02:00:00,484.0,38.65
2015-12-15 02:00:00,465.0,36.99
2015-12-16 02:00:00,499.0,36.96
2015-12-17 02:00:00,498.0,36.29
2015-12-18 02:00:00,524.0,36.51
2015-12-19 02:00:00,,37.66
2015-12-20 02:00:00,,36.96
2015-12-21 02:00:00,545.0,36.29
2015-12-22 02:00:00,521.0,36.76
2015-12-23 02:00:00,516.0,35.79
2015-12-24 02:00:00,518.0,37.22
2015-12-25 02:00:00,,35.34
2015-12-26 02:00:00,,35.26
2015-12-27 02:00:00,,35.79
2015-12-28 02:00:00,520.0,37.22
2015-12-29 02:00:00,506.0,36.85
2015-12-30 02:00:00,516.0,35.65
2015-12-31 02:00:00,523.0,36.61
2016-01-01 02:00:00,,37.08
2016-01-02 02:00:00,,36.85
2016-01-03 02:00:00,,35.65
2016-01-04 02:00:00,532.0,36.61
2016-01-05 02:00:00,497.0,35.56
2016-01-06 02:00:00,505.0,33.89
2016-01-07 02:00:00,506.0,33.57
2016-01-08 02:00:00,512.0,36.28
2016-01-09 02:00:00,,35.56
2016-01-10 02:00:00,,33.89
2016-01-11 02:00:00,506.0,33.57
2016-01-12 02:00:00,506.0,31.67
2016-01-13 02:00:00,521.0,28.58
2016-01-14 02:00:00,512.0,28.84
2016-01-15 02:00:00,533.0,30.14
2016-01-16 02:00:00,,29.14
2016-01-17 02:00:00,,28.58
2016-01-18 02:00:00,533.0,28.84
2016-01-19 02:00:00,533.0,28.8
2016-01-20 02:00:00,544.0,26.01
2016-01-21 02:00:00,534.0,27.59
2016-01-22 02:00:00,514.0,27.36
2016-01-23 02:00:00,,27.36
2016-01-24 02:00:00,,26.01
2016-01-25 02:00:00,523.0,27.59
2016-01-26 02:00:00,511.0,30.46
2016-01-27 02:00:00,503.0,31.83
2016-01-28 02:00:00,499.0,33.01
2016-01-29 02:00:00,512.0,29.82
2016-01-30 02:00:00,,30.94
2016-01-31 02:00:00,,31.83
2016-02-01 02:00:00,513.0,33.01
2016-02-02 02:00:00,530.0,33.14
2016-02-03 02:00:00,525.0,32.38
2016-02-04 02:00:00,523.0,32.76
2016-02-05 02:00:00,521.0,32.45
2016-02-06 02:00:00,,30.98
2016-02-07 02:00:00,,32.38
2016-02-08 02:00:00,548.0,32.76
2016-02-09 02:00:00,547.0,32.35
2016-02-10 02:00:00,554.0,29.64
2016-02-11 02:00:00,569.0,28.82
2016-02-12 02:00:00,554.0,31.64
2016-02-13 02:00:00,,30.15
2016-02-14 02:00:00,,29.64
2016-02-15 02:00:00,554.0,28.82
2016-02-16 02:00:00,549.0,31.8
2016-02-17 02:00:00,535.0,33.21
2016-02-18 02:00:00,539.0,33.2
2016-02-19 02:00:00,529.0,31.66
2016-02-20 02:00:00,,31.09
2016-02-21 03:00:00,,33.21
2016-02-22 03:00:00,521.0,33.2
2016-02-23 03:00:00,519.0,31.66
2016-02-24 03:00:00,506.0,33.59
2016-02-25 03:00:00,513.0,33.59
2016-02-26 03:00:00,506.0,31.9
2016-02-27 03:00:00,,31.5
2016-02-28 03:00:00,,32.83
2016-02-29 03:00:00,502.0,35.76
2016-03-01 03:00:00,489.0,35.73
2016-03-02 03:00:00,485.0,36.38
2016-03-03 03:00:00,462.0,35.92
2016-03-04 03:00:00,447.0,35.73
2016-03-05 03:00:00,,36.38
2016-03-06 03:00:00,,35.75
2016-03-07 03:00:00,452.0,37.61
2016-03-08 03:00:00,460.0,39.02
2016-03-09 03:00:00,440.0,40.26
2016-03-10 03:00:00,434.0,39.02
2016-03-11 03:00:00,427.0,39.16
2016-03-12 03:00:00,,40.26
2016-03-13 03:00:00,,38.63
2016-03-14 03:00:00,437.0,39.41
2016-03-15 03:00:00,459.0,37.49
2016-03-16 03:00:00,457.0,38.38
2016-03-17 03:00:00,435.0,38.06
2016-03-18 03:00:00,409.0,37.49
2016-03-19 03:00:00,,38.38
2016-03-20 03:00:00,,39.29
2016-03-21 03:00:00,392.0,39.26
2016-03-22 03:00:00,391.0,40.54
2016-03-23 03:00:00,419.0,38.84
2016-03-24 03:00:00,427.0,39.91
2016-03-25 03:00:00,,40.54
2016-03-26 03:00:00,,38.84
2016-03-27 03:00:00,,38.33
2016-03-28 03:00:00,419.0,38.33
2016-03-29 03:00:00,416.0,36.75
2016-03-30 03:00:00,404.0,36.75
2016-03-31 03:00:00,409.0,38.33
2016-04-01 03:00:00,404.0,36.75
2016-04-02 03:00:00,,36.75
2016-04-03 03:00:00,,36.75
2016-04-04 03:00:00,413.0,36.42
2016-04-05 03:00:00,432.0,35.88
2016-04-06 03:00:00,430.0,37.77
2016-04-07 03:00:00,449.0,36.05
2016-04-08 03:00:00,440.0,35.88
2016-04-09 03:00:00,,37.77
2016-04-10 03:00:00,,37.15
2016-04-11 03:00:00,416.0,40.71
2016-04-12 03:00:00,397.0,43.02
2016-04-13 03:00:00,387.0,42.81
2016-04-14 03:00:00,382.0,41.58
2016-04-15 03:00:00,387.0,43.02
2016-04-16 03:00:00,,42.81
2016-04-17 03:00:00,,43.02
2016-04-18 03:00:00,394.0,41.32
2016-04-19 03:00:00,390.0,43.02
2016-04-20 03:00:00,385.0,43.09
2016-04-21 03:00:00,400.0,41.64
2016-04-22 03:00:00,406.0,43.02
2016-04-23 03:00:00,,43.09
2016-04-24 03:00:00,,43.48
2016-04-25 03:00:00,403.0,43.97
2016-04-26 03:00:00,397.0,41.67
2016-04-27 03:00:00,382.0,44.17
2016-04-28 03:00:00,385.0,42.97
2016-04-29 03:00:00,385.0,43.94
2016-04-30 03:00:00,,44.17
2016-05-01 03:00:00,,45.6
2016-05-02 03:00:00,382.0,45.64
2016-05-03 03:00:00,392.0,43.09
2016-05-04 03:00:00,395.0,43.08
2016-05-05 03:00:00,397.0,45.82
2016-05-06 03:00:00,390.0,43.09
2016-05-07 03:00:00,,43.08
2016-05-08 03:00:00,,44.39
2016-05-09 03:00:00,394.0,44.6
2016-05-10 03:00:00,387.0,44.01
2016-05-11 03:00:00,379.0,46.08
2016-05-12 03:00:00,376.0,42.43
2016-05-13 03:00:00,382.0,44.01
2016-05-14 03:00:00,,46.08
2016-05-15 03:00:00,,46.43
2016-05-16 03:00:00,375.0,47.05
2016-05-17 03:00:00,374.0,48.71
2016-05-18 03:00:00,377.0,48.93
2016-05-19 03:00:00,394.0,48.49
2016-05-20 03:00:00,392.0,48.71
2016-05-21 03:00:00,,48.93
2016-05-22 03:00:00,,47.01
2016-05-23 03:00:00,397.0,48.54
2016-05-24 03:00:00,395.0,48.42
2016-05-25 03:00:00,391.0,48.87
2016-05-26 03:00:00,395.0,47.77
2016-05-27 03:00:00,391.0,48.42
2016-05-28 03:00:00,,48.87
2016-05-29 03:00:00,,49.52
2016-05-30 03:00:00,391.0,49.09
2016-05-31 03:00:00,404.0,48.81
2016-06-01 03:00:00,401.0,49.05
2016-06-02 03:00:00,392.0,49.26
2016-06-03 03:00:00,391.0,48.81
2016-06-04 03:00:00,,49.05
2016-06-05 03:00:00,,48.5
2016-06-06 03:00:00,385.0,48.94
2016-06-07 03:00:00,377.0,50.37
2016-06-08 03:00:00,371.0,51.23
2016-06-09 03:00:00,375.0,49.71
2016-06-10 03:00:00,383.0,50.37
2016-06-11 03:00:00,,51.23
2016-06-12 03:00:00,,50.52
2016-06-13 03:00:00,389.0,49.09
2016-06-14 03:00:00,401.0,47.88
2016-06-15 03:00:00,395.0,47.47
2016-06-16 03:00:00,399.0,49.36
2016-06-17 03:00:00,392.0,47.88
2016-06-18 03:00:00,,47.47
2016-06-19 03:00:00,,45.66
2016-06-20 03:00:00,380.0,46.57
2016-06-21 03:00:00,378.0,48.18
2016-06-22 03:00:00,376.0,48.43
2016-06-23 03:00:00,365.0,48.68
2016-06-24 03:00:00,384.0,48.18
2016-06-25 03:00:00,,48.43
2016-06-26 03:00:00,,48.63
2016-06-27 03:00:00,393.0,46.69
2016-06-28 03:00:00,376.0,46.29
2016-06-29 03:00:00,354.0,48.4
2016-06-30 03:00:00,350.0,45.07
2016-07-01 03:00:00,347.0,46.29
2016-07-02 03:00:00,,48.4
2016-07-03 03:00:00,,48.05
2016-07-04 03:00:00,347.0,47.65
2016-07-05 03:00:00,352.0,45.64
2016-07-06 03:00:00,355.0,45.7
2016-07-07 03:00:00,355.0,48.02
2016-07-08 03:00:00,345.0,45.64
2016-07-09 03:00:00,,45.7
2016-07-10 03:00:00,,45.93
2016-07-11 03:00:00,340.0,44.53
2016-07-12 03:00:00,331.0,46.72
2016-07-13 03:00:00,334.0,44.67
2016-07-14 03:00:00,331.0,44.04
2016-07-15 03:00:00,331.0,46.72
2016-07-16 03:00:00,,44.67
2016-07-17 03:00:00,,46.01
2016-07-18 03:00:00,332.0,46.25
2016-07-19 03:00:00,332.0,45.7
2016-07-20 03:00:00,330.0,45.82
2016-07-21 03:00:00,337.0,45.35
2016-07-22 03:00:00,338.0,45.7
2016-07-23 03:00:00,,45.82
2016-07-24 03:00:00,,44.99
2016-07-25 03:00:00,341.0,44.24
2016-07-26 03:00:00,343.0,43.56
2016-07-27 03:00:00,344.0,42.78
2016-07-28 03:00:00,340.0,43.76
2016-07-29 03:00:00,339.0,43.56
2016-07-30 03:00:00,,42.78
2016-07-31 03:00:00,,41.87
2016-08-01 03:00:00,336.0,40.76
2016-08-02 03:00:00,331.0,40.0
2016-08-03 03:00:00,327.0,40.45
2016-08-04 03:00:00,325.0,40.17
2016-08-05 03:00:00,319.0,40.0
2016-08-06 03:00:00,,40.45
2016-08-07 03:00:00,,41.33
2016-08-08 03:00:00,317.0,42.47
2016-08-09 03:00:00,320.0,43.37
2016-08-10 03:00:00,316.0,42.19
2016-08-11 03:00:00,309.0,43.24
2016-08-12 03:00:00,306.0,43.37
2016-08-13 03:00:00,,42.19
2016-08-14 03:00:00,,44.23
2016-08-15 03:00:00,299.0,45.12
2016-08-16 03:00:00,292.0,48.27
2016-08-17 03:00:00,298.0,48.58
2016-08-18 03:00:00,297.0,47.31
2016-08-19 03:00:00,296.0,48.27
2016-08-20 03:00:00,,48.58
2016-08-21 03:00:00,,49.46
2016-08-22 03:00:00,303.0,49.39
2016-08-23 03:00:00,302.0,48.7
2016-08-24 03:00:00,305.0,47.56
2016-08-25 03:00:00,306.0,48.1
2016-08-26 03:00:00,299.0,48.7
2016-08-27 03:00:00,,47.56
2016-08-28 03:00:00,,49.25
2016-08-29 03:00:00,304.0,49.66
2016-08-30 03:00:00,306.0,47.94
2016-08-31 03:00:00,309.0,47.94
2016-09-01 03:00:00,315.0,49.66
2016-09-02 03:00:00,309.0,47.94
2016-09-03 03:00:00,,47.94
2016-09-04 03:00:00,,45.05
2016-09-05 03:00:00,309.0,45.96
2016-09-06 03:00:00,309.0,46.21
2016-09-07 03:00:00,303.0,47.0
2016-09-08 03:00:00,303.0,46.72
2016-09-09 03:00:00,314.0,46.21
2016-09-10 03:00:00,,47.0
2016-09-11 03:00:00,,49.23
2016-09-12 03:00:00,313.0,48.37
2016-09-13 03:00:00,325.0,47.82
2016-09-14 03:00:00,333.0,45.65
2016-09-15 03:00:00,331.0,47.82
2016-09-16 03:00:00,340.0,46.48
2016-09-17 03:00:00,,45.65
2016-09-18 03:00:00,,45.83
2016-09-19 03:00:00,334.0,45.26
2016-09-20 03:00:00,328.0,45.24
2016-09-21 03:00:00,312.0,45.99
2016-09-22 03:00:00,306.0,46.04
2016-09-23 03:00:00,315.0,45.24
2016-09-24 03:00:00,,45.99
2016-09-25 03:00:00,,47.21
2016-09-26 03:00:00,320.0,46.71
2016-09-27 03:00:00,322.0,44.95
2016-09-28 03:00:00,311.0,45.49
2016-09-29 03:00:00,318.0,46.61
2016-09-30 03:00:00,319.0,44.95
2016-10-01 03:00:00,,45.49
2016-10-02 03:00:00,,48.43
2016-10-03 03:00:00,315.0,48.24
2016-10-04 03:00:00,318.0,48.81
2016-10-05 03:00:00,319.0,49.57
2016-10-06 03:00:00,317.0,48.61
2016-10-07 03:00:00,317.0,48.81
2016-10-08 03:00:00,,49.57
2016-10-09 03:00:00,,50.14
2016-10-10 03:00:00,317.0,50.49
2016-10-11 03:00:00,319.0,50.48
2016-10-12 03:00:00,314.0,49.53
2016-10-13 03:00:00,313.0,51.54
2016-10-14 03:00:00,309.0,50.48
2016-10-15 03:00:00,,49.53
2016-10-16 03:00:00,,49.29
2016-10-17 02:00:00,314.0,48.87
2016-10-18 02:00:00,314.0,49.81
2016-10-19 02:00:00,311.0,51.85
2016-10-20 02:00:00,308.0,49.31
2016-10-21 02:00:00,308.0,49.81
2016-10-22 02:00:00,,51.85
2016-10-23 02:00:00,,50.42
2016-10-24 02:00:00,305.0,50.28
2016-10-25 02:00:00,307.0,49.08
2016-10-26 02:00:00,309.0,48.98
2016-10-27 02:00:00,313.0,49.8
2016-10-28 02:00:00,308.0,49.08
2016-10-29 02:00:00,,48.98
2016-10-30 02:00:00,,49.13
2016-10-31 02:00:00,313.0,47.78
2016-11-01 02:00:00,323.0,45.77
2016-11-02 02:00:00,328.0,44.26
2016-11-03 02:00:00,327.0,46.2
2016-11-04 02:00:00,328.0,45.77
2016-11-05 02:00:00,,44.26
2016-11-06 02:00:00,,43.84
2016-11-07 02:00:00,314.0,43.06
2016-11-08 02:00:00,303.0,43.47
2016-11-09 02:00:00,306.0,43.88
2016-11-10 02:00:00,341.0,42.83
2016-11-11 02:00:00,341.0,43.47
2016-11-12 02:00:00,,43.88
2016-11-13 02:00:00,,43.67
2016-11-14 02:00:00,357.0,41.61
2016-11-15 02:00:00,330.0,44.15
2016-11-16 02:00:00,329.0,45.07
2016-11-17 02:00:00,331.0,41.83
2016-11-18 02:00:00,334.0,44.15
2016-11-19 02:00:00,,45.07
2016-11-20 02:00:00,,44.57
2016-11-21 02:00:00,333.0,44.41
2016-11-22 02:00:00,332.0,46.1
2016-11-23 02:00:00,336.0,46.54
2016-11-24 02:00:00,336.0,45.96
2016-11-25 02:00:00,337.0,46.1
2016-11-26 02:00:00,,46.54
2016-11-27 02:00:00,,47.54
2016-11-28 02:00:00,334.0,46.32
2016-11-29 02:00:00,337.0,44.68
2016-11-30 02:00:00,337.0,47.95
2016-12-01 02:00:00,348.0,46.64
2016-12-02 02:00:00,350.0,44.68
2016-12-03 02:00:00,,47.95
2016-12-04 02:00:00,,52.28
2016-12-05 02:00:00,342.0,52.35
2016-12-06 02:00:00,341.0,52.31
2016-12-07 02:00:00,336.0,51.9
2016-12-08 02:00:00,334.0,53.3
2016-12-09 02:00:00,328.0,52.31
2016-12-10 02:00:00,,51.9
2016-12-11 02:00:00,,51.6
2016-12-12 02:00:00,330.0,52.19
2016-12-13 02:00:00,324.0,53.28
2016-12-14 02:00:00,332.0,53.15
2016-12-15 02:00:00,332.0,53.99
2016-12-16 02:00:00,328.0,53.28
2016-12-17 02:00:00,,53.15
2016-12-18 02:00:00,,51.72
2016-12-19 02:00:00,327.0,54.15
2016-12-20 02:00:00,324.0,54.56
2016-12-21 02:00:00,323.0,53.01
2016-12-22 02:00:00,326.0,53.53
2016-12-23 02:00:00,325.0,54.56
2016-12-24 02:00:00,,53.01
2016-12-25 02:00:00,,54.04
2016-12-26 02:00:00,325.0,53.93
2016-12-27 02:00:00,322.0,53.93
2016-12-28 02:00:00,325.0,53.93
2016-12-29 02:00:00,325.0,54.95
2016-12-30 02:00:00,328.0,53.93
2016-12-31 02:00:00,,53.93
2017-01-01 02:00:00,,54.95
2017-01-02 02:00:00,328.0,54.96
2017-01-03 02:00:00,325.0,55.05
2017-01-04 02:00:00,311.0,54.57
2017-01-05 02:00:00,302.0,54.99
2017-01-06 02:00:00,301.0,55.05
2017-01-07 02:00:00,,54.57
2017-01-08 02:00:00,,54.99
2017-01-09 02:00:00,302.0,55.9
2017-01-10 02:00:00,305.0,53.2
2017-01-11 02:00:00,305.0,53.61
2017-01-12 02:00:00,298.0,54.39
2017-01-13 02:00:00,288.0,53.2
2017-01-14 02:00:00,,53.61
2017-01-15 02:00:00,,54.51
2017-01-16 02:00:00,288.0,54.37
2017-01-17 02:00:00,282.0,54.68
2017-01-18 02:00:00,291.0,53.77
2017-01-19 02:00:00,296.0,54.3
2017-01-20 02:00:00,294.0,54.68
2017-01-21 02:00:00,,53.77
2017-01-22 02:00:00,,53.18
2017-01-23 02:00:00,295.0,55.04
2017-01-24 02:00:00,293.0,54.7
2017-01-25 02:00:00,296.0,54.34
2017-01-26 02:00:00,296.0,54.8
2017-01-27 02:00:00,284.0,54.7
2017-01-28 02:00:00,,54.34
2017-01-29 02:00:00,,55.89
2017-01-30 02:00:00,291.0,54.8
2017-01-31 02:00:00,289.0,55.25
2017-02-01 02:00:00,285.0,55.79
2017-02-02 02:00:00,281.0,54.77
2017-02-03 02:00:00,276.0,55.25
2017-02-04 02:00:00,,55.79
2017-02-05 02:00:00,,55.94
2017-02-06 02:00:00,277.0,55.92
2017-02-07 02:00:00,287.0,53.79
2017-02-08 02:00:00,284.0,54.42
2017-02-09 02:00:00,280.0,55.02
2017-02-10 02:00:00,272.0,53.79
2017-02-11 02:00:00,,54.42
2017-02-12 02:00:00,,53.98
2017-02-13 02:00:00,268.0,55.2
2017-02-14 02:00:00,266.0,54.96
2017-02-15 02:00:00,271.0,54.57
2017-02-16 02:00:00,280.0,54.15
2017-02-17 02:00:00,282.0,54.96
2017-02-18 02:00:00,,54.57
2017-02-19 03:00:00,,54.16
2017-02-20 03:00:00,282.0,54.48
2017-02-21 03:00:00,279.0,56.34
2017-02-22 03:00:00,277.0,55.25
2017-02-23 03:00:00,272.0,56.34
2017-02-24 03:00:00,277.0,54.9
2017-02-25 03:00:00,,55.82
2017-02-26 03:00:00,,54.69
2017-02-27 03:00:00,277.0,54.65
2017-02-28 03:00:00,286.0,53.36
2017-03-01 03:00:00,275.0,54.65
2017-03-02 03:00:00,280.0,53.36
2017-03-03 03:00:00,273.0,55.72
2017-03-04 03:00:00,,54.16
2017-03-05 03:00:00,,54.12
2017-03-06 03:00:00,272.0,54.73
2017-03-07 03:00:00,274.0,54.61
2017-03-08 03:00:00,287.0,54.73
2017-03-09 03:00:00,290.0,54.61
2017-03-10 03:00:00,280.0,53.3
2017-03-11 03:00:00,,50.65
2017-03-12 03:00:00,,50.63
2017-03-13 03:00:00,286.0,50.1
2017-03-14 03:00:00,291.0,49.6
2017-03-15 03:00:00,282.0,50.1
2017-03-16 03:00:00,274.0,49.6
2017-03-17 03:00:00,272.0,50.63
2017-03-18 03:00:00,,50.56
2017-03-19 03:00:00,,50.58
2017-03-20 03:00:00,269.0,50.67
2017-03-21 03:00:00,277.0,50.14
2017-03-22 03:00:00,280.0,50.67
2017-03-23 03:00:00,280.0,50.14
2017-03-24 03:00:00,278.0,49.56
2017-03-25 03:00:00,,50.17
2017-03-26 03:00:00,,49.97
2017-03-27 03:00:00,279.0,50.12
2017-03-28 03:00:00,278.0,50.72
2017-03-29 03:00:00,275.0,50.12
2017-03-30 03:00:00,274.0,50.72
2017-03-31 03:00:00,270.0,51.36
2017-04-01 03:00:00,,52.25
2017-04-02 03:00:00,,52.2
2017-04-03 03:00:00,270.0,52.04
2017-04-04 03:00:00,265.0,53.08
2017-04-05 03:00:00,263.0,52.04
2017-04-06 03:00:00,269.0,53.08
2017-04-07 03:00:00,271.0,53.41
2017-04-08 03:00:00,,53.62
2017-04-09 03:00:00,,54.24
2017-04-10 03:00:00,267.0,54.79
2017-04-11 03:00:00,272.0,54.73
2017-04-12 03:00:00,271.0,54.79
2017-04-13 03:00:00,271.0,54.73
2017-04-14 03:00:00,,54.75
2017-04-15 03:00:00,,54.75
2017-04-17 03:00:00,270.0,54.79
2017-04-18 03:00:00,275.0,52.6
2017-04-19 03:00:00,273.0,54.79
2017-04-20 03:00:00,275.0,52.6
2017-04-21 03:00:00,272.0,52.43
2017-04-22 03:00:00,,50.66
2017-04-23 03:00:00,,49.93
2017-04-24 03:00:00,263.0,49.45
2017-04-25 03:00:00,263.0,49.37
2017-04-26 03:00:00,268.0,49.45
2017-04-27 03:00:00,264.0,49.37
2017-04-28 03:00:00,263.0,49.99
2017-04-29 03:00:00,,49.46
2017-04-30 03:00:00,,49.46
2017-05-01 03:00:00,260.0,50.41
2017-05-02 03:00:00,258.0,49.31
2017-05-03 03:00:00,256.0,50.41
2017-05-04 03:00:00,264.0,49.31
2017-05-05 03:00:00,262.0,48.82
2017-05-06 03:00:00,,47.53
2017-05-07 03:00:00,,47.45
2017-05-08 03:00:00,262.0,46.61
2017-05-09 03:00:00,264.0,47.06
2017-05-10 03:00:00,257.0,46.61
2017-05-11 03:00:00,255.0,47.06
2017-05-12 03:00:00,255.0,48.09
2017-05-13 03:00:00,,49.18
2017-05-14 03:00:00,,49.08
2017-05-15 03:00:00,251.0,51.29
2017-05-16 03:00:00,250.0,51.21
2017-05-17 03:00:00,258.0,51.29
2017-05-18 03:00:00,300.0,51.21
2017-05-19 03:00:00,282.0,51.76
2017-05-20 03:00:00,,51.71
2017-05-21 03:00:00,,52.78
2017-05-22 03:00:00,288.0,53.35
2017-05-23 03:00:00,280.0,53.19
2017-05-24 03:00:00,281.0,53.35
2017-05-25 03:00:00,286.0,53.19
2017-05-26 03:00:00,283.0,53.29
2017-05-27 03:00:00,,52.25
2017-05-28 03:00:00,,50.84
2017-05-29 03:00:00,286.0,52.25
2017-05-30 03:00:00,284.0,50.65
2017-05-31 03:00:00,284.0,52.25
2017-06-01 03:00:00,284.0,50.65
2017-06-02 03:00:00,283.0,49.4
2017-06-03 03:00:00,,50.41
2017-06-04 03:00:00,,48.46
2017-06-05 03:00:00,283.0,48.25
2017-06-06 03:00:00,285.0,48.11
2017-06-07 03:00:00,288.0,48.25
2017-06-08 03:00:00,285.0,48.11
2017-06-09 03:00:00,285.0,47.08
2017-06-10 03:00:00,,46.3
2017-06-11 03:00:00,,46.64
2017-06-12 03:00:00,286.0,47.18
2017-06-13 03:00:00,282.0,46.95
2017-06-14 03:00:00,281.0,47.18
2017-06-15 03:00:00,286.0,46.95
2017-06-16 03:00:00,286.0,45.47
2017-06-17 03:00:00,,45.61
2017-06-18 03:00:00,,45.7
2017-06-19 03:00:00,289.0,45.93
2017-06-20 03:00:00,299.0,43.98
2017-06-21 03:00:00,302.0,45.93
2017-06-22 03:00:00,298.0,43.98
2017-06-23 03:00:00,294.0,44.62
2017-06-24 03:00:00,,44.46
2017-06-25 03:00:00,,44.14
2017-06-26 03:00:00,290.0,44.09
2017-06-27 03:00:00,298.0,46.17
2017-06-28 03:00:00,290.0,44.09
2017-06-29 03:00:00,294.0,46.17
2017-06-30 03:00:00,289.0,46.45
2017-07-01 03:00:00,,47.02
2017-07-02 03:00:00,,47.08
2017-07-03 03:00:00,286.0,49.13
2017-07-04 03:00:00,,49.15
2017-07-05 03:00:00,291.0,49.13
2017-07-06 03:00:00,297.0,49.15
2017-07-07 03:00:00,293.0,47.58
2017-07-08 03:00:00,,48.53
2017-07-09 03:00:00,,46.47
2017-07-10 03:00:00,286.0,46.57
2017-07-11 03:00:00,282.0,46.68
2017-07-12 03:00:00,277.0,46.57
2017-07-13 03:00:00,277.0,46.68
2017-07-14 03:00:00,274.0,46.73
2017-07-15 03:00:00,,47.65
2017-07-16 03:00:00,,47.89
2017-07-17 03:00:00,273.0,47.66
2017-07-18 03:00:00,273.0,47.92
2017-07-19 03:00:00,271.0,47.66
2017-07-20 03:00:00,266.0,47.92
2017-07-21 03:00:00,264.0,48.34
2017-07-22 03:00:00,,48.54
2017-07-23 03:00:00,,47.47
2017-07-24 03:00:00,270.0,47.81
2017-07-25 03:00:00,272.0,49.19
2017-07-26 03:00:00,269.0,47.81
2017-07-27 03:00:00,268.0,49.19
2017-07-28 03:00:00,271.0,50.08
2017-07-29 03:00:00,,50.67
2017-07-30 03:00:00,,52.0
2017-07-31 03:00:00,268.0,51.99
2017-08-01 03:00:00,267.0,50.77
2017-08-02 03:00:00,268.0,51.99
2017-08-03 03:00:00,264.0,50.77
2017-08-04 03:00:00,262.0,52.09
2017-08-05 03:00:00,,52.88
2017-08-06 03:00:00,,52.48
2017-08-07 03:00:00,263.0,51.42
2017-08-08 03:00:00,262.0,52.18
2017-08-09 03:00:00,269.0,51.42
2017-08-10 03:00:00,281.0,52.18
2017-08-11 03:00:00,281.0,52.16
2017-08-12 03:00:00,,52.59
2017-08-13 03:00:00,,51.47
2017-08-14 03:00:00,276.0,51.29
2017-08-15 03:00:00,269.0,49.9
2017-08-16 03:00:00,271.0,51.29
2017-08-17 03:00:00,279.0,49.9
2017-08-18 03:00:00,277.0,50.39
2017-08-19 03:00:00,,50.37
2017-08-20 03:00:00,,50.96
2017-08-21 03:00:00,279.0,51.94
2017-08-22 03:00:00,276.0,52.29
2017-08-23 03:00:00,274.0,51.94
2017-08-24 03:00:00,269.0,52.29
2017-08-25 03:00:00,270.0,52.31
2017-08-26 03:00:00,,51.73
2017-08-27 03:00:00,,51.87
2017-08-28 03:00:00,273.0,51.87
2017-08-29 03:00:00,274.0,51.64
2017-08-30 03:00:00,272.0,51.87
2017-08-31 03:00:00,272.0,51.64
2017-09-01 03:00:00,265.0,51.91
2017-09-02 03:00:00,,52.69
2017-09-03 03:00:00,,53.15
2017-09-04 03:00:00,265.0,52.6
2017-09-05 03:00:00,268.0,53.63
2017-09-06 03:00:00,267.0,52.6
2017-09-07 03:00:00,265.0,53.63
2017-09-08 03:00:00,264.0,54.48
2017-09-09 03:00:00,,54.16
2017-09-10 03:00:00,,54.55
2017-09-11 03:00:00,259.0,54.2
2017-09-12 03:00:00,260.0,55.06
2017-09-13 03:00:00,257.0,54.2
2017-09-14 03:00:00,256.0,55.06
2017-09-15 03:00:00,255.0,55.52
2017-09-16 03:00:00,,56.76
2017-09-17 03:00:00,,56.18
2017-09-18 03:00:00,252.0,55.5
2017-09-19 03:00:00,252.0,56.58
2017-09-20 03:00:00,254.0,55.5
2017-09-21 03:00:00,255.0,56.58
2017-09-22 03:00:00,253.0,57.2
2017-09-23 03:00:00,,57.73
2017-09-24 03:00:00,,58.16
2017-09-25 03:00:00,257.0,59.42
2017-09-26 03:00:00,256.0,59.77
2017-09-27 03:00:00,256.0,59.42
2017-09-28 03:00:00,253.0,59.77
2017-09-29 03:00:00,247.0,58.74
2017-09-30 03:00:00,,58.8
2017-10-01 03:00:00,,57.02
2017-10-02 03:00:00,246.0,55.67
2017-10-03 03:00:00,245.0,56.12
2017-10-04 03:00:00,245.0,55.67
2017-10-05 03:00:00,241.0,56.12
2017-10-06 03:00:00,244.0,56.0
2017-10-07 03:00:00,,57.09
2017-10-08 03:00:00,,55.5
2017-10-09 03:00:00,244.0,55.29
2017-10-10 03:00:00,248.0,56.62
2017-10-11 03:00:00,247.0,55.29
2017-10-12 03:00:00,245.0,56.62
2017-10-13 03:00:00,244.0,56.13
2017-10-14 03:00:00,,56.13
2017-10-15 03:00:00,,56.86
2017-10-16 02:00:00,242.0,57.49
2017-10-17 02:00:00,240.0,57.63
2017-10-18 02:00:00,236.0,57.49
2017-10-19 02:00:00,236.0,57.63
2017-10-20 02:00:00,233.0,58.05
2017-10-21 02:00:00,,57.82
2017-10-22 02:00:00,,57.89
2017-10-23 02:00:00,233.0,57.69
2017-10-24 02:00:00,234.0,57.84
2017-10-25 02:00:00,234.0,57.69
2017-10-26 02:00:00,242.0,57.84
2017-10-27 02:00:00,238.0,58.45
2017-10-28 02:00:00,,58.75
2017-10-29 02:00:00,,60.15
2017-10-30 02:00:00,239.0,60.65
2017-10-31 02:00:00,243.0,61.35
2017-11-01 02:00:00,244.0,60.65
2017-11-02 02:00:00,245.0,61.35
2017-11-03 02:00:00,249.0,60.98
2017-11-04 02:00:00,,60.79
2017-11-05 02:00:00,,61.42
2017-11-06 02:00:00,247.0,64.27
2017-11-07 02:00:00,253.0,64.36
2017-11-08 02:00:00,253.0,64.27
2017-11-09 02:00:00,255.0,64.36
2017-11-10 02:00:00,253.0,63.96
2017-11-11 02:00:00,,64.49
2017-11-12 02:00:00,,64.35
2017-11-13 02:00:00,251.0,62.94
2017-11-14 02:00:00,256.0,60.91
2017-11-15 02:00:00,260.0,62.94
2017-11-16 02:00:00,251.0,60.91
2017-11-17 02:00:00,246.0,61.25
2017-11-18 02:00:00,,61.18
2017-11-19 02:00:00,,61.34
2017-11-20 02:00:00,248.0,61.34
2017-11-21 02:00:00,247.0,62.28
2017-11-22 02:00:00,246.0,61.34
2017-11-23 02:00:00,246.0,62.28
2017-11-24 02:00:00,243.0,62.92
2017-11-25 02:00:00,,63.27
2017-11-26 02:00:00,,63.58
2017-11-27 02:00:00,242.0,63.25
2017-11-28 02:00:00,239.0,63.56
2017-11-29 02:00:00,240.0,63.25
2017-11-30 02:00:00,241.0,63.56
2017-12-01 02:00:00,244.0,63.74
2017-12-02 02:00:00,,63.53
2017-12-03 02:00:00,,64.57
2017-12-04 02:00:00,242.0,63.45
2017-12-05 02:00:00,236.0,63.45
2017-12-06 02:00:00,238.0,63.45
2017-12-07 02:00:00,242.0,63.45
2017-12-08 02:00:00,240.0,62.25
2017-12-09 02:00:00,,62.37
2017-12-10 02:00:00,,63.86
2017-12-11 02:00:00,239.0,65.62
2017-12-12 02:00:00,239.0,64.96
2017-12-13 02:00:00,243.0,65.62
2017-12-14 02:00:00,245.0,64.96
2017-12-15 02:00:00,244.0,63.66
2017-12-16 02:00:00,,63.72
2017-12-17 02:00:00,,63.81
2017-12-18 02:00:00,238.0,64.45
2017-12-19 02:00:00,234.0,63.69
2017-12-20 02:00:00,231.0,64.45
2017-12-21 02:00:00,233.0,63.69
2017-12-22 02:00:00,235.0,64.43
2017-12-23 02:00:00,,64.64
2017-12-24 02:00:00,,64.61
2017-12-26 02:00:00,237.0,64.61
2017-12-27 02:00:00,240.0,66.03
2017-12-28 02:00:00,239.0,64.61
2017-12-29 02:00:00,240.0,66.03
2017-12-30 02:00:00,,66.8
2017-12-31 02:00:00,,66.73
2018-01-01 02:00:00,,66.65
2018-01-02 02:00:00,234.0,66.65
2018-01-03 02:00:00,228.0,66.65
2018-01-04 02:00:00,225.0,66.65
2018-01-05 02:00:00,221.0,67.85
2018-01-06 02:00:00,,68.73
2018-01-07 02:00:00,,68.01
2018-01-08 02:00:00,222.0,68.48
2018-01-09 02:00:00,218.0,69.08
2018-01-10 02:00:00,222.0,68.48
2018-01-11 02:00:00,223.0,69.08
2018-01-12 02:00:00,225.0,69.79
2018-01-13 02:00:00,,70.36
2018-01-14 02:00:00,,69.64
2018-01-15 02:00:00,225.0,70.31
2018-01-16 02:00:00,226.0,69.4
2018-01-17 02:00:00,228.0,70.31
2018-01-18 02:00:00,231.0,69.4
2018-01-19 02:00:00,231.0,69.19
2018-01-20 02:00:00,,69.48
2018-01-21 02:00:00,,68.56
2018-01-22 02:00:00,231.0,69.32
2018-01-23 02:00:00,233.0,69.81
2018-01-24 02:00:00,226.0,69.32
2018-01-25 02:00:00,225.0,69.81
2018-01-26 02:00:00,222.0,69.91
2018-01-27 02:00:00,,71.08
2018-01-28 02:00:00,,70.08
2018-01-29 02:00:00,224.0,68.41
2018-01-30 02:00:00,224.0,67.78
2018-01-31 02:00:00,227.0,68.41
2018-02-01 02:00:00,227.0,67.78
2018-02-02 02:00:00,229.0,67.78
2018-02-03 02:00:00,,68.6
2018-02-04 02:00:00,,67.45
2018-02-05 02:00:00,243.0,67.69
2018-02-06 02:00:00,235.0,66.75
2018-02-07 02:00:00,226.0,67.69
2018-02-08 02:00:00,241.0,66.75
2018-02-09 02:00:00,256.0,65.74
2018-02-10 02:00:00,,64.26
2018-02-11 02:00:00,,63.04
2018-02-12 02:00:00,245.0,62.2
2018-02-13 02:00:00,255.0,61.94
2018-02-14 02:00:00,249.0,62.2
2018-02-15 02:00:00,233.0,61.94
2018-02-16 02:00:00,228.0,62.29
2018-02-17 02:00:00,,62.86
2018-02-18 03:00:00,,64.3
2018-02-19 03:00:00,,64.95
2018-02-20 03:00:00,235.0,64.95
2018-02-21 03:00:00,233.0,64.68
2018-02-22 03:00:00,238.0,64.81
2018-02-23 03:00:00,236.0,66.12
2018-02-24 03:00:00,,67.04
2018-02-26 03:00:00,231.0,67.96
2018-02-27 03:00:00,229.0,67.96
2018-02-28 03:00:00,236.0,67.59
2018-03-01 03:00:00,243.0,66.08
2018-03-02 03:00:00,240.0,64.23
2018-03-03 03:00:00,,64.26
2018-03-05 03:00:00,237.0,65.78
2018-03-06 03:00:00,235.0,65.78
2018-03-07 03:00:00,239.0,65.67
2018-03-08 03:00:00,242.0,65.09
2018-03-09 03:00:00,233.0,63.87
2018-03-10 03:00:00,,65.19
2018-03-12 03:00:00,235.0,64.53
2018-03-13 03:00:00,243.0,64.53
2018-03-14 03:00:00,245.0,64.2
2018-03-15 03:00:00,247.0,63.61
2018-03-16 03:00:00,244.0,63.67
2018-03-17 03:00:00,,64.68
2018-03-19 03:00:00,249.0,64.82
2018-03-20 03:00:00,246.0,64.82
2018-03-21 03:00:00,246.0,66.0
2018-03-22 03:00:00,250.0,68.15
2018-03-23 03:00:00,252.0,68.98
2018-03-24 03:00:00,,69.03
2018-03-26 03:00:00,248.0,68.81
2018-03-27 03:00:00,251.0,68.81
2018-03-28 03:00:00,250.0,68.63
2018-03-29 03:00:00,248.0,68.13
2018-03-30 03:00:00,,69.02
2018-04-02 03:00:00,251.0,
2018-04-03 03:00:00,243.0,69.02
2018-04-04 03:00:00,244.0,69.02
2018-04-05 03:00:00,239.0,66.04
2018-04-06 03:00:00,247.0,66.54
2018-04-07 03:00:00,,66.51
2018-04-09 03:00:00,247.0,68.19
2018-04-10 03:00:00,246.0,68.19
2018-04-11 03:00:00,246.0,70.67
2018-04-12 03:00:00,244.0,72.74
2018-04-13 03:00:00,245.0,71.44
2018-04-14 03:00:00,,73.18
2018-04-16 03:00:00,248.0,72.05
2018-04-17 03:00:00,247.0,72.05
2018-04-18 03:00:00,244.0,71.71
2018-04-19 03:00:00,245.0,73.73
2018-04-20 03:00:00,243.0,74.85
2018-04-21 03:00:00,,74.62
2018-04-23 03:00:00,243.0,74.54
2018-04-24 03:00:00,242.0,74.54
2018-04-25 03:00:00,243.0,75.86
2018-04-26 03:00:00,244.0,73.79
2018-04-27 03:00:00,249.0,75.39
2018-04-28 03:00:00,,75.33
2018-04-30 03:00:00,250.0,75.92
2018-05-01 03:00:00,250.0,75.92
2018-05-02 03:00:00,256.0,74.85
2018-05-03 03:00:00,263.0,73.14
2018-05-04 03:00:00,261.0,73.45
2018-05-05 03:00:00,,74.75
2018-05-07 03:00:00,262.0,74.75
2018-05-08 03:00:00,269.0,74.75
2018-05-09 03:00:00,264.0,74.16
2018-05-10 03:00:00,252.0,77.6
2018-05-11 03:00:00,254.0,77.59
2018-05-12 03:00:00,,77.37
2018-05-14 03:00:00,255.0,78.17
2018-05-15 03:00:00,260.0,78.17
2018-05-16 03:00:00,257.0,78.94
2018-05-17 03:00:00,261.0,78.19
2018-05-18 03:00:00,274.0,80.09
2018-05-19 03:00:00,,78.38
2018-05-21 03:00:00,270.0,78.34
2018-05-22 03:00:00,265.0,78.34
2018-05-23 03:00:00,265.0,80.42
2018-05-24 03:00:00,268.0,78.69
2018-05-25 03:00:00,271.0,78.9
2018-05-26 03:00:00,,76.6
2018-05-28 03:00:00,271.0,
2018-05-29 03:00:00,297.0,74.51
2018-05-30 03:00:00,295.0,74.51
2018-05-31 03:00:00,307.0,75.89
2018-06-01 03:00:00,309.0,76.45
2018-06-02 03:00:00,,74.54
2018-06-04 03:00:00,300.0,73.41
2018-06-05 03:00:00,304.0,73.41
2018-06-06 03:00:00,311.0,72.91
2018-06-07 03:00:00,330.0,73.23
2018-06-08 03:00:00,325.0,75.23
2018-06-09 03:00:00,,75.11
2018-06-11 03:00:00,330.0,74.58
2018-06-12 03:00:00,332.0,74.58
2018-06-13 03:00:00,330.0,74.86
2018-06-14 03:00:00,334.0,75.07
2018-06-15 03:00:00,333.0,74.77
2018-06-16 03:00:00,,72.02
2018-06-18 03:00:00,343.0,74.87
2018-06-19 03:00:00,345.0,74.87
2018-06-20 03:00:00,333.0,74.92
2018-06-21 03:00:00,325.0,74.25
2018-06-22 03:00:00,318.0,72.87
2018-06-23 03:00:00,,73.67
2018-06-25 03:00:00,323.0,72.82
2018-06-26 03:00:00,320.0,72.82
2018-06-27 03:00:00,332.0,73.58
2018-06-28 03:00:00,332.0,76.09
2018-06-29 03:00:00,332.0,76.26
2018-06-30 03:00:00,,77.44
2018-07-02 03:00:00,331.0,76.71
2018-07-03 03:00:00,327.0,76.71
2018-07-04 03:00:00,327.0,75.87
2018-07-05 03:00:00,319.0,76.99
2018-07-06 03:00:00,312.0,77.09
2018-07-07 03:00:00,,74.98
2018-07-09 03:00:00,303.0,77.08
2018-07-10 03:00:00,296.0,77.08
2018-07-11 03:00:00,301.0,77.8
2018-07-12 03:00:00,299.0,75.35
2018-07-13 03:00:00,298.0,72.11
2018-07-14 03:00:00,,74.11
2018-07-16 03:00:00,295.0,71.03
2018-07-17 03:00:00,295.0,71.03
2018-07-18 03:00:00,292.0,70.87
2018-07-19 03:00:00,297.0,70.52
2018-07-20 03:00:00,280.0,71.94
2018-07-21 03:00:00,,71.99
2018-07-23 03:00:00,277.0,73.45
2018-07-24 03:00:00,276.0,73.45
2018-07-25 03:00:00,271.0,73.53
2018-07-26 03:00:00,267.0,73.67
2018-07-27 03:00:00,264.0,74.51
2018-07-28 03:00:00,,74.84
2018-07-30 03:00:00,266.0,74.99
2018-07-31 03:00:00,267.0,74.99
2018-08-01 03:00:00,271.0,74.16
2018-08-02 03:00:00,273.0,72.28
2018-08-03 03:00:00,270.0,72.95
2018-08-04 03:00:00,,72.48
2018-08-06 03:00:00,272.0,72.51
2018-08-07 03:00:00,275.0,72.51
2018-08-08 03:00:00,277.0,72.31
2018-08-09 03:00:00,285.0,70.71
2018-08-10 03:00:00,301.0,70.55
2018-08-11 03:00:00,,71.0
2018-08-13 03:00:00,306.0,70.62
2018-08-14 03:00:00,300.0,70.62
2018-08-15 03:00:00,306.0,70.77
2018-08-16 03:00:00,302.0,68.38
2018-08-17 03:00:00,305.0,69.21
2018-08-18 03:00:00,,70.14
2018-08-20 03:00:00,308.0,71.11
2018-08-21 03:00:00,311.0,71.11
2018-08-22 03:00:00,323.0,71.65
2018-08-23 03:00:00,332.0,72.96
2018-08-24 03:00:00,332.0,73.73
2018-08-25 03:00:00,,74.41
2018-08-27 03:00:00,329.0,74.41
2018-08-28 03:00:00,330.0,74.41
2018-08-29 03:00:00,335.0,75.91
2018-08-30 03:00:00,343.0,76.07
2018-08-31 03:00:00,345.0,77.05
2018-09-01 03:00:00,,76.94
2018-09-03 03:00:00,345.0,77.81
2018-09-04 03:00:00,349.0,77.81
2018-09-05 03:00:00,338.0,77.51
2018-09-06 03:00:00,332.0,76.68
2018-09-07 03:00:00,323.0,75.67
2018-09-08 03:00:00,,75.55
2018-09-10 03:00:00,329.0,76.77
2018-09-11 03:00:00,336.0,76.77
2018-09-12 03:00:00,332.0,78.22
2018-09-13 03:00:00,334.0,80.02
2018-09-14 03:00:00,334.0,77.66
2018-09-15 03:00:00,,77.87
2018-09-17 03:00:00,337.0,78.22
2018-09-18 03:00:00,335.0,78.22
2018-09-19 03:00:00,328.0,79.25
2018-09-20 03:00:00,309.0,79.43
2018-09-21 03:00:00,287.0,79.03
2018-09-22 03:00:00,,78.9
2018-09-24 03:00:00,293.0,80.89
2018-09-25 03:00:00,295.0,80.89
2018-09-26 03:00:00,294.0,82.21
2018-09-27 03:00:00,291.0,81.87
2018-09-28 03:00:00,293.0,81.54
2018-09-29 03:00:00,,82.72
2018-10-01 03:00:00,296.0,84.94
2018-10-02 03:00:00,285.0,84.94
2018-10-03 03:00:00,273.0,85.63
2018-10-04 03:00:00,278.0,85.45
2018-10-05 03:00:00,272.0,86.07
2018-10-06 03:00:00,,85.12
2018-10-07 03:00:00,,84.22
2018-10-08 03:00:00,272.0,85.16
2018-10-09 03:00:00,260.0,84.22
2018-10-10 03:00:00,268.0,85.16
2018-10-11 03:00:00,272.0,83.82
2018-10-12 03:00:00,266.0,81.35
2018-10-13 03:00:00,,80.71
2018-10-15 03:00:00,261.0,80.91
2018-10-16 03:00:00,256.0,80.91
2018-10-17 03:00:00,255.0,80.53
2018-10-18 03:00:00,264.0,79.91
2018-10-19 03:00:00,262.0,80.3
2018-10-20 03:00:00,,80.38
2018-10-22 03:00:00,260.0,80.45
2018-10-23 03:00:00,260.0,80.45
2018-10-24 03:00:00,269.0,78.67
2018-10-25 03:00:00,264.0,77.34
2018-10-26 03:00:00,266.0,77.3
2018-10-27 03:00:00,,77.4
2018-10-29 03:00:00,267.0,77.56
2018-10-30 03:00:00,263.0,77.56
2018-10-31 03:00:00,260.0,75.68
2018-11-01 03:00:00,254.0,74.84
2018-11-02 03:00:00,248.0,71.25
2018-11-03 03:00:00,,71.11
2018-11-05 02:00:00,247.0,72.68
2018-11-06 02:00:00,249.0,72.68
2018-11-07 02:00:00,247.0,70.64
2018-11-08 02:00:00,251.0,70.1
2018-11-09 02:00:00,254.0,69.29
2018-11-10 02:00:00,,69.01
2018-11-12 02:00:00,254.0,69.81
2018-11-13 02:00:00,262.0,69.81
2018-11-14 02:00:00,263.0,65.45
2018-11-15 02:00:00,261.0,64.88
2018-11-16 02:00:00,263.0,65.61
2018-11-17 02:00:00,,65.29
2018-11-19 02:00:00,267.0,64.14
2018-11-20 02:00:00,273.0,64.14
2018-11-21 02:00:00,271.0,61.5
2018-11-22 02:00:00,271.0,61.65
2018-11-23 02:00:00,274.0,61.11
2018-11-24 02:00:00,,57.69
2018-11-26 02:00:00,276.0,59.7
2018-11-27 02:00:00,280.0,59.7
2018-11-28 02:00:00,272.0,59.58
2018-11-29 02:00:00,272.0,57.97
2018-11-30 02:00:00,270.0,58.29
2018-12-01 02:00:00,,57.71
2018-12-03 02:00:00,267.0,60.17
2018-12-04 02:00:00,274.0,60.17
2018-12-05 02:00:00,274.0,61.22
2018-12-06 02:00:00,277.0,61.4
2018-12-07 02:00:00,274.0,57.83
2018-12-08 02:00:00,,61.71
2018-12-10 02:00:00,276.0,60.29
2018-12-11 02:00:00,270.0,60.29
2018-12-12 02:00:00,261.0,59.73
2018-12-13 02:00:00,258.0,59.94
2018-12-14 02:00:00,261.0,59.03
2018-12-15 02:00:00,,58.56
2018-12-17 02:00:00,260.0,57.59
2018-12-18 02:00:00,265.0,57.59
2018-12-19 02:00:00,270.0,55.26
2018-12-20 02:00:00,268.0,55.6
2018-12-21 02:00:00,273.0,52.84
2018-12-22 02:00:00,,51.93
2018-12-24 02:00:00,276.0,
2018-12-26 02:00:00,273.0,
2018-12-27 02:00:00,274.0,51.49
2018-12-28 02:00:00,272.0,51.49
2018-12-29 02:00:00,,50.57
2018-12-31 02:00:00,276.0,
2019-01-02 02:00:00,275.0,54.06
2019-01-03 02:00:00,278.0,54.06
2019-01-04 02:00:00,264.0,53.23
2019-01-05 02:00:00,,55.64
2019-01-07 02:00:00,256.0,57.1
2019-01-08 02:00:00,254.0,57.1
2019-01-09 02:00:00,250.0,56.91
2019-01-10 02:00:00,254.0,59.46
2019-01-11 02:00:00,258.0,60.47
2019-01-12 02:00:00,,59.24
2019-01-14 02:00:00,258.0,58.8
2019-01-15 02:00:00,255.0,58.8
2019-01-16 02:00:00,255.0,58.65
2019-01-17 02:00:00,255.0,59.81
2019-01-18 02:00:00,245.0,59.85
2019-01-19 02:00:00,,62.04
2019-01-21 02:00:00,245.0,62.18
2019-01-22 02:00:00,252.0,62.18
2019-01-23 02:00:00,247.0,60.9
2019-01-24 02:00:00,246.0,61.05
2019-01-25 02:00:00,239.0,61.09
2019-01-26 02:00:00,,61.49
2019-01-28 02:00:00,240.0,59.71
2019-01-29 02:00:00,244.0,59.71
2019-01-30 02:00:00,240.0,60.98
2019-01-31 02:00:00,238.0,61.89
2019-02-01 02:00:00,237.0,62.46
2019-02-02 02:00:00,,61.86
2019-02-04 02:00:00,234.0,62.26
2019-02-05 02:00:00,232.0,62.26
2019-02-06 02:00:00,239.0,61.67
2019-02-07 02:00:00,245.0,62.22
2019-02-08 02:00:00,249.0,61.01
2019-02-09 02:00:00,,61.37
2019-02-11 02:00:00,250.0,61.3
2019-02-12 02:00:00,244.0,61.3
2019-02-13 02:00:00,242.0,62.58
2019-02-14 02:00:00,240.0,63.27
2019-02-15 02:00:00,241.0,64.0
2019-02-16 02:00:00,,65.65
2019-02-18 03:00:00,241.0,66.41
2019-02-19 03:00:00,241.0,65.86
2019-02-20 03:00:00,241.0,66.82
2019-02-21 03:00:00,242.0,66.91
2019-02-22 03:00:00,241.0,66.91
2019-02-25 03:00:00,240.0,64.02
2019-02-26 03:00:00,239.0,64.51
2019-02-27 03:00:00,236.0,65.55
2019-02-28 03:00:00,235.0,65.03
2019-03-01 03:00:00,236.0,63.71
2019-03-04 03:00:00,240.0,64.44
2019-03-05 03:00:00,242.0,64.24
2019-03-06 03:00:00,245.0,64.51
2019-03-07 03:00:00,249.0,64.82
2019-03-08 03:00:00,251.0,65.66
2019-03-11 03:00:00,243.0,65.06
2019-03-12 03:00:00,245.0,65.33
2019-03-13 03:00:00,249.0,65.89
2019-03-14 03:00:00,245.0,66.18
2019-03-15 03:00:00,246.0,66.11
2019-03-18 03:00:00,242.0,66.65
2019-03-19 03:00:00,240.0,67.13
2019-03-20 03:00:00,240.0,68.35
2019-03-21 03:00:00,239.0,68.3
2019-03-22 03:00:00,255.0,66.29
2019-03-25 03:00:00,255.0,67.37
2019-03-26 03:00:00,255.0,67.51
2019-03-27 03:00:00,262.0,67.35
2019-03-28 03:00:00,258.0,66.08
2019-03-29 03:00:00,253.0,67.93
2019-04-01 03:00:00,248.0,69.08
2019-04-02 03:00:00,253.0,69.68
2019-04-03 03:00:00,249.0,69.21
2019-04-04 03:00:00,250.0,69.8
2019-04-05 03:00:00,250.0,69.93
2019-04-08 03:00:00,250.0,71.12
2019-04-09 03:00:00,251.0,71.02
2019-04-10 03:00:00,253.0,71.63
2019-04-11 03:00:00,253.0,71.3
2019-04-12 03:00:00,252.0,71.57
2019-04-15 03:00:00,254.0,70.9
2019-04-16 03:00:00,248.0,70.74
2019-04-17 03:00:00,249.0,71.14
2019-04-18 03:00:00,253.0,70.71
2019-04-19 03:00:00,253.0,
2019-04-22 03:00:00,250.0,
2019-04-23 03:00:00,247.0,74.39
2019-04-24 03:00:00,251.0,73.59
2019-04-25 03:00:00,252.0,74.94
2019-04-26 03:00:00,252.0,71.03
2019-04-29 03:00:00,248.0,71.22
2019-04-30 03:00:00,252.0,72.19
2019-05-01 03:00:00,250.0,72.01
2019-05-02 03:00:00,250.0,70.56
2019-05-03 03:00:00,248.0,71.95
2019-05-06 03:00:00,250.0,71.95
2019-05-07 03:00:00,255.0,70.98
2019-05-08 03:00:00,250.0,71.09
2019-05-09 03:00:00,253.0,70.61
2019-05-10 03:00:00,252.0,71.63
2019-05-13 03:00:00,260.0,72.35
2019-05-14 03:00:00,256.0,72.53
2019-05-15 03:00:00,260.0,73.09
2019-05-16 03:00:00,261.0,74.7
2019-05-17 03:00:00,263.0,73.94
2019-05-20 03:00:00,260.0,73.21
2019-05-21 03:00:00,257.0,72.94
2019-05-22 03:00:00,258.0,71.94
2019-05-23 03:00:00,266.0,68.37
2019-05-24 03:00:00,265.0,67.98
2019-05-27 03:00:00,265.0,67.98
2019-05-28 03:00:00,267.0,70.19
2019-05-29 03:00:00,269.0,70.64
2019-05-30 03:00:00,270.0,69.55
2019-05-31 03:00:00,274.0,66.78
2019-06-01 03:00:00,,63.16
2019-06-03 03:00:00,276.0,63.16
2019-06-04 03:00:00,261.0,63.56
2019-06-05 03:00:00,256.0,62.14
2019-06-06 03:00:00,255.0,62.77
2019-06-07 03:00:00,254.0,64.1
2019-06-10 03:00:00,250.0,64.31
2019-06-11 03:00:00,248.0,63.56
2019-06-12 03:00:00,247.0,61.66
2019-06-13 03:00:00,248.0,63.28
2019-06-14 03:00:00,250.0,63.13
2019-06-17 03:00:00,252.0,62.56
2019-06-18 03:00:00,247.0,63.35
2019-06-19 03:00:00,246.0,62.85
2019-06-20 03:00:00,237.0,65.44
2019-06-21 03:00:00,236.0,65.99
2019-06-24 03:00:00,239.0,65.16
2019-06-25 03:00:00,243.0,66.24
2019-06-26 03:00:00,240.0,66.85
2019-06-27 03:00:00,242.0,66.78
2019-06-28 03:00:00,239.0,67.52
2019-07-01 03:00:00,234.0,65.1
2019-07-02 03:00:00,238.0,62.72
2019-07-03 03:00:00,238.0,63.53
2019-07-04 03:00:00,238.0,63.62
2019-07-05 03:00:00,233.0,64.23
2019-07-08 03:00:00,232.0,64.89
2019-07-09 03:00:00,228.0,64.3
2019-07-10 03:00:00,224.0,66.41
2019-07-11 03:00:00,218.0,67.64
2019-07-12 03:00:00,217.0,66.65
2019-07-15 03:00:00,217.0,66.86
2019-07-16 03:00:00,215.0,65.87
2019-07-17 03:00:00,221.0,63.67
2019-07-18 03:00:00,222.0,60.7
2019-07-19 03:00:00,220.0,61.04
2019-07-22 03:00:00,216.0,61.96
2019-07-23 03:00:00,213.0,62.28
2019-07-24 03:00:00,213.0,63.83
2019-07-25 03:00:00,208.0,63.47
2019-07-26 03:00:00,207.0,62.46
2019-07-29 03:00:00,207.0,62.29
2019-07-30 03:00:00,209.0,62.55
2019-07-31 03:00:00,212.0,64.07
2019-08-01 03:00:00,221.0,62.9
2019-08-02 03:00:00,222.0,61.12
2019-08-05 03:00:00,235.0,59.32
2019-08-06 03:00:00,233.0,58.63
2019-08-07 03:00:00,232.0,55.03
2019-08-08 03:00:00,229.0,56.29
2019-08-09 03:00:00,226.0,57.37
2019-08-12 03:00:00,239.0,57.13
2019-08-13 03:00:00,236.0,59.9
2019-08-14 03:00:00,244.0,57.86
2019-08-15 03:00:00,251.0,57.37
2019-08-16 03:00:00,248.0,59.0
2019-08-19 03:00:00,243.0,59.79
2019-08-20 03:00:00,247.0,59.03
2019-08-21 03:00:00,244.0,60.6
2019-08-22 03:00:00,240.0,59.81
2019-08-23 03:00:00,246.0,58.64
2019-08-26 03:00:00,245.0,58.64
2019-08-27 03:00:00,250.0,58.44
2019-08-28 03:00:00,252.0,60.42
2019-08-29 03:00:00,247.0,60.59
2019-08-30 03:00:00,248.0,61.04
2019-09-02 03:00:00,248.0,58.55
2019-09-03 03:00:00,249.0,57.93
2019-09-04 03:00:00,247.0,60.68
2019-09-05 03:00:00,238.0,62.7
2019-09-06 03:00:00,240.0,61.28
2019-09-09 03:00:00,234.0,63.99
2019-09-10 03:00:00,229.0,64.67
2019-09-11 03:00:00,228.0,63.02
2019-09-12 03:00:00,222.0,60.76
2019-09-13 03:00:00,219.0,61.25
2019-09-16 03:00:00,224.0,68.42
2019-09-17 03:00:00,227.0,65.59
2019-09-18 03:00:00,225.0,64.29
2019-09-19 03:00:00,227.0,64.25
2019-09-20 03:00:00,232.0,65.23
2019-09-23 03:00:00,234.0,64.66
2019-09-24 03:00:00,243.0,64.13
2019-09-25 03:00:00,240.0,62.41
2019-09-26 03:00:00,243.0,62.08
2019-09-27 03:00:00,246.0,62.48
2019-09-30 03:00:00,247.0,60.99
2019-10-01 03:00:00,252.0,60.06
2019-10-02 03:00:00,259.0,57.92
2019-10-03 03:00:00,264.0,58.01
2019-10-04 03:00:00,264.0,59.13
2019-10-07 03:00:00,259.0,59.46
2019-10-08 03:00:00,262.0,58.14
2019-10-09 03:00:00,255.0,59.7
2019-10-10 03:00:00,247.0,59.08
2019-10-11 03:00:00,240.0,60.59
2019-10-14 03:00:00,240.0,58.81
2019-10-15 03:00:00,237.0,59.19
2019-10-16 03:00:00,239.0,59.3
2019-10-17 03:00:00,238.0,59.35
2019-10-18 03:00:00,238.0,59.96
2019-10-21 03:00:00,235.0,58.95
2019-10-22 03:00:00,237.0,60.5
2019-10-23 03:00:00,237.0,60.52
2019-10-24 03:00:00,235.0,61.71
2019-10-25 03:00:00,231.0,62.06
2019-10-28 03:00:00,227.0,60.39
2019-10-29 03:00:00,228.0,61.05
2019-10-30 03:00:00,237.0,60.22
2019-10-31 03:00:00,240.0,59.3
2019-11-01 03:00:00,231.0,60.17
2019-11-04 03:00:00,229.0,62.52
2019-11-05 03:00:00,231.0,62.72
2019-11-06 03:00:00,235.0,62.11
2019-11-07 03:00:00,230.0,62.6
2019-11-08 03:00:00,229.0,62.0
2019-11-11 03:00:00,229.0,62.58
2019-11-12 03:00:00,232.0,62.19
2019-11-13 03:00:00,235.0,62.27
2019-11-14 03:00:00,238.0,62.46
2019-11-15 03:00:00,238.0,63.32
2019-11-18 03:00:00,240.0,62.82
2019-11-19 03:00:00,246.0,62.37
2019-11-20 03:00:00,249.0,63.8
2019-11-21 03:00:00,245.0,64.99
2019-11-22 03:00:00,241.0,64.83
2019-11-25 03:00:00,242.0,64.67
2019-11-26 03:00:00,246.0,64.82
2019-11-27 03:00:00,244.0,65.03
2019-11-28 03:00:00,244.0,64.68
2019-11-29 03:00:00,239.0,64.5
2019-12-02 03:00:00,240.0,63.2
2019-12-03 03:00:00,250.0,62.95
2019-12-04 03:00:00,240.0,65.25
2019-12-05 03:00:00,238.0,65.67
2019-12-06 03:00:00,231.0,66.5
2019-12-09 03:00:00,231.0,66.44
2019-12-10 03:00:00,228.0,66.57
2019-12-11 03:00:00,230.0,65.37
2019-12-12 03:00:00,215.0,66.67
2019-12-13 03:00:00,218.0,67.44
2019-12-16 03:00:00,212.0,68.04
2019-12-17 03:00:00,211.0,
2019-12-18 03:00:00,208.0,69.12
2019-12-19 03:00:00,213.0,69.7
2019-12-20 03:00:00,214.0,68.66
2019-12-23 03:00:00,212.0,67.49
2019-12-24 03:00:00,215.0,69.26
2019-12-26 03:00:00,214.0,69.26
2019-12-27 03:00:00,215.0,68.91
2019-12-30 03:00:00,215.0,68.3
2019-12-31 03:00:00,214.0,67.77
2020-01-02 03:00:00,218.0,67.05
2020-01-03 03:00:00,225.0,69.08
2020-01-06 03:00:00,222.0,70.25
2020-01-07 03:00:00,220.0,68.74
2020-01-08 03:00:00,215.0,67.31
2020-01-09 03:00:00,215.0,66.58
2020-01-10 03:00:00,213.0,66.77
2020-01-13 03:00:00,213.0,64.14
2020-01-14 03:00:00,215.0,64.45
2020-01-15 03:00:00,217.0,63.29
2020-01-16 03:00:00,211.0,64.63
2020-01-17 03:00:00,209.0,64.05
2020-01-20 03:00:00,209.0,64.63
2020-01-21 03:00:00,214.0,63.66
2020-01-22 03:00:00,216.0,62.11
2020-01-23 03:00:00,220.0,61.26
2020-01-24 03:00:00,225.0,59.34
2020-01-27 03:00:00,232.0,58.54
2020-01-28 03:00:00,227.0,59.37
2020-01-29 03:00:00,225.0,59.46
2020-01-30 03:00:00,224.0,57.72
2020-01-31 03:00:00,225.0,57.77
2020-02-03 03:00:00,226.0,54.0
2020-02-04 03:00:00,219.0,53.9
2020-02-05 03:00:00,214.0,55.36
2020-02-06 03:00:00,213.0,55.18
2020-02-07 03:00:00,217.0,54.53
2020-02-10 03:00:00,216.0,53.39
2020-02-11 03:00:00,209.0,54.0
2020-02-12 03:00:00,203.0,55.54
2020-02-13 03:00:00,203.0,56.34
2020-02-14 03:00:00,196.0,57.37
2020-02-17 03:00:00,196.0,57.83
2020-02-18 03:00:00,198.0,57.35
2020-02-19 03:00:00,189.0,59.72
2020-02-20 03:00:00,193.0,59.72
2020-02-21 03:00:00,202.0,58.6
2020-02-24 03:00:00,208.0,56.04
2020-02-25 03:00:00,214.0,56.71
2020-02-26 03:00:00,218.0,54.96
2020-02-27 03:00:00,233.0,52.19
2020-02-28 03:00:00,252.0,51.31
2020-03-02 03:00:00,247.0,52.52
2020-03-03 03:00:00,240.0,52.24
2020-03-04 03:00:00,223.0,51.86
2020-03-05 03:00:00,239.0,51.29
2020-03-06 03:00:00,262.0,45.6
2020-03-09 03:00:00,312.0,35.33
2020-03-10 03:00:00,284.0,36.66
2020-03-11 03:00:00,302.0,34.45
2020-03-12 03:00:00,367.0,31.05
2020-03-13 03:00:00,335.0,33.0
2020-03-16 03:00:00,395.0,27.98
2020-03-17 03:00:00,374.0,27.97
2020-03-18 03:00:00,441.0,22.79
2020-03-19 03:00:00,465.0,23.98
2020-03-20 03:00:00,453.0,25.55
2020-03-23 03:00:00,476.0,21.85
2020-03-24 03:00:00,427.0,24.5
2020-03-25 03:00:00,370.0,25.62
2020-03-26 03:00:00,343.0,23.55
2020-03-27 03:00:00,375.0,22.39
2020-03-30 03:00:00,393.0,19.19
2020-03-31 03:00:00,389.0,14.85
2020-04-01 03:00:00,414.0,14.97
2020-04-02 03:00:00,427.0,20.24
2020-04-03 03:00:00,445.0,24.33
2020-04-06 03:00:00,437.0,22.58
2020-04-07 03:00:00,418.0,22.1
2020-04-08 03:00:00,415.0,25.22
2020-04-09 03:00:00,390.0,20.23
2020-04-13 03:00:00,374.0,20.23
2020-04-14 03:00:00,366.0,21.74
2020-04-15 03:00:00,394.0,19.8
2020-04-16 03:00:00,400.0,18.69
2020-04-17 03:00:00,397.0,19.75
2020-04-20 03:00:00,403.0,17.36
2020-04-21 03:00:00,421.0,9.12
2020-04-22 03:00:00,426.0,13.77
2020-04-23 03:00:00,442.0,15.06
2020-04-24 03:00:00,473.0,15.87
2020-04-27 03:00:00,475.0,15.17
2020-04-28 03:00:00,470.0,15.6
2020-04-29 03:00:00,446.0,17.86
2020-04-30 03:00:00,422.0,18.11
2020-05-01 03:00:00,422.0,18.49
2020-05-04 03:00:00,426.0,20.4
2020-05-05 03:00:00,423.0,25.46
2020-05-06 03:00:00,429.0,24.2
2020-05-07 03:00:00,432.0,24.23
2020-05-08 03:00:00,419.0,
2020-05-11 03:00:00,414.0,25.53
2020-05-12 03:00:00,420.0,26.67
2020-05-13 03:00:00,438.0,27.89
2020-05-14 03:00:00,450.0,29.87
2020-05-15 03:00:00,451.0,30.95
2020-05-18 03:00:00,427.0,33.3
2020-05-19 03:00:00,429.0,33.06
2020-05-20 03:00:00,420.0,34.76
2020-05-21 03:00:00,405.0,34.78
2020-05-22 03:00:00,405.0,33.8
2020-05-25 03:00:00,405.0,33.8
2020-05-26 03:00:00,387.0,33.95
2020-05-27 03:00:00,384.0,32.73
2020-05-28 03:00:00,379.0,33.98
2020-05-29 03:00:00,392.0,34.15
2020-06-01 03:00:00,386.0,36.74
2020-06-02 03:00:00,375.0,37.72
2020-06-03 03:00:00,351.0,37.98
2020-06-04 03:00:00,348.0,38.41
2020-06-05 03:00:00,334.0,41.0
2020-06-08 03:00:00,332.0,39.66
2020-06-09 03:00:00,344.0,40.45
2020-06-10 03:00:00,355.0,41.18
2020-06-11 03:00:00,389.0,37.76
2020-06-12 03:00:00,384.0,38.54
2020-06-15 03:00:00,387.0,39.44
2020-06-16 03:00:00,367.0,40.75
2020-06-17 03:00:00,374.0,40.47
2020-06-18 03:00:00,380.0,41.75
2020-06-19 03:00:00,377.0,42.33
2020-06-22 03:00:00,375.0,43.2
2020-06-23 03:00:00,375.0,42.72
2020-06-24 03:00:00,376.0,40.4
2020-06-25 03:00:00,377.0,41.18
2020-06-26 03:00:00,384.0,40.97
2020-06-29 03:00:00,384.0,41.58
2020-06-30 03:00:00,380.0,41.64
2020-07-01 03:00:00,372.0,42.18
2020-07-02 03:00:00,366.0,43.19
2020-07-03 03:00:00,366.0,42.92
2020-07-06 03:00:00,362.0,42.73
2020-07-07 03:00:00,375.0,43.28
2020-07-08 03:00:00,374.0,43.67
2020-07-09 03:00:00,382.0,42.35
2020-07-10 03:00:00,382.0,43.27
2020-07-13 03:00:00,377.0,42.85
2020-07-14 03:00:00,385.0,42.97
2020-07-15 03:00:00,376.0,43.96
2020-07-16 03:00:00,375.0,43.71
2020-07-17 03:00:00,364.0,43.53
2020-07-20 03:00:00,355.0,43.3
2020-07-21 03:00:00,346.0,44.31
2020-07-22 03:00:00,342.0,43.98
2020-07-23 03:00:00,351.0,42.96
2020-07-24 03:00:00,352.0,43.29
2020-07-27 03:00:00,346.0,43.39
2020-07-28 03:00:00,349.0,43.11
2020-07-29 03:00:00,340.0,43.51
2020-07-30 03:00:00,342.0,42.98
2020-07-31 03:00:00,334.0,43.13
2020-08-03 03:00:00,329.0,43.76
2020-08-04 03:00:00,333.0,43.99
2020-08-05 03:00:00,323.0,44.92
2020-08-06 03:00:00,323.0,45.04
2020-08-07 03:00:00,317.0,44.07
2020-08-10 03:00:00,309.0,44.19
2020-08-11 03:00:00,298.0,43.68
2020-08-12 03:00:00,307.0,45.09
2020-08-13 03:00:00,307.0,44.87
2020-08-14 03:00:00,317.0,44.86
2020-08-17 03:00:00,321.0,44.91
2020-08-18 03:00:00,325.0,45.34
2020-08-19 03:00:00,327.0,45.21
2020-08-20 03:00:00,338.0,44.56
2020-08-21 03:00:00,333.0,43.94
2020-08-24 03:00:00,329.0,44.43
2020-08-25 03:00:00,334.0,46.01
2020-08-26 03:00:00,334.0,45.79
2020-08-27 03:00:00,327.0,44.84
2020-08-28 03:00:00,320.0,45.22
2020-08-31 03:00:00,319.0,
2020-09-01 03:00:00,314.0,45.72
2020-09-02 03:00:00,312.0,42.7
2020-09-03 03:00:00,318.0,42.72
2020-09-04 03:00:00,312.0,41.1
2020-09-07 03:00:00,312.0,40.67
2020-09-08 03:00:00,317.0,38.53
2020-09-09 03:00:00,311.0,39.98
2020-09-10 03:00:00,308.0,39.27
2020-09-11 03:00:00,311.0,38.8
2020-09-12 03:00:00,,38.57
2020-09-13 03:00:00,,39.54
2020-09-14 03:00:00,310.0,38.57
2020-09-15 03:00:00,307.0,39.54
2020-09-16 03:00:00,306.0,41.23
2020-09-17 03:00:00,310.0,42.35
2020-09-18 03:00:00,313.0,42.16
2020-09-19 03:00:00,,40.37
2020-09-21 03:00:00,327.0,40.37
2020-09-22 03:00:00,332.0,40.84
2020-09-23 03:00:00,348.0,41.09
2020-09-24 03:00:00,348.0,41.24
2020-09-25 03:00:00,346.0,40.91
2020-09-28 03:00:00,347.0,41.59
2020-09-29 03:00:00,353.0,40.33
2020-09-30 03:00:00,343.0,40.3
2020-10-01 03:00:00,343.0,39.75
2020-10-02 03:00:00,341.0,38.0
2020-10-05 03:00:00,331.0,39.78
2020-10-06 03:00:00,328.0,41.27
2020-10-07 03:00:00,320.0,40.62
2020-10-08 03:00:00,315.0,42.0
2020-10-09 03:00:00,309.0,41.63
2020-10-12 03:00:00,308.0,40.5
2020-10-13 03:00:00,311.0,41.34
2020-10-14 03:00:00,309.0,41.81
2020-10-15 03:00:00,310.0,41.61
2020-10-16 03:00:00,307.0,41.34
2020-10-19 03:00:00,306.0,41.29
2020-10-20 03:00:00,305.0,41.62
2020-10-21 03:00:00,306.0,40.09
2020-10-22 03:00:00,306.0,41.28
2020-10-23 03:00:00,310.0,40.71
2020-10-26 03:00:00,317.0,39.06
2020-10-27 03:00:00,315.0,39.72
2020-10-28 03:00:00,321.0,37.86
2020-10-29 03:00:00,319.0,36.56
2020-10-30 03:00:00,318.0,36.33
2020-11-02 03:00:00,317.0,37.78
2020-11-03 03:00:00,307.0,38.17
2020-11-04 03:00:00,296.0,39.68
2020-11-05 03:00:00,290.0,39.47
2020-11-06 03:00:00,289.0,38.08
2020-11-09 03:00:00,271.0,40.93
2020-11-10 03:00:00,273.0,42.25
2020-11-11 03:00:00,273.0,42.5
2020-11-12 03:00:00,279.0,42.16
2020-11-13 03:00:00,279.0,41.51
2020-11-16 03:00:00,276.0,42.71
2020-11-17 03:00:00,279.0,42.54
2020-11-18 03:00:00,275.0,42.91
2020-11-19 03:00:00,277.0,43.09
2020-11-20 03:00:00,276.0,43.79
2020-11-21 03:00:00,261.0,
2020-11-22 03:00:00,263.0,
2020-11-23 03:00:00,275.0,45.0
2020-11-24 03:00:00,272.0,46.63
2020-11-25 03:00:00,271.0,47.3
2020-11-26 03:00:00,271.0,46.32
2020-11-27 03:00:00,275.0,46.88
2020-11-28 03:00:00,261.0,
2020-11-29 03:00:00,259.0,
2020-11-30 03:00:00,275.0,46.84
2020-12-01 03:00:00,264.0,47.03
2020-12-02 03:00:00,266.0,47.8
2020-12-03 03:00:00,267.0,48.37
2020-12-04 03:00:00,262.0,49.1
2020-12-07 03:00:00,266.0,48.63
2020-12-08 03:00:00,270.0,48.84
2020-12-09 03:00:00,267.0,48.81
2020-12-10 03:00:00,268.0,50.33
2020-12-11 03:00:00,269.0,50.01
2020-12-14 03:00:00,268.0,50.27
2020-12-15 03:00:00,263.0,
2020-12-16 03:00:00,260.0,
2020-12-17 03:00:00,258.0,
2020-12-18 03:00:00,256.0,52.17
2020-12-21 03:00:00,261.0,50.61
2020-12-22 03:00:00,263.0,49.88
2020-12-23 03:00:00,259.0,51.05
2020-12-24 03:00:00,261.0,50.88
2020-12-28 03:00:00,261.0,50.88
2020-12-29 03:00:00,259.0,50.44
2020-12-30 03:00:00,259.0,50.74
2020-12-31 03:00:00,260.0,51.22
2021-01-04 03:00:00,261.0,50.37
2021-01-05 03:00:00,264.0,53.16
2021-01-06 03:00:00,266.0,53.8
2021-01-07 03:00:00,268.0,53.7
2021-01-08 03:00:00,265.0,55.51
2021-01-11 03:00:00,270.0,54.84
2021-01-12 03:00:00,273.0,55.98
2021-01-13 03:00:00,273.0,55.52
2021-01-14 03:00:00,272.0,55.76
2021-01-15 03:00:00,280.0,54.8
2021-01-18 03:00:00,280.0,54.21
2021-01-19 03:00:00,283.0,55.38
2021-01-20 03:00:00,283.0,55.66
2021-01-21 03:00:00,283.0,55.68
2021-01-22 03:00:00,287.0,55.22
2021-01-25 03:00:00,291.0,55.44
2021-01-26 03:00:00,290.0,55.26
2021-01-27 03:00:00,294.0,55.07
2021-01-28 03:00:00,287.0,54.87
2021-01-29 03:00:00,288.0,55.25
2021-02-01 03:00:00,283.0,56.42
2021-02-02 03:00:00,276.0,57.62
2021-02-03 03:00:00,276.0,58.61
2021-02-04 03:00:00,270.0,58.98
2021-02-05 03:00:00,266.0,59.48
2021-02-08 03:00:00,268.0,60.17
2021-02-09 03:00:00,270.0,60.74
2021-02-10 03:00:00,273.0,61.17
2021-02-11 03:00:00,271.0,61.09
2021-02-12 03:00:00,269.0,62.47
2021-02-15 03:00:00,269.0,63.58
2021-02-16 03:00:00,270.0,63.96
2021-02-17 03:00:00,271.0,65.02
2021-02-18 03:00:00,279.0,64.09
2021-02-19 03:00:00,274.0,62.84
2021-02-22 03:00:00,292.0,64.73
2021-02-23 03:00:00,288.0,65.16
2021-02-24 03:00:00,280.0,66.85
2021-02-25 03:00:00,285.0,66.69
2021-02-26 03:00:00,299.0,65.86
2021-03-01 03:00:00,296.0,64.56
2021-03-02 03:00:00,303.0,63.17
2021-03-03 03:00:00,304.0,64.7
2021-03-04 03:00:00,299.0,67.32
2021-03-05 03:00:00,306.0,69.95
2021-03-08 03:00:00,323.0,68.0
2021-03-09 03:00:00,324.0,67.03
2021-03-10 03:00:00,320.0,67.53
2021-03-11 03:00:00,310.0,69.34
2021-03-12 03:00:00,302.0,68.87
2021-03-15 03:00:00,302.0,68.78
2021-03-16 03:00:00,295.0,67.95
2021-03-17 03:00:00,294.0,67.73
2021-03-18 03:00:00,289.0,62.11
2021-03-19 03:00:00,288.0,64.0
2021-03-22 03:00:00,289.0,63.89
2021-03-23 03:00:00,289.0,59.96
2021-03-24 03:00:00,294.0,63.7
2021-03-25 03:00:00,301.0,61.21
2021-03-26 03:00:00,299.0,63.77
2021-03-29 03:00:00,295.0,64.06
2021-03-30 03:00:00,299.0,63.28
2021-03-31 03:00:00,290.0,63.52
2021-04-01 03:00:00,292.0,63.85
2021-04-05 03:00:00,289.0,63.85
2021-04-06 03:00:00,288.0,61.47
2021-04-07 03:00:00,286.0,61.86
2021-04-08 03:00:00,289.0,62.09
2021-04-09 03:00:00,289.0,61.89
2021-04-12 03:00:00,292.0,62.38
2021-04-13 03:00:00,296.0,62.83
2021-04-14 03:00:00,291.0,66.11
2021-04-15 03:00:00,290.0,66.13
2021-04-16 03:00:00,285.0,65.98
2021-04-19 03:00:00,281.0,66.54
2021-04-20 03:00:00,286.0,65.34
2021-04-21 03:00:00,286.0,64.02
2021-04-22 03:00:00,287.0,65.07
2021-04-23 03:00:00,283.0,65.75
2021-04-26 03:00:00,283.0,65.5
2021-04-27 03:00:00,282.0,66.25
2021-04-28 03:00:00,281.0,67.08
2021-04-29 03:00:00,277.0,68.26
2021-04-30 03:00:00,277.0,67.73
2021-05-03 03:00:00,277.0,
2021-05-04 03:00:00,277.0,
2021-05-05 03:00:00,276.0,69.71
2021-05-06 03:00:00,272.0,68.62
2021-05-07 03:00:00,261.0,68.73
2021-05-10 03:00:00,254.0,68.61
2021-05-11 03:00:00,256.0,68.83
2021-05-12 03:00:00,256.0,69.62
2021-05-13 03:00:00,257.0,67.36
2021-05-14 03:00:00,258.0,69.24
2021-05-17 03:00:00,260.0,69.62
2021-05-18 03:00:00,260.0,69.01
2021-05-19 03:00:00,262.0,66.88
2021-05-20 03:00:00,266.0,65.18
2021-05-21 03:00:00,266.0,66.72
2021-05-24 03:00:00,268.0,68.59
2021-05-25 03:00:00,271.0,68.8
2021-05-26 03:00:00,265.0,68.93
2021-05-27 03:00:00,264.0,69.43
2021-05-28 03:00:00,261.0,69.36
2021-05-31 03:00:00,262.0,
2021-06-01 03:00:00,260.0,70.03
2021-06-02 03:00:00,258.0,70.6
2021-06-03 03:00:00,260.0,70.71
2021-06-04 03:00:00,263.0,71.3
2021-06-07 03:00:00,261.0,70.89
2021-06-08 03:00:00,263.0,71.39
2021-06-09 03:00:00,264.0,71.31
2021-06-10 03:00:00,266.0,71.65
2021-06-11 03:00:00,262.0,72.05
2021-06-14 03:00:00,263.0,72.27
2021-06-15 03:00:00,266.0,73.38
2021-06-16 03:00:00,266.0,73.88
2021-06-17 03:00:00,263.0,72.92
2021-06-18 03:00:00,267.0,73.1
2021-06-21 03:00:00,263.0,74.49
2021-06-22 03:00:00,267.0,74.92
2021-06-23 03:00:00,264.0,75.22
2021-06-24 03:00:00,265.0,75.95
2021-06-25 03:00:00,262.0,76.45
2021-06-28 03:00:00,266.0,74.78
2021-06-29 03:00:00,270.0,75.38
2021-06-30 03:00:00,275.0,76.94
2021-07-01 03:00:00,276.0,76.69
2021-07-02 03:00:00,279.0,77.51
2021-07-05 03:00:00,279.0,78.34
2021-07-06 03:00:00,287.0,75.81
2021-07-07 03:00:00,291.0,74.31
2021-07-08 03:00:00,294.0,75.07
2021-07-09 03:00:00,289.0,77.14
2021-07-12 03:00:00,288.0,76.77
2021-07-13 03:00:00,285.0,77.5
2021-07-14 03:00:00,289.0,75.74
2021-07-15 03:00:00,292.0,74.53
2021-07-16 03:00:00,291.0,74.46
2021-07-19 03:00:00,303.0,69.33
2021-07-20 03:00:00,299.0,70.03
2021-07-21 03:00:00,296.0,72.54
2021-07-22 03:00:00,296.0,74.25
2021-07-23 03:00:00,294.0,74.86
2021-07-26 03:00:00,294.0,74.79
2021-07-27 03:00:00,300.0,74.87
2021-07-28 03:00:00,300.0,75.09
2021-07-29 03:00:00,298.0,76.3
2021-07-30 03:00:00,300.0,77.72
2021-08-02 03:00:00,302.0,73.91
2021-08-03 03:00:00,304.0,73.24
2021-08-04 03:00:00,305.0,70.99
2021-08-05 03:00:00,301.0,72.14
2021-08-06 03:00:00,301.0,71.02
2021-08-09 03:00:00,301.0,69.65
2021-08-10 03:00:00,301.0,71.14
2021-08-11 03:00:00,301.0,71.99
2021-08-12 03:00:00,300.0,71.79
2021-08-13 03:00:00,304.0,70.9
2021-08-16 03:00:00,307.0,70.07
2021-08-17 03:00:00,309.0,69.4
2021-08-18 03:00:00,313.0,68.61
2021-08-19 03:00:00,321.0,66.8
2021-08-20 03:00:00,320.0,65.51
2021-08-23 03:00:00,318.0,69.07
2021-08-24 03:00:00,315.0,71.21
2021-08-25 03:00:00,310.0,72.12
2021-08-26 03:00:00,311.0,70.42
2021-08-27 03:00:00,309.0,72.26
2021-08-30 03:00:00,304.0,
2021-08-31 03:00:00,304.0,73.45
2021-09-01 03:00:00,304.0,71.99
2021-09-02 03:00:00,305.0,73.56
2021-09-03 03:00:00,304.0,73.07
2021-09-06 03:00:00,304.0,72.43
2021-09-07 03:00:00,304.0,71.52
2021-09-08 03:00:00,312.0,72.36
2021-09-09 03:00:00,317.0,71.32
2021-09-10 03:00:00,310.0,72.44
2021-09-13 03:00:00,314.0,72.97
2021-09-14 03:00:00,318.0,73.05
2021-09-15 03:00:00,314.0,74.84
2021-09-16 03:00:00,312.0,75.14
2021-09-17 03:00:00,311.0,74.64
2021-09-20 03:00:00,322.0,73.59
2021-09-21 03:00:00,318.0,73.65
2021-09-22 03:00:00,318.0,75.5
2021-09-23 03:00:00,317.0,76.44
2021-09-24 03:00:00,320.0,77.42
2021-09-27 03:00:00,322.0,78.85
2021-09-28 03:00:00,325.0,78.3
2021-09-29 03:00:00,320.0,77.86
2021-09-30 03:00:00,327.0,77.81
2021-10-01 03:00:00,333.0,79.4
2021-10-04 03:00:00,334.0,81.44
2021-10-05 03:00:00,332.0,82.72
2021-10-06 03:00:00,334.0,81.39
2021-10-07 03:00:00,326.0,82.34
2021-10-08 03:00:00,326.0,82.17
2021-10-11 03:00:00,327.0,83.75
2021-10-12 03:00:00,332.0,83.53
2021-10-13 03:00:00,330.0,83.53
2021-10-14 03:00:00,328.0,83.86
2021-10-15 03:00:00,324.0,84.67
2021-10-18 03:00:00,327.0,84.13
2021-10-19 03:00:00,329.0,85.02
2021-10-20 03:00:00,336.0,85.76
2021-10-21 03:00:00,350.0,84.58
2021-10-22 03:00:00,353.0,85.43
2021-10-25 03:00:00,348.0,84.85
2021-10-26 03:00:00,346.0,85.11
2021-10-27 03:00:00,346.0,84.12
2021-10-28 03:00:00,347.0,83.4
2021-10-29 03:00:00,362.0,83.1
2021-11-01 03:00:00,366.0,84.51
2021-11-02 03:00:00,370.0,84.42
2021-11-03 03:00:00,361.0,81.1
2021-11-04 03:00:00,356.0,80.15
2021-11-05 03:00:00,355.0,82.43
2021-11-08 03:00:00,343.0,83.22
2021-11-09 03:00:00,346.0,84.52
2021-11-10 03:00:00,341.0,82.91
2021-11-11 03:00:00,338.0,83.4
2021-11-12 03:00:00,339.0,82.9
2021-11-15 03:00:00,336.0,81.94
2021-11-16 03:00:00,336.0,82.85
2021-11-17 03:00:00,338.0,80.67
2021-11-18 03:00:00,340.0,82.45
2021-11-19 03:00:00,341.0,80.24
2021-11-22 03:00:00,339.0,80.97
2021-11-23 03:00:00,345.0,83.43
2021-11-24 03:00:00,349.0,82.37
2021-11-25 03:00:00,349.0,82.05
2021-11-26 03:00:00,375.0,72.37
2021-11-29 03:00:00,366.0,73.34
2021-11-30 03:00:00,366.0,70.86
2021-12-01 03:00:00,355.0,69.53
2021-12-02 03:00:00,345.0,70.56
2021-12-03 03:00:00,349.0,70.71
2021-12-06 03:00:00,343.0,73.38
2021-12-07 03:00:00,330.0,75.54
2021-12-08 03:00:00,327.0,75.94
2021-12-09 03:00:00,333.0,74.1
2021-12-10 03:00:00,333.0,74.98
2021-12-13 03:00:00,337.0,74.12
2021-12-14 03:00:00,338.0,73.37
2021-12-15 03:00:00,339.0,73.71
2021-12-16 03:00:00,342.0,74.64
2021-12-17 03:00:00,343.0,72.97
2021-12-20 03:00:00,345.0,70.51
2021-12-21 03:00:00,341.0,72.85
2021-12-22 03:00:00,342.0,74.69
2021-12-23 03:00:00,335.0,76.26
2021-12-24 03:00:00,335.0,75.24
2021-12-27 03:00:00,334.0,75.24
2021-12-28 03:00:00,331.0,
2021-12-29 03:00:00,325.0,78.63
2021-12-30 03:00:00,326.0,78.61
2021-12-31 03:00:00,326.0,77.24
2022-01-03 03:00:00,320.0,78.25
2022-01-04 03:00:00,323.0,79.39
2022-01-05 03:00:00,323.0,80.6
2022-01-06 03:00:00,333.0,81.99
2022-01-07 03:00:00,333.0,82.28
2022-01-10 03:00:00,335.0,81.56
2022-01-11 03:00:00,336.0,84.98
2022-01-12 03:00:00,333.0,85.83
2022-01-13 03:00:00,337.0,85.8
2022-01-14 03:00:00,336.0,87.17
2022-01-17 03:00:00,336.0,87.82
2022-01-18 03:00:00,336.0,88.83
2022-01-19 03:00:00,332.0,89.64
2022-01-20 03:00:00,328.0,89.75
2022-01-21 03:00:00,335.0,89.75
2022-01-24 03:00:00,336.0,87.74
2022-01-25 03:00:00,334.0,89.49
2022-01-26 03:00:00,329.0,91.22
2022-01-27 03:00:00,333.0,90.7
2022-01-28 03:00:00,339.0,91.47
2022-01-31 03:00:00,334.0,92.35
2022-02-01 03:00:00,331.0,90.24
2022-02-02 03:00:00,327.0,91.43
2022-02-03 03:00:00,325.0,92.99
2022-02-04 03:00:00,326.0,96.86
2022-02-07 03:00:00,328.0,97.28
2022-02-08 03:00:00,325.0,96.07
2022-02-09 03:00:00,318.0,94.95
2022-02-10 03:00:00,318.0,96.37
2022-02-11 03:00:00,337.0,97.5
2022-02-14 03:00:00,335.0,101.66
2022-02-15 03:00:00,325.0,98.43
2022-02-16 03:00:00,328.0,97.44
2022-02-17 03:00:00,335.0,95.28
2022-02-18 03:00:00,340.0,96.18
2022-02-21 03:00:00,,98.95
2022-02-22 03:00:00,341.0,98.73
2022-02-23 03:00:00,340.0,99.29
2022-02-24 03:00:00,338.0,101.29
2022-02-25 03:00:00,328.0,98.56
2022-02-28 03:00:00,338.0,103.08
2022-03-01 03:00:00,339.0,110.93
2022-03-02 03:00:00,327.0,118.94
2022-03-03 03:00:00,330.0,115.36
2022-03-04 03:00:00,343.0,123.86
2022-03-07 03:00:00,347.0,129.02
2022-03-08 03:00:00,346.0,133.18
2022-03-09 03:00:00,332.0,116.58
2022-03-10 03:00:00,332.0,114.54
2022-03-11 03:00:00,330.0,118.11
2022-03-14 03:00:00,331.0,110.39
2022-03-15 03:00:00,331.0,105.14
2022-03-16 03:00:00,324.0,104.61
2022-03-17 03:00:00,310.0,113.5
2022-03-18 03:00:00,313.0,114.32
2022-03-21 03:00:00,309.0,122.29
2022-03-22 03:00:00,309.0,121.53
2022-03-23 03:00:00,320.0,127.52
2022-03-24 03:00:00,313.0,123.98
2022-03-25 03:00:00,301.0,122.67
2022-03-28 03:00:00,301.0,114.5
2022-03-29 03:00:00,300.0,112.79
2022-03-30 03:00:00,294.0,115.59
2022-03-31 03:00:00,294.0,107.29
2022-04-01 03:00:00,295.0,106.13
2022-04-04 03:00:00,290.0,108.15
2022-04-05 03:00:00,283.0,106.6
2022-04-06 03:00:00,292.0,100.81
2022-04-07 03:00:00,291.0,99.83
2022-04-08 03:00:00,294.0,101.26
2022-04-11 03:00:00,300.0,97.92
2022-04-12 03:00:00,301.0,104.42
2022-04-13 03:00:00,296.0,108.49
2022-04-14 03:00:00,284.0,110.83
2022-04-18 03:00:00,284.0,110.83
2022-04-19 03:00:00,283.0,105.49
2022-04-20 03:00:00,283.0,105.05
2022-04-21 03:00:00,288.0,107.2
2022-04-22 03:00:00,293.0,105.15
2022-04-25 03:00:00,295.0,99.27
2022-04-26 03:00:00,298.0,102.89
2022-04-27 03:00:00,297.0,103.3
2022-04-28 03:00:00,303.0,105.78
2022-04-29 03:00:00,306.0,108.36
2022-05-02 03:00:00,310.0,108.36
2022-05-03 03:00:00,302.0,104.94
2022-05-04 03:00:00,300.0,110.53
2022-05-05 03:00:00,299.0,112.11
2022-05-06 03:00:00,301.0,113.86
2022-05-09 03:00:00,323.0,106.67
2022-05-10 03:00:00,315.0,102.61
2022-05-11 03:00:00,316.0,107.7
2022-05-12 03:00:00,318.0,108.06
2022-05-13 03:00:00,314.0,112.12
2022-05-16 03:00:00,319.0,114.86
2022-05-17 03:00:00,315.0,112.89
2022-05-18 03:00:00,328.0,110.04
2022-05-19 03:00:00,326.0,113.22
2022-05-20 03:00:00,332.0,113.63
2022-05-23 03:00:00,325.0,115.13
2022-05-24 03:00:00,330.0,115.77
2022-05-25 03:00:00,316.0,116.41
2022-05-26 03:00:00,310.0,119.81
2022-05-27 03:00:00,305.0,121.19
2022-05-30 03:00:00,305.0,123.01
2022-05-31 03:00:00,300.0,125.53
2022-06-01 03:00:00,302.0,122.2
2022-06-02 03:00:00,305.0,
2022-06-03 03:00:00,309.0,125.68
2022-06-06 03:00:00,307.0,124.99
2022-06-07 03:00:00,311.0,126.89
2022-06-08 03:00:00,312.0,129.2
2022-06-09 03:00:00,318.0,128.47
2022-06-10 03:00:00,325.0,127.44
2022-06-13 03:00:00,338.0,128.44
2022-06-14 03:00:00,338.0,127.02
2022-06-15 03:00:00,336.0,124.96
2022-06-16 03:00:00,348.0,125.78
2022-06-17 03:00:00,346.0,119.22
2022-06-20 03:00:00,346.0,118.25
2022-06-21 03:00:00,342.0,118.51
2022-06-22 03:00:00,347.0,115.54
2022-06-23 03:00:00,347.0,114.5
2022-06-24 03:00:00,343.0,117.36
2022-06-27 03:00:00,340.0,119.69
2022-06-28 03:00:00,356.0,122.21
2022-06-29 03:00:00,365.0,120.8
2022-06-30 03:00:00,364.0,119.78
2022-07-01 03:00:00,362.0,119.21
2022-07-04 03:00:00,362.0,121.8
2022-07-05 03:00:00,369.0,110.49
2022-07-06 03:00:00,357.0,108.54
2022-07-07 03:00:00,352.0,113.4
2022-07-08 03:00:00,349.0,113.95
2022-07-11 03:00:00,359.0,114.85
2022-07-12 03:00:00,367.0,106.98
2022-07-13 03:00:00,376.0,107.17
2022-07-14 03:00:00,,107.74
2022-07-15 03:00:00,376.0,112.26
2022-07-18 03:00:00,364.0,117.27
2022-07-19 03:00:00,345.0,114.96
2022-07-20 03:00:00,331.0,115.86
2022-07-21 03:00:00,337.0,112.81
2022-07-22 03:00:00,339.0,106.77
2022-07-25 03:00:00,332.0,108.23
2022-07-26 03:00:00,334.0,107.32
2022-07-27 03:00:00,329.0,109.64
2022-07-28 03:00:00,317.0,109.68
2022-07-29 03:00:00,305.0,111.51
2022-08-01 03:00:00,312.0,106.09
2022-08-02 03:00:00,307.0,106.51
2022-08-03 03:00:00,311.0,101.82
2022-08-04 03:00:00,300.0,97.99
2022-08-05 03:00:00,297.0,100.31
2022-08-08 03:00:00,294.0,103.46
2022-08-09 03:00:00,305.0,103.81
2022-08-10 03:00:00,290.0,105.06
2022-08-11 03:00:00,282.0,107.19
2022-08-12 03:00:00,285.0,103.7
2022-08-15 03:00:00,286.0,98.25
2022-08-16 03:00:00,291.0,95.36
2022-08-17 03:00:00,295.0,97.22
2022-08-18 03:00:00,292.0,96.35
2022-08-19 03:00:00,297.0,96.45
2022-08-22 03:00:00,303.0,95.06
2022-08-23 03:00:00,299.0,99.49
2022-08-24 03:00:00,288.0,99.87
2022-08-25 03:00:00,288.0,98.81
2022-08-26 03:00:00,291.0,101.13
2022-08-29 03:00:00,297.0,
2022-08-30 03:00:00,293.0,99.34
2022-08-31 03:00:00,285.0,96.55
2022-09-01 03:00:00,281.0,92.24
2022-09-02 03:00:00,281.0,93.09
2022-09-05 03:00:00,281.0,94.22
2022-09-06 03:00:00,274.0,91.43
2022-09-07 03:00:00,273.0,86.83
2022-09-08 03:00:00,264.0,87.99
2022-09-09 03:00:00,259.0,91.68
2022-09-12 03:00:00,255.0,93.45
2022-09-13 03:00:00,259.0,92.04
2022-09-14 03:00:00,263.0,92.83
2022-09-15 03:00:00,261.0,89.28
2022-09-16 03:00:00,269.0,89.43
2022-09-19 03:00:00,266.0,89.43
2022-09-20 03:00:00,270.0,89.62
2022-09-21 03:00:00,270.0,89.86
2022-09-22 03:00:00,266.0,90.4
2022-09-23 03:00:00,278.0,84.29
2022-09-26 03:00:00,292.0,82.55
2022-09-27 03:00:00,297.0,85.97
2022-09-28 03:00:00,299.0,89.55
2022-09-29 03:00:00,301.0,89.41
2022-09-30 03:00:00,288.0,88.9
2022-10-03 03:00:00,280.0,90.68
2022-10-04 03:00:00,266.0,93.74
2022-10-05 03:00:00,272.0,94.35
2022-10-06 03:00:00,271.0,95.65
2022-10-07 03:00:00,276.0,98.88
2022-10-10 03:00:00,,97.13
2022-10-11 03:00:00,282.0,95.17
2022-10-12 03:00:00,288.0,93.44
2022-10-13 03:00:00,291.0,95.16
2022-10-14 03:00:00,288.0,92.22
2022-10-17 03:00:00,283.0,91.04
2022-10-18 03:00:00,278.0,89.46
2022-10-19 03:00:00,276.0,91.34
2022-10-20 03:00:00,264.0,91.52
2022-10-21 03:00:00,255.0,91.82
2022-10-22 03:00:00,246.0,
2022-10-24 03:00:00,246.0,91.57
2022-10-25 03:00:00,253.0,91.76
2022-10-26 03:00:00,259.0,92.93
2022-10-27 03:00:00,272.0,94.17
2022-10-28 03:00:00,255.0,94.64
2022-10-31 03:00:00,,93.3
2022-11-01 03:00:00,261.0,95.12
2022-11-02 03:00:00,260.0,96.07
2022-11-03 03:00:00,263.0,95.29
2022-11-04 03:00:00,259.0,99.53
2022-11-07 03:00:00,252.0,99.87
2022-11-08 03:00:00,264.0,96.85
2022-11-09 03:00:00,279.0,93.05
2022-11-10 03:00:00,286.0,94.25
2022-11-11 03:00:00,,96.37
2022-11-14 03:00:00,277.0,93.59
2022-11-15 03:00:00,265.0,94.3
2022-11-16 03:00:00,270.0,92.61
2022-11-17 03:00:00,278.0,91.0
2022-11-18 03:00:00,271.0,88.93
2022-11-21 03:00:00,268.0,88.44
2022-11-22 03:00:00,265.0,88.65
2022-11-23 03:00:00,269.0,85.9
2022-11-24 03:00:00,,85.59
2022-11-25 03:00:00,270.0,83.4
2022-11-28 03:00:00,270.0,83.5
2022-11-29 03:00:00,251.0,83.22
2022-11-30 03:00:00,251.0,85.61
2022-12-01 03:00:00,253.0,86.28
2022-12-02 03:00:00,248.0,86.54
2022-12-05 03:00:00,244.0,83.36
2022-12-06 03:00:00,256.0,79.92
2022-12-07 03:00:00,260.0,77.11
2022-12-08 03:00:00,252.0,76.02
2022-12-09 03:00:00,244.0,76.37
2022-12-12 03:00:00,254.0,78.0
2022-12-13 03:00:00,251.0,80.14
2022-12-14 03:00:00,260.0,83.33
2022-12-15 03:00:00,267.0,82.34
2022-12-16 03:00:00,274.0,80.2
2022-12-19 03:00:00,276.0,81.66
2022-12-20 03:00:00,275.0,79.45
2022-12-21 03:00:00,267.0,80.25
2022-12-22 03:00:00,265.0,79.58
2022-12-23 03:00:00,263.0,82.45
2022-12-27 03:00:00,258.0,82.45
2022-12-28 03:00:00,255.0,81.7
2022-12-29 03:00:00,260.0,80.96
2022-12-30 03:00:00,256.0,82.82
2023-01-02 03:00:00,,82.82
2023-01-03 03:00:00,257.0,80.36
2023-01-04 03:00:00,261.0,75.31
2023-01-05 03:00:00,261.0,76.73
2023-01-06 03:00:00,262.0,76.41
2023-01-09 03:00:00,263.0,77.5
2023-01-10 03:00:00,260.0,78.4
2023-01-11 03:00:00,258.0,81.11
2023-01-12 03:00:00,258.0,82.59
2023-01-13 03:00:00,252.0,83.43
2023-01-16 03:00:00,,82.65
2023-01-17 03:00:00,251.0,84.38
2023-01-18 03:00:00,252.0,83.78
2023-01-19 03:00:00,254.0,85.08
2023-01-20 03:00:00,250.0,86.96
2023-01-23 03:00:00,249.0,87.96
2023-01-24 03:00:00,255.0,85.25
2023-01-25 03:00:00,262.0,85.08
2023-01-26 03:00:00,257.0,86.29
2023-01-27 03:00:00,257.0,85.36
2023-01-30 03:00:00,259.0,84.9
2023-01-31 03:00:00,258.0,83.42
2023-02-01 03:00:00,257.0,81.61
2023-02-02 03:00:00,248.0,80.57
2023-02-03 03:00:00,243.0,78.85
2023-02-06 03:00:00,242.0,80.48
2023-02-07 03:00:00,241.0,82.92
2023-02-08 03:00:00,249.0,84.17
2023-02-09 03:00:00,251.0,83.46
2023-02-10 03:00:00,253.0,85.46
2023-02-13 03:00:00,252.0,85.98
2023-02-14 03:00:00,250.0,84.96
2023-02-15 03:00:00,251.0,84.11
2023-02-16 03:00:00,254.0,83.84
2023-02-17 03:00:00,259.0,81.97
2023-02-20 03:00:00,,82.79
2023-02-21 03:00:00,256.0,82.14
2023-02-22 03:00:00,256.0,79.55
2023-02-23 03:00:00,250.0,82.08
2023-02-24 03:00:00,246.0,82.31
2023-02-27 03:00:00,247.0,81.24
2023-02-28 03:00:00,248.0,83.21
2023-03-01 03:00:00,247.0,83.68
2023-03-02 03:00:00,248.0,84.15
2023-03-03 03:00:00,247.0,85.74
2023-03-06 03:00:00,247.0,85.86
2023-03-07 03:00:00,253.0,83.03
2023-03-08 03:00:00,252.0,82.1
2023-03-09 03:00:00,259.0,81.0
2023-03-10 03:00:00,265.0,82.3
2023-03-13 03:00:00,273.0,79.67
2023-03-14 03:00:00,262.0,76.77
2023-03-15 03:00:00,276.0,74.3
2023-03-16 03:00:00,266.0,73.12
2023-03-17 03:00:00,278.0,71.03
2023-03-20 03:00:00,269.0,72.42
2023-03-21 03:00:00,259.0,74.78
2023-03-22 03:00:00,265.0,76.08
2023-03-23 03:00:00,267.0,74.31
2023-03-24 03:00:00,269.0,73.63
2023-03-27 03:00:00,256.0,76.8
2023-03-28 03:00:00,257.0,78.07
2023-03-29 03:00:00,251.0,77.51
2023-03-30 03:00:00,252.0,78.45
2023-03-31 03:00:00,253.0,79.19
2023-04-03 03:00:00,251.0,85.81
2023-04-04 03:00:00,255.0,85.7
2023-04-05 03:00:00,260.0,85.89
2023-04-06 03:00:00,263.0,86.56
2023-04-07 03:00:00,258.0,
2023-04-10 03:00:00,261.0,86.56
2023-04-11 03:00:00,261.0,87.32
2023-04-12 03:00:00,261.0,88.31
2023-04-13 03:00:00,257.0,86.51
2023-04-14 03:00:00,250.0,87.31
2023-04-17 03:00:00,250.0,85.63
2023-04-18 03:00:00,249.0,85.48
2023-04-19 03:00:00,251.0,85.34
2023-04-20 03:00:00,256.0,83.29
2023-04-21 03:00:00,253.0,83.36
2023-04-24 03:00:00,257.0,84.23
2023-04-25 03:00:00,265.0,82.13
2023-04-26 03:00:00,264.0,79.19
2023-04-27 03:00:00,259.0,80.11
2023-04-28 03:00:00,260.0,81.32
2023-05-01 03:00:00,252.0,
2023-05-02 03:00:00,265.0,76.71
2023-05-03 03:00:00,269.0,72.91
2023-05-04 03:00:00,269.0,73.0
2023-05-05 03:00:00,266.0,75.85
2023-05-08 03:00:00,261.0,
2023-05-09 03:00:00,258.0,77.76
2023-05-10 03:00:00,261.0,76.7
2023-05-11 03:00:00,261.0,75.32
2023-05-12 03:00:00,258.0,74.54
2023-05-15 03:00:00,258.0,75.46
2023-05-16 03:00:00,253.0,75.15
2023-05-17 03:00:00,252.0,76.98
2023-05-18 03:00:00,246.0,75.75
2023-05-19 03:00:00,244.0,75.42
2023-05-22 03:00:00,242.0,75.77
2023-05-23 03:00:00,246.0,76.66
2023-05-24 03:00:00,244.0,77.99
2023-05-25 03:00:00,239.0,75.66
2023-05-26 03:00:00,240.0,76.33
2023-05-30 03:00:00,241.0,73.38
2023-05-31 03:00:00,249.0,71.98
2023-06-01 03:00:00,252.0,74.18
2023-06-02 03:00:00,241.0,76.0
2023-06-05 03:00:00,241.0,76.61
2023-06-06 03:00:00,239.0,76.22
2023-06-07 03:00:00,,76.85
2023-06-08 03:00:00,,75.88
2023-06-09 03:00:00,233.0,74.74
2023-06-12 03:00:00,233.0,71.8
2023-06-13 03:00:00,225.0,74.24
2023-06-14 03:00:00,227.0,73.39
2023-06-15 03:00:00,230.0,75.75
2023-06-16 03:00:00,228.0,76.76
2023-06-19 03:00:00,,76.09
2023-06-20 03:00:00,231.0,75.79
2023-06-21 03:00:00,231.0,76.92
2023-06-22 03:00:00,228.0,73.93
2023-06-23 03:00:00,232.0,73.56
2023-06-26 03:00:00,232.0,73.86
2023-06-27 03:00:00,230.0,71.88
2023-06-28 03:00:00,235.0,73.64
2023-06-29 03:00:00,230.0,73.86
2023-06-30 03:00:00,230.0,74.51
2023-07-03 03:00:00,227.0,74.52
2023-07-04 03:00:00,,76.23
2023-07-05 03:00:00,221.0,76.74
2023-07-06 03:00:00,223.0,76.72
2023-07-07 03:00:00,225.0,78.77
2023-07-08 03:00:00,,77.83
2023-07-10 03:00:00,228.0,77.83
2023-07-11 03:00:00,223.0,79.54
2023-07-12 03:00:00,225.0,80.35
2023-07-13 03:00:00,224.0,81.31
2023-07-14 03:00:00,221.0,79.9
2023-07-15 03:00:00,,77.8
2023-07-17 03:00:00,221.0,77.8
2023-07-18 03:00:00,218.0,79.54
2023-07-19 03:00:00,220.0,79.38
2023-07-20 03:00:00,217.0,79.62
2023-07-21 03:00:00,214.0,81.06
2023-07-24 03:00:00,211.0,82.53
2023-07-25 03:00:00,211.0,83.46
2023-07-26 03:00:00,206.0,82.98
2023-07-27 03:00:00,199.0,84.28
2023-07-28 03:00:00,201.0,84.49
2023-07-31 03:00:00,199.0,85.22
2023-08-01 03:00:00,198.0,85.34
2023-08-02 03:00:00,204.0,84.01
2023-08-03 03:00:00,204.0,86.19
2023-08-04 03:00:00,211.0,87.38
2023-08-07 03:00:00,211.0,86.47
2023-08-08 03:00:00,213.0,88.0
2023-08-09 03:00:00,216.0,89.31
2023-08-10 03:00:00,207.0,87.44
2023-08-11 03:00:00,204.0,87.93
2023-08-14 03:00:00,207.0,87.4
2023-08-15 03:00:00,216.0,86.28
2023-08-16 03:00:00,213.0,84.49
2023-08-17 03:00:00,219.0,85.24
2023-08-18 03:00:00,221.0,85.92
2023-08-21 03:00:00,218.0,85.44
2023-08-22 03:00:00,215.0,84.7
2023-08-23 03:00:00,217.0,83.94
2023-08-24 03:00:00,212.0,84.07
2023-08-25 03:00:00,210.0,85.42
2023-08-28 03:00:00,209.0,
2023-08-29 03:00:00,209.0,86.37
2023-08-30 03:00:00,207.0,86.62
2023-08-31 03:00:00,209.0,87.29
2023-09-01 03:00:00,208.0,
2023-09-04 03:00:00,,90.42
2023-09-05 03:00:00,208.0,91.25
2023-09-06 03:00:00,210.0,91.79
2023-09-07 03:00:00,213.0,91.16
2023-09-08 03:00:00,209.0,91.85
2023-09-11 03:00:00,208.0,91.97
2023-09-12 03:00:00,211.0,93.58
2023-09-13 03:00:00,208.0,93.04
2023-09-14 03:00:00,204.0,95.2
2023-09-15 03:00:00,205.0,95.55
2023-09-18 03:00:00,207.0,95.95
2023-09-19 03:00:00,204.0,96.11
2023-09-20 03:00:00,201.0,94.56
2023-09-21 03:00:00,205.0,93.7
2023-09-22 03:00:00,205.0,93.99
2023-09-25 03:00:00,201.0,94.01
2023-09-26 03:00:00,203.0,94.46
2023-09-27 03:00:00,202.0,97.1
2023-09-28 03:00:00,204.0,96.55
2023-09-29 03:00:00,201.0,95.86
2023-10-02 03:00:00,200.0,91.21
2023-10-03 03:00:00,205.0,94.46
2023-10-04 03:00:00,209.0,89.83
2023-10-05 03:00:00,211.0,88.28
2023-10-06 03:00:00,208.0,87.86
2023-10-09 03:00:00,,91.37
2023-10-10 03:00:00,204.0,90.7
2023-10-11 03:00:00,202.0,87.58
2023-10-12 03:00:00,198.0,88.4
2023-10-13 03:00:00,200.0,94.33
2023-10-16 03:00:00,200.0,90.99
2023-10-17 03:00:00,200.0,92.52
2023-10-18 03:00:00,198.0,91.99
2023-10-19 03:00:00,199.0,93.12
2023-10-20 03:00:00,200.0,93.72
2023-10-23 03:00:00,200.0,91.88
2023-10-24 03:00:00,198.0,88.0
2023-10-25 03:00:00,194.0,90.14
2023-10-26 03:00:00,201.0,88.45
2023-10-27 03:00:00,203.0,90.73
2023-10-30 03:00:00,201.0,90.73
2023-11-01 03:00:00,200.0,
2023-11-02 03:00:00,195.0,
2023-11-03 03:00:00,194.0,
2023-11-06 03:00:00,196.0,87.31
2023-11-07 03:00:00,202.0,83.43
2023-11-08 03:00:00,207.0,81.46
2023-11-09 03:00:00,204.0,81.74
2023-11-10 03:00:00,203.0,83.66
2023-11-13 03:00:00,207.0,84.09
2023-11-14 03:00:00,207.0,84.2
2023-11-15 03:00:00,202.0,82.4
2023-11-16 03:00:00,203.0,77.73
2023-11-17 03:00:00,203.0,81.22
2023-11-20 03:00:00,200.0,83.25
2023-11-21 03:00:00,199.0,82.42
2023-11-22 03:00:00,197.0,81.76
2023-11-23 03:00:00,,80.85
2023-11-24 03:00:00,196.0,79.82
2023-11-27 03:00:00,199.0,79.49
2023-11-28 03:00:00,198.0,81.66
2023-11-29 03:00:00,196.0,82.98
2023-11-30 03:00:00,189.0,81.72
2023-12-01 03:00:00,193.0,78.72
2023-12-04 03:00:00,192.0,78.16
2023-12-05 03:00:00,193.0,77.27
2023-12-06 03:00:00,196.0,74.33
2023-12-07 03:00:00,196.0,74.21
2023-12-08 03:00:00,195.0,75.94
2023-12-11 03:00:00,195.0,75.75
2023-12-12 03:00:00,196.0,74.11
2023-12-13 03:00:00,197.0,74.14
2023-12-14 03:00:00,192.0,77.05
2023-12-15 03:00:00,192.0,76.84
2023-12-18 03:00:00,191.0,78.89
2023-12-19 03:00:00,192.0,79.82
2023-12-20 03:00:00,195.0,81.1
2023-12-21 03:00:00,194.0,80.73
2023-12-22 03:00:00,193.0,80.23
2023-12-26 03:00:00,195.0,80.23
2023-12-27 03:00:00,201.0,80.97
2023-12-28 03:00:00,197.0,79.04
2023-12-29 03:00:00,195.0,77.69
2024-01-02 03:00:00,202.0,76.24
2024-01-03 03:00:00,211.0,77.18
2024-01-04 03:00:00,209.0,75.79
2024-01-05 03:00:00,206.0,78.31
2024-01-08 03:00:00,205.0,75.47
2024-01-09 03:00:00,203.0,77.97
2024-01-10 03:00:00,197.0,78.46
2024-01-11 03:00:00,194.0,80.21
2024-01-12 03:00:00,191.0,79.89
2024-01-15 03:00:00,,79.76
2024-01-16 03:00:00,186.0,80.15
2024-01-17 03:00:00,187.0,78.88
2024-01-18 03:00:00,186.0,81.04
2024-01-19 03:00:00,190.0,80.71
2024-01-22 03:00:00,201.0,81.7
2024-01-23 03:00:00,205.0,82.04
2024-01-24 03:00:00,201.0,82.15
2024-01-25 03:00:00,202.0,82.33
2024-01-26 03:00:00,201.0,83.34
2024-01-29 03:00:00,202.0,83.99
2024-01-30 03:00:00,205.0,84.14
2024-01-31 03:00:00,230.0,82.98
2024-02-01 03:00:00,225.0,82.2
2024-02-02 03:00:00,220.0,79.54
2024-02-05 03:00:00,216.0,79.3
2024-02-06 03:00:00,215.0,80.46
2024-02-07 03:00:00,212.0,81.18
2024-02-08 03:00:00,211.0,83.01
2024-02-09 03:00:00,211.0,83.58
2024-02-12 03:00:00,210.0,83.88
2024-02-13 03:00:00,206.0,84.72
2024-02-14 03:00:00,209.0,84.41
2024-02-15 03:00:00,208.0,84.33
2024-02-16 03:00:00,208.0,84.88
2024-02-19 03:00:00,,85.52
2024-02-20 03:00:00,207.0,84.78
2024-02-21 03:00:00,205.0,84.77
2024-02-22 03:00:00,205.0,85.84
2024-02-23 03:00:00,205.0,84.18
2024-02-26 03:00:00,203.0,84.01
2024-02-27 03:00:00,202.0,83.8
2024-02-28 03:00:00,208.0,84.08
2024-02-29 03:00:00,208.0,84.57
2024-03-01 03:00:00,207.0,84.82
2024-03-04 03:00:00,208.0,86.58
2024-03-05 03:00:00,213.0,85.82
2024-03-06 03:00:00,213.0,86.59
2024-03-07 03:00:00,215.0,84.88
2024-03-08 03:00:00,214.0,84.29
2024-03-11 03:00:00,213.0,83.44
2024-03-12 03:00:00,210.0,83.66
2024-03-13 03:00:00,208.0,83.95
2024-03-14 03:00:00,205.0,86.16
2024-03-15 03:00:00,205.0,85.39
2024-03-18 03:00:00,204.0,86.47
2024-03-19 03:00:00,206.0,87.36
2024-03-20 03:00:00,205.0,85.77
2024-03-21 03:00:00,200.0,84.92
2024-03-22 03:00:00,201.0,84.87
2024-03-25 03:00:00,202.0,86.18
2024-03-26 03:00:00,202.0,85.91
2024-03-27 03:00:00,205.0,84.94
2024-03-28 03:00:00,210.0,86.17
2024-04-01 03:00:00,208.0,
2024-04-02 03:00:00,210.0,87.63
2024-04-03 03:00:00,214.0,90.6
2024-04-04 03:00:00,210.0,90.32
2024-04-05 03:00:00,206.0,92.81
2024-04-08 03:00:00,208.0,91.73
2024-04-09 03:00:00,209.0,92.13
2024-04-10 03:00:00,206.0,91.57
2024-04-11 03:00:00,205.0,91.49
2024-04-12 03:00:00,211.0,93.12
2024-04-15 03:00:00,216.0,90.84
2024-04-16 03:00:00,221.0,91.29
2024-04-17 03:00:00,220.0,89.54
2024-04-18 03:00:00,218.0,88.34
2024-04-19 03:00:00,217.0,87.96
2024-04-22 03:00:00,215.0,87.3
2024-04-23 03:00:00,213.0,88.29
2024-04-24 03:00:00,214.0,89.02
2024-04-25 03:00:00,214.0,88.1
2024-04-26 03:00:00,212.0,89.95
2024-04-29 03:00:00,212.0,88.44
2024-04-30 03:00:00,210.0,88.23
2024-05-01 03:00:00,209.0,83.55
2024-05-02 03:00:00,208.0,84.81
2024-05-03 03:00:00,204.0,83.6
2024-05-06 03:00:00,201.0,
2024-05-07 03:00:00,204.0,82.69
2024-05-08 03:00:00,206.0,82.44
2024-05-09 03:00:00,209.0,83.27
2024-05-10 03:00:00,210.0,83.39
2024-05-13 03:00:00,211.0,83.18
2024-05-14 03:00:00,216.0,81.0
2024-05-15 03:00:00,221.0,79.98
2024-05-16 03:00:00,217.0,81.65
2024-05-17 03:00:00,217.0,82.24
2024-05-20 03:00:00,212.0,81.91
2024-05-21 03:00:00,212.0,81.22
2024-05-22 03:00:00,214.0,79.9
2024-05-23 03:00:00,213.0,79.25
2024-05-24 03:00:00,212.0,78.92
2024-05-28 03:00:00,219.0,81.34
2024-05-29 03:00:00,210.0,81.5
2024-05-30 03:00:00,210.0,81.42
2024-05-31 03:00:00,213.0,79.41
2024-06-03 03:00:00,217.0,76.45
2024-06-04 03:00:00,220.0,75.33
2024-06-05 03:00:00,224.0,75.41
2024-06-06 03:00:00,227.0,77.62
2024-06-07 03:00:00,221.0,78.12
2024-06-10 03:00:00,216.0,79.59
2024-06-11 03:00:00,225.0,80.15
2024-06-12 03:00:00,223.0,80.52
2024-06-13 03:00:00,230.0,81.44
2024-06-14 03:00:00,234.0,81.49
2024-06-17 03:00:00,234.0,82.45
2024-06-18 03:00:00,235.0,84.79
2024-06-19 03:00:00,,85.64
2024-06-20 03:00:00,234.0,85.92
2024-06-21 03:00:00,235.0,86.42
2024-06-24 03:00:00,236.0,86.75
2024-06-25 03:00:00,235.0,86.81
2024-06-26 03:00:00,233.0,85.76
2024-06-27 03:00:00,235.0,87.0
2024-06-28 03:00:00,231.0,87.26
2024-07-01 03:00:00,235.0,86.57
2024-07-02 03:00:00,238.0,88.28
2024-07-03 03:00:00,235.0,88.25
2024-07-04 03:00:00,,88.34
2024-07-05 03:00:00,230.0,88.66
2024-07-08 03:00:00,226.0,87.15
2024-07-09 03:00:00,225.0,86.48
2024-07-10 03:00:00,224.0,86.55
2024-07-11 03:00:00,216.0,86.49
2024-07-12 03:00:00,224.0,87.35
2024-07-15 03:00:00,223.0,86.42
2024-07-16 03:00:00,226.0,86.6
2024-07-17 03:00:00,230.0,85.76
2024-07-18 03:00:00,232.0,86.26
2024-07-19 03:00:00,229.0,85.19
2024-07-22 03:00:00,225.0,83.44
2024-07-23 03:00:00,224.0,82.2
2024-07-24 03:00:00,220.0,83.01
2024-07-25 03:00:00,226.0,82.58
2024-07-26 03:00:00,224.0,81.35
2024-07-29 03:00:00,225.0,80.94
2024-07-30 03:00:00,228.0,79.26
2024-07-31 03:00:00,,81.39
2024-08-01 03:00:00,,81.37
2024-08-02 03:00:00,,78.35
2024-08-05 03:00:00,,77.51
2024-08-06 03:00:00,,76.62
2024-08-07 03:00:00,,78.26
2024-08-08 03:00:00,,80.76
2024-08-09 03:00:00,,81.07
2024-08-12 03:00:00,,83.06
2024-08-13 03:00:00,,82.51
2024-08-14 03:00:00,,82.15
2024-08-15 03:00:00,,83.09
2024-08-16 03:00:00,,81.56
2024-08-19 03:00:00,,81.09
2024-08-20 03:00:00,,78.85
2024-08-21 03:00:00,,78.77
2024-08-22 03:00:00,,78.8
2024-08-23 03:00:00,,80.34
2024-08-27 03:00:00,,81.51
2024-08-28 03:00:00,,80.04
2024-08-29 03:00:00,,81.55
2024-08-30 03:00:00,,80.2
2024-09-02 03:00:00,,77.82
2024-09-03 03:00:00,,76.46
2024-09-04 03:00:00,,74.67
2024-09-05 03:00:00,,74.47
2024-09-06 03:00:00,,72.82
2024-09-09 03:00:00,,72.37
2024-09-10 03:00:00,,70.34
2024-09-11 03:00:00,,70.31
2024-09-12 03:00:00,,73.81
2024-09-13 03:00:00,,73.68
2024-09-16 03:00:00,,73.96
2024-09-17 03:00:00,,74.55
2024-09-18 03:00:00,,74.52
2024-09-19 03:00:00,,75.93
2024-09-20 03:00:00,,75.96
2024-09-23 03:00:00,,74.95
2024-09-24 03:00:00,,75.29
2024-09-25 03:00:00,,75.4
2024-09-26 03:00:00,,73.06
2024-09-27 03:00:00,,71.63
2024-09-30 03:00:00,,72.35
2024-10-01 03:00:00,,75.3
2024-10-02 03:00:00,,74.86
2024-10-03 03:00:00,,77.57
2024-10-04 03:00:00,,79.32
2024-10-07 03:00:00,,81.74
2024-10-08 03:00:00,,78.19
2024-10-09 03:00:00,,77.06
2024-10-10 03:00:00,,79.45
2024-10-11 03:00:00,,80.27
2024-10-12 03:00:00,,78.47
2024-10-15 03:00:00,,73.68
2024-10-16 03:00:00,,73.65
2024-10-17 03:00:00,,74.37
2024-10-18 03:00:00,,72.75
2024-10-21 03:00:00,,73.29
2024-10-22 03:00:00,,75.59
2024-10-23 03:00:00,,74.68
2024-10-24 03:00:00,,74.27
2024-10-25 03:00:00,,75.62
2024-10-28 03:00:00,,71.87
2024-10-29 03:00:00,,71.09
2024-10-30 03:00:00,,73.21
2024-10-31 03:00:00,,73.25
2024-11-01 03:00:00,,73.63
2024-11-04 03:00:00,,74.89
2024-11-05 03:00:00,,76.98
2024-11-06 03:00:00,,76.52
2024-11-07 03:00:00,,75.73
2024-11-08 03:00:00,,74.04
2024-11-11 03:00:00,,72.19
2024-11-12 03:00:00,,72.56
2024-11-13 03:00:00,,72.86
2024-11-14 03:00:00,,73.39
2024-11-15 03:00:00,,73.45
2024-11-18 03:00:00,,74.35
2024-11-19 03:00:00,,74.32
2024-11-20 03:00:00,,74.33
2024-11-21 03:00:00,,75.09
2024-11-22 03:00:00,,76.1
2024-11-25 03:00:00,,74.27
2024-11-26 03:00:00,,74.56
2024-11-27 03:00:00,,73.91
2024-11-28 03:00:00,,73.92
2024-11-29 03:00:00,,74.16
2024-12-02 03:00:00,,72.81
2024-12-03 03:00:00,,74.8
2024-12-04 03:00:00,,74.68
2024-12-05 03:00:00,,73.78
2024-12-06 03:00:00,,73.78
2024-12-09 03:00:00,,73.73
2024-12-10 03:00:00,,73.64
2024-12-11 03:00:00,,74.38
2024-12-12 03:00:00,,73.52
2024-12-13 03:00:00,,74.89
2024-12-16 03:00:00,,74.3
2024-12-19 03:00:00,,73.75
2024-12-20 03:00:00,,73.19
2024-12-23 03:00:00,,72.12
2024-12-24 03:00:00,,73.5
2024-12-26 03:00:00,,73.5
2024-12-27 03:00:00,,73.77
2024-12-30 03:00:00,,74.24
2024-12-31 03:00:00,,74.58
2025-01-02 03:00:00,,76.14
2025-01-03 03:00:00,,76.72
2025-01-06 03:00:00,,77.27
2025-01-07 03:00:00,,77.84
2025-01-08 03:00:00,,77.37
2025-01-09 03:00:00,,78.44
2025-01-10 03:00:00,,79.76
2025-01-13 03:00:00,,82.69
2025-01-14 03:00:00,,82.39
2025-01-15 03:00:00,,83.48
2025-01-16 03:00:00,,82.39
2025-01-17 03:00:00,,83.02
2025-01-20 03:00:00,,81.68
2025-01-21 03:00:00,,80.57
2025-01-22 03:00:00,,80.0
2025-01-23 03:00:00,,78.62
2025-01-24 03:00:00,,78.71
2025-01-27 03:00:00,,77.3
2025-01-28 03:00:00,,78.01
2025-01-29 03:00:00,,77.02
2025-01-30 03:00:00,,77.42
2025-01-31 03:00:00,,77.11
2025-02-03 03:00:00,,76.49
2025-02-04 03:00:00,,76.58
2025-02-05 03:00:00,,74.71
2025-02-06 03:00:00,,74.54
2025-02-07 03:00:00,,74.68
2025-02-10 03:00:00,,76.23
2025-02-11 03:00:00,,77.65
2025-02-12 03:00:00,,75.38
2025-02-13 03:00:00,,75.61
2025-02-14 03:00:00,,75.19
2025-02-17 03:00:00,,75.81
2025-02-18 03:00:00,,76.46
2025-02-19 03:00:00,,76.34
2025-02-20 03:00:00,,76.95
2025-02-21 03:00:00,,74.88
2025-02-24 03:00:00,,74.89
2025-02-25 03:00:00,,73.11
2025-02-26 03:00:00,,73.49
2025-02-27 03:00:00,,75.01
2025-02-28 03:00:00,,74.76
2025-03-03 03:00:00,,72.85
2025-03-04 03:00:00,,72.31
2025-03-05 03:00:00,,70.92
2025-03-06 03:00:00,,71.08
2025-03-07 03:00:00,,72.49
2025-03-10 03:00:00,,71.08
2025-03-11 03:00:00,,71.51
2025-03-12 03:00:00,,72.36
2025-03-13 03:00:00,,70.82
2025-03-14 03:00:00,,71.94
2025-03-17 03:00:00,,71.93
2025-03-18 03:00:00,,71.93
2025-03-19 03:00:00,,71.94
2025-03-20 03:00:00,,72.61
2025-03-21 03:00:00,,72.64
2025-03-24 03:00:00,,73.96
2025-03-25 03:00:00,,73.78
2025-03-26 03:00:00,,74.6
2025-03-27 03:00:00,,74.72
2025-03-28 03:00:00,,74.69
2025-03-31 03:00:00,,77.23
2025-04-01 03:00:00,,77.78
2025-04-02 03:00:00,,77.27
2025-04-03 03:00:00,,72.54
2025-04-04 03:00:00,,68.36
2025-04-07 03:00:00,,66.13
2025-04-08 03:00:00,,64.86
2025-04-09 03:00:00,,67.3
2025-04-10 03:00:00,,65.37
2025-04-11 03:00:00,,66.83
2025-04-14 03:00:00,,67.18
2025-04-15 03:00:00,,66.58
2025-04-16 03:00:00,,67.94
2025-04-17 03:00:00,,69.33
2025-04-22 03:00:00,,68.93
2025-04-23 03:00:00,,68.26
2025-04-24 03:00:00,,67.5
2025-04-25 03:00:00,,66.99
2025-04-28 03:00:00,,66.13
2025-04-29 03:00:00,,64.04
2025-04-30 03:00:00,,63.37
2025-05-01 03:00:00,,62.37
2025-05-02 03:00:00,,61.57
2025-05-06 03:00:00,,62.37
2025-05-07 03:00:00,,60.31
2025-05-08 03:00:00,,62.22
2025-05-09 03:00:00,,64.26
2025-05-12 03:00:00,,65.28
2025-05-13 03:00:00,,66.93
2025-05-14 03:00:00,,65.91
2025-05-15 03:00:00,,64.36
2025-05-16 03:00:00,,65.2
2025-05-19 03:00:00,,66.25
2025-05-20 03:00:00,,66.93
2025-05-21 03:00:00,,65.86
2025-05-22 03:00:00,,64.87
2025-05-23 03:00:00,,65.41
2025-05-27 03:00:00,,64.32
2025-05-28 03:00:00,,65.72
2025-05-29 03:00:00,,64.6
2025-05-30 03:00:00,,64.32
2025-06-02 03:00:00,,66.55
2025-06-03 03:00:00,,67.48
2025-06-04 03:00:00,,66.69
2025-06-05 03:00:00,,67.14
2025-06-06 03:00:00,,68.02
2025-06-09 03:00:00,,68.73
2025-06-10 03:00:00,,68.41
2025-06-11 03:00:00,,71.29
2025-06-12 03:00:00,,70.84
2025-06-13 03:00:00,,76.0
2025-06-16 03:00:00,,75.05
2025-06-17 03:00:00,,78.7
2025-06-18 03:00:00,,78.38
2025-06-19 03:00:00,,80.37
2025-06-20 03:00:00,,78.73
2025-06-23 03:00:00,,74.34
2025-06-24 03:00:00,,69.13
2025-06-25 03:00:00,,68.4
2025-06-26 03:00:00,,68.57
2025-06-27 03:00:00,,69.37
2025-06-30 03:00:00,,68.15
2025-07-01 03:00:00,,67.63
2025-07-02 03:00:00,,70.8
2025-07-03 03:00:00,,70.42
2025-07-04 03:00:00,,71.03
2025-07-07 03:00:00,,71.95
2025-07-08 03:00:00,,72.5
2025-07-09 03:00:00,,71.98
2025-07-10 03:00:00,,70.38
2025-07-11 03:00:00,,72.06
2025-07-14 03:00:00,,70.96
2025-07-15 03:00:00,,70.27
2025-07-16 03:00:00,,69.67
2025-07-17 03:00:00,,71.32
2025-07-18 03:00:00,,71.06
2025-07-21 03:00:00,,71.92
2025-07-22 03:00:00,,69.69
2025-07-23 03:00:00,,69.17
2025-07-24 03:00:00,,70.42
2025-07-25 03:00:00,,69.23
2025-07-28 03:00:00,,70.87
2025-07-29 03:00:00,,73.21
2025-07-30 03:00:00,,73.98
2025-07-31 03:00:00,,73.43
2025-08-01 03:00:00,,70.55
2025-08-04 03:00:00,,69.56
2025-08-05 03:00:00,,69.14
2025-08-06 03:00:00,,67.97
2025-08-07 03:00:00,,66.99
2025-08-08 03:00:00,,67.17
2025-08-11 03:00:00,,67.36
2025-08-12 03:00:00,,66.8
2025-08-13 03:00:00,,66.25
2025-08-14 03:00:00,,68.12
2025-08-15 03:00:00,,67.3
2025-08-18 03:00:00,,68.18
2025-08-19 03:00:00,,66.62
2025-08-20 03:00:00,,67.61
2025-08-21 03:00:00,,68.41
2025-08-22 03:00:00,,68.29
2025-08-26 03:00:00,,66.89
2025-08-27 03:00:00,,67.75
2025-08-28 03:00:00,,68.61
2025-08-29 03:00:00,,67.83
2025-09-01 03:00:00,,67.09
2025-09-02 03:00:00,,68.09
2025-09-03 03:00:00,,67.76
2025-09-04 03:00:00,,66.41
2025-09-05 03:00:00,,64.92
2025-09-08 03:00:00,,65.44
2025-09-09 03:00:00,,67.97
2025-09-10 03:00:00,,67.62
2025-09-11 03:00:00,,67.25
2025-09-12 03:00:00,,67.87
2025-09-15 03:00:00,,67.88
2025-09-16 03:00:00,,69.69
2025-09-17 03:00:00,,69.19
2025-09-18 03:00:00,,67.83
2025-09-19 03:00:00,,67.05
2025-09-22 03:00:00,,66.87
2025-09-23 03:00:00,,67.96
2025-09-24 03:00:00,,69.64
2025-09-25 03:00:00,,70.48
2025-09-26 03:00:00,,71.15
2025-09-29 03:00:00,,69.0
2025-09-30 03:00:00,,68.52
2025-10-01 03:00:00,,66.67
2025-10-02 03:00:00,,65.44
2025-10-03 03:00:00,,66.13
2025-10-06 03:00:00,,67.09
2025-10-07 03:00:00,,67.1
2025-10-08 03:00:00,,67.42
2025-10-09 03:00:00,,67.23
2025-10-10 03:00:00,,64.41
2025-10-13 03:00:00,,64.15
2025-10-14 03:00:00,,63.0
2025-10-15 03:00:00,,62.33
2025-10-16 03:00:00,,61.08
2025-10-17 03:00:00,,61.23
2025-10-20 03:00:00,,60.71
2025-10-21 03:00:00,,61.0
2025-10-22 03:00:00,,62.28
2025-10-23 03:00:00,,66.32
2025-10-24 03:00:00,,65.8
2025-10-27 03:00:00,,65.52
2025-10-28 03:00:00,,64.03
2025-10-29 03:00:00,,65.01
2025-10-30 03:00:00,,65.11
2025-10-31 03:00:00,,65.44
2025-11-03 03:00:00,,65.79
2025-11-04 03:00:00,,65.04
2025-11-05 03:00:00,,63.54
2025-11-06 03:00:00,,63.41
2025-11-07 03:00:00,,63.72
2025-11-10 03:00:00,,63.01
2025-11-11 03:00:00,,63.86
2025-11-12 03:00:00,,61.88
2025-11-13 03:00:00,,62.14
2025-11-14 03:00:00,,63.45
2025-11-17 03:00:00,,63.16
2025-11-18 03:00:00,,64.86
2025-11-19 03:00:00,,63.78
2025-11-20 03:00:00,,63.64
2025-11-21 03:00:00,,62.78
2025-11-24 03:00:00,,64.83
2025-11-25 03:00:00,,63.99
2025-11-26 03:00:00,,64.81
2025-11-27 03:00:00,,64.18
2025-11-28 03:00:00,,64.07
2025-12-01 03:00:00,,64.22
2025-12-02 03:00:00,,63.37
2025-12-03 03:00:00,,63.75
2025-12-04 03:00:00,,64.15
2025-12-05 03:00:00,,64.42
2025-12-08 03:00:00,,63.3
2025-12-09 03:00:00,,62.62
2025-12-10 03:00:00,,63.12
2025-12-11 03:00:00,,61.87
2025-12-12 03:00:00,,62.11
2025-12-15 03:00:00,,61.55
2025-12-16 03:00:00,,59.93
2025-12-17 03:00:00,,60.61
2025-12-18 03:00:00,,60.69
2025-12-19 03:00:00,,61.35
2025-12-22 03:00:00,,62.22
2025-12-23 03:00:00,,63.7
2025-12-24 03:00:00,,63.7
2025-12-29 03:00:00,,63.1
2025-12-30 03:00:00,,62.3
2025-12-31 03:00:00,,61.35
2026-01-02 03:00:00,,61.98
2026-01-05 03:00:00,,63.0
2026-01-06 03:00:00,,62.1
2026-01-07 03:00:00,,61.08
2026-01-08 03:00:00,,63.34
2026-01-09 03:00:00,,65.11
2026-01-12 03:00:00,,65.4
2026-01-13 03:00:00,,67.58
2026-01-14 03:00:00,,68.87
2026-01-15 03:00:00,,66.16
2026-01-16 03:00:00,,66.97
2026-01-19 03:00:00,,66.91
2026-01-20 03:00:00,,67.68
2026-01-21 03:00:00,,66.72
2026-01-22 03:00:00,,65.46
2026-01-23 03:00:00,,68.16
2026-01-26 03:00:00,,67.7
2026-01-27 03:00:00,,70.28
2026-01-28 03:00:00,,70.9
2026-01-29 03:00:00,,71.0
2026-01-30 03:00:00,,72.25
2026-02-02 03:00:00,,67.72
2026-02-03 03:00:00,,70.01
2026-02-04 03:00:00,,71.15
2026-02-05 03:00:00,,69.87
2026-02-06 03:00:00,,70.45
2026-02-09 03:00:00,,71.19
2026-02-10 03:00:00,,71.01
2026-02-11 03:00:00,,71.52
2026-02-12 03:00:00,,69.8
2026-02-13 03:00:00,,69.96
2026-02-16 03:00:00,,70.81
2026-02-17 03:00:00,,69.77
2026-02-18 03:00:00,,71.78
2026-02-19 03:00:00,,73.17
2026-02-20 03:00:00,,72.75
2026-02-23 03:00:00,,71.9
2026-02-24 03:00:00,,71.21
2026-02-25 03:00:00,,70.69
2026-02-26 03:00:00,,71.66
2026-02-27 03:00:00,,71.32
2026-03-02 03:00:00,,77.24
2026-03-03 03:00:00,,83.28
2026-03-04 03:00:00,,81.56
2026-03-05 03:00:00,,88.59
2026-03-06 03:00:00,,95.74
2026-03-09 03:00:00,,94.35
2026-03-10 03:00:00,,89.84
2026-03-11 03:00:00,,90.98
2026-03-12 03:00:00,,102.38
2026-03-13 03:00:00,,103.23
2026-03-16 03:00:00,,101.04
2026-03-17 03:00:00,,108.39
2026-03-18 03:00:00,,118.09
2026-03-19 03:00:00,,111.05
2026-03-20 03:00:00,,118.42
2026-03-23 03:00:00,,103.79
