date,gold,copper,silver,aluminum,nickel,zinc,tin,lead,platinum,iron_ore_62fe,coal_newcastle,steel_hrc_china,uranium
2000-01-03,,,,,8739.0,,,,,,,,
2000-01-04,283.7,0.848,5.375,,,,,,,,,,
2000-01-05,282.1,0.8565,5.21,,,,,,,,,,
2000-01-06,282.4,0.853,5.167,,,,,,,,,,
2000-01-07,282.9,0.854,5.195,,,,,,,,,,
2000-01-10,282.7,0.8465,5.19,,,,,,,,,,
2000-01-11,284.4,0.8435,5.195,,,,,,,,,,
2000-01-12,283.7,0.866,5.143,,,,,,,,,,
2000-01-13,285.1,0.8565,5.153,,,,,,,,,,
2000-01-14,284.9,0.8625,5.15,,,,,,,,,,
2000-01-18,289.6,0.866,5.165,,,,,,,,,,
2000-01-19,290.3,0.8825,5.173,,,,,,,,,,
2000-01-20,289.3,0.873,5.257,,,,,,,,,,
2000-01-21,289.7,0.873,5.26,,,,,,,,,,
2000-01-24,288.1,0.8565,5.293,,,,,,,,,,
2000-01-25,286.6,0.8425,5.315,,,,,,,,,,
2000-01-26,286.5,0.8415,5.283,,,,,,,,,,
2000-01-27,287.1,0.8445,5.415,,,,,,,,,,
2000-01-28,286.0,0.84,5.327,,,,,,,,,,
2000-01-31,286.2,0.8545,5.317,,,,,,,,,,
2000-02-01,285.4,0.848,5.253,,9813.0,,,,,,,,
2000-02-02,287.7,0.8275,5.24,,,,,,,,,,
2000-02-03,289.9,0.8305,5.288,,,,,,,,,,
2000-02-04,313.0,0.8325,5.572,,,,,,,,,,
2000-02-07,304.5,0.8325,5.285,,,,,,,,,,
2000-02-08,301.7,0.8255,5.34,,,,,,,,,,
2000-02-09,308.6,0.8275,5.43,,,,,,,,,,
2000-02-10,318.7,0.8545,5.425,,,,,,,,,,
2000-02-11,313.6,0.85,5.35,,,,,,,,,,
2000-02-14,311.0,0.849,5.27,,,,,,,,,,
2000-02-15,304.1,0.832,5.258,,,,,,,,,,
2000-02-16,305.0,0.833,5.305,,,,,,,,,,
2000-02-17,303.8,0.8415,5.265,,,,,,,,,,
2000-02-18,307.3,0.837,5.283,,,,,,,,,,
2000-02-22,307.7,0.833,5.293,,,,,,,,,,
2000-02-23,302.4,0.845,5.263,,,,,,,,,,
2000-02-24,300.9,0.8405,5.17,,,,,,,,,,
2000-02-25,294.6,0.8215,5.088,,,,,,,,,,
2000-02-28,294.2,0.794,5.11,,,,,,,,,,
2000-02-29,294.2,0.798,5.108,,,,,,,,,,
2000-03-01,293.3,0.803,5.133,,10160.0,,,,,,,,
2000-03-02,289.7,0.797,5.063,,,,,,,,,,
2000-03-03,290.3,0.803,5.153,,,,,,,,,,
2000-03-06,289.4,0.8045,5.105,,,,,,,,,,
2000-03-07,293.7,0.7945,5.12,,,,,,,,,,
2000-03-08,290.4,0.7895,5.125,,,,,,,,,,
2000-03-09,292.7,0.799,5.14,,,,,,,,,,
2000-03-10,290.0,0.7915,5.107,,,,,,,,,,
2000-03-13,291.5,0.79,5.107,,,,,,,,,,
2000-03-14,289.7,0.803,5.132,,,,,,,,,,
2000-03-15,289.6,0.811,5.165,,,,,,,,,,
2000-03-16,287.0,0.8195,5.125,,,,,,,,,,
2000-03-17,285.0,0.8145,5.13,,,,,,,,,,
2000-03-20,286.5,0.8075,5.068,,,,,,,,,,
2000-03-21,290.4,0.8185,5.158,,,,,,,,,,
2000-03-22,288.3,0.817,5.165,,,,,,,,,,
2000-03-23,285.4,0.818,5.123,,,,,,,,,,
2000-03-24,285.1,0.811,5.148,,,,,,,,,,
2000-03-27,280.5,0.8025,5.12,,,,,,,,,,
2000-03-28,279.5,0.804,5.103,,,,,,,,,,
2000-03-29,275.9,0.807,4.98,,,,,,,,,,
2000-03-30,279.1,0.811,4.983,,,,,,,,,,
2000-03-31,281.4,0.8085,5.045,,,,,,,,,,
2000-04-03,280.4,0.8055,5.057,,10070.0,,,,,,,,
2000-04-04,286.6,0.7965,5.165,,,,,,,,,,
2000-04-05,283.8,0.7945,5.137,,,,,,,,,,
2000-04-06,282.7,0.7675,5.132,,,,,,,,,,
2000-04-07,282.5,0.7725,5.122,,,,,,,,,,
2000-04-10,284.0,0.78,5.168,,,,,,,,,,
2000-04-11,283.7,0.7845,5.145,,,,,,,,,,
2000-04-12,283.5,0.782,5.148,,,,,,,,,,
2000-04-13,283.2,0.7745,5.175,,,,,,,,,,
2000-04-14,284.6,0.7585,5.175,,,,,,,,,,
2000-04-17,284.2,0.7485,5.143,,,,,,,,,,
2000-04-18,283.0,0.7695,5.14,,,,,,,,,,
2000-04-19,282.5,0.7745,5.133,,,,,,,,,,
2000-04-20,281.5,0.771,5.0,,,,,,,,,,
2000-04-24,281.2,0.7715,4.953,,,,,,,,,,
2000-04-25,279.8,0.794,5.015,,,,,,,,,,
2000-04-26,277.1,0.788,4.947,,,,,,,,,,
2000-04-27,278.4,0.7965,5.015,,,,,,,,,,
2000-04-28,274.7,0.796,5.015,,,,,,,,,,
2000-05-01,274.8,0.8,5.077,,9090.0,,,,,,,,
2000-05-02,277.0,0.8215,5.077,,,,,,,,,,
2000-05-03,279.1,0.8185,5.077,,,,,,,,,,
2000-05-04,281.2,0.8195,5.17,,,,,,,,,,
2000-05-05,280.1,0.8405,5.053,,,,,,,,,,
2000-05-08,277.6,0.8355,5.065,,,,,,,,,,
2000-05-09,278.2,0.8305,5.085,,,,,,,,,,
2000-05-10,278.7,0.8285,5.08,,,,,,,,,,
2000-05-11,276.5,0.83,5.06,,,,,,,,,,
2000-05-12,276.9,0.8445,5.058,,,,,,,,,,
2000-05-15,276.4,0.8405,5.06,,,,,,,,,,
2000-05-16,276.2,0.851,5.145,,,,,,,,,,
2000-05-17,273.8,0.843,5.04,,,,,,,,,,
2000-05-18,273.7,0.845,5.055,,,,,,,,,,
2000-05-19,274.6,0.8425,5.03,,,,,,,,,,
2000-05-22,276.2,0.831,5.048,,,,,,,,,,
2000-05-23,274.7,0.8345,5.048,,,,,,,,,,
2000-05-24,273.8,0.8385,5.02,,,,,,,,,,
2000-05-25,270.7,0.8325,4.948,,,,,,,,,,
2000-05-26,272.2,0.8355,4.963,,,,,,,,,,
2000-05-30,275.5,0.8135,4.948,,,,,,,,,,
2000-05-31,274.8,0.816,4.965,,,,,,,,,,
2000-06-01,275.4,0.813,4.965,,8290.0,,,,,,,,
2000-06-02,284.2,0.795,5.05,,,,,,,,,,
2000-06-05,288.2,0.804,5.075,,,,,,,,,,
2000-06-06,291.8,0.8065,5.11,,,,,,,,,,
2000-06-07,290.0,0.797,5.12,,,,,,,,,,
2000-06-08,286.8,0.8,5.097,,,,,,,,,,
2000-06-09,286.4,0.8005,5.062,,,,,,,,,,
2000-06-12,289.1,0.797,5.042,,,,,,,,,,
2000-06-13,288.1,0.804,5.025,,,,,,,,,,
2000-06-14,294.2,0.812,5.09,,,,,,,,,,
2000-06-15,292.1,0.821,5.077,,,,,,,,,,
2000-06-16,291.2,0.827,5.085,,,,,,,,,,
2000-06-19,288.0,0.831,5.043,,,,,,,,,,
2000-06-20,288.1,0.816,5.035,,,,,,,,,,
2000-06-21,288.1,0.8275,4.97,,,,,,,,,,
2000-06-22,287.2,0.8205,4.978,,,,,,,,,,
2000-06-23,284.8,0.8145,4.958,,,,,,,,,,
2000-06-26,285.5,0.827,4.985,,,,,,,,,,
2000-06-27,287.5,0.8225,4.958,,,,,,,,,,
2000-06-28,294.3,0.8235,4.989,,,,,,,,,,
2000-06-29,290.7,0.8185,5.058,,,,,,,,,,
2000-06-30,291.5,0.824,5.083,,,,,,,,,,
2000-07-03,,,,,7803.0,,,,,,,,
2000-07-05,285.3,0.8225,5.04,,,,,,,,,,
2000-07-06,284.6,0.8115,5.053,,,,,,,,,,
2000-07-07,284.6,0.8135,5.033,,,,,,,,,,
2000-07-10,284.9,0.821,5.053,,,,,,,,,,
2000-07-11,283.3,0.826,5.01,,,,,,,,,,
2000-07-12,281.4,0.832,5.023,,,,,,,,,,
2000-07-13,280.9,0.8295,5.03,,,,,,,,,,
2000-07-14,281.9,0.829,5.05,,,,,,,,,,
2000-07-17,284.2,0.846,5.065,,,,,,,,,,
2000-07-18,283.1,0.847,5.068,,,,,,,,,,
2000-07-19,279.6,0.847,5.028,,,,,,,,,,
2000-07-20,280.4,0.848,5.04,,,,,,,,,,
2000-07-21,280.6,0.867,4.97,,,,,,,,,,
2000-07-24,279.3,0.8685,4.988,,,,,,,,,,
2000-07-25,279.3,0.87,5.033,,,,,,,,,,
2000-07-26,279.7,0.861,4.99,,,,,,,,,,
2000-07-27,278.6,0.8715,5.005,,,,,,,,,,
2000-07-28,284.2,0.8695,5.0,,,,,,,,,,
2000-07-31,283.2,0.8755,5.038,,,,,,,,,,
2000-08-01,283.2,0.8745,5.028,,8670.0,,,,,,,,
2000-08-02,282.8,0.871,5.023,,,,,,,,,,
2000-08-03,279.5,0.87,5.005,,,,,,,,,,
2000-08-04,278.6,0.874,4.943,,,,,,,,,,
2000-08-07,279.1,0.8725,4.97,,,,,,,,,,
2000-08-08,278.7,0.8635,4.935,,,,,,,,,,
2000-08-09,277.3,0.8755,4.918,,,,,,,,,,
2000-08-10,277.6,0.8665,4.925,,,,,,,,,,
2000-08-11,280.3,0.8615,4.945,,,,,,,,,,
2000-08-14,279.6,0.869,4.908,,,,,,,,,,
2000-08-15,279.6,0.8725,4.883,,,,,,,,,,
2000-08-16,282.3,0.8685,4.875,,,,,,,,,,
2000-08-17,282.6,0.871,4.883,,,,,,,,,,
2000-08-18,281.7,0.8675,4.855,,,,,,,,,,
2000-08-21,280.0,0.8575,4.868,,,,,,,,,,
2000-08-22,278.3,0.861,4.848,,,,,,,,,,
2000-08-23,275.7,0.86,4.798,,,,,,,,,,
2000-08-24,277.5,0.8645,4.86,,,,,,,,,,
2000-08-25,278.6,0.8665,4.895,,,,,,,,,,
2000-08-28,278.5,0.864,4.935,,,,,,,,,,
2000-08-29,277.5,0.8825,4.947,,,,,,,,,,
2000-08-30,278.2,0.893,4.985,,,,,,,,,,
2000-08-31,282.1,0.892,5.045,,,,,,,,,,
2000-09-01,280.9,0.895,5.047,,8545.0,,,,,,,,
2000-09-05,279.7,0.9105,5.04,,,,,,,,,,
2000-09-06,277.9,0.9055,5.027,,,,,,,,,,
2000-09-07,277.7,0.9095,4.982,,,,,,,,,,
2000-09-08,276.8,0.916,4.972,,,,,,,,,,
2000-09-11,276.8,0.9185,4.937,,,,,,,,,,
2000-09-12,276.6,0.9335,4.962,,,,,,,,,,
2000-09-13,276.5,0.933,4.947,,,,,,,,,,
2000-09-14,276.0,0.932,4.95,,,,,,,,,,
2000-09-15,275.8,0.927,4.93,,,,,,,,,,
2000-09-18,274.9,0.925,4.938,,,,,,,,,,
2000-09-19,275.4,0.9275,4.945,,,,,,,,,,
2000-09-20,272.5,0.9075,4.893,,,,,,,,,,
2000-09-21,273.5,0.9315,4.935,,,,,,,,,,
2000-09-22,275.1,0.925,4.973,,,,,,,,,,
2000-09-25,277.3,0.932,4.978,,,,,,,,,,
2000-09-26,277.3,0.9205,4.983,,,,,,,,,,
2000-09-27,281.6,0.9175,5.02,,,,,,,,,,
2000-09-28,278.9,0.919,5.002,,,,,,,,,,
2000-09-29,276.9,0.9205,4.948,,,,,,,,,,
2000-10-02,276.3,0.899,4.955,,7360.0,,,,,,,,
2000-10-03,274.8,0.9025,4.962,,,,,,,,,,
2000-10-04,273.2,0.899,4.923,,,,,,,,,,
2000-10-05,273.4,0.911,4.938,,,,,,,,,,
2000-10-06,272.1,0.906,4.928,,,,,,,,,,
2000-10-09,272.9,0.8965,4.93,,,,,,,,,,
2000-10-10,275.1,0.9055,4.963,,,,,,,,,,
2000-10-11,273.0,0.902,4.915,,,,,,,,,,
2000-10-12,278.8,0.882,4.968,,,,,,,,,,
2000-10-13,274.8,0.8925,4.925,,,,,,,,,,
2000-10-16,273.9,0.894,4.923,,,,,,,,,,
2000-10-17,273.4,0.883,4.885,,,,,,,,,,
2000-10-18,272.6,0.872,4.893,,,,,,,,,,
2000-10-19,272.3,0.873,4.865,,,,,,,,,,
2000-10-20,273.3,0.862,4.865,,,,,,,,,,
2000-10-23,272.0,0.8675,4.82,,,,,,,,,,
2000-10-24,272.1,0.8655,4.833,,,,,,,,,,
2000-10-25,267.9,0.8525,4.798,,,,,,,,,,
2000-10-26,266.6,0.8315,4.765,,,,,,,,,,
2000-10-27,265.9,0.844,4.78,,,,,,,,,,
2000-10-30,265.8,0.8485,4.77,,,,,,,,,,
2000-10-31,266.4,0.852,4.778,,,,,,,,,,
2000-11-01,265.4,0.8395,4.798,,7395.0,,,,,,,,
2000-11-02,265.9,0.8415,4.735,,,,,,,,,,
2000-11-03,266.1,0.8415,4.765,,,,,,,,,,
2000-11-06,266.0,0.831,4.785,,,,,,,,,,
2000-11-07,265.4,0.8345,4.745,,,,,,,,,,
2000-11-08,266.1,0.84,4.763,,,,,,,,,,
2000-11-09,266.9,0.8445,4.765,,,,,,,,,,
2000-11-10,265.5,0.843,4.723,,,,,,,,,,
2000-11-13,265.3,0.826,4.688,,,,,,,,,,
2000-11-14,265.4,0.833,4.695,,,,,,,,,,
2000-11-15,265.6,0.832,4.688,,,,,,,,,,
2000-11-16,266.3,0.825,4.673,,,,,,,,,,
2000-11-17,266.2,0.829,4.658,,,,,,,,,,
2000-11-20,266.8,0.8295,4.655,,,,,,,,,,
2000-11-21,266.1,0.8325,4.63,,,,,,,,,,
2000-11-22,266.7,0.825,4.628,,,,,,,,,,
2000-11-27,270.3,0.8465,4.698,,,,,,,,,,
2000-11-28,269.8,0.856,4.698,,,,,,,,,,
2000-11-29,269.6,0.858,4.7,,,,,,,,,,
2000-11-30,273.3,0.8455,4.758,,,,,,,,,,
2000-12-01,271.9,0.8595,4.723,,7110.0,,,,,,,,
2000-12-04,273.8,0.863,4.795,,,,,,,,,,
2000-12-05,273.3,0.87,4.783,,,,,,,,,,
2000-12-06,277.3,0.8785,4.833,,,,,,,,,,
2000-12-07,276.1,0.883,4.803,,,,,,,,,,
2000-12-08,275.1,0.894,4.725,,,,,,,,,,
2000-12-11,273.1,0.893,4.733,,,,,,,,,,
2000-12-12,273.2,0.8865,4.735,,,,,,,,,,
2000-12-13,271.2,0.884,4.698,,,,,,,,,,
2000-12-14,271.5,0.893,4.673,,,,,,,,,,
2000-12-15,272.9,0.873,4.635,,,,,,,,,,
2000-12-18,272.0,0.8755,4.643,,,,,,,,,,
2000-12-19,272.0,0.8745,4.653,,,,,,,,,,
2000-12-20,274.7,0.862,4.663,,,,,,,,,,
2000-12-21,275.7,0.8565,4.663,,,,,,,,,,
2000-12-22,275.5,0.8605,4.675,,,,,,,,,,
2000-12-26,275.9,0.8655,4.687,,,,,,,,,,
2000-12-27,276.9,0.8505,4.647,,,,,,,,,,
2000-12-28,273.7,0.8495,4.637,,,,,,,,,,
2000-12-29,273.6,0.843,4.635,,,,,,,,,,
2001-01-01,,,,,7020.0,,,,,,,,
2001-01-02,270.0,0.8115,4.595,,,,,,,,,,
2001-01-03,269.3,0.817,4.54,,,,,,,,,,
2001-01-04,268.4,0.811,4.58,,,,,,,,,,
2001-01-05,269.0,0.8245,4.6,,,,,,,,,,
2001-01-08,269.0,0.8285,4.59,,,,,,,,,,
2001-01-09,268.5,0.825,4.59,,,,,,,,,,
2001-01-10,265.6,0.826,4.575,,,,,,,,,,
2001-01-11,264.8,0.8305,4.593,,,,,,,,,,
2001-01-12,264.6,0.8415,4.655,,,,,,,,,,
2001-01-16,263.9,0.823,4.71,,,,,,,,,,
2001-01-17,263.8,0.8275,4.743,,,,,,,,,,
2001-01-18,264.8,0.8615,4.825,,,,,,,,,,
2001-01-19,264.9,0.8475,4.78,,,,,,,,,,
2001-01-22,267.0,0.8475,4.805,,,,,,,,,,
2001-01-23,266.7,0.8485,4.805,,,,,,,,,,
2001-01-24,264.6,0.835,4.793,,,,,,,,,,
2001-01-25,264.8,0.837,4.81,,,,,,,,,,
2001-01-26,262.9,0.84,4.825,,,,,,,,,,
2001-01-29,262.8,0.8325,4.823,,,,,,,,,,
2001-01-30,268.0,0.839,4.82,,,,,,,,,,
2001-01-31,268.0,0.842,4.815,,,,,,,,,,
2001-02-01,270.7,0.844,4.81,,6450.0,,,,,,,,
2001-02-02,269.3,0.8385,4.788,,,,,,,,,,
2001-02-05,267.4,0.8235,4.698,,,,,,,,,,
2001-02-06,265.4,0.829,4.67,,,,,,,,,,
2001-02-07,264.9,0.8275,4.625,,,,,,,,,,
2001-02-08,262.2,0.8295,4.57,,,,,,,,,,
2001-02-09,262.0,0.8205,4.563,,,,,,,,,,
2001-02-12,262.7,0.818,4.56,,,,,,,,,,
2001-02-13,262.2,0.825,4.55,,,,,,,,,,
2001-02-14,261.2,0.824,4.515,,,,,,,,,,
2001-02-15,256.9,0.8295,4.518,,,,,,,,,,
2001-02-16,259.8,0.8275,4.49,,,,,,,,,,
2001-02-20,257.6,0.8235,4.42,,,,,,,,,,
2001-02-21,259.4,0.804,4.408,,,,,,,,,,
2001-02-22,259.8,0.804,4.415,,,,,,,,,,
2001-02-23,262.1,0.7985,4.433,,,,,,,,,,
2001-02-26,266.8,0.8095,4.445,,,,,,,,,,
2001-02-27,268.4,0.8095,4.463,,,,,,,,,,
2001-02-28,267.8,0.816,4.515,,,,,,,,,,
2001-03-01,266.2,0.824,4.435,,5855.0,,,,,,,,
2001-03-02,263.1,0.828,4.458,,,,,,,,,,
2001-03-05,263.5,0.838,4.455,,,,,,,,,,
2001-03-06,260.9,0.8485,4.445,,,,,,,,,,
2001-03-07,262.4,0.84,4.465,,,,,,,,,,
2001-03-08,266.1,0.8265,4.51,,,,,,,,,,
2001-03-09,271.5,0.8325,4.522,,,,,,,,,,
2001-03-12,272.3,0.8285,4.44,,,,,,,,,,
2001-03-13,267.5,0.8195,4.45,,,,,,,,,,
2001-03-14,262.9,0.813,4.458,,,,,,,,,,
2001-03-15,260.3,0.8105,4.353,,,,,,,,,,
2001-03-16,258.4,0.792,4.315,,,,,,,,,,
2001-03-19,260.1,0.798,4.32,,,,,,,,,,
2001-03-20,260.8,0.801,4.353,,,,,,,,,,
2001-03-21,262.2,0.7925,4.348,,,,,,,,,,
2001-03-22,261.4,0.784,4.355,,,,,,,,,,
2001-03-23,261.7,0.786,4.363,,,,,,,,,,
2001-03-26,262.1,0.7845,4.38,,,,,,,,,,
2001-03-27,261.1,0.792,4.435,,,,,,,,,,
2001-03-28,259.7,0.773,4.375,,,,,,,,,,
2001-03-29,260.4,0.778,4.335,,,,,,,,,,
2001-03-30,259.2,0.7665,4.295,,,,,,,,,,
2001-04-02,256.6,0.7635,4.315,,6562.0,,,,,,,,
2001-04-03,257.9,0.7685,4.313,,,,,,,,,,
2001-04-04,259.4,0.7685,4.34,,,,,,,,,,
2001-04-05,259.1,0.7715,4.353,,,,,,,,,,
2001-04-06,260.9,0.754,4.335,,,,,,,,,,
2001-04-09,259.2,0.7635,4.315,,,,,,,,,,
2001-04-10,258.2,0.773,4.325,,,,,,,,,,
2001-04-11,259.6,0.7685,4.363,,,,,,,,,,
2001-04-12,260.9,0.7705,4.368,,,,,,,,,,
2001-04-16,264.1,0.7715,4.44,,,,,,,,,,
2001-04-17,261.8,0.7675,4.368,,,,,,,,,,
2001-04-18,262.0,0.7885,4.365,,,,,,,,,,
2001-04-19,266.0,0.777,4.427,,,,,,,,,,
2001-04-20,265.4,0.779,4.44,,,,,,,,,,
2001-04-23,264.3,0.7635,4.44,,,,,,,,,,
2001-04-24,264.7,0.766,4.453,,,,,,,,,,
2001-04-25,262.6,0.7695,4.365,,,,,,,,,,
2001-04-26,264.5,0.765,4.377,,,,,,,,,,
2001-04-27,264.3,0.7695,4.4,,,,,,,,,,
2001-04-30,264.4,0.777,4.358,,,,,,,,,,
2001-05-01,264.8,0.784,4.385,,7050.0,,,,,,,,
2001-05-02,265.8,0.7965,4.395,,,,,,,,,,
2001-05-03,266.7,0.7915,4.365,,,,,,,,,,
2001-05-04,266.5,0.7855,4.36,,,,,,,,,,
2001-05-07,266.5,0.7865,4.327,,,,,,,,,,
2001-05-08,265.5,0.7685,4.335,,,,,,,,,,
2001-05-09,270.4,0.7635,4.415,,,,,,,,,,
2001-05-10,269.5,0.7595,4.35,,,,,,,,,,
2001-05-11,268.3,0.7635,4.337,,,,,,,,,,
2001-05-14,268.7,0.755,4.357,,,,,,,,,,
2001-05-15,268.5,0.755,4.32,,,,,,,,,,
2001-05-16,272.4,0.7565,4.463,,,,,,,,,,
2001-05-17,274.0,0.7685,4.495,,,,,,,,,,
2001-05-18,287.8,0.7875,4.577,,,,,,,,,,
2001-05-21,285.8,0.803,4.55,,,,,,,,,,
2001-05-22,285.5,0.7915,4.568,,,,,,,,,,
2001-05-23,284.0,0.7905,4.58,,,,,,,,,,
2001-05-24,279.4,0.7935,4.62,,,,,,,,,,
2001-05-25,278.2,0.7925,4.583,,,,,,,,,,
2001-05-29,273.9,0.767,4.54,,,,,,,,,,
2001-05-30,267.4,0.7665,4.445,,,,,,,,,,
2001-05-31,266.9,0.761,4.41,,,,,,,,,,
2001-06-01,268.0,0.756,4.423,,6084.0,,,,,,,,
2001-06-04,266.5,0.7565,4.335,,,,,,,,,,
2001-06-05,267.1,0.766,4.343,,,,,,,,,,
2001-06-06,267.0,0.758,4.34,,,,,,,,,,
2001-06-07,267.3,0.755,4.335,,,,,,,,,,
2001-06-08,274.5,0.7355,4.37,,,,,,,,,,
2001-06-11,268.9,0.7365,4.338,,,,,,,,,,
2001-06-12,272.6,0.733,4.375,,,,,,,,,,
2001-06-13,273.1,0.7295,4.415,,,,,,,,,,
2001-06-14,276.4,0.7315,4.47,,,,,,,,,,
2001-06-15,272.3,0.7245,4.4,,,,,,,,,,
2001-06-18,273.4,0.725,4.422,,,,,,,,,,
2001-06-19,274.4,0.7295,4.4,,,,,,,,,,
2001-06-20,273.4,0.7185,4.345,,,,,,,,,,
2001-06-21,273.6,0.7245,4.323,,,,,,,,,,
2001-06-22,273.3,0.7175,4.303,,,,,,,,,,
2001-06-25,274.7,0.7175,4.298,,,,,,,,,,
2001-06-26,277.0,0.7225,4.348,,,,,,,,,,
2001-06-27,272.8,0.726,4.305,,,,,,,,,,
2001-06-28,270.0,0.717,4.332,,,,,,,,,,
2001-06-29,271.3,0.7135,4.327,,,,,,,,,,
2001-07-02,270.1,0.721,4.31,,5677.0,,,,,,,,
2001-07-03,268.3,0.714,4.278,,,,,,,,,,
2001-07-05,265.8,0.706,4.238,,,,,,,,,,
2001-07-06,266.6,0.711,4.265,,,,,,,,,,
2001-07-09,267.0,0.7095,4.243,,,,,,,,,,
2001-07-10,266.7,0.718,4.263,,,,,,,,,,
2001-07-11,268.8,0.7135,4.26,,,,,,,,,,
2001-07-12,267.1,0.7055,4.268,,,,,,,,,,
2001-07-13,267.6,0.707,4.308,,,,,,,,,,
2001-07-16,267.4,0.7095,4.21,,,,,,,,,,
2001-07-17,268.6,0.719,4.248,,,,,,,,,,
2001-07-18,270.8,0.7065,4.288,,,,,,,,,,
2001-07-19,269.7,0.696,4.24,,,,,,,,,,
2001-07-20,270.2,0.7,4.24,,,,,,,,,,
2001-07-23,269.1,0.688,4.26,,,,,,,,,,
2001-07-24,270.0,0.6855,4.26,,,,,,,,,,
2001-07-25,267.8,0.6875,4.232,,,,,,,,,,
2001-07-26,266.3,0.6855,4.24,,,,,,,,,,
2001-07-27,267.4,0.6785,4.218,,,,,,,,,,
2001-07-30,267.6,0.6825,4.208,,,,,,,,,,
2001-07-31,269.2,0.686,4.228,,,,,,,,,,
2001-08-01,270.3,0.691,4.233,,5433.0,,,,,,,,
2001-08-02,270.3,0.685,4.235,,,,,,,,,,
2001-08-03,270.8,0.681,4.228,,,,,,,,,,
2001-08-06,269.9,0.675,4.192,,,,,,,,,,
2001-08-07,269.9,0.673,4.172,,,,,,,,,,
2001-08-08,270.7,0.6655,4.152,,,,,,,,,,
2001-08-09,276.2,0.6705,4.217,,,,,,,,,,
2001-08-10,276.8,0.666,4.145,,,,,,,,,,
2001-08-13,278.6,0.661,4.147,,,,,,,,,,
2001-08-14,279.1,0.669,4.202,,,,,,,,,,
2001-08-15,278.4,0.6625,4.155,,,,,,,,,,
2001-08-16,277.9,0.6715,4.198,,,,,,,,,,
2001-08-17,282.0,0.6895,4.265,,,,,,,,,,
2001-08-20,278.6,0.679,4.153,,,,,,,,,,
2001-08-21,277.4,0.6745,4.193,,,,,,,,,,
2001-08-22,277.3,0.6805,4.208,,,,,,,,,,
2001-08-23,277.7,0.6875,4.22,,,,,,,,,,
2001-08-24,274.9,0.685,4.185,,,,,,,,,,
2001-08-27,274.9,0.6965,4.197,,,,,,,,,,
2001-08-28,274.4,0.6935,4.183,,,,,,,,,,
2001-08-29,275.8,0.697,4.185,,,,,,,,,,
2001-08-30,277.5,0.6865,4.203,,,,,,,,,,
2001-08-31,276.5,0.684,4.21,,,,,,,,,,
2001-09-03,,,,,4822.0,,,,,,,,
2001-09-04,273.7,0.676,4.187,,,,,,,,,,
2001-09-05,274.1,0.6745,4.193,,,,,,,,,,
2001-09-06,275.0,0.663,4.188,,,,,,,,,,
2001-09-07,275.1,0.6545,4.183,,,,,,,,,,
2001-09-10,273.7,0.6535,4.193,,,,,,,,,,
2001-09-11,280.0,0.654,4.225,,,,,,,,,,
2001-09-14,292.3,0.66,4.33,,,,,,,,,,
2001-09-17,291.5,0.6535,4.413,,,,,,,,,,
2001-09-18,289.7,0.654,4.473,,,,,,,,,,
2001-09-19,292.3,0.651,4.745,,,,,,,,,,
2001-09-20,289.8,0.6495,4.535,,,,,,,,,,
2001-09-21,292.9,0.6585,4.617,,,,,,,,,,
2001-09-24,290.9,0.656,4.595,,,,,,,,,,
2001-09-25,291.8,0.6505,4.547,,,,,,,,,,
2001-09-26,294.8,0.655,4.615,,,,,,,,,,
2001-09-27,293.2,0.6565,4.608,,,,,,,,,,
2001-09-28,294.0,0.652,4.675,,,,,,,,,,
2001-10-01,293.5,0.6505,4.667,,4441.0,,,,,,,,
2001-10-02,290.9,0.65,4.65,,,,,,,,,,
2001-10-03,291.0,0.6415,4.635,,,,,,,,,,
2001-10-04,291.6,0.6445,4.655,,,,,,,,,,
2001-10-05,292.5,0.6405,4.685,,,,,,,,,,
2001-10-08,293.4,0.6435,4.67,,,,,,,,,,
2001-10-09,289.7,0.6415,4.55,,,,,,,,,,
2001-10-10,286.7,0.64,4.44,,,,,,,,,,
2001-10-11,282.6,0.6415,4.425,,,,,,,,,,
2001-10-12,285.7,0.6405,4.47,,,,,,,,,,
2001-10-15,282.7,0.6395,4.393,,,,,,,,,,
2001-10-16,282.9,0.644,4.345,,,,,,,,,,
2001-10-17,284.0,0.639,4.37,,,,,,,,,,
2001-10-18,279.8,0.632,4.263,,,,,,,,,,
2001-10-19,280.7,0.6235,4.273,,,,,,,,,,
2001-10-22,276.1,0.625,4.235,,,,,,,,,,
2001-10-23,276.5,0.63,4.243,,,,,,,,,,
2001-10-24,276.3,0.6225,4.215,,,,,,,,,,
2001-10-25,278.2,0.626,4.22,,,,,,,,,,
2001-10-26,278.3,0.635,4.215,,,,,,,,,,
2001-10-29,279.7,0.631,4.243,,,,,,,,,,
2001-10-30,281.2,0.64,4.263,,,,,,,,,,
2001-10-31,280.5,0.6275,4.225,,,,,,,,,,
2001-11-01,280.7,0.623,4.207,,5254.0,,,,,,,,
2001-11-02,280.8,0.6165,4.11,,,,,,,,,,
2001-11-05,279.5,0.6185,4.098,,,,,,,,,,
2001-11-06,280.2,0.6185,4.118,,,,,,,,,,
2001-11-07,281.3,0.6085,4.128,,,,,,,,,,
2001-11-08,277.1,0.6175,4.078,,,,,,,,,,
2001-11-09,277.7,0.6435,4.08,,,,,,,,,,
2001-11-12,278.6,0.6605,4.118,,,,,,,,,,
2001-11-13,278.0,0.679,4.14,,,,,,,,,,
2001-11-14,278.0,0.6795,4.143,,,,,,,,,,
2001-11-15,275.3,0.6755,4.108,,,,,,,,,,
2001-11-16,274.9,0.6845,4.095,,,,,,,,,,
2001-11-19,272.9,0.686,4.058,,,,,,,,,,
2001-11-20,273.2,0.6755,4.05,,,,,,,,,,
2001-11-21,273.1,0.6795,4.035,,,,,,,,,,
2001-11-26,272.5,0.6855,4.028,,,,,,,,,,
2001-11-27,273.4,0.707,4.04,,,,,,,,,,
2001-11-28,274.1,0.7085,4.115,,,,,,,,,,
2001-11-29,274.7,0.7205,4.097,,,,,,,,,,
2001-11-30,274.9,0.729,4.157,,,,,,,,,,
2001-12-03,277.9,0.711,4.227,,5858.0,,,,,,,,
2001-12-04,276.3,0.706,4.153,,,,,,,,,,
2001-12-05,274.6,0.7,4.2,,,,,,,,,,
2001-12-06,275.0,0.6935,4.238,,,,,,,,,,
2001-12-07,274.7,0.6825,4.268,,,,,,,,,,
2001-12-10,273.0,0.682,4.243,,,,,,,,,,
2001-12-11,272.9,0.686,4.275,,,,,,,,,,
2001-12-12,274.5,0.676,4.265,,,,,,,,,,
2001-12-13,274.6,0.675,4.28,,,,,,,,,,
2001-12-14,278.6,0.6765,4.362,,,,,,,,,,
2001-12-17,278.3,0.6795,4.365,,,,,,,,,,
2001-12-18,280.9,0.6875,4.42,,,,,,,,,,
2001-12-19,276.0,0.676,4.308,,,,,,,,,,
2001-12-20,276.5,0.6765,4.4,,,,,,,,,,
2001-12-21,278.3,0.6825,4.472,,,,,,,,,,
2001-12-26,279.6,0.6895,4.543,,,,,,,,,,
2001-12-27,277.7,0.684,4.468,,,,,,,,,,
2001-12-28,276.8,0.6775,4.498,,,,,,,,,,
2001-12-31,279.0,0.659,4.588,,,,,,,,,,
2002-01-01,,,,,5958.0,,,,,,,,
2002-01-02,279.2,0.658,4.535,,,,,,,,,,
2002-01-03,278.5,0.664,4.608,,,,,,,,,,
2002-01-04,279.2,0.6745,4.65,,,,,,,,,,
2002-01-07,278.9,0.715,4.667,,,,,,,,,,
2002-01-08,279.2,0.7085,4.64,,,,,,,,,,
2002-01-09,283.7,0.7155,4.71,,,,,,,,,,
2002-01-10,287.4,0.7055,4.7,,,,,,,,,,
2002-01-11,287.7,0.7085,4.698,,,,,,,,,,
2002-01-14,285.7,0.708,4.515,,,,,,,,,,
2002-01-15,284.7,0.7015,4.555,,,,,,,,,,
2002-01-16,287.6,0.7085,4.562,,,,,,,,,,
2002-01-17,284.7,0.708,4.445,,,,,,,,,,
2002-01-18,283.4,0.6985,4.345,,,,,,,,,,
2002-01-22,281.8,0.7025,4.288,,,,,,,,,,
2002-01-23,278.9,0.7085,4.26,,,,,,,,,,
2002-01-24,278.4,0.7155,4.273,,,,,,,,,,
2002-01-25,279.1,0.7115,4.305,,,,,,,,,,
2002-01-28,278.5,0.7005,4.25,,,,,,,,,,
2002-01-29,281.4,0.699,4.295,,,,,,,,,,
2002-01-30,282.9,0.7,4.293,,,,,,,,,,
2002-01-31,282.9,0.736,4.223,,,,,,,,,,
2002-02-01,286.8,0.7395,4.313,,6025.0,,,,,,,,
2002-02-04,290.1,0.7315,4.295,,,,,,,,,,
2002-02-05,299.1,0.735,4.397,,,,,,,,,,
2002-02-06,298.3,0.732,4.365,,,,,,,,,,
2002-02-07,300.6,0.7395,4.345,,,,,,,,,,
2002-02-08,304.4,0.7365,4.455,,,,,,,,,,
2002-02-11,300.8,0.7305,4.415,,,,,,,,,,
2002-02-12,301.3,0.7355,4.485,,,,,,,,,,
2002-02-13,300.0,0.754,4.505,,,,,,,,,,
2002-02-14,300.2,0.7475,4.53,,,,,,,,,,
2002-02-15,298.9,0.737,4.538,,,,,,,,,,
2002-02-19,293.6,0.7105,4.47,,,,,,,,,,
2002-02-20,292.6,0.712,4.4,,,,,,,,,,
2002-02-21,293.5,0.7175,4.42,,,,,,,,,,
2002-02-22,293.5,0.703,4.398,,,,,,,,,,
2002-02-25,292.9,0.709,4.368,,,,,,,,,,
2002-02-26,298.2,0.705,4.423,,,,,,,,,,
2002-02-27,296.6,0.7205,4.445,,,,,,,,,,
2002-02-28,297.1,0.7205,4.517,,,,,,,,,,
2002-03-01,298.4,0.7325,4.567,,6699.0,,,,,,,,
2002-03-04,297.1,0.7415,4.602,,,,,,,,,,
2002-03-05,294.4,0.7405,4.555,,,,,,,,,,
2002-03-06,293.9,0.7505,4.53,,,,,,,,,,
2002-03-07,290.5,0.748,4.48,,,,,,,,,,
2002-03-08,290.3,0.7525,4.505,,,,,,,,,,
2002-03-11,291.3,0.746,4.485,,,,,,,,,,
2002-03-12,293.8,0.7415,4.498,,,,,,,,,,
2002-03-13,293.8,0.7405,4.528,,,,,,,,,,
2002-03-14,291.2,0.745,4.5,,,,,,,,,,
2002-03-15,290.1,0.7505,4.493,,,,,,,,,,
2002-03-18,292.5,0.7645,4.503,,,,,,,,,,
2002-03-19,293.0,0.7705,4.523,,,,,,,,,,
2002-03-20,292.4,0.766,4.533,,,,,,,,,,
2002-03-21,293.1,0.7625,4.508,,,,,,,,,,
2002-03-22,297.6,0.7485,4.54,,,,,,,,,,
2002-03-25,297.7,0.7375,4.58,,,,,,,,,,
2002-03-26,296.8,0.7455,4.585,,,,,,,,,,
2002-03-27,302.2,0.7545,4.68,,,,,,,,,,
2002-03-28,303.7,0.7665,4.65,,,,,,,,,,
2002-04-01,304.2,0.7675,4.7,,7007.0,,,,,,,,
2002-04-02,307.0,0.7665,4.747,,,,,,,,,,
2002-04-03,303.5,0.7455,4.667,,,,,,,,,,
2002-04-04,302.0,0.7355,4.625,,,,,,,,,,
2002-04-05,301.0,0.726,4.58,,,,,,,,,,
2002-04-08,301.3,0.726,4.57,,,,,,,,,,
2002-04-09,299.5,0.73,4.558,,,,,,,,,,
2002-04-10,302.5,0.7275,4.628,,,,,,,,,,
2002-04-11,303.0,0.7265,4.583,,,,,,,,,,
2002-04-12,302.9,0.7205,4.593,,,,,,,,,,
2002-04-15,300.7,0.7195,4.45,,,,,,,,,,
2002-04-16,299.5,0.7295,4.405,,,,,,,,,,
2002-04-17,302.8,0.7395,4.45,,,,,,,,,,
2002-04-18,305.2,0.73,4.498,,,,,,,,,,
2002-04-19,303.0,0.736,4.503,,,,,,,,,,
2002-04-22,303.6,0.7465,4.543,,,,,,,,,,
2002-04-23,304.6,0.7345,4.57,,,,,,,,,,
2002-04-24,304.8,0.739,4.562,,,,,,,,,,
2002-04-25,308.6,0.733,4.62,,,,,,,,,,
2002-04-26,312.1,0.739,4.676,,,,,,,,,,
2002-04-29,311.5,0.7405,4.66,,,,,,,,,,
2002-04-30,309.2,0.739,4.555,,,,,,,,,,
2002-05-01,309.4,0.729,4.55,,6888.0,,,,,,,,
2002-05-02,308.6,0.7355,4.563,,,,,,,,,,
2002-05-03,312.5,0.724,4.615,,,,,,,,,,
2002-05-06,311.5,0.715,4.612,,,,,,,,,,
2002-05-07,311.9,0.726,4.632,,,,,,,,,,
2002-05-08,308.5,0.733,4.585,,,,,,,,,,
2002-05-09,309.8,0.73,4.627,,,,,,,,,,
2002-05-10,311.3,0.7385,4.67,,,,,,,,,,
2002-05-13,310.9,0.7375,4.607,,,,,,,,,,
2002-05-14,307.6,0.745,4.607,,,,,,,,,,
2002-05-15,309.0,0.7475,4.637,,,,,,,,,,
2002-05-16,310.1,0.7385,4.65,,,,,,,,,,
2002-05-17,310.9,0.7285,4.665,,,,,,,,,,
2002-05-20,316.0,0.726,4.78,,,,,,,,,,
2002-05-21,316.1,0.7275,4.845,,,,,,,,,,
2002-05-22,318.3,0.728,4.84,,,,,,,,,,
2002-05-23,322.8,0.736,4.912,,,,,,,,,,
2002-05-24,320.7,0.739,4.872,,,,,,,,,,
2002-05-28,324.1,0.757,4.882,,,,,,,,,,
2002-05-29,325.5,0.751,4.945,,,,,,,,,,
2002-05-30,326.7,0.7545,4.985,,,,,,,,,,
2002-05-31,327.5,0.767,5.042,,,,,,,,,,
2002-06-03,327.7,0.7785,5.08,,7137.0,,,,,,,,
2002-06-04,328.8,0.7885,5.125,,,,,,,,,,
2002-06-05,322.1,0.786,4.945,,,,,,,,,,
2002-06-06,325.8,0.7815,4.995,,,,,,,,,,
2002-06-07,325.4,0.7825,4.98,,,,,,,,,,
2002-06-10,319.5,0.7835,4.912,,,,,,,,,,
2002-06-11,320.5,0.768,4.882,,,,,,,,,,
2002-06-12,321.1,0.767,4.915,,,,,,,,,,
2002-06-13,318.5,0.769,4.832,,,,,,,,,,
2002-06-14,319.8,0.768,4.85,,,,,,,,,,
2002-06-17,318.1,0.764,4.823,,,,,,,,,,
2002-06-18,319.7,0.7635,4.845,,,,,,,,,,
2002-06-19,320.3,0.761,4.842,,,,,,,,,,
2002-06-20,323.7,0.755,4.87,,,,,,,,,,
2002-06-21,325.1,0.7465,4.855,,,,,,,,,,
2002-06-24,324.7,0.744,4.867,,,,,,,,,,
2002-06-25,320.5,0.753,4.832,,,,,,,,,,
2002-06-26,320.8,0.7545,4.852,,,,,,,,,,
2002-06-27,319.6,0.76,4.898,,,,,,,,,,
2002-06-28,313.9,0.7745,4.855,,,,,,,,,,
2002-07-01,314.4,0.7745,4.888,,6544.0,,,,,,,,
2002-07-02,313.2,0.7625,4.95,,,,,,,,,,
2002-07-03,311.3,0.755,4.955,,,,,,,,,,
2002-07-08,312.5,0.762,4.98,,,,,,,,,,
2002-07-09,316.5,0.7615,5.058,,,,,,,,,,
2002-07-10,315.1,0.7585,5.05,,,,,,,,,,
2002-07-11,317.6,0.751,5.07,,,,,,,,,,
2002-07-12,315.9,0.745,5.065,,,,,,,,,,
2002-07-15,319.9,0.739,5.118,,,,,,,,,,
2002-07-16,317.5,0.7435,5.033,,,,,,,,,,
2002-07-17,317.7,0.7355,5.005,,,,,,,,,,
2002-07-18,317.1,0.7325,5.005,,,,,,,,,,
2002-07-19,323.9,0.719,5.078,,,,,,,,,,
2002-07-22,323.5,0.7055,5.045,,,,,,,,,,
2002-07-23,312.6,0.698,4.883,,,,,,,,,,
2002-07-24,311.4,0.6965,4.86,,,,,,,,,,
2002-07-25,309.7,0.69,4.855,,,,,,,,,,
2002-07-26,303.3,0.6905,4.665,,,,,,,,,,
2002-07-29,302.4,0.6985,4.64,,,,,,,,,,
2002-07-30,306.0,0.6955,4.658,,,,,,,,,,
2002-07-31,305.2,0.684,4.598,,,,,,,,,,
2002-08-01,306.0,0.6875,4.583,,6646.0,,,,,,,,
2002-08-02,309.0,0.6845,4.593,,,,,,,,,,
2002-08-05,309.6,0.675,4.633,,,,,,,,,,
2002-08-06,307.3,0.678,4.613,,,,,,,,,,
2002-08-07,316.1,0.674,4.675,,,,,,,,,,
2002-08-08,312.2,0.6775,4.638,,,,,,,,,,
2002-08-09,316.0,0.6805,4.67,,,,,,,,,,
2002-08-12,315.8,0.681,4.593,,,,,,,,,,
2002-08-13,315.9,0.678,4.58,,,,,,,,,,
2002-08-14,313.5,0.672,4.458,,,,,,,,,,
2002-08-15,316.1,0.6845,4.483,,,,,,,,,,
2002-08-16,315.4,0.6775,4.493,,,,,,,,,,
2002-08-19,307.7,0.6765,4.405,,,,,,,,,,
2002-08-20,310.4,0.6845,4.437,,,,,,,,,,
2002-08-21,309.3,0.678,4.42,,,,,,,,,,
2002-08-22,308.3,0.687,4.465,,,,,,,,,,
2002-08-23,308.3,0.6875,4.423,,,,,,,,,,
2002-08-26,311.0,0.6905,4.438,,,,,,,,,,
2002-08-27,313.9,0.6915,4.503,,,,,,,,,,
2002-08-28,310.9,0.6865,4.498,,,,,,,,,,
2002-08-29,314.4,0.6905,4.557,,,,,,,,,,
2002-08-30,313.9,0.6925,4.468,,,,,,,,,,
2002-09-02,,,,,6460.0,,,,,,,,
2002-09-03,315.0,0.6805,4.485,,,,,,,,,,
2002-09-04,316.5,0.679,4.495,,,,,,,,,,
2002-09-05,319.8,0.6735,4.545,,,,,,,,,,
2002-09-06,321.5,0.6795,4.54,,,,,,,,,,
2002-09-09,322.8,0.6945,4.603,,,,,,,,,,
2002-09-10,319.4,0.706,4.578,,,,,,,,,,
2002-09-11,318.1,0.704,4.563,,,,,,,,,,
2002-09-12,320.4,0.702,4.608,,,,,,,,,,
2002-09-13,318.1,0.697,4.575,,,,,,,,,,
2002-09-16,318.5,0.686,4.57,,,,,,,,,,
2002-09-17,318.2,0.6855,4.598,,,,,,,,,,
2002-09-18,321.8,0.675,4.64,,,,,,,,,,
2002-09-19,323.9,0.674,4.66,,,,,,,,,,
2002-09-20,323.2,0.6795,4.65,,,,,,,,,,
2002-09-23,324.1,0.6745,4.648,,,,,,,,,,
2002-09-24,327.2,0.6695,4.67,,,,,,,,,,
2002-09-25,323.6,0.674,4.6,,,,,,,,,,
2002-09-26,321.7,0.676,4.525,,,,,,,,,,
2002-09-27,321.1,0.667,4.505,,,,,,,,,,
2002-09-30,325.2,0.666,4.548,,,,,,,,,,
2002-10-01,322.2,0.6705,4.488,,7475.0,,,,,,,,
2002-10-02,322.8,0.676,4.485,,,,,,,,,,
2002-10-03,322.4,0.668,4.485,,,,,,,,,,
2002-10-04,323.3,0.662,4.49,,,,,,,,,,
2002-10-07,323.1,0.665,4.45,,,,,,,,,,
2002-10-08,319.4,0.6645,4.373,,,,,,,,,,
2002-10-09,320.8,0.664,4.35,,,,,,,,,,
2002-10-10,317.4,0.671,4.285,,,,,,,,,,
2002-10-11,317.2,0.6835,4.32,,,,,,,,,,
2002-10-14,318.6,0.671,4.31,,,,,,,,,,
2002-10-15,313.4,0.6765,4.323,,,,,,,,,,
2002-10-16,314.7,0.675,4.37,,,,,,,,,,
2002-10-17,312.2,0.697,4.345,,,,,,,,,,
2002-10-18,313.3,0.6925,4.36,,,,,,,,,,
2002-10-21,311.5,0.7035,4.352,,,,,,,,,,
2002-10-22,313.6,0.6975,4.412,,,,,,,,,,
2002-10-23,312.6,0.6945,4.407,,,,,,,,,,
2002-10-24,311.2,0.703,4.362,,,,,,,,,,
2002-10-25,313.9,0.7145,4.407,,,,,,,,,,
2002-10-28,315.6,0.7135,4.412,,,,,,,,,,
2002-10-29,318.1,0.704,4.51,,,,,,,,,,
2002-10-30,316.9,0.706,4.485,,,,,,,,,,
2002-10-31,318.4,0.7195,4.505,,,,,,,,,,
2002-11-01,319.2,0.7285,4.49,,7483.0,,,,,,,,
2002-11-04,318.7,0.731,4.487,,,,,,,,,,
2002-11-05,318.6,0.728,4.495,,,,,,,,,,
2002-11-06,317.9,0.733,4.483,,,,,,,,,,
2002-11-07,320.9,0.718,4.55,,,,,,,,,,
2002-11-08,321.7,0.719,4.532,,,,,,,,,,
2002-11-11,321.6,0.724,4.572,,,,,,,,,,
2002-11-12,324.7,0.724,4.6,,,,,,,,,,
2002-11-13,318.9,0.7205,4.56,,,,,,,,,,
2002-11-14,318.1,0.715,4.562,,,,,,,,,,
2002-11-15,320.9,0.7215,4.575,,,,,,,,,,
2002-11-18,319.4,0.731,4.537,,,,,,,,,,
2002-11-19,318.8,0.73,4.547,,,,,,,,,,
2002-11-20,317.6,0.742,4.535,,,,,,,,,,
2002-11-21,317.6,0.7425,4.468,,,,,,,,,,
2002-11-22,320.9,0.7395,4.543,,,,,,,,,,
2002-11-25,317.9,0.739,4.473,,,,,,,,,,
2002-11-26,317.7,0.732,4.433,,,,,,,,,,
2002-11-27,316.8,0.7525,4.414,,,,,,,,,,
2002-12-02,318.5,0.762,4.442,,7115.0,,,,,,,,
2002-12-03,321.2,0.7585,4.552,,,,,,,,,,
2002-12-04,323.1,0.7585,4.577,,,,,,,,,,
2002-12-05,325.6,0.745,4.64,,,,,,,,,,
2002-12-06,327.1,0.746,4.65,,,,,,,,,,
2002-12-09,326.5,0.7355,4.615,,,,,,,,,,
2002-12-10,324.2,0.742,4.623,,,,,,,,,,
2002-12-11,325.5,0.741,4.645,,,,,,,,,,
2002-12-12,332.1,0.738,4.752,,,,,,,,,,
2002-12-13,333.8,0.729,4.712,,,,,,,,,,
2002-12-16,337.6,0.7275,4.707,,,,,,,,,,
2002-12-17,338.0,0.729,4.645,,,,,,,,,,
2002-12-18,342.7,0.722,4.67,,,,,,,,,,
2002-12-19,346.5,0.718,4.725,,,,,,,,,,
2002-12-20,341.0,0.7155,4.632,,,,,,,,,,
2002-12-23,345.6,0.718,4.655,,,,,,,,,,
2002-12-24,347.3,0.7065,4.662,,,,,,,,,,
2002-12-26,349.4,0.7005,4.705,,,,,,,,,,
2002-12-27,349.7,0.704,4.723,,,,,,,,,,
2002-12-30,344.1,0.704,4.673,,,,,,,,,,
2002-12-31,348.2,0.7025,4.812,,,,,,,,,,
2003-01-01,,,,,8188.0,,,,,,,,
2003-01-02,346.5,0.718,4.823,,,,,,,,,,
2003-01-03,351.6,0.7315,4.903,,,,,,,,,,
2003-01-06,352.1,0.739,4.91,,,,,,,,,,
2003-01-07,347.7,0.736,4.815,,,,,,,,,,
2003-01-08,354.3,0.7465,4.867,,,,,,,,,,
2003-01-09,353.7,0.7505,4.855,,,,,,,,,,
2003-01-10,354.9,0.7445,4.873,,,,,,,,,,
2003-01-13,355.1,0.7525,4.84,,,,,,,,,,
2003-01-14,352.4,0.76,4.765,,,,,,,,,,
2003-01-15,351.1,0.765,4.78,,,,,,,,,,
2003-01-16,358.1,0.761,4.835,,,,,,,,,,
2003-01-17,356.8,0.758,4.81,,,,,,,,,,
2003-01-21,357.5,0.769,4.82,,,,,,,,,,
2003-01-22,359.9,0.773,4.848,,,,,,,,,,
2003-01-23,364.7,0.77,4.785,,,,,,,,,,
2003-01-24,368.4,0.7685,4.885,,,,,,,,,,
2003-01-27,369.4,0.76,4.835,,,,,,,,,,
2003-01-28,370.0,0.757,4.875,,,,,,,,,,
2003-01-29,366.3,0.765,4.805,,,,,,,,,,
2003-01-30,369.7,0.7935,4.87,,,,,,,,,,
2003-01-31,369.1,0.7975,4.86,,,,,,,,,,
2003-02-03,371.6,0.792,4.835,,8762.0,,,,,,,,
2003-02-04,379.9,0.7825,4.918,,,,,,,,,,
2003-02-05,377.2,0.782,4.768,,,,,,,,,,
2003-02-06,370.7,0.771,4.68,,,,,,,,,,
2003-02-07,370.5,0.7665,4.65,,,,,,,,,,
2003-02-10,364.2,0.7785,4.6,,,,,,,,,,
2003-02-11,363.0,0.7785,4.57,,,,,,,,,,
2003-02-12,353.0,0.774,4.507,,,,,,,,,,
2003-02-13,357.7,0.753,4.533,,,,,,,,,,
2003-02-14,352.2,0.7585,4.535,,,,,,,,,,
2003-02-18,344.3,0.743,4.555,,,,,,,,,,
2003-02-19,350.0,0.749,4.625,,,,,,,,,,
2003-02-20,353.1,0.755,4.662,,,,,,,,,,
2003-02-21,351.8,0.78,4.665,,,,,,,,,,
2003-02-24,356.4,0.789,4.715,,,,,,,,,,
2003-02-25,352.4,0.7825,4.642,,,,,,,,,,
2003-02-26,354.1,0.799,4.655,,,,,,,,,,
2003-02-27,346.2,0.794,4.575,,,,,,,,,,
2003-02-28,350.3,0.781,4.6,,,,,,,,,,
2003-03-03,349.3,0.7925,4.672,,7772.0,,,,,,,,
2003-03-04,353.3,0.781,4.672,,,,,,,,,,
2003-03-05,353.2,0.7645,4.637,,,,,,,,,,
2003-03-06,356.9,0.755,4.673,,,,,,,,,,
2003-03-07,350.9,0.7695,4.688,,,,,,,,,,
2003-03-10,354.8,0.756,4.68,,,,,,,,,,
2003-03-11,350.6,0.7655,4.69,,,,,,,,,,
2003-03-12,346.6,0.757,4.635,,,,,,,,,,
2003-03-13,336.0,0.752,4.54,,,,,,,,,,
2003-03-14,336.6,0.7545,4.538,,,,,,,,,,
2003-03-17,337.2,0.7715,4.45,,,,,,,,,,
2003-03-18,337.7,0.7645,4.463,,,,,,,,,,
2003-03-19,336.2,0.7775,4.42,,,,,,,,,,
2003-03-20,333.0,0.768,4.415,,,,,,,,,,
2003-03-21,326.1,0.779,4.353,,,,,,,,,,
2003-03-24,329.5,0.7685,4.368,,,,,,,,,,
2003-03-25,328.3,0.771,4.393,,,,,,,,,,
2003-03-26,330.1,0.7525,4.398,,,,,,,,,,
2003-03-27,328.4,0.7315,4.393,,,,,,,,,,
2003-03-28,332.4,0.73,4.433,,,,,,,,,,
2003-03-31,336.9,0.717,4.465,,,,,,,,,,
2003-04-01,335.2,0.727,4.437,,8018.0,,,,,,,,
2003-04-02,330.4,0.721,4.402,,,,,,,,,,
2003-04-03,325.7,0.7135,4.413,,,,,,,,,,
2003-04-04,326.0,0.7205,4.415,,,,,,,,,,
2003-04-07,322.2,0.731,4.423,,,,,,,,,,
2003-04-08,322.9,0.725,4.478,,,,,,,,,,
2003-04-09,326.2,0.7215,4.483,,,,,,,,,,
2003-04-10,327.3,0.717,4.49,,,,,,,,,,
2003-04-11,328.5,0.728,4.493,,,,,,,,,,
2003-04-14,324.9,0.7265,4.538,,,,,,,,,,
2003-04-15,325.5,0.736,4.523,,,,,,,,,,
2003-04-16,326.3,0.736,4.485,,,,,,,,,,
2003-04-17,327.6,0.7395,4.47,,,,,,,,,,
2003-04-21,333.9,0.731,4.535,,,,,,,,,,
2003-04-22,334.8,0.7235,4.597,,,,,,,,,,
2003-04-23,331.9,0.7255,4.625,,,,,,,,,,
2003-04-24,335.1,0.7175,4.645,,,,,,,,,,
2003-04-25,333.7,0.718,4.632,,,,,,,,,,
2003-04-28,334.8,0.717,4.58,,,,,,,,,,
2003-04-29,334.0,0.729,4.565,,,,,,,,,,
2003-04-30,339.4,0.731,4.652,,,,,,,,,,
2003-05-01,342.4,0.7295,4.775,,8922.0,,,,,,,,
2003-05-02,341.3,0.719,4.797,,,,,,,,,,
2003-05-05,342.6,0.718,4.815,,,,,,,,,,
2003-05-06,342.8,0.724,4.8,,,,,,,,,,
2003-05-07,342.2,0.735,4.742,,,,,,,,,,
2003-05-08,348.7,0.741,4.802,,,,,,,,,,
2003-05-09,348.9,0.7385,4.8,,,,,,,,,,
2003-05-12,351.9,0.752,4.872,,,,,,,,,,
2003-05-13,350.2,0.7645,4.825,,,,,,,,,,
2003-05-14,352.5,0.761,4.872,,,,,,,,,,
2003-05-15,352.8,0.761,4.78,,,,,,,,,,
2003-05-16,354.9,0.7615,4.79,,,,,,,,,,
2003-05-19,364.4,0.7635,4.82,,,,,,,,,,
2003-05-20,366.5,0.7635,4.772,,,,,,,,,,
2003-05-21,372.2,0.771,4.725,,,,,,,,,,
2003-05-22,368.1,0.768,4.662,,,,,,,,,,
2003-05-23,368.8,0.767,4.647,,,,,,,,,,
2003-05-27,367.8,0.778,4.625,,,,,,,,,,
2003-05-28,365.2,0.77,4.64,,,,,,,,,,
2003-05-29,370.7,0.774,4.575,,,,,,,,,,
2003-05-30,365.6,0.784,4.533,,,,,,,,,,
2003-06-02,367.1,0.7915,4.508,,8267.0,,,,,,,,
2003-06-03,366.3,0.785,4.51,,,,,,,,,,
2003-06-04,363.6,0.782,4.5,,,,,,,,,,
2003-06-05,369.5,0.784,4.5,,,,,,,,,,
2003-06-06,364.5,0.785,4.545,,,,,,,,,,
2003-06-09,362.6,0.772,4.518,,,,,,,,,,
2003-06-10,352.8,0.769,4.47,,,,,,,,,,
2003-06-11,356.2,0.7695,4.5,,,,,,,,,,
2003-06-12,353.9,0.776,4.505,,,,,,,,,,
2003-06-13,357.2,0.763,4.575,,,,,,,,,,
2003-06-16,359.7,0.763,4.612,,,,,,,,,,
2003-06-17,363.8,0.783,4.61,,,,,,,,,,
2003-06-18,357.8,0.78,4.558,,,,,,,,,,
2003-06-19,361.8,0.7835,4.57,,,,,,,,,,
2003-06-20,356.7,0.7765,4.528,,,,,,,,,,
2003-06-23,353.4,0.77,4.558,,,,,,,,,,
2003-06-24,346.7,0.771,4.515,,,,,,,,,,
2003-06-25,349.6,0.7615,4.565,,,,,,,,,,
2003-06-26,344.2,0.7545,4.523,,,,,,,,,,
2003-06-27,345.5,0.762,4.518,,,,,,,,,,
2003-06-30,346.3,0.753,4.568,,,,,,,,,,
2003-07-01,351.7,0.751,4.585,,9338.5,,,,,,,,
2003-07-02,351.6,0.7615,4.645,,,,,,,,,,
2003-07-03,351.3,0.751,4.693,,,,,,,,,,
2003-07-07,348.4,0.771,4.738,,,,,,,,,,
2003-07-08,344.4,0.7685,4.745,,,,,,,,,,
2003-07-09,343.9,0.781,4.825,,,,,,,,,,
2003-07-10,344.6,0.7815,4.815,,,,,,,,,,
2003-07-11,345.1,0.78,4.805,,,,,,,,,,
2003-07-14,347.8,0.798,4.797,,,,,,,,,,
2003-07-15,342.2,0.794,4.658,,,,,,,,,,
2003-07-16,343.2,0.793,4.663,,,,,,,,,,
2003-07-17,344.3,0.782,4.678,,,,,,,,,,
2003-07-18,347.3,0.787,4.73,,,,,,,,,,
2003-07-21,351.0,0.7765,4.75,,,,,,,,,,
2003-07-22,350.7,0.7725,4.79,,,,,,,,,,
2003-07-23,359.0,0.779,5.07,,,,,,,,,,
2003-07-24,362.3,0.7935,5.11,,,,,,,,,,
2003-07-25,362.8,0.798,5.075,,,,,,,,,,
2003-07-28,364.9,0.8075,5.195,,,,,,,,,,
2003-07-29,361.7,0.806,5.165,,,,,,,,,,
2003-07-30,358.1,0.8025,5.06,,,,,,,,,,
2003-07-31,355.8,0.821,5.12,,,,,,,,,,
2003-08-01,347.8,0.819,5.097,,9560.0,,,,,,,,
2003-08-04,350.9,0.81,5.02,,,,,,,,,,
2003-08-05,351.2,0.809,4.94,,,,,,,,,,
2003-08-06,352.4,0.805,4.97,,,,,,,,,,
2003-08-07,354.1,0.816,5.038,,,,,,,,,,
2003-08-08,357.9,0.8025,4.992,,,,,,,,,,
2003-08-11,363.3,0.808,5.0,,,,,,,,,,
2003-08-12,360.0,0.7905,4.862,,,,,,,,,,
2003-08-13,363.7,0.7935,5.03,,,,,,,,,,
2003-08-14,367.5,0.8,5.035,,,,,,,,,,
2003-08-15,364.7,0.793,4.927,,,,,,,,,,
2003-08-18,359.9,0.798,4.927,,,,,,,,,,
2003-08-19,363.0,0.8045,4.995,,,,,,,,,,
2003-08-20,367.0,0.8075,5.022,,,,,,,,,,
2003-08-21,361.8,0.8055,4.945,,,,,,,,,,
2003-08-22,364.3,0.806,4.997,,,,,,,,,,
2003-08-25,362.4,0.8075,4.992,,,,,,,,,,
2003-08-26,366.8,0.797,5.002,,,,,,,,,,
2003-08-27,374.1,0.7955,5.131,,,,,,,,,,
2003-08-28,371.6,0.793,5.15,,,,,,,,,,
2003-08-29,376.8,0.808,5.132,,,,,,,,,,
2003-09-01,,,,,10123.0,,,,,,,,
2003-09-02,374.3,0.815,5.01,,,,,,,,,,
2003-09-03,375.0,0.8295,5.08,,,,,,,,,,
2003-09-04,374.0,0.818,5.035,,,,,,,,,,
2003-09-05,378.7,0.831,5.15,,,,,,,,,,
2003-09-08,376.2,0.828,5.107,,,,,,,,,,
2003-09-09,382.8,0.8175,5.265,,,,,,,,,,
2003-09-10,381.1,0.8075,5.265,,,,,,,,,,
2003-09-11,380.8,0.8265,5.345,,,,,,,,,,
2003-09-12,376.9,0.814,5.217,,,,,,,,,,
2003-09-15,375.6,0.8195,5.21,,,,,,,,,,
2003-09-16,374.6,0.8145,5.23,,,,,,,,,,
2003-09-17,377.3,0.823,5.292,,,,,,,,,,
2003-09-18,377.7,0.8265,5.265,,,,,,,,,,
2003-09-19,382.9,0.8285,5.292,,,,,,,,,,
2003-09-22,388.3,0.829,5.275,,,,,,,,,,
2003-09-23,387.0,0.8235,5.245,,,,,,,,,,
2003-09-24,388.4,0.827,5.31,,,,,,,,,,
2003-09-25,385.5,0.83,5.222,,,,,,,,,,
2003-09-26,381.8,0.819,5.145,,,,,,,,,,
2003-09-29,383.2,0.824,5.075,,,,,,,,,,
2003-09-30,386.1,0.8185,5.142,,,,,,,,,,
2003-10-01,385.0,0.823,5.105,,11945.0,,,,,,,,
2003-10-02,383.7,0.8335,5.1,,,,,,,,,,
2003-10-03,370.0,0.837,4.835,,,,,,,,,,
2003-10-06,373.3,0.8375,4.815,,,,,,,,,,
2003-10-07,377.8,0.847,4.88,,,,,,,,,,
2003-10-08,376.0,0.8545,4.87,,,,,,,,,,
2003-10-09,369.8,0.8535,4.842,,,,,,,,,,
2003-10-10,374.1,0.8635,4.91,,,,,,,,,,
2003-10-13,375.7,0.8875,4.98,,,,,,,,,,
2003-10-14,376.2,0.874,4.932,,,,,,,,,,
2003-10-15,373.1,0.898,4.947,,,,,,,,,,
2003-10-16,373.2,0.894,4.922,,,,,,,,,,
2003-10-17,372.2,0.8945,4.94,,,,,,,,,,
2003-10-20,374.4,0.9115,5.005,,,,,,,,,,
2003-10-21,382.0,0.906,5.068,,,,,,,,,,
2003-10-22,386.8,0.9135,5.135,,,,,,,,,,
2003-10-23,385.0,0.9065,5.172,,,,,,,,,,
2003-10-24,389.2,0.893,5.165,,,,,,,,,,
2003-10-27,388.2,0.9075,5.192,,,,,,,,,,
2003-10-28,383.4,0.904,5.097,,,,,,,,,,
2003-10-29,387.0,0.919,5.142,,,,,,,,,,
2003-10-30,384.4,0.9355,5.135,,,,,,,,,,
2003-10-31,384.6,0.941,5.065,,,,,,,,,,
2003-11-03,377.1,0.9355,4.927,,12279.0,,,,,,,,
2003-11-04,380.0,0.9595,5.03,,,,,,,,,,
2003-11-05,382.7,0.9585,4.985,,,,,,,,,,
2003-11-06,380.7,0.942,4.957,,,,,,,,,,
2003-11-07,383.4,0.946,5.058,,,,,,,,,,
2003-11-10,386.7,0.9305,5.09,,,,,,,,,,
2003-11-11,388.2,0.947,5.067,,,,,,,,,,
2003-11-12,395.0,0.951,5.335,,,,,,,,,,
2003-11-13,394.3,0.945,5.295,,,,,,,,,,
2003-11-14,398.0,0.954,5.415,,,,,,,,,,
2003-11-17,391.5,0.9205,5.227,,,,,,,,,,
2003-11-18,397.6,0.9345,5.367,,,,,,,,,,
2003-11-19,394.9,0.92,5.27,,,,,,,,,,
2003-11-20,393.7,0.886,5.262,,,,,,,,,,
2003-11-21,396.0,0.897,5.295,,,,,,,,,,
2003-11-24,391.5,0.9075,5.245,,,,,,,,,,
2003-11-25,391.1,0.89,5.298,,,,,,,,,,
2003-11-26,396.8,0.9125,5.355,,,,,,,,,,
2003-12-01,403.8,0.9595,5.47,,16583.0,,,,,,,,
2003-12-02,404.6,0.9725,5.52,,,,,,,,,,
2003-12-03,404.8,0.979,5.492,,,,,,,,,,
2003-12-04,404.2,0.965,5.472,,,,,,,,,,
2003-12-05,407.3,0.971,5.492,,,,,,,,,,
2003-12-08,407.5,0.968,5.56,,,,,,,,,,
2003-12-09,408.9,0.979,5.655,,,,,,,,,,
2003-12-10,407.0,0.9795,5.62,,,,,,,,,,
2003-12-11,405.4,0.978,5.597,,,,,,,,,,
2003-12-12,410.1,0.988,5.64,,,,,,,,,,
2003-12-15,409.9,0.9945,5.657,,,,,,,,,,
2003-12-16,408.4,1.0045,5.645,,,,,,,,,,
2003-12-17,412.7,0.997,5.708,,,,,,,,,,
2003-12-18,411.1,1.0155,5.728,,,,,,,,,,
2003-12-19,409.9,1.0245,5.738,,,,,,,,,,
2003-12-22,411.3,1.007,5.725,,,,,,,,,,
2003-12-23,411.6,1.0185,5.748,,,,,,,,,,
2003-12-24,412.8,1.023,5.793,,,,,,,,,,
2003-12-29,415.3,1.0435,5.93,,,,,,,,,,
2003-12-30,417.2,1.043,5.993,,,,,,,,,,
2003-12-31,416.1,1.0455,5.965,,,,,,,,,,
2004-01-01,,,,,15520.0,,,,,,,,
2004-01-05,424.8,1.087,6.245,,,,,,,,,,
2004-01-06,423.2,1.0705,6.328,,,,,,,,,,
2004-01-07,422.3,1.0665,6.263,,,,,,,,,,
2004-01-08,424.4,1.1085,6.273,,,,,,,,,,
2004-01-09,426.8,1.1035,6.497,,,,,,,,,,
2004-01-12,426.6,1.0825,6.617,,,,,,,,,,
2004-01-13,424.0,1.0855,6.597,,,,,,,,,,
2004-01-14,422.0,1.094,6.43,,,,,,,,,,
2004-01-15,408.7,1.084,6.213,,,,,,,,,,
2004-01-16,407.0,1.094,6.33,,,,,,,,,,
2004-01-20,412.9,1.1175,6.323,,,,,,,,,,
2004-01-21,411.2,1.1175,6.208,,,,,,,,,,
2004-01-22,410.1,1.12,6.35,,,,,,,,,,
2004-01-23,408.0,1.1245,6.36,,,,,,,,,,
2004-01-26,406.7,1.1165,6.312,,,,,,,,,,
2004-01-27,410.1,1.114,6.555,,,,,,,,,,
2004-01-28,414.6,1.1325,6.63,,,,,,,,,,
2004-01-29,399.4,1.1195,6.23,,,,,,,,,,
2004-01-30,402.9,1.142,6.25,,,,,,,,,,
2004-02-02,399.3,1.1405,6.043,,14630.0,,,,,,,,
2004-02-03,399.9,1.165,6.123,,,,,,,,,,
2004-02-04,401.7,1.171,6.148,,,,,,,,,,
2004-02-05,398.8,1.1705,6.123,,,,,,,,,,
2004-02-06,404.2,1.1765,6.278,,,,,,,,,,
2004-02-09,407.4,1.1825,6.428,,,,,,,,,,
2004-02-10,407.0,1.1745,6.388,,,,,,,,,,
2004-02-11,410.7,1.211,6.558,,,,,,,,,,
2004-02-12,414.2,1.2345,6.62,,,,,,,,,,
2004-02-13,410.8,1.236,6.582,,,,,,,,,,
2004-02-17,416.5,1.293,6.78,,,,,,,,,,
2004-02-18,412.8,1.2945,6.7,,,,,,,,,,
2004-02-19,410.3,1.325,6.658,,,,,,,,,,
2004-02-20,398.0,1.3055,6.533,,,,,,,,,,
2004-02-23,399.3,1.3125,6.49,,,,,,,,,,
2004-02-24,404.8,1.3275,6.622,,,,,,,,,,
2004-02-25,396.1,1.311,6.535,,,,,,,,,,
2004-02-26,395.5,1.354,6.73,,,,,,,,,,
2004-02-27,396.8,1.346,6.715,,,,,,,,,,
2004-03-01,399.6,1.3985,6.945,,14022.0,,,,,,,,
2004-03-02,393.8,1.376,6.725,,,,,,,,,,
2004-03-03,392.7,1.3065,6.752,,,,,,,,,,
2004-03-04,393.2,1.3225,6.768,,,,,,,,,,
2004-03-05,401.6,1.343,6.99,,,,,,,,,,
2004-03-08,400.9,1.297,6.99,,,,,,,,,,
2004-03-09,404.5,1.272,7.18,,,,,,,,,,
2004-03-10,400.3,1.287,7.185,,,,,,,,,,
2004-03-11,401.0,1.339,7.193,,,,,,,,,,
2004-03-12,395.6,1.3135,7.063,,,,,,,,,,
2004-03-15,399.6,1.349,7.14,,,,,,,,,,
2004-03-16,402.6,1.366,7.167,,,,,,,,,,
2004-03-17,407.1,1.3505,7.26,,,,,,,,,,
2004-03-18,411.3,1.371,7.465,,,,,,,,,,
2004-03-19,412.7,1.378,7.563,,,,,,,,,,
2004-03-22,417.6,1.353,7.628,,,,,,,,,,
2004-03-23,420.0,1.359,7.708,,,,,,,,,,
2004-03-24,417.4,1.3545,7.65,,,,,,,,,,
2004-03-25,416.9,1.3435,7.602,,,,,,,,,,
2004-03-26,422.2,1.3485,7.717,,,,,,,,,,
2004-03-29,417.1,1.358,7.625,,,,,,,,,,
2004-03-30,422.8,1.3385,7.775,,,,,,,,,,
2004-03-31,428.3,1.358,7.945,,,,,,,,,,
2004-04-01,428.8,1.371,8.148,,11150.0,,,,,,,,
2004-04-02,422.5,1.347,8.155,,,,,,,,,,
2004-04-05,416.3,1.3095,8.117,,,,,,,,,,
2004-04-06,419.8,1.318,8.22,,,,,,,,,,
2004-04-07,423.7,1.311,8.19,,,,,,,,,,
2004-04-08,420.7,1.307,8.09,,,,,,,,,,
2004-04-12,420.9,1.29,8.03,,,,,,,,,,
2004-04-13,407.7,1.2825,7.45,,,,,,,,,,
2004-04-14,400.5,1.2965,7.005,,,,,,,,,,
2004-04-15,398.3,1.2905,7.078,,,,,,,,,,
2004-04-16,401.6,1.34,7.145,,,,,,,,,,
2004-04-19,401.2,1.357,7.21,,,,,,,,,,
2004-04-20,398.3,1.311,6.945,,,,,,,,,,
2004-04-21,391.4,1.2295,6.17,,,,,,,,,,
2004-04-22,393.9,1.228,6.028,,,,,,,,,,
2004-04-23,395.7,1.244,6.163,,,,,,,,,,
2004-04-26,396.6,1.2435,6.173,,,,,,,,,,
2004-04-27,399.1,1.2375,6.235,,,,,,,,,,
2004-04-28,385.9,1.1775,5.867,,,,,,,,,,
2004-04-29,387.1,1.1925,5.838,,,,,,,,,,
2004-04-30,387.5,1.2075,6.09,,,,,,,,,,
2004-05-03,387.5,1.2255,6.028,,12232.0,,,,,,,,
2004-05-04,391.8,1.2285,6.048,,,,,,,,,,
2004-05-05,393.8,1.242,6.115,,,,,,,,,,
2004-05-06,388.4,1.237,5.83,,,,,,,,,,
2004-05-07,379.1,1.1905,5.6,,,,,,,,,,
2004-05-10,378.7,1.1675,5.765,,,,,,,,,,
2004-05-11,377.2,1.194,5.523,,,,,,,,,,
2004-05-12,377.7,1.1875,5.565,,,,,,,,,,
2004-05-13,374.9,1.179,5.615,,,,,,,,,,
2004-05-14,377.1,1.178,5.728,,,,,,,,,,
2004-05-17,379.6,1.1445,5.675,,,,,,,,,,
2004-05-18,375.9,1.1535,5.68,,,,,,,,,,
2004-05-19,383.0,1.1965,5.927,,,,,,,,,,
2004-05-20,378.5,1.1865,5.78,,,,,,,,,,
2004-05-21,384.9,1.222,5.87,,,,,,,,,,
2004-05-24,385.7,1.234,5.997,,,,,,,,,,
2004-05-25,388.4,1.234,6.085,,,,,,,,,,
2004-05-26,388.3,1.2315,6.055,,,,,,,,,,
2004-05-27,394.9,1.2665,6.195,,,,,,,,,,
2004-05-28,394.9,1.2745,6.11,,,,,,,,,,
2004-06-01,395.4,1.29,6.055,,15360.0,,,,,,,,
2004-06-02,392.5,1.2455,5.838,,,,,,,,,,
2004-06-03,388.9,1.2435,5.735,,,,,,,,,,
2004-06-04,391.7,1.229,5.81,,,,,,,,,,
2004-06-07,394.5,1.264,5.9,,,,,,,,,,
2004-06-08,391.8,1.2375,5.77,,,,,,,,,,
2004-06-09,385.2,1.165,5.633,,,,,,,,,,
2004-06-10,386.6,1.174,5.748,,,,,,,,,,
2004-06-14,384.2,1.155,5.658,,,,,,,,,,
2004-06-15,388.7,1.1925,5.735,,,,,,,,,,
2004-06-16,385.2,1.181,5.725,,,,,,,,,,
2004-06-17,389.5,1.2015,5.925,,,,,,,,,,
2004-06-18,395.7,1.1955,5.983,,,,,,,,,,
2004-06-21,394.5,1.198,5.86,,,,,,,,,,
2004-06-22,395.5,1.166,5.867,,,,,,,,,,
2004-06-23,395.5,1.196,5.875,,,,,,,,,,
2004-06-24,403.5,1.2245,6.175,,,,,,,,,,
2004-06-25,403.2,1.2105,6.127,,,,,,,,,,
2004-06-28,401.3,1.2105,5.898,,,,,,,,,,
2004-06-29,392.8,1.175,5.873,,,,,,,,,,
2004-06-30,393.0,1.208,5.795,,,,,,,,,,
2004-07-01,396.4,1.222,5.953,,14080.0,,,,,,,,
2004-07-02,398.7,1.22,6.015,,,,,,,,,,
2004-07-06,393.0,1.218,5.98,,,,,,,,,,
2004-07-07,402.7,1.255,6.125,,,,,,,,,,
2004-07-08,408.2,1.251,6.435,,,,,,,,,,
2004-07-09,407.9,1.281,6.475,,,,,,,,,,
2004-07-12,408.4,1.2775,6.542,,,,,,,,,,
2004-07-13,402.3,1.278,6.392,,,,,,,,,,
2004-07-14,405.6,1.277,6.612,,,,,,,,,,
2004-07-15,404.4,1.2875,6.663,,,,,,,,,,
2004-07-16,406.8,1.3105,6.725,,,,,,,,,,
2004-07-19,405.8,1.305,6.6,,,,,,,,,,
2004-07-20,402.1,1.2855,6.612,,,,,,,,,,
2004-07-21,397.3,1.275,6.41,,,,,,,,,,
2004-07-22,395.3,1.287,6.428,,,,,,,,,,
2004-07-23,390.5,1.248,6.345,,,,,,,,,,
2004-07-26,390.3,1.25,6.245,,,,,,,,,,
2004-07-27,387.0,1.221,6.247,,,,,,,,,,
2004-07-28,389.0,1.271,6.373,,,,,,,,,,
2004-07-29,389.8,1.282,6.355,,,,,,,,,,
2004-07-30,393.7,1.298,6.56,,,,,,,,,,
2004-08-02,394.4,1.2915,6.62,,12720.0,,,,,,,,
2004-08-03,396.5,1.293,6.685,,,,,,,,,,
2004-08-04,394.7,1.2855,6.737,,,,,,,,,,
2004-08-05,394.8,1.271,6.75,,,,,,,,,,
2004-08-06,402.1,1.272,6.775,,,,,,,,,,
2004-08-09,403.0,1.2385,6.737,,,,,,,,,,
2004-08-10,402.3,1.254,6.722,,,,,,,,,,
2004-08-11,397.9,1.269,6.527,,,,,,,,,,
2004-08-12,396.6,1.264,6.557,,,,,,,,,,
2004-08-13,401.2,1.312,6.625,,,,,,,,,,
2004-08-16,405.2,1.31,6.737,,,,,,,,,,
2004-08-17,406.7,1.303,6.73,,,,,,,,,,
2004-08-18,406.6,1.2685,6.837,,,,,,,,,,
2004-08-19,409.3,1.2895,6.82,,,,,,,,,,
2004-08-20,415.5,1.2665,6.87,,,,,,,,,,
2004-08-23,412.8,1.2415,6.745,,,,,,,,,,
2004-08-24,405.0,1.241,6.577,,,,,,,,,,
2004-08-25,410.0,1.2415,6.613,,,,,,,,,,
2004-08-26,409.6,1.252,6.678,,,,,,,,,,
2004-08-27,405.4,1.261,6.627,,,,,,,,,,
2004-08-30,410.0,1.265,6.747,,,,,,,,,,
2004-08-31,412.4,1.2815,6.812,,,,,,,,,,
2004-09-01,410.8,1.277,6.83,,16580.0,,,,,,,,
2004-09-02,408.0,1.248,6.81,,,,,,,,,,
2004-09-03,402.5,1.2395,6.59,,,,,,,,,,
2004-09-07,399.4,1.272,6.235,,,,,,,,,,
2004-09-08,401.4,1.257,6.212,,,,,,,,,,
2004-09-09,400.4,1.2645,6.188,,,,,,,,,,
2004-09-10,403.8,1.2805,6.165,,,,,,,,,,
2004-09-13,406.0,1.285,6.215,,,,,,,,,,
2004-09-14,407.5,1.2795,6.23,,,,,,,,,,
2004-09-15,406.8,1.27,6.3,,,,,,,,,,
2004-09-16,406.5,1.3,6.318,,,,,,,,,,
2004-09-17,407.6,1.301,6.288,,,,,,,,,,
2004-09-20,407.0,1.319,6.28,,,,,,,,,,
2004-09-21,410.1,1.3415,6.373,,,,,,,,,,
2004-09-22,409.0,1.3705,6.375,,,,,,,,,,
2004-09-23,412.6,1.359,6.47,,,,,,,,,,
2004-09-24,409.7,1.3575,6.425,,,,,,,,,,
2004-09-27,410.7,1.379,6.55,,,,,,,,,,
2004-09-28,414.2,1.371,6.61,,,,,,,,,,
2004-09-29,414.7,1.393,6.695,,,,,,,,,,
2004-09-30,420.4,1.396,6.938,,,,,,,,,,
2004-10-01,421.2,1.404,6.943,,13910.0,,,,,,,,
2004-10-04,415.6,1.397,6.765,,,,,,,,,,
2004-10-05,419.8,1.4015,7.102,,,,,,,,,,
2004-10-06,420.0,1.423,7.245,,,,,,,,,,
2004-10-07,419.5,1.4275,7.217,,,,,,,,,,
2004-10-08,424.5,1.4695,7.295,,,,,,,,,,
2004-10-11,423.4,1.4685,7.252,,,,,,,,,,
2004-10-12,416.6,1.448,7.055,,,,,,,,,,
2004-10-13,414.6,1.288,6.9,,,,,,,,,,
2004-10-14,419.5,1.2695,7.055,,,,,,,,,,
2004-10-15,420.1,1.309,7.11,,,,,,,,,,
2004-10-18,417.6,1.284,6.987,,,,,,,,,,
2004-10-19,421.6,1.297,7.195,,,,,,,,,,
2004-10-20,424.8,1.3015,7.352,,,,,,,,,,
2004-10-21,425.6,1.3135,7.31,,,,,,,,,,
2004-10-22,425.6,1.3055,7.333,,,,,,,,,,
2004-10-25,429.9,1.2765,7.38,,,,,,,,,,
2004-10-26,427.6,1.2815,7.34,,,,,,,,,,
2004-10-27,425.6,1.288,7.202,,,,,,,,,,
2004-10-28,426.1,1.2485,7.192,,,,,,,,,,
2004-10-29,429.4,1.3325,7.305,,,,,,,,,,
2004-11-01,428.2,1.3025,7.33,,14265.0,,,,,,,,
2004-11-02,420.8,1.3155,7.02,,,,,,,,,,
2004-11-03,425.4,1.325,7.158,,,,,,,,,,
2004-11-04,430.8,1.3415,7.383,,,,,,,,,,
2004-11-05,434.3,1.3575,7.505,,,,,,,,,,
2004-11-08,433.4,1.3565,7.487,,,,,,,,,,
2004-11-09,436.2,1.3705,7.535,,,,,,,,,,
2004-11-10,434.5,1.358,7.42,,,,,,,,,,
2004-11-11,435.4,1.3685,7.477,,,,,,,,,,
2004-11-12,438.3,1.3925,7.622,,,,,,,,,,
2004-11-15,437.3,1.3845,7.572,,,,,,,,,,
2004-11-16,440.5,1.362,7.592,,,,,,,,,,
2004-11-17,445.1,1.4,7.665,,,,,,,,,,
2004-11-18,442.9,1.417,7.552,,,,,,,,,,
2004-11-19,447.0,1.424,7.6,,,,,,,,,,
2004-11-22,449.0,1.409,7.572,,,,,,,,,,
2004-11-23,447.9,1.4175,7.555,,,,,,,,,,
2004-11-24,449.3,1.436,7.613,,,,,,,,,,
2004-11-29,455.8,1.4435,7.825,,,,,,,,,,
2004-11-30,453.2,1.439,7.777,,,,,,,,,,
2004-12-01,455.9,1.447,8.08,,14877.0,,,,,,,,
2004-12-02,452.3,1.3875,7.96,,,,,,,,,,
2004-12-03,457.8,1.401,8.043,,,,,,,,,,
2004-12-06,455.9,1.394,7.963,,,,,,,,,,
2004-12-07,453.7,1.364,7.885,,,,,,,,,,
2004-12-08,438.7,1.3275,7.145,,,,,,,,,,
2004-12-09,437.2,1.3295,6.8,,,,,,,,,,
2004-12-10,435.3,1.339,6.743,,,,,,,,,,
2004-12-13,440.3,1.369,6.83,,,,,,,,,,
2004-12-14,437.3,1.378,6.755,,,,,,,,,,
2004-12-15,442.2,1.3995,6.88,,,,,,,,,,
2004-12-16,438.2,1.402,6.727,,,,,,,,,,
2004-12-17,442.9,1.4115,6.803,,,,,,,,,,
2004-12-20,443.6,1.4325,6.865,,,,,,,,,,
2004-12-21,442.9,1.4575,6.927,,,,,,,,,,
2004-12-22,441.4,1.4245,6.835,,,,,,,,,,
2004-12-23,442.9,1.4375,6.915,,,,,,,,,,
2004-12-27,446.2,1.4565,7.005,,,,,,,,,,
2004-12-28,445.3,1.472,7.058,,,,,,,,,,
2004-12-29,437.0,1.445,6.827,,,,,,,,,,
2004-12-30,438.4,1.4525,6.837,,,,,,,,,,
2005-01-03,429.7,1.4735,6.507,,14567.0,,,,,,,,
2005-01-04,429.2,1.343,6.452,,,,,,,,,,
2005-01-05,427.3,1.375,6.535,,,,,,,,,,
2005-01-06,421.6,1.375,6.455,,,,,,,,,,
2005-01-07,419.5,1.37,6.448,,,,,,,,,,
2005-01-10,419.7,1.3695,6.45,,,,,,,,,,
2005-01-11,422.4,1.397,6.638,,,,,,,,,,
2005-01-12,426.6,1.404,6.743,,,,,,,,,,
2005-01-13,425.1,1.381,6.745,,,,,,,,,,
2005-01-14,423.3,1.399,6.595,,,,,,,,,,
2005-01-18,423.5,1.4015,6.655,,,,,,,,,,
2005-01-19,423.3,1.4095,6.625,,,,,,,,,,
2005-01-20,422.6,1.415,6.558,,,,,,,,,,
2005-01-21,426.9,1.4345,6.812,,,,,,,,,,
2005-01-24,427.1,1.43,6.86,,,,,,,,,,
2005-01-25,422.1,1.429,6.685,,,,,,,,,,
2005-01-26,426.9,1.4355,6.805,,,,,,,,,,
2005-01-27,426.3,1.427,6.82,,,,,,,,,,
2005-01-28,428.1,1.423,6.795,,,,,,,,,,
2005-01-31,424.1,1.421,6.747,,,,,,,,,,
2005-02-01,422.9,1.4055,6.73,,16425.0,,,,,,,,
2005-02-02,423.0,1.3845,6.75,,,,,,,,,,
2005-02-03,418.5,1.3805,6.677,,,,,,,,,,
2005-02-04,415.9,1.3685,6.635,,,,,,,,,,
2005-02-07,415.4,1.382,6.555,,,,,,,,,,
2005-02-08,414.3,1.383,6.557,,,,,,,,,,
2005-02-09,414.5,1.382,6.59,,,,,,,,,,
2005-02-10,418.7,1.42,6.965,,,,,,,,,,
2005-02-11,422.0,1.4175,7.21,,,,,,,,,,
2005-02-14,427.3,1.4345,7.34,,,,,,,,,,
2005-02-15,427.3,1.453,7.36,,,,,,,,,,
2005-02-16,426.9,1.4445,7.255,,,,,,,,,,
2005-02-17,428.6,1.49,7.37,,,,,,,,,,
2005-02-18,428.4,1.4905,7.417,,,,,,,,,,
2005-02-22,435.8,1.491,7.52,,,,,,,,,,
2005-02-23,436.1,1.498,7.443,,,,,,,,,,
2005-02-24,435.7,1.484,7.383,,,,,,,,,,
2005-02-25,436.1,1.486,7.337,,,,,,,,,,
2005-02-28,437.6,1.4985,7.395,,,,,,,,,,
2005-03-01,433.9,1.4645,7.265,,16325.0,,,,,,,,
2005-03-02,433.8,1.477,7.343,,,,,,,,,,
2005-03-03,430.8,1.476,7.265,,,,,,,,,,
2005-03-04,435.1,1.494,7.385,,,,,,,,,,
2005-03-07,435.8,1.4965,7.395,,,,,,,,,,
2005-03-08,441.1,1.4995,7.538,,,,,,,,,,
2005-03-09,442.9,1.5035,7.64,,,,,,,,,,
2005-03-10,443.4,1.496,7.527,,,,,,,,,,
2005-03-11,446.8,1.479,7.57,,,,,,,,,,
2005-03-14,441.6,1.4705,7.41,,,,,,,,,,
2005-03-15,441.4,1.4905,7.407,,,,,,,,,,
2005-03-16,444.2,1.506,7.452,,,,,,,,,,
2005-03-17,439.1,1.5045,7.407,,,,,,,,,,
2005-03-18,439.7,1.507,7.397,,,,,,,,,,
2005-03-21,431.4,1.489,7.112,,,,,,,,,,
2005-03-22,431.6,1.4975,7.078,,,,,,,,,,
2005-03-23,425.4,1.4445,6.985,,,,,,,,,,
2005-03-24,424.8,1.4535,6.938,,,,,,,,,,
2005-03-28,426.0,1.4545,6.91,,,,,,,,,,
2005-03-29,426.0,1.4705,6.982,,,,,,,,,,
2005-03-30,429.5,1.487,7.147,,,,,,,,,,
2005-03-31,431.1,1.497,7.18,,,,,,,,,,
2005-04-01,428.3,1.4805,7.0,,16590.0,,,,,,,,
2005-04-04,426.0,1.491,7.024,,,,,,,,,,
2005-04-05,426.6,1.4805,7.043,,,,,,,,,,
2005-04-06,429.2,1.504,7.12,,,,,,,,,,
2005-04-07,428.4,1.503,7.075,,,,,,,,,,
2005-04-08,428.8,1.504,7.165,,,,,,,,,,
2005-04-11,430.4,1.5205,7.255,,,,,,,,,,
2005-04-12,429.3,1.492,7.155,,,,,,,,,,
2005-04-13,431.0,1.4575,7.225,,,,,,,,,,
2005-04-14,425.6,1.4275,7.06,,,,,,,,,,
2005-04-15,426.5,1.444,7.022,,,,,,,,,,
2005-04-18,429.0,1.444,7.045,,,,,,,,,,
2005-04-19,434.4,1.4705,7.25,,,,,,,,,,
2005-04-20,436.7,1.5075,7.337,,,,,,,,,,
2005-04-21,434.4,1.4825,7.217,,,,,,,,,,
2005-04-22,435.6,1.487,7.275,,,,,,,,,,
2005-04-25,435.8,1.488,7.26,,,,,,,,,,
2005-04-26,439.0,1.465,7.255,,,,,,,,,,
2005-04-27,434.1,1.4545,7.135,,,,,,,,,,
2005-04-28,432.4,1.444,6.948,,,,,,,,,,
2005-04-29,436.1,1.464,6.94,,,,,,,,,,
2005-05-02,430.5,1.455,6.875,,17050.0,,,,,,,,
2005-05-03,427.7,1.4435,6.883,,,,,,,,,,
2005-05-04,430.0,1.429,7.013,,,,,,,,,,
2005-05-05,430.7,1.43,7.063,,,,,,,,,,
2005-05-06,426.9,1.441,6.965,,,,,,,,,,
2005-05-09,426.9,1.4465,7.08,,,,,,,,,,
2005-05-10,427.9,1.457,7.115,,,,,,,,,,
2005-05-11,427.9,1.4425,7.095,,,,,,,,,,
2005-05-12,422.2,1.376,6.965,,,,,,,,,,
2005-05-13,420.7,1.3525,6.94,,,,,,,,,,
2005-05-16,419.3,1.346,6.958,,,,,,,,,,
2005-05-17,419.8,1.3485,7.045,,,,,,,,,,
2005-05-18,421.9,1.376,7.205,,,,,,,,,,
2005-05-19,420.8,1.363,7.14,,,,,,,,,,
2005-05-20,417.7,1.375,6.955,,,,,,,,,,
2005-05-23,416.9,1.3885,6.97,,,,,,,,,,
2005-05-24,417.7,1.405,7.003,,,,,,,,,,
2005-05-25,418.9,1.4195,7.138,,,,,,,,,,
2005-05-26,418.0,1.4495,7.162,,,,,,,,,,
2005-05-27,419.8,1.4165,7.31,,,,,,,,,,
2005-05-31,418.9,1.4225,7.452,,,,,,,,,,
2005-06-01,417.7,1.4495,7.52,,14730.0,,,,,,,,
2005-06-02,424.8,1.4835,7.545,,,,,,,,,,
2005-06-03,425.8,1.5225,7.51,,,,,,,,,,
2005-06-06,428.4,1.529,7.54,,,,,,,,,,
2005-06-07,426.7,1.516,7.445,,,,,,,,,,
2005-06-08,426.6,1.519,7.475,,,,,,,,,,
2005-06-09,426.1,1.517,7.27,,,,,,,,,,
2005-06-10,429.3,1.5335,7.288,,,,,,,,,,
2005-06-13,431.1,1.517,7.265,,,,,,,,,,
2005-06-14,429.3,1.508,7.28,,,,,,,,,,
2005-06-15,430.9,1.5285,7.33,,,,,,,,,,
2005-06-16,437.9,1.549,7.37,,,,,,,,,,
2005-06-17,440.0,1.582,7.335,,,,,,,,,,
2005-06-20,440.0,1.5715,7.302,,,,,,,,,,
2005-06-21,440.5,1.5805,7.292,,,,,,,,,,
2005-06-22,439.7,1.5685,7.258,,,,,,,,,,
2005-06-23,443.2,1.56,7.273,,,,,,,,,,
2005-06-24,442.0,1.5805,7.28,,,,,,,,,,
2005-06-27,441.7,1.587,7.242,,,,,,,,,,
2005-06-28,437.7,1.578,7.096,,,,,,,,,,
2005-06-29,438.6,1.562,7.105,,,,,,,,,,
2005-06-30,437.1,1.51,7.075,,,,,,,,,,
2005-07-01,428.8,1.4735,6.895,,14475.0,,,,,,,,
2005-07-05,423.9,1.509,6.87,,,,,,,,,,
2005-07-06,424.5,1.53,6.955,,,,,,,,,,
2005-07-07,424.2,1.5355,6.985,,,,,,,,,,
2005-07-08,423.8,1.556,7.03,,,,,,,,,,
2005-07-11,426.3,1.561,7.105,,,,,,,,,,
2005-07-12,427.1,1.539,7.085,,,,,,,,,,
2005-07-13,424.6,1.5495,7.07,,,,,,,,,,
2005-07-14,420.2,1.547,6.995,,,,,,,,,,
2005-07-15,421.3,1.562,6.99,,,,,,,,,,
2005-07-18,421.0,1.5665,7.005,,,,,,,,,,
2005-07-19,420.2,1.5865,6.985,,,,,,,,,,
2005-07-20,422.1,1.5915,7.068,,,,,,,,,,
2005-07-21,425.7,1.57,7.135,,,,,,,,,,
2005-07-22,425.0,1.6035,7.115,,,,,,,,,,
2005-07-25,425.9,1.618,7.14,,,,,,,,,,
2005-07-26,423.5,1.606,7.018,,,,,,,,,,
2005-07-27,424.8,1.627,7.04,,,,,,,,,,
2005-07-28,433.3,1.623,7.2,,,,,,,,,,
2005-07-29,435.8,1.6225,7.262,,,,,,,,,,
2005-08-01,437.7,1.642,7.305,,15020.0,,,,,,,,
2005-08-02,437.7,1.6415,7.262,,,,,,,,,,
2005-08-03,442.7,1.6505,7.307,,,,,,,,,,
2005-08-04,443.7,1.6335,7.252,,,,,,,,,,
2005-08-05,442.8,1.631,7.158,,,,,,,,,,
2005-08-08,440.3,1.6285,7.015,,,,,,,,,,
2005-08-09,439.8,1.5925,7.035,,,,,,,,,,
2005-08-10,442.0,1.6185,7.078,,,,,,,,,,
2005-08-11,450.9,1.629,7.183,,,,,,,,,,
2005-08-12,451.4,1.6545,7.09,,,,,,,,,,
2005-08-15,447.6,1.685,6.965,,,,,,,,,,
2005-08-16,451.5,1.6925,7.043,,,,,,,,,,
2005-08-17,445.2,1.639,6.993,,,,,,,,,,
2005-08-18,444.7,1.6415,6.998,,,,,,,,,,
2005-08-19,442.2,1.6405,7.008,,,,,,,,,,
2005-08-22,443.0,1.672,7.06,,,,,,,,,,
2005-08-23,444.3,1.678,6.968,,,,,,,,,,
2005-08-24,442.2,1.656,6.922,,,,,,,,,,
2005-08-25,443.1,1.639,6.832,,,,,,,,,,
2005-08-26,442.1,1.683,6.742,,,,,,,,,,
2005-08-29,441.4,1.6635,6.73,,,,,,,,,,
2005-08-30,435.5,1.668,6.765,,,,,,,,,,
2005-08-31,438.1,1.668,6.855,,,,,,,,,,
2005-09-01,446.5,1.674,7.038,,13525.0,,,,,,,,
2005-09-02,448.5,1.7,7.055,,,,,,,,,,
2005-09-06,448.6,1.6865,7.098,,,,,,,,,,
2005-09-07,449.0,1.673,7.118,,,,,,,,,,
2005-09-08,450.7,1.6445,7.028,,,,,,,,,,
2005-09-09,453.0,1.626,7.065,,,,,,,,,,
2005-09-12,453.7,1.671,7.06,,,,,,,,,,
2005-09-13,450.0,1.6525,7.005,,,,,,,,,,
2005-09-14,453.7,1.637,7.045,,,,,,,,,,
2005-09-15,459.3,1.6315,7.078,,,,,,,,,,
2005-09-16,463.3,1.622,7.288,,,,,,,,,,
2005-09-19,470.4,1.6855,7.398,,,,,,,,,,
2005-09-20,470.0,1.696,7.375,,,,,,,,,,
2005-09-21,472.6,1.7365,7.415,,,,,,,,,,
2005-09-22,470.3,1.742,7.415,,,,,,,,,,
2005-09-23,467.2,1.7305,7.335,,,,,,,,,,
2005-09-26,469.5,1.7705,7.365,,,,,,,,,,
2005-09-27,466.2,1.762,7.328,,,,,,,,,,
2005-09-28,473.1,1.783,7.403,,,,,,,,,,
2005-09-29,475.8,1.7395,7.555,,,,,,,,,,
2005-09-30,472.3,1.7275,7.512,,,,,,,,,,
2005-10-03,469.3,1.759,7.455,,11945.0,,,,,,,,
2005-10-04,469.3,1.766,7.425,,,,,,,,,,
2005-10-05,469.3,1.7865,7.478,,,,,,,,,,
2005-10-06,475.0,1.783,7.595,,,,,,,,,,
2005-10-07,477.7,1.8085,7.77,,,,,,,,,,
2005-10-10,478.0,1.806,7.845,,,,,,,,,,
2005-10-11,479.8,1.835,7.875,,,,,,,,,,
2005-10-12,476.6,1.7935,7.838,,,,,,,,,,
2005-10-13,473.8,1.765,7.735,,,,,,,,,,
2005-10-14,471.8,1.7565,7.862,,,,,,,,,,
2005-10-17,476.6,1.821,7.875,,,,,,,,,,
2005-10-18,474.6,1.8255,7.835,,,,,,,,,,
2005-10-19,465.8,1.806,7.64,,,,,,,,,,
2005-10-20,463.2,1.793,7.655,,,,,,,,,,
2005-10-21,469.1,1.793,7.695,,,,,,,,,,
2005-10-24,467.0,1.7845,7.708,,,,,,,,,,
2005-10-25,474.7,1.8245,7.825,,,,,,,,,,
2005-10-26,473.0,1.818,7.863,,,,,,,,,,
2005-10-27,475.6,1.804,7.84,,,,,,,,,,
2005-10-28,474.8,1.802,7.82,,,,,,,,,,
2005-10-31,466.9,1.792,7.58,,,,,,,,,,
2005-11-01,460.6,1.799,7.47,,12776.0,,,,,,,,
2005-11-02,464.6,1.8125,7.56,,,,,,,,,,
2005-11-03,461.9,1.81,7.623,,,,,,,,,,
2005-11-04,457.9,1.829,7.573,,,,,,,,,,
2005-11-07,460.4,1.8315,7.605,,,,,,,,,,
2005-11-08,462.3,1.822,7.625,,,,,,,,,,
2005-11-09,467.5,1.8155,7.678,,,,,,,,,,
2005-11-10,467.7,1.855,7.705,,,,,,,,,,
2005-11-11,469.4,1.89,7.76,,,,,,,,,,
2005-11-14,469.1,1.9005,7.782,,,,,,,,,,
2005-11-15,469.0,1.919,7.787,,,,,,,,,,
2005-11-16,479.1,1.922,8.002,,,,,,,,,,
2005-11-17,486.9,1.931,8.102,,,,,,,,,,
2005-11-18,486.2,1.964,8.067,,,,,,,,,,
2005-11-21,489.5,1.961,8.133,,,,,,,,,,
2005-11-22,492.9,1.8995,8.17,,,,,,,,,,
2005-11-23,492.3,1.929,8.13,,,,,,,,,,
2005-11-28,498.3,1.983,8.353,,,,,,,,,,
2005-11-29,503.5,1.95,8.405,,,,,,,,,,
2005-11-30,498.7,1.9655,8.385,,,,,,,,,,
2005-12-01,506.3,2.0395,8.602,,13372.0,,,,,,,,
2005-12-02,507.0,2.021,8.647,,,,,,,,,,
2005-12-05,512.6,2.0455,8.735,,,,,,,,,,
2005-12-06,513.8,2.022,8.792,,,,,,,,,,
2005-12-07,517.8,2.0715,8.877,,,,,,,,,,
2005-12-08,522.7,2.067,8.99,,,,,,,,,,
2005-12-09,530.2,2.07,9.095,,,,,,,,,,
2005-12-12,531.5,2.026,8.882,,,,,,,,,,
2005-12-13,524.1,2.0665,8.585,,,,,,,,,,
2005-12-14,509.5,2.0095,8.465,,,,,,,,,,
2005-12-15,506.6,2.041,8.635,,,,,,,,,,
2005-12-16,505.9,2.0695,8.6,,,,,,,,,,
2005-12-19,506.1,2.054,8.645,,,,,,,,,,
2005-12-20,497.0,2.062,8.395,,,,,,,,,,
2005-12-21,495.3,2.06,8.435,,,,,,,,,,
2005-12-22,505.0,2.071,8.578,,,,,,,,,,
2005-12-23,505.2,2.1045,8.66,,,,,,,,,,
2005-12-27,510.1,2.1275,8.812,,,,,,,,,,
2005-12-28,516.3,2.129,8.935,,,,,,,,,,
2005-12-29,517.5,2.0455,8.882,,,,,,,,,,
2005-12-30,519.7,2.042,8.91,,,,,,,,,,
2006-01-02,,,,,15092.0,,,,,,,,
2006-01-03,532.5,2.0485,9.16,,,,,,,,,,
2006-01-04,535.6,2.0975,9.17,,,,,,,,,,
2006-01-05,527.8,2.0605,8.872,,,,,,,,,,
2006-01-06,541.2,2.086,9.173,,,,,,,,,,
2006-01-09,550.5,2.097,9.283,,,,,,,,,,
2006-01-10,545.7,2.107,9.015,,,,,,,,,,
2006-01-11,550.1,2.095,9.065,,,,,,,,,,
2006-01-12,549.3,2.0875,9.06,,,,,,,,,,
2006-01-13,557.0,2.1125,9.16,,,,,,,,,,
2006-01-17,554.3,2.111,9.073,,,,,,,,,,
2006-01-18,544.5,2.12,8.873,,,,,,,,,,
2006-01-19,559.0,2.111,9.108,,,,,,,,,,
2006-01-20,554.0,2.09,8.93,,,,,,,,,,
2006-01-23,558.7,2.1195,9.073,,,,,,,,,,
2006-01-24,558.1,2.1525,9.228,,,,,,,,,,
2006-01-25,562.5,2.2035,9.51,,,,,,,,,,
2006-01-26,559.9,2.2015,9.605,,,,,,,,,,
2006-01-27,558.8,2.233,9.605,,,,,,,,,,
2006-01-30,570.6,2.2165,9.775,,,,,,,,,,
2006-01-31,575.5,2.2155,9.885,,,,,,,,,,
2006-02-01,574.0,2.238,9.795,,14831.0,,,,,,,,
2006-02-02,576.8,2.2955,9.877,,,,,,,,,,
2006-02-03,571.6,2.2955,9.76,,,,,,,,,,
2006-02-06,574.3,2.319,9.758,,,,,,,,,,
2006-02-07,554.8,2.2685,9.41,,,,,,,,,,
2006-02-08,553.8,2.264,9.44,,,,,,,,,,
2006-02-09,568.1,2.294,9.66,,,,,,,,,,
2006-02-10,553.5,2.2145,9.38,,,,,,,,,,
2006-02-13,542.1,2.226,9.118,,,,,,,,,,
2006-02-14,548.9,2.2565,9.315,,,,,,,,,,
2006-02-15,542.7,2.178,9.215,,,,,,,,,,
2006-02-16,548.8,2.2115,9.37,,,,,,,,,,
2006-02-17,554.6,2.1935,9.42,,,,,,,,,,
2006-02-21,556.6,2.2685,9.545,,,,,,,,,,
2006-02-22,556.6,2.2625,9.575,,,,,,,,,,
2006-02-23,550.9,2.2045,9.467,,,,,,,,,,
2006-02-24,561.2,2.2105,9.825,,,,,,,,,,
2006-02-27,557.0,2.1305,9.695,,,,,,,,,,
2006-02-28,563.9,2.1785,9.805,,,,,,,,,,
2006-03-01,565.8,2.2355,9.79,,15153.0,,,,,,,,
2006-03-02,570.4,2.2675,10.208,,,,,,,,,,
2006-03-03,568.0,2.264,10.235,,,,,,,,,,
2006-03-06,556.8,2.1965,10.025,,,,,,,,,,
2006-03-07,554.5,2.177,10.107,,,,,,,,,,
2006-03-08,544.3,2.1635,9.845,,,,,,,,,,
2006-03-09,547.0,2.1955,9.97,,,,,,,,,,
2006-03-10,541.3,2.21,9.96,,,,,,,,,,
2006-03-13,547.5,2.2455,10.157,,,,,,,,,,
2006-03-14,553.0,2.254,10.245,,,,,,,,,,
2006-03-15,554.4,2.2505,10.35,,,,,,,,,,
2006-03-16,555.4,2.2655,10.342,,,,,,,,,,
2006-03-17,555.1,2.36,10.365,,,,,,,,,,
2006-03-20,556.1,2.334,10.362,,,,,,,,,,
2006-03-21,553.2,2.324,10.565,,,,,,,,,,
2006-03-22,551.7,2.339,10.495,,,,,,,,,,
2006-03-23,550.8,2.398,10.69,,,,,,,,,,
2006-03-24,560.5,2.3945,10.735,,,,,,,,,,
2006-03-27,567.4,2.43,10.895,,,,,,,,,,
2006-03-28,567.0,2.4285,10.87,,,,,,,,,,
2006-03-29,573.3,2.4385,11.115,,,,,,,,,,
2006-03-30,591.8,2.4785,11.66,,,,,,,,,,
2006-03-31,586.7,2.459,11.52,,,,,,,,,,
2006-04-03,594.3,2.5435,11.765,,19365.0,,,,,,,,
2006-04-04,590.6,2.5315,11.73,,,,,,,,,,
2006-04-05,592.5,2.593,11.705,,,,,,,,,,
2006-04-06,599.7,2.644,12.045,,,,,,,,,,
2006-04-07,592.7,2.639,12.07,,,,,,,,,,
2006-04-10,601.8,2.708,12.56,,,,,,,,,,
2006-04-11,599.4,2.7205,12.6,,,,,,,,,,
2006-04-12,601.3,2.7695,12.663,,,,,,,,,,
2006-04-13,600.1,2.8115,12.855,,,,,,,,,,
2006-04-17,618.8,2.893,13.365,,,,,,,,,,
2006-04-18,623.3,2.964,13.785,,,,,,,,,,
2006-04-19,636.0,2.9495,14.522,,,,,,,,,,
2006-04-20,623.1,2.9515,12.525,,,,,,,,,,
2006-04-21,635.5,3.133,12.965,,,,,,,,,,
2006-04-24,623.9,3.104,11.775,,,,,,,,,,
2006-04-25,634.2,3.3025,12.56,,,,,,,,,,
2006-04-26,642.0,3.361,12.815,,,,,,,,,,
2006-04-27,636.3,3.181,12.59,,,,,,,,,,
2006-04-28,654.5,3.2205,13.63,,,,,,,,,,
2006-05-01,660.2,3.3205,13.965,,22595.0,,,,,,,,
2006-05-02,667.4,3.2765,14.21,,,,,,,,,,
2006-05-03,668.5,3.305,13.795,,,,,,,,,,
2006-05-04,676.5,3.4795,13.825,,,,,,,,,,
2006-05-05,684.3,3.4935,13.89,,,,,,,,,,
2006-05-08,679.9,3.5015,13.77,,,,,,,,,,
2006-05-09,701.5,3.596,14.465,,,,,,,,,,
2006-05-10,705.7,3.688,14.28,,,,,,,,,,
2006-05-11,721.5,3.923,14.935,,,,,,,,,,
2006-05-12,711.8,3.864,14.235,,,,,,,,,,
2006-05-15,685.0,3.7465,13.335,,,,,,,,,,
2006-05-16,692.9,3.842,13.54,,,,,,,,,,
2006-05-17,691.8,3.6715,13.24,,,,,,,,,,
2006-05-18,680.9,3.711,12.52,,,,,,,,,,
2006-05-19,657.0,3.469,12.36,,,,,,,,,,
2006-05-22,657.7,3.4615,12.43,,,,,,,,,,
2006-05-23,673.7,3.8855,13.17,,,,,,,,,,
2006-05-24,637.5,3.639,12.515,,,,,,,,,,
2006-05-25,648.5,3.7075,12.6,,,,,,,,,,
2006-05-26,651.0,3.815,12.73,,,,,,,,,,
2006-05-30,660.5,3.656,13.07,,,,,,,,,,
2006-05-31,649.0,3.6065,12.455,,,,,,,,,,
2006-06-01,633.5,3.454,11.905,,22325.0,,,,,,,,
2006-06-02,641.0,3.5695,12.085,,,,,,,,,,
2006-06-05,648.7,3.586,12.295,,,,,,,,,,
2006-06-06,634.7,3.4675,11.845,,,,,,,,,,
2006-06-07,632.6,3.567,11.89,,,,,,,,,,
2006-06-08,613.8,3.342,11.075,,,,,,,,,,
2006-06-09,612.8,3.2525,11.21,,,,,,,,,,
2006-06-12,611.3,3.2135,11.065,,,,,,,,,,
2006-06-13,566.8,2.9895,9.625,,,,,,,,,,
2006-06-14,566.5,3.021,9.735,,,,,,,,,,
2006-06-15,570.3,3.175,9.97,,,,,,,,,,
2006-06-16,581.7,3.2615,10.13,,,,,,,,,,
2006-06-19,572.4,3.1265,9.97,,,,,,,,,,
2006-06-20,580.5,3.134,10.27,,,,,,,,,,
2006-06-21,591.0,3.155,10.42,,,,,,,,,,
2006-06-22,585.4,3.0965,10.21,,,,,,,,,,
2006-06-23,588.0,3.2035,10.285,,,,,,,,,,
2006-06-26,587.7,3.283,10.24,,,,,,,,,,
2006-06-27,584.4,3.133,10.195,,,,,,,,,,
2006-06-28,581.0,3.242,10.155,,,,,,,,,,
2006-06-29,588.9,3.321,10.42,,,,,,,,,,
2006-06-30,616.0,3.355,11.0,,,,,,,,,,
2006-07-03,,3.355,10.92,,27175.0,,,,,,,,
2006-07-05,629.7,3.404,11.415,,,,,,,,,,
2006-07-06,636.3,3.617,11.585,,,,,,,,,,
2006-07-07,634.8,3.5475,11.405,,,,,,,,,,
2006-07-10,626.1,3.5825,11.11,,,,,,,,,,
2006-07-11,642.9,3.635,11.55,,,,,,,,,,
2006-07-12,651.2,3.665,11.555,,,,,,,,,,
2006-07-13,654.4,3.6765,11.485,,,,,,,,,,
2006-07-14,668.0,3.7125,11.53,,,,,,,,,,
2006-07-17,651.9,3.5995,11.09,,,,,,,,,,
2006-07-18,629.5,3.5745,10.525,,,,,,,,,,
2006-07-19,642.8,3.5935,11.125,,,,,,,,,,
2006-07-20,632.5,3.4095,11.065,,,,,,,,,,
2006-07-21,620.2,3.323,10.845,,,,,,,,,,
2006-07-24,613.2,3.382,10.92,,,,,,,,,,
2006-07-25,618.0,3.461,10.945,,,,,,,,,,
2006-07-26,621.9,3.4495,11.08,,,,,,,,,,
2006-07-27,632.5,3.4785,11.39,,,,,,,,,,
2006-07-28,647.8,3.5275,11.365,,,,,,,,,,
2006-07-31,646.8,3.55,11.37,,,,,,,,,,
2006-08-01,658.8,3.573,11.74,,32300.0,,,,,,,,
2006-08-02,664.1,3.572,12.245,,,,,,,,,,
2006-08-03,657.0,3.4705,12.09,,,,,,,,,,
2006-08-04,656.0,3.6145,12.485,,,,,,,,,,
2006-08-07,659.5,3.5945,12.265,,,,,,,,,,
2006-08-08,657.3,3.5875,12.26,,,,,,,,,,
2006-08-09,662.0,3.692,12.57,,,,,,,,,,
2006-08-10,646.0,3.61,12.105,,,,,,,,,,
2006-08-11,644.4,3.4605,11.885,,,,,,,,,,
2006-08-14,639.3,3.527,12.16,,,,,,,,,,
2006-08-15,632.9,3.5165,12.085,,,,,,,,,,
2006-08-16,639.0,3.455,12.285,,,,,,,,,,
2006-08-17,625.3,3.3425,11.995,,,,,,,,,,
2006-08-18,621.7,3.4245,12.03,,,,,,,,,,
2006-08-21,635.2,3.5145,12.345,,,,,,,,,,
2006-08-22,634.0,3.493,12.265,,,,,,,,,,
2006-08-23,633.0,3.469,12.515,,,,,,,,,,
2006-08-24,628.5,3.4285,12.31,,,,,,,,,,
2006-08-25,630.8,3.4425,12.37,,,,,,,,,,
2006-08-28,623.9,3.457,12.025,,,,,,,,,,
2006-08-29,619.1,3.389,12.15,,,,,,,,,,
2006-08-30,626.1,3.3575,12.67,,,,,,,,,,
2006-08-31,634.2,3.461,13.03,,,,,,,,,,
2006-09-01,632.6,3.469,13.07,,31300.0,,,,,,,,
2006-09-04,,,13.17,,,,,,,,,,
2006-09-05,646.9,3.6345,13.14,,,,,,,,,,
2006-09-06,641.8,3.6865,13.2,,,,,,,,,,
2006-09-07,624.9,3.656,12.695,,,,,,,,,,
2006-09-08,617.3,3.5735,12.295,,,,,,,,,,
2006-09-11,597.3,3.4275,11.24,,,,,,,,,,
2006-09-12,594.3,3.383,11.14,,,,,,,,,,
2006-09-13,596.3,3.39,11.2,,,,,,,,,,
2006-09-14,586.0,3.378,10.95,,,,,,,,,,
2006-09-15,583.0,3.3135,10.875,,,,,,,,,,
2006-09-18,592.8,3.416,11.29,,,,,,,,,,
2006-09-19,583.2,3.3765,10.945,,,,,,,,,,
2006-09-20,586.2,3.374,11.14,,,,,,,,,,
2006-09-21,588.3,3.4285,11.245,,,,,,,,,,
2006-09-22,595.4,3.4435,11.31,,,,,,,,,,
2006-09-25,595.9,3.45,11.325,,,,,,,,,,
2006-09-26,597.1,3.4685,11.495,,,,,,,,,,
2006-09-27,603.3,3.4855,11.7,,,,,,,,,,
2006-09-28,610.9,3.428,11.735,,,,,,,,,,
2006-09-29,604.2,3.4605,11.54,,,,,,,,,,
2006-10-02,603.3,3.4295,11.64,,32450.0,,,,,,,,
2006-10-03,581.5,3.2825,11.045,,,,,,,,,,
2006-10-04,566.7,3.2055,10.795,,,,,,,,,,
2006-10-05,575.5,3.3,11.07,,,,,,,,,,
2006-10-06,576.8,3.3885,11.175,,,,,,,,,,
2006-10-09,582.8,3.413,11.42,,,,,,,,,,
2006-10-10,576.2,3.378,11.22,,,,,,,,,,
2006-10-11,576.5,3.41,11.33,,,,,,,,,,
2006-10-12,580.3,3.3865,11.38,,,,,,,,,,
2006-10-13,592.7,3.4135,11.68,,,,,,,,,,
2006-10-16,598.5,3.581,11.91,,,,,,,,,,
2006-10-17,593.5,3.496,11.78,,,,,,,,,,
2006-10-18,592.6,3.496,11.82,,,,,,,,,,
2006-10-19,602.5,3.5095,12.16,,,,,,,,,,
2006-10-20,596.4,3.462,11.965,,,,,,,,,,
2006-10-23,582.9,3.451,11.67,,,,,,,,,,
2006-10-24,587.6,3.418,11.85,,,,,,,,,,
2006-10-25,590.8,3.4045,11.89,,,,,,,,,,
2006-10-26,599.8,3.4,12.24,,,,,,,,,,
2006-10-27,601.0,3.405,12.08,,,,,,,,,,
2006-10-30,607.4,3.3605,12.25,,,,,,,,,,
2006-10-31,606.8,3.349,12.27,,,,,,,,,,
2006-11-01,619.3,3.2435,12.475,,34675.0,,,,,,,,
2006-11-02,627.8,3.2985,12.65,,,,,,,,,,
2006-11-03,629.2,3.3275,12.635,,,,,,,,,,
2006-11-06,627.9,3.342,12.76,,,,,,,,,,
2006-11-07,627.9,3.3725,12.675,,,,,,,,,,
2006-11-08,618.3,3.254,12.55,,,,,,,,,,
2006-11-09,636.8,3.319,13.05,,,,,,,,,,
2006-11-10,630.1,3.1,13.115,,,,,,,,,,
2006-11-13,625.8,3.0885,12.885,,,,,,,,,,
2006-11-14,625.3,3.1,12.89,,,,,,,,,,
2006-11-15,623.8,3.105,12.945,,,,,,,,,,
2006-11-16,621.7,3.054,12.945,,,,,,,,,,
2006-11-17,622.5,3.071,12.8,,,,,,,,,,
2006-11-20,622.1,3.0565,12.74,,,,,,,,,,
2006-11-21,628.7,3.1295,13.085,,,,,,,,,,
2006-11-22,629.0,3.122,13.04,,,,,,,,,,
2006-11-23,,3.141,,,,,,,,,,,
2006-11-24,629.0,3.122,13.1,,,,,,,,,,
2006-11-27,640.6,3.1995,13.49,,,,,,,,,,
2006-11-28,637.3,3.1505,13.62,,,,,,,,,,
2006-11-29,641.8,3.1485,13.76,,,,,,,,,,
2006-11-30,652.9,3.189,14.115,,,,,,,,,,
2006-12-01,650.6,3.1655,14.19,,34025.0,,,,,,,,
2006-12-04,650.9,3.1695,14.245,,,,,,,,,,
2006-12-05,647.9,3.2425,14.025,,,,,,,,,,
2006-12-06,635.9,3.1565,13.795,,,,,,,,,,
2006-12-07,637.0,3.107,14.035,,,,,,,,,,
2006-12-08,631.0,3.117,13.895,,,,,,,,,,
2006-12-11,634.8,3.131,14.025,,,,,,,,,,
2006-12-12,631.7,3.0945,13.98,,,,,,,,,,
2006-12-13,632.4,3.033,13.915,,,,,,,,,,
2006-12-14,630.9,3.0575,13.95,,,,,,,,,,
2006-12-15,619.1,3.0165,12.98,,,,,,,,,,
2006-12-18,617.9,3.0295,12.525,,,,,,,,,,
2006-12-19,625.4,3.0175,12.71,,,,,,,,,,
2006-12-20,624.3,2.9575,12.645,,,,,,,,,,
2006-12-21,621.6,2.8805,12.49,,,,,,,,,,
2006-12-22,622.3,2.854,12.635,,,,,,,,,,
2006-12-26,626.9,2.873,12.725,,,,,,,,,,
2006-12-27,630.3,2.9045,12.925,,,,,,,,,,
2006-12-28,636.9,2.895,12.94,,,,,,,,,,
2006-12-29,638.0,2.871,12.935,,,,,,,,,,
2007-01-01,,,,,39575.0,,,,,,,,
2007-01-02,638.0,2.871,12.935,,,,,,,,,,
2007-01-03,629.8,2.649,12.67,,,,,,,,,,
2007-01-04,626.2,2.602,12.835,,,,,,,,,,
2007-01-05,606.9,2.535,12.23,,,,,,,,,,
2007-01-08,609.4,2.528,12.36,,,,,,,,,,
2007-01-09,615.0,2.556,12.595,,,,,,,,,,
2007-01-10,613.4,2.664,12.445,,,,,,,,,,
2007-01-11,613.9,2.659,12.46,,,,,,,,,,
2007-01-12,626.9,2.603,12.88,,,,,,,,,,
2007-01-16,625.9,2.5775,12.625,,,,,,,,,,
2007-01-17,633.3,2.5695,12.89,,,,,,,,,,
2007-01-18,628.1,2.492,12.685,,,,,,,,,,
2007-01-19,636.4,2.517,12.92,,,,,,,,,,
2007-01-22,634.1,2.5295,13.0,,,,,,,,,,
2007-01-23,645.9,2.5795,13.26,,,,,,,,,,
2007-01-24,648.2,2.6015,13.273,,,,,,,,,,
2007-01-25,648.1,2.6545,13.49,,,,,,,,,,
2007-01-26,644.7,2.637,13.375,,,,,,,,,,
2007-01-29,643.2,2.542,13.25,,,,,,,,,,
2007-01-30,650.2,2.5705,13.375,,,,,,,,,,
2007-01-31,657.9,2.6015,13.57,,,,,,,,,,
2007-02-01,663.0,2.5395,13.725,,44695.0,,,,,,,,
2007-02-02,651.5,2.432,13.375,,,,,,,,,,
2007-02-05,656.1,2.4235,13.56,,,,,,,,,,
2007-02-06,658.7,2.502,13.675,,,,,,,,,,
2007-02-07,657.3,2.462,13.71,,,,,,,,,,
2007-02-08,662.8,2.459,13.77,,,,,,,,,,
2007-02-09,672.3,2.5275,13.915,,,,,,,,,,
2007-02-12,667.3,2.489,13.715,,,,,,,,,,
2007-02-13,668.5,2.595,13.915,,,,,,,,,,
2007-02-14,672.0,2.587,13.965,,,,,,,,,,
2007-02-15,671.4,2.6745,13.962,,,,,,,,,,
2007-02-16,672.8,2.6545,13.99,,,,,,,,,,
2007-02-19,674.3,,14.015,,,,,,,,,,
2007-02-20,661.0,2.5955,13.83,,,,,,,,,,
2007-02-21,684.0,2.6625,14.273,,,,,,,,,,
2007-02-22,683.0,2.774,14.25,,,,,,,,,,
2007-02-23,686.7,2.849,14.595,,,,,,,,,,
2007-02-26,689.8,2.8665,14.69,,,,,,,,,,
2007-02-27,687.2,2.825,14.69,,,,,,,,,,
2007-02-28,672.5,2.752,14.235,,,,,,,,,,
2007-03-01,665.1,2.7545,13.65,,46825.0,,,,,,,,
2007-03-02,644.1,2.707,12.96,,,,,,,,,,
2007-03-05,639.2,2.6705,12.75,,,,,,,,,,
2007-03-06,646.2,2.7135,12.985,,,,,,,,,,
2007-03-07,652.9,2.782,13.105,,,,,,,,,,
2007-03-08,655.5,2.8335,13.12,,,,,,,,,,
2007-03-09,652.0,2.784,12.97,,,,,,,,,,
2007-03-12,650.3,2.849,13.085,,,,,,,,,,
2007-03-13,649.4,2.8245,12.96,,,,,,,,,,
2007-03-14,642.5,2.826,12.83,,,,,,,,,,
2007-03-15,647.1,2.988,13.075,,,,,,,,,,
2007-03-16,653.9,3.011,13.215,,,,,,,,,,
2007-03-19,654.3,3.0215,13.233,,,,,,,,,,
2007-03-20,659.0,3.034,13.37,,,,,,,,,,
2007-03-21,660.0,3.019,13.32,,,,,,,,,,
2007-03-22,664.2,3.073,13.48,,,,,,,,,,
2007-03-23,657.3,3.069,13.227,,,,,,,,,,
2007-03-26,663.9,3.1385,13.41,,,,,,,,,,
2007-03-27,662.5,3.0575,13.28,,,,,,,,,,
2007-03-28,666.8,3.0625,13.455,,,,,,,,,,
2007-03-29,667.6,3.086,13.34,,,,,,,,,,
2007-03-30,669.0,3.144,13.45,,,,,,,,,,
2007-04-02,671.5,3.1765,13.35,,49825.0,,,,,,,,
2007-04-03,669.7,3.3095,13.43,,,,,,,,,,
2007-04-04,677.4,3.3835,13.62,,,,,,,,,,
2007-04-05,679.4,3.375,13.74,,,,,,,,,,
2007-04-09,676.9,3.5075,13.81,,,,,,,,,,
2007-04-10,681.5,3.528,13.93,,,,,,,,,,
2007-04-11,681.7,3.586,13.89,,,,,,,,,,
2007-04-12,679.7,3.503,13.855,,,,,,,,,,
2007-04-13,689.9,3.535,14.09,,,,,,,,,,
2007-04-16,694.5,3.5415,14.08,,,,,,,,,,
2007-04-17,692.5,3.6785,14.02,,,,,,,,,,
2007-04-18,693.3,3.6215,13.975,,,,,,,,,,
2007-04-19,688.3,3.5915,13.735,,,,,,,,,,
2007-04-20,695.8,3.617,13.955,,,,,,,,,,
2007-04-23,694.2,3.6415,14.05,,,,,,,,,,
2007-04-24,687.7,3.5605,13.782,,,,,,,,,,
2007-04-25,687.4,3.6005,13.765,,,,,,,,,,
2007-04-26,678.0,3.5005,13.325,,,,,,,,,,
2007-04-27,681.8,3.5325,13.575,,,,,,,,,,
2007-04-30,683.5,3.5565,13.575,,,,,,,,,,
2007-05-01,677.3,3.6345,13.37,,48850.0,,,,,,,,
2007-05-02,675.1,3.6445,13.335,,,,,,,,,,
2007-05-03,684.4,3.7265,13.51,,,,,,,,,,
2007-05-04,689.7,3.7585,13.53,,,,,,,,,,
2007-05-07,690.4,3.7155,13.64,,,,,,,,,,
2007-05-08,687.4,3.7225,13.6,,,,,,,,,,
2007-05-09,682.5,3.679,13.47,,,,,,,,,,
2007-05-10,667.0,3.5665,13.14,,,,,,,,,,
2007-05-11,672.3,3.604,13.305,,,,,,,,,,
2007-05-14,670.1,3.497,13.235,,,,,,,,,,
2007-05-15,674.5,3.5375,13.315,,,,,,,,,,
2007-05-16,661.5,3.4225,12.93,,,,,,,,,,
2007-05-17,657.2,3.3065,12.883,,,,,,,,,,
2007-05-18,662.0,3.3235,13.003,,,,,,,,,,
2007-05-21,663.8,3.4005,13.13,,,,,,,,,,
2007-05-22,659.9,3.3025,12.99,,,,,,,,,,
2007-05-23,662.6,3.3005,13.105,,,,,,,,,,
2007-05-24,653.3,3.1805,12.92,,,,,,,,,,
2007-05-25,655.3,3.3205,13.0,,,,,,,,,,
2007-05-29,657.2,3.32,13.223,,,,,,,,,,
2007-05-30,659.3,3.3,13.22,,,,,,,,,,
2007-05-31,666.7,3.3915,13.47,,,,,,,,,,
2007-06-01,676.9,3.401,13.74,,36315.0,,,,,,,,
2007-06-04,676.3,3.465,13.745,,,,,,,,,,
2007-06-05,675.1,3.44,13.812,,,,,,,,,,
2007-06-06,674.6,3.404,13.717,,,,,,,,,,
2007-06-07,665.2,3.3785,13.48,,,,,,,,,,
2007-06-08,650.3,3.2575,13.04,,,,,,,,,,
2007-06-11,659.0,3.3555,13.275,,,,,,,,,,
2007-06-12,653.1,3.287,13.09,,,,,,,,,,
2007-06-13,652.7,3.317,13.06,,,,,,,,,,
2007-06-14,655.9,3.392,13.165,,,,,,,,,,
2007-06-15,658.7,3.425,13.26,,,,,,,,,,
2007-06-18,659.9,3.4215,13.235,,,,,,,,,,
2007-06-19,664.7,3.3995,13.325,,,,,,,,,,
2007-06-20,660.0,3.444,13.25,,,,,,,,,,
2007-06-21,654.2,3.4045,13.09,,,,,,,,,,
2007-06-22,657.0,3.3865,13.02,,,,,,,,,,
2007-06-25,654.7,3.401,12.877,,,,,,,,,,
2007-06-26,645.3,3.3185,12.28,,,,,,,,,,
2007-06-27,644.8,3.3595,12.21,,,,,,,,,,
2007-06-28,650.4,3.4275,12.505,,,,,,,,,,
2007-06-29,650.9,3.4505,12.473,,,,,,,,,,
2007-07-02,659.2,3.527,12.74,,31485.0,,,,,,,,
2007-07-03,655.4,3.545,12.685,,,,,,,,,,
2007-07-04,656.3,,12.755,,,,,,,,,,
2007-07-05,650.6,3.5935,12.58,,,,,,,,,,
2007-07-06,654.8,3.5945,12.757,,,,,,,,,,
2007-07-09,662.5,3.6295,12.82,,,,,,,,,,
2007-07-10,664.4,3.61,12.975,,,,,,,,,,
2007-07-11,662.1,3.6215,12.975,,,,,,,,,,
2007-07-12,668.3,3.581,13.18,,,,,,,,,,
2007-07-13,667.3,3.593,13.11,,,,,,,,,,
2007-07-16,666.3,3.562,13.065,,,,,,,,,,
2007-07-17,665.9,3.5525,13.018,,,,,,,,,,
2007-07-18,673.7,3.563,13.29,,,,,,,,,,
2007-07-19,678.1,3.662,13.375,,,,,,,,,,
2007-07-20,684.7,3.7055,13.403,,,,,,,,,,
2007-07-23,681.5,3.6565,13.33,,,,,,,,,,
2007-07-24,684.8,3.6195,13.443,,,,,,,,,,
2007-07-25,673.8,3.5555,13.15,,,,,,,,,,
2007-07-26,662.8,3.5225,12.95,,,,,,,,,,
2007-07-27,660.1,3.547,12.715,,,,,,,,,,
2007-07-30,676.6,3.5845,12.903,,,,,,,,,,
2007-07-31,679.3,3.642,13.017,,,,,,,,,,
2007-08-01,675.9,3.5805,12.955,,29550.0,,,,,,,,
2007-08-02,676.6,3.57,12.995,,,,,,,,,,
2007-08-03,684.4,3.48,13.158,,,,,,,,,,
2007-08-06,683.3,3.4735,13.033,,,,,,,,,,
2007-08-07,682.3,3.5075,13.095,,,,,,,,,,
2007-08-08,686.3,3.439,13.17,,,,,,,,,,
2007-08-09,672.8,3.3595,12.705,,,,,,,,,,
2007-08-10,681.6,3.3555,12.87,,,,,,,,,,
2007-08-13,680.9,3.4365,12.855,,,,,,,,,,
2007-08-14,679.7,3.364,12.748,,,,,,,,,,
2007-08-15,679.7,3.326,12.555,,,,,,,,,,
2007-08-16,658.0,3.0925,11.495,,,,,,,,,,
2007-08-17,666.8,3.1495,11.8,,,,,,,,,,
2007-08-20,666.5,3.1655,11.735,,,,,,,,,,
2007-08-21,666.2,3.1585,11.51,,,,,,,,,,
2007-08-22,668.7,3.22,11.565,,,,,,,,,,
2007-08-23,668.4,3.2755,11.64,,,,,,,,,,
2007-08-24,677.5,3.3495,11.94,,,,,,,,,,
2007-08-27,676.2,3.361,11.765,,,,,,,,,,
2007-08-28,673.5,3.3165,11.765,,,,,,,,,,
2007-08-29,675.4,3.351,11.845,,,,,,,,,,
2007-08-30,673.9,3.352,11.96,,,,,,,,,,
2007-08-31,681.9,3.403,12.23,,,,,,,,,,
2007-09-03,680.9,,12.28,,30235.0,,,,,,,,
2007-09-04,691.5,3.3135,12.448,,,,,,,,,,
2007-09-05,690.7,3.2695,12.355,,,,,,,,,,
2007-09-06,704.6,3.3065,12.533,,,,,,,,,,
2007-09-07,709.7,3.2515,12.76,,,,,,,,,,
2007-09-10,712.2,3.256,12.7,,,,,,,,,,
2007-09-11,721.1,3.3875,12.835,,,,,,,,,,
2007-09-12,720.7,3.36,12.793,,,,,,,,,,
2007-09-13,717.9,3.3965,12.68,,,,,,,,,,
2007-09-14,717.8,3.3905,12.705,,,,,,,,,,
2007-09-17,723.8,3.4195,12.9,,,,,,,,,,
2007-09-18,723.7,3.4475,12.925,,,,,,,,,,
2007-09-19,729.5,3.5755,13.105,,,,,,,,,,
2007-09-20,739.9,3.591,13.47,,,,,,,,,,
2007-09-21,738.9,3.586,13.62,,,,,,,,,,
2007-09-24,739.3,3.64,13.64,,,,,,,,,,
2007-09-25,738.8,3.624,13.62,,,,,,,,,,
2007-09-26,735.5,3.612,13.545,,,,,,,,,,
2007-09-27,739.9,3.648,13.645,,,,,,,,,,
2007-09-28,750.0,3.64,13.92,,,,,,,,,,
2007-10-01,754.1,3.6915,13.855,,31690.0,,,,,,,,
2007-10-02,736.3,3.711,13.45,,,,,,,,,,
2007-10-03,735.7,3.7635,13.47,,,,,,,,,,
2007-10-04,743.8,3.738,13.5,,,,,,,,,,
2007-10-05,747.2,3.7255,13.49,,,,,,,,,,
2007-10-08,738.7,3.613,13.36,,,,,,,,,,
2007-10-09,743.1,3.6175,13.583,,,,,,,,,,
2007-10-10,746.0,3.694,13.668,,,,,,,,,,
2007-10-11,756.7,3.669,13.985,,,,,,,,,,
2007-10-12,753.8,3.6525,13.903,,,,,,,,,,
2007-10-15,762.2,3.686,13.855,,,,,,,,,,
2007-10-16,762.0,3.641,13.658,,,,,,,,,,
2007-10-17,762.3,3.596,13.75,,,,,,,,,,
2007-10-18,768.7,3.5415,13.803,,,,,,,,,,
2007-10-19,768.4,3.5515,13.635,,,,,,,,,,
2007-10-22,760.0,3.4865,13.555,,,,,,,,,,
2007-10-23,763.1,3.5135,13.65,,,,,,,,,,
2007-10-24,765.6,3.4525,13.59,,,,,,,,,,
2007-10-25,771.0,3.486,13.905,,,,,,,,,,
2007-10-26,787.5,3.5375,14.28,,,,,,,,,,
2007-10-29,792.6,3.521,14.43,,,,,,,,,,
2007-10-30,787.8,3.4885,14.328,,,,,,,,,,
2007-10-31,795.3,3.4795,14.438,,,,,,,,,,
2007-11-01,793.7,3.37,14.325,,26750.0,,,,,,,,
2007-11-02,808.5,3.3325,14.599,,,,,,,,,,
2007-11-05,810.8,3.3115,14.785,,,,,,,,,,
2007-11-06,823.4,3.3505,15.38,,,,,,,,,,
2007-11-07,833.5,3.2695,15.325,,,,,,,,,,
2007-11-08,837.5,3.2155,15.515,,,,,,,,,,
2007-11-09,834.7,3.1585,15.545,,,,,,,,,,
2007-11-12,807.7,3.123,14.762,,,,,,,,,,
2007-11-13,799.0,3.123,14.61,,,,,,,,,,
2007-11-14,814.7,3.311,15.065,,,,,,,,,,
2007-11-15,787.3,3.0955,14.482,,,,,,,,,,
2007-11-16,787.0,3.1755,14.51,,,,,,,,,,
2007-11-19,778.0,2.9995,14.16,,,,,,,,,,
2007-11-20,791.4,3.0435,14.5,,,,,,,,,,
2007-11-21,798.6,2.907,14.42,,,,,,,,,,
2007-11-22,804.0,,14.53,,,,,,,,,,
2007-11-23,824.7,3.0095,14.735,,,,,,,,,,
2007-11-26,826.5,3.0365,14.83,,,,,,,,,,
2007-11-27,814.0,2.9775,14.485,,,,,,,,,,
2007-11-28,800.3,3.017,14.335,,,,,,,,,,
2007-11-29,802.3,3.088,14.445,,,,,,,,,,
2007-11-30,789.1,3.1785,14.165,,,,,,,,,,
2007-12-03,794.7,3.0745,14.21,,26010.0,,,,,,,,
2007-12-04,807.6,3.02,14.465,,,,,,,,,,
2007-12-05,803.7,3.037,14.46,,,,,,,,,,
2007-12-06,807.1,3.0415,14.625,,,,,,,,,,
2007-12-07,800.2,3.1175,14.505,,,,,,,,,,
2007-12-10,813.5,3.086,14.85,,,,,,,,,,
2007-12-11,817.1,3.083,14.865,,,,,,,,,,
2007-12-12,818.8,3.0335,14.825,,,,,,,,,,
2007-12-13,804.0,2.9595,14.237,,,,,,,,,,
2007-12-14,798.0,2.9565,13.983,,,,,,,,,,
2007-12-17,799.3,2.888,13.98,,,,,,,,,,
2007-12-18,807.4,2.8825,14.165,,,,,,,,,,
2007-12-19,805.4,2.9555,14.222,,,,,,,,,,
2007-12-20,803.2,2.9645,14.34,,,,,,,,,,
2007-12-21,815.4,3.096,14.488,,,,,,,,,,
2007-12-24,816.5,3.151,14.66,,,,,,,,,,
2007-12-26,829.5,3.165,14.835,,,,,,,,,,
2007-12-27,831.8,3.12,14.818,,,,,,,,,,
2007-12-28,842.7,3.072,14.895,,,,,,,,,,
2007-12-31,838.0,3.041,14.92,,,,,,,,,,
2008-01-01,,,,,27180.0,,,,,,,,
2008-01-02,860.0,3.064,15.29,,,,,,,,,,
2008-01-03,869.1,3.188,15.5,,,,,,,,,,
2008-01-04,865.7,3.1575,15.462,,,,,,,,,,
2008-01-07,862.0,3.141,15.29,,,,,,,,,,
2008-01-08,880.3,3.2985,15.815,,,,,,,,,,
2008-01-09,881.7,3.2835,15.84,,,,,,,,,,
2008-01-10,893.6,3.2815,16.275,,,,,,,,,,
2008-01-11,897.7,3.304,16.37,,,,,,,,,,
2008-01-14,903.4,3.339,16.425,,,,,,,,,,
2008-01-15,902.6,3.2415,16.3,,,,,,,,,,
2008-01-16,882.0,3.1725,15.895,,,,,,,,,,
2008-01-17,880.5,3.182,16.01,,,,,,,,,,
2008-01-18,881.7,3.2345,16.215,,,,,,,,,,
2008-01-22,890.3,3.1965,16.105,,,,,,,,,,
2008-01-23,883.1,3.072,15.97,,,,,,,,,,
2008-01-24,905.8,3.1715,16.333,,,,,,,,,,
2008-01-25,910.7,3.184,16.49,,,,,,,,,,
2008-01-28,927.1,3.1895,16.75,,,,,,,,,,
2008-01-29,925.1,3.299,16.8,,,,,,,,,,
2008-01-30,926.3,3.236,16.76,,,,,,,,,,
2008-01-31,928.0,3.307,16.995,,,,,,,,,,
2008-02-01,913.5,3.2835,16.87,,31325.0,,,,,,,,
2008-02-04,909.4,3.31,16.78,,,,,,,,,,
2008-02-05,890.3,3.2235,16.345,,,,,,,,,,
2008-02-06,905.0,3.319,16.55,,,,,,,,,,
2008-02-07,910.0,3.4615,16.775,,,,,,,,,,
2008-02-08,922.3,3.5345,17.11,,,,,,,,,,
2008-02-11,926.7,3.562,17.47,,,,,,,,,,
2008-02-12,911.1,3.5655,17.25,,,,,,,,,,
2008-02-13,910.2,3.537,17.353,,,,,,,,,,
2008-02-14,910.8,3.4945,17.255,,,,,,,,,,
2008-02-15,906.1,3.531,17.118,,,,,,,,,,
2008-02-18,,,,,,2345.0,,,,,,,
2008-02-19,929.8,3.7265,17.508,,,,,,,,,,
2008-02-20,937.8,3.714,17.76,,,,,,,,,,
2008-02-21,949.2,3.817,17.95,,,2524.5,,,,,,,
2008-02-22,947.8,3.7975,18.035,,,2486.5,,,,,,,
2008-02-25,940.5,3.748,18.085,,,2482.75,,,,,,,
2008-02-26,948.9,3.787,18.72,,,2479.0,,,,,,,
2008-02-27,961.0,3.8465,19.21,,,2669.0,,,,,,,
2008-02-28,967.5,3.878,19.71,,,2776.5,,,,,,,
2008-02-29,975.0,3.855,19.915,,,2726.0,,,,,,,
2008-03-03,984.2,3.9285,20.18,,29495.0,2815.0,,,,,,,
2008-03-04,966.3,3.8215,19.84,,,2766.0,,,,,,,
2008-03-05,988.5,3.982,20.785,,,2802.0,,,,,,,
2008-03-06,977.1,3.9035,20.225,,,2683.5,,,,,,,
2008-03-07,974.2,3.9215,20.25,,,2634.0,,,,,,,
2008-03-10,971.8,3.795,19.785,,,2541.5,,,,,,,
2008-03-11,976.0,3.7855,19.763,,,2531.75,,,,,,,
2008-03-12,980.5,3.837,19.995,,,2613.75,,,,,,,
2008-03-13,993.8,3.825,20.42,,,2612.5,,,,,,,
2008-03-14,999.5,3.828,20.655,,,2581.0,,,,,,,
2008-03-17,1002.6,3.685,20.3,,,2455.5,,,,,,,
2008-03-18,1004.3,3.7465,19.96,,,,,,,,,,
2008-03-19,945.3,3.6335,18.445,,,,,,,,,,
2008-03-20,920.0,3.5735,16.85,,,2254.0,,,,,,,
2008-03-24,918.7,3.6225,17.11,,,,,,,,,,
2008-03-25,935.0,3.6785,17.8,,,2313.5,,,,,,,
2008-03-26,949.2,3.725,18.383,,,2312.5,,,,,,,
2008-03-27,948.8,3.873,18.55,,,2387.25,,,,,,,
2008-03-28,936.5,3.8275,17.94,,,2332.5,,,,,,,
2008-03-31,921.5,3.827,17.31,,,2302.75,,,,,,,
2008-04-01,887.8,3.804,16.89,,28395.0,2304.0,,,,,,,
2008-04-02,900.2,3.875,17.18,,,2345.0,,,,,,,
2008-04-03,909.6,3.894,17.48,,,2305.75,,,,,,,
2008-04-04,913.2,3.9515,17.755,,,2347.0,,,,,,,
2008-04-07,926.8,3.974,18.12,,,2392.5,,,,,,,
2008-04-08,918.0,3.887,17.708,,,2326.5,,,,,,,
2008-04-09,937.5,3.994,18.2,,,2345.75,,,,,,,
2008-04-10,931.8,3.919,18.043,,,2315.0,,,,,,,
2008-04-11,927.0,3.9435,17.69,,,2283.5,,,,,,,
2008-04-14,928.7,3.8965,17.79,,,2271.0,,,,,,,
2008-04-15,932.0,3.859,17.85,,,,,,,,,,
2008-04-16,948.3,3.9555,18.325,,,,,,,,,,
2008-04-17,942.9,3.913,18.305,,,2291.25,,,,,,,
2008-04-18,915.2,3.8905,17.82,,,2259.5,,,,,,,
2008-04-21,917.6,3.8665,17.36,,,2196.5,,,,,,,
2008-04-22,925.2,3.9605,17.71,,,2247.25,,,,,,,
2008-04-23,909.0,3.903,17.165,,,2218.5,,,,,,,
2008-04-24,889.4,3.876,16.66,,,2218.5,,,,,,,
2008-04-25,889.7,3.915,16.85,,,2299.0,,,,,,,
2008-04-28,895.5,3.934,17.013,,,2284.25,,,,,,,
2008-04-29,876.8,3.881,16.64,,,2222.5,,,,,,,
2008-04-30,865.1,3.9045,16.593,,,2212.0,,,,,,,
2008-05-01,850.9,3.6945,16.205,,21963.0,2169.0,,,,,,,
2008-05-02,858.0,3.8205,16.465,,,2199.0,,,,,,,
2008-05-05,874.1,3.9475,16.83,,,,,,,,,,
2008-05-06,877.7,3.8785,16.86,,,2257.5,,,,,,,
2008-05-07,871.2,3.834,16.695,,,2230.5,,,,,,,
2008-05-08,882.1,3.7875,16.87,,,2194.0,,,,,,,
2008-05-09,885.8,3.7165,16.91,,,2130.75,,,,,,,
2008-05-12,884.9,3.7495,17.225,,,2153.5,,,,,,,
2008-05-13,869.6,3.7315,16.828,,,2298.0,,,,,,,
2008-05-14,866.5,3.681,16.613,,,2261.0,,,,,,,
2008-05-15,880.0,3.7385,16.685,,,2293.0,,,,,,,
2008-05-16,899.9,3.8265,16.96,,,2342.5,,,,,,,
2008-05-19,905.8,3.7755,17.028,,,2267.0,,,,,,,
2008-05-20,920.2,3.7765,17.725,,,,,,,,,,
2008-05-21,928.6,3.7445,18.05,,,,,,,,,,
2008-05-22,918.3,3.7125,18.025,,,2094.0,,,,,,,
2008-05-23,925.8,3.736,18.29,,,2134.5,,,,,,,
2008-05-26,929.0,,18.365,,,,,,,,,,
2008-05-27,907.9,3.716,17.465,,,2134.75,,,,,,,
2008-05-28,900.5,3.695,17.415,,,2104.0,,,,,,,
2008-05-29,881.7,3.56,16.515,,,1967.75,,,,,,,
2008-05-30,891.5,3.606,16.865,,,1987.25,,,,,,,
2008-06-02,897.0,3.598,16.91,,21793.0,1950.5,,,,,,,
2008-06-03,885.5,3.5795,16.835,,,1918.25,,,,,,,
2008-06-04,883.8,3.5455,16.94,,,1965.0,,,,,,,
2008-06-05,875.5,3.5445,17.17,,,1933.5,,,,,,,
2008-06-06,899.0,3.6245,17.43,,,1946.25,,,,,,,
2008-06-09,898.1,3.614,17.21,,,1959.0,,,,,,,
2008-06-10,871.2,3.562,16.635,,,1909.0,,,,,,,
2008-06-11,882.9,3.58,16.855,,,1894.5,,,,,,,
2008-06-12,872.0,3.539,16.485,,,1843.5,,,,,,,
2008-06-13,873.1,3.59,16.56,,,1873.5,,,,,,,
2008-06-16,886.3,3.665,17.232,,,1851.5,,,,,,,
2008-06-17,886.9,3.65,17.075,,,,,,,,,,
2008-06-18,893.5,3.7475,17.34,,,,,,,,,,
2008-06-19,904.2,3.779,17.47,,,1916.0,,,,,,,
2008-06-20,903.7,3.8315,17.397,,,1934.5,,,,,,,
2008-06-23,887.2,3.809,16.79,,,1906.5,,,,,,,
2008-06-24,891.6,3.7875,16.633,,,1878.5,,,,,,,
2008-06-25,882.3,3.7755,16.503,,,1850.5,,,,,,,
2008-06-26,915.1,3.829,17.125,,,1969.75,,,,,,,
2008-06-27,931.3,3.878,17.71,,,1908.75,,,,,,,
2008-06-30,928.3,3.8825,17.51,,,1909.25,,,,,,,
2008-07-01,944.5,3.9105,18.29,,18225.0,1905.75,,,,,,,
2008-07-02,946.5,4.0635,18.425,,,1842.25,,,,,,,
2008-07-03,933.6,3.949,18.37,,,1761.25,,,,,,,
2008-07-04,935.7,,18.2,,20469.0,1754.0,,,,,,,
2008-07-07,928.8,3.849,17.92,,20785.0,1817.5,22800.0,1611.5,,,,,
2008-07-08,923.3,3.6965,17.955,,20460.0,1749.5,22495.0,1619.0,,,,,
2008-07-09,928.6,3.739,18.175,,21309.0,1857.0,22920.0,1788.0,,,,,
2008-07-10,942.0,3.7185,18.32,,21760.0,1981.5,22770.0,1988.0,,,,,
2008-07-11,960.6,3.74,18.82,,21455.0,2015.5,22985.0,1967.5,,,,,
2008-07-14,973.7,3.752,19.25,,20593.0,1989.25,23560.0,1965.0,,,,,
2008-07-15,978.7,3.7,19.013,,,,,,,,,,
2008-07-16,962.7,3.6505,18.805,,,,,,,,,,
2008-07-17,970.7,3.715,18.735,,20683.0,1826.5,23525.0,1966.5,,,,,
2008-07-18,958.0,3.669,18.2,,20308.0,1806.0,23475.0,1972.0,,,,,
2008-07-21,963.7,3.681,18.425,,20453.0,1846.5,23590.0,2056.0,,,,,
2008-07-22,948.5,3.6905,18.005,,20403.0,1832.25,23435.0,2152.0,,,,,
2008-07-23,922.8,3.6575,17.458,,19858.0,1915.75,23135.0,2228.0,,,,,
2008-07-24,922.3,3.577,17.298,,18682.0,1848.5,22375.0,2186.0,,,,,
2008-07-25,926.8,3.605,17.375,,18358.0,1834.0,22375.0,2129.0,,,,,
2008-07-28,927.7,3.612,17.465,,18675.0,1916.0,22530.0,2238.0,,,,,
2008-07-29,916.5,3.5905,17.375,,17965.0,1869.75,22400.0,2290.0,,,,,
2008-07-30,912.3,3.64,17.465,,18675.0,1860.25,22535.0,2198.5,,,,,
2008-07-31,922.7,3.656,17.79,,18270.0,1893.25,22233.0,2230.0,,,,,
2008-08-01,917.5,3.5735,17.52,,18212.0,1831.5,21570.0,2135.5,,,,,
2008-08-04,907.9,3.4385,17.14,,17927.0,1756.0,20610.0,2000.0,,,,,
2008-08-05,886.1,3.4145,16.572,,17512.0,1732.75,20110.0,2018.0,,,,,
2008-08-06,883.0,3.4225,16.505,,17711.0,1753.0,20505.0,2070.0,,,,,
2008-08-07,877.9,3.418,16.257,,18774.0,1733.5,20535.0,2138.0,,,,,
2008-08-08,864.8,3.334,15.33,,18090.0,1673.75,19065.0,1984.0,,,,,
2008-08-11,828.3,3.293,14.62,,17930.0,1679.5,18830.0,1932.5,,,,,
2008-08-12,814.6,3.228,14.485,,18060.0,1605.75,17550.0,1747.0,,,,,
2008-08-13,831.5,3.35,14.845,,19505.0,1648.0,17840.0,1694.0,,,,,
2008-08-14,814.5,3.305,14.23,,19090.0,1648.5,18770.0,1677.0,,,,,
2008-08-15,792.1,3.3215,12.815,,18670.0,1671.5,18810.0,1689.5,,,,,
2008-08-18,805.7,3.314,13.1,,18007.0,1652.0,19480.0,1706.5,,,,,
2008-08-19,816.8,3.4305,13.105,,,,,,,,,,
2008-08-20,816.3,3.4005,13.04,,,,,,,,,,
2008-08-21,839.0,3.546,13.727,,21495.0,1868.75,21995.0,1907.0,,,,,
2008-08-22,833.5,3.4705,13.477,,20845.0,1817.25,21010.0,1884.0,,,,,
2008-08-25,825.7,3.479,13.37,,,,,,,,,,
2008-08-26,828.1,3.434,13.575,,20005.0,1774.5,20780.0,1854.0,,,,,
2008-08-27,834.0,3.465,13.47,,20960.0,1834.0,20565.0,2058.0,,,,,
2008-08-28,837.2,3.4105,13.705,,20460.0,1783.25,20190.0,2039.0,,,,,
2008-08-29,835.2,3.3995,13.707,,20195.0,1798.5,20060.0,1974.0,,,,,
2008-09-01,,,,,19255.0,1769.5,18985.0,1931.5,,,,,
2008-09-02,810.5,3.289,13.145,,19387.0,1767.0,19210.0,1901.5,,,,,
2008-09-03,808.2,3.328,12.947,,19525.0,1773.25,19435.0,1937.75,,,,,
2008-09-04,803.2,3.279,12.94,,19154.0,1796.0,19495.0,1883.0,,,,,
2008-09-05,802.8,3.111,12.325,,18545.0,1732.5,18445.0,1794.5,,,,,
2008-09-08,802.5,3.1045,12.065,,18792.0,1750.25,19180.0,1840.5,,,,,
2008-09-09,792.0,3.095,11.715,,18441.0,1700.0,18590.0,1759.0,,,,,
2008-09-10,762.5,3.121,10.89,,18436.0,1732.25,18415.0,1788.75,,,,,
2008-09-11,745.5,3.131,10.555,,18425.0,1776.0,18865.0,1848.0,,,,,
2008-09-12,764.5,3.198,10.795,,19170.0,1867.25,19540.0,1934.25,,,,,
2008-09-15,787.0,3.1465,11.135,,18000.0,1743.5,19000.0,1845.0,,,,,
2008-09-16,780.5,3.096,10.517,,,,,,,,,,
2008-09-17,850.5,3.0525,11.675,,,,,,,,,,
2008-09-18,897.0,3.077,12.7,,16635.0,1700.5,16855.0,1798.0,,,,,
2008-09-19,864.7,3.1795,12.475,,16843.0,1763.5,17010.0,1894.5,,,,,
2008-09-22,909.0,3.259,13.45,,17370.0,1823.75,17720.0,1982.5,,,,,
2008-09-23,891.2,3.157,13.17,,17067.0,1753.5,17477.0,1992.0,,,,,
2008-09-24,895.0,3.1115,13.44,,17060.0,1773.25,17375.0,1986.5,,,,,
2008-09-25,882.0,3.14,13.275,,16930.0,1783.25,17680.0,2006.0,,,,,
2008-09-26,888.5,3.079,13.503,,16835.0,1751.75,18185.0,1950.5,,,,,
2008-09-29,894.4,2.9065,13.025,,16225.0,1673.0,17975.0,1814.0,,,,,
2008-09-30,880.8,2.879,12.275,,15660.0,1661.5,17262.0,1817.0,,,,,
2008-10-01,887.3,2.7895,12.77,,15765.0,1650.5,17605.0,1725.0,,,,,
2008-10-02,844.3,2.6275,11.12,,15115.0,1564.0,16720.0,1680.0,,,,,
2008-10-03,833.2,2.69,11.325,,14965.0,1583.0,17020.0,1707.5,,,,,
2008-10-06,866.2,2.493,11.285,,14115.0,1532.5,16210.0,1620.5,,,,,
2008-10-07,882.0,2.5345,11.38,,14034.0,1530.0,16212.0,1615.75,,,,,
2008-10-08,906.5,2.355,11.772,,13005.0,1406.0,14905.0,1563.0,,,,,
2008-10-09,886.5,2.406,11.875,,13205.0,1470.75,14760.0,1657.0,,,,,
2008-10-10,859.0,2.1445,10.6,,11960.0,1418.5,14090.0,1469.0,,,,,
2008-10-13,842.5,2.3125,10.79,,12560.0,1440.5,14575.0,1563.5,,,,,
2008-10-14,839.5,2.3945,11.06,,,,,,,,,,
2008-10-15,839.0,2.2105,10.18,,,,,,,,,,
2008-10-16,804.5,2.0855,9.635,,10620.0,1149.75,13455.0,1352.25,,,,,
2008-10-17,787.7,2.1795,9.335,,10645.0,1199.5,13020.0,1432.0,,,,,
2008-10-20,790.0,2.1165,9.69,,10387.0,1170.75,12415.0,1408.0,,,,,
2008-10-21,768.0,2.007,10.075,,10557.0,1136.0,12470.0,1357.75,,,,,
2008-10-22,735.2,1.8655,9.46,,9863.0,1115.5,11705.0,1253.0,,,,,
2008-10-23,714.7,1.8045,9.5,,9213.0,1176.5,12190.0,1281.0,,,,,
2008-10-24,730.3,1.6865,9.295,,9866.0,1143.25,11970.0,1263.0,,,,,
2008-10-27,742.9,1.805,9.195,,10960.0,1160.0,13975.0,1289.0,,,,,
2008-10-28,740.5,1.8585,8.79,,11820.0,1127.5,14980.0,1466.0,,,,,
2008-10-29,754.0,2.088,9.805,,13495.0,1239.75,15515.0,1578.0,,,,,
2008-10-30,738.5,1.8955,9.785,,11762.0,1137.0,14895.0,1514.0,,,,,
2008-10-31,718.2,1.8345,9.73,,11962.0,1101.5,13640.0,1502.0,,,,,
2008-11-03,726.8,1.844,9.75,,11800.0,1145.5,14825.0,1495.0,,,,,
2008-11-04,757.3,1.961,10.13,,12752.0,1214.25,15145.0,1536.0,,,,,
2008-11-05,742.4,1.819,10.455,,12151.0,1153.0,15235.0,1507.0,,,,,
2008-11-06,732.2,1.7225,10.055,,11255.0,1070.25,14930.0,1454.0,,,,,
2008-11-07,734.2,1.6995,9.963,,10826.0,1066.0,15070.0,1351.0,,,,,
2008-11-10,746.5,1.7555,10.22,,11167.0,1078.75,15045.0,1339.0,,,,,
2008-11-11,732.8,1.6505,9.805,,10563.0,1089.5,14515.0,1268.0,,,,,
2008-11-12,718.3,1.6585,9.48,,10369.0,1137.5,13990.0,1287.25,,,,,
2008-11-13,705.0,1.6255,8.8,,11319.0,1199.0,13960.0,1323.75,,,,,
2008-11-14,742.5,1.7105,9.49,,10869.0,1189.0,14160.0,1330.25,,,,,
2008-11-17,742.0,1.66,9.33,,10515.0,1156.0,13970.0,1252.75,,,,,
2008-11-18,732.7,1.665,9.55,,,,,,,,,,
2008-11-19,736.0,1.604,9.31,,,,,,,,,,
2008-11-20,748.7,1.576,9.025,,9853.0,1171.75,11355.0,1174.0,,,,,
2008-11-21,791.8,1.579,9.48,,9907.0,1170.5,11575.0,1177.0,,,,,
2008-11-24,819.5,1.6725,10.355,,10580.0,1209.0,12935.0,1211.0,,,,,
2008-11-25,818.5,1.653,10.27,,10405.0,1238.0,13040.0,1179.0,,,,,
2008-11-26,808.5,1.686,10.22,,10507.0,1250.0,13300.0,1176.0,,,,,
2008-11-27,,,,,10161.0,1212.5,12780.0,1097.0,,,,,
2008-11-28,819.0,1.644,10.23,,10111.0,1200.75,12620.0,1096.5,,,,,
2008-12-01,776.8,1.6235,9.38,,9707.0,1153.0,12602.0,1096.5,,,,,
2008-12-02,783.3,1.6,9.615,,9402.0,1157.0,12095.0,1080.0,,,,,
2008-12-03,770.5,1.5545,9.59,,9095.0,1130.5,11885.0,958.0,,,,,
2008-12-04,765.5,1.471,9.52,,9139.0,1132.0,12008.0,965.0,,,,,
2008-12-05,752.2,1.3735,9.43,,8942.0,1055.25,11565.0,957.0,,,,,
2008-12-08,769.3,1.4935,9.975,,9210.0,1085.0,11820.0,1001.0,,,,,
2008-12-09,774.2,1.4405,9.85,,9286.0,1099.0,12020.0,959.0,,,,,
2008-12-10,808.8,1.49,10.2,,10188.0,1087.75,12070.0,982.5,,,,,
2008-12-11,826.6,1.5065,10.425,,11003.0,1090.25,12365.0,1011.5,,,,,
2008-12-12,820.5,1.425,10.23,,10532.0,1047.0,11645.0,1010.5,,,,,
2008-12-15,836.5,1.4035,10.62,,10102.0,1060.5,11620.0,1017.25,,,,,
2008-12-16,842.7,1.374,10.705,,,,,,,,,,
2008-12-17,868.5,1.3665,11.42,,,,,,,,,,
2008-12-18,860.6,1.2945,11.12,,9708.0,1092.5,10810.0,920.25,,,,,
2008-12-19,837.4,1.3215,10.85,,10236.0,1148.0,10330.0,848.0,,,,,
2008-12-22,847.2,1.339,10.86,,10231.0,1167.5,10445.0,907.0,,,,,
2008-12-23,838.1,1.273,10.26,,9681.0,1144.75,10050.0,876.0,,,,,
2008-12-24,848.0,1.2655,10.35,,9556.0,1136.0,9955.0,875.0,,,,,
2008-12-26,871.2,1.295,10.53,,,,,,,,,,
2008-12-29,875.3,1.3045,10.81,,9627.0,1119.5,9870.0,939.0,,,,,
2008-12-30,870.0,1.3205,10.98,,10639.0,1132.75,10075.0,977.0,,,,,
2008-12-31,884.3,1.41,11.295,,11629.0,1187.25,10780.0,1013.0,,,,,
2009-01-02,879.5,1.461,11.49,,13130.0,1258.75,11715.0,1106.0,,,,,
2009-01-05,857.8,1.459,11.27,,12772.0,1278.75,11650.0,1136.0,,,,,
2009-01-06,866.0,1.583,11.445,,13175.0,1298.25,12080.0,1192.0,,,,,
2009-01-07,841.7,1.5115,11.105,,12227.0,1269.0,11700.0,1148.0,,,,,
2009-01-08,854.5,1.479,11.097,,11472.0,1213.75,11480.0,1157.5,,,,,
2009-01-09,855.0,1.5595,11.32,,12102.0,1273.5,11905.0,1213.0,,,,,
2009-01-12,821.0,1.4885,10.75,,10642.0,1227.75,11720.0,1168.0,,,,,
2009-01-13,820.7,1.547,10.68,,11192.0,1285.5,11690.0,1172.0,,,,,
2009-01-14,808.8,1.4875,10.475,,10769.0,1239.0,11280.0,1124.0,,,,,
2009-01-15,807.3,1.4535,10.44,,10627.0,1239.75,11085.0,1147.0,,,,,
2009-01-16,839.9,1.5275,11.215,,10788.0,1227.5,10945.0,1162.0,,,,,
2009-01-19,855.2,,11.175,,11242.0,1247.0,11220.0,1175.0,,,,,
2009-01-20,,1.5045,11.175,,,,,,,,,,
2009-01-21,850.1,1.4335,11.325,,,,,,,,,,
2009-01-22,858.8,1.396,11.365,,10965.0,1105.0,11480.0,1069.25,,,,,
2009-01-23,895.8,1.472,11.94,,12064.0,1147.0,12355.0,1114.75,,,,,
2009-01-26,908.8,1.5865,12.11,,11863.0,1184.0,12505.0,1195.0,,,,,
2009-01-27,899.5,1.4845,12.175,,11360.0,1128.0,11575.0,1144.0,,,,,
2009-01-28,888.2,1.496,11.963,,11710.0,1126.75,11515.0,1144.0,,,,,
2009-01-29,906.5,1.4645,12.145,,11358.0,1101.25,10910.0,1138.5,,,,,
2009-01-30,928.4,1.4755,12.565,,11156.0,1078.0,10855.0,1119.0,,,,,
2009-02-02,907.2,1.439,12.415,,11253.0,1095.0,10595.0,1102.5,,,,,
2009-02-03,892.5,1.529,12.3,,11552.0,1155.5,11045.0,1167.0,,,,,
2009-02-04,902.2,1.538,12.47,,11697.0,1160.5,11335.0,1184.0,,,,,
2009-02-05,914.2,1.507,12.75,,11395.0,1122.25,10865.0,1137.75,,,,,
2009-02-06,914.3,1.636,13.16,,11450.0,1163.5,11275.0,1176.0,,,,,
2009-02-09,892.8,1.62,12.83,,11440.0,1172.25,11325.0,1191.0,,,,,
2009-02-10,914.2,1.5815,13.13,,10735.0,1142.0,11025.0,1142.25,,,,,
2009-02-11,944.5,1.5465,13.52,,10333.0,1148.5,11040.0,1162.5,,,,,
2009-02-12,949.2,1.5425,13.51,,10217.0,1131.5,11335.0,1131.0,,,,,
2009-02-13,942.2,1.5475,13.625,,10256.0,1128.5,11650.0,1163.5,,,,,
2009-02-16,967.5,,14.01,,10220.0,1103.75,11350.0,1137.0,,,,,
2009-02-17,,1.433,14.03,,,,,,,,,,
2009-02-18,978.2,1.446,14.29,,,,,,,,,,
2009-02-19,976.5,1.4805,13.935,,9843.0,1112.5,11190.0,1063.0,,,,,
2009-02-20,1002.2,1.425,14.49,,9442.0,1085.25,10815.0,1022.0,,,,,
2009-02-23,995.0,1.444,14.45,,9446.0,1079.75,10665.0,1015.5,,,,,
2009-02-24,969.5,1.494,13.995,,9739.0,1093.5,10780.0,986.75,,,,,
2009-02-25,966.2,1.531,13.875,,10016.0,1127.5,11000.0,1021.75,,,,,
2009-02-26,942.6,1.579,12.975,,9996.0,1119.5,11160.0,1036.5,,,,,
2009-02-27,942.5,1.5385,13.11,,9941.0,1108.5,11145.0,1039.25,,,,,
2009-03-02,940.0,1.516,13.07,,9482.0,1079.5,10980.0,1022.0,,,,,
2009-03-03,913.6,1.6045,12.715,,9583.0,1113.0,11120.0,1071.0,,,,,
2009-03-04,906.7,1.694,12.915,,9966.0,1204.5,11170.0,1177.0,,,,,
2009-03-05,927.8,1.6535,13.12,,9761.0,1222.25,11170.0,1179.0,,,,,
2009-03-06,942.7,1.689,13.333,,9784.0,1208.0,11480.0,1212.75,,,,,
2009-03-09,918.0,1.6395,12.94,,9607.0,1201.25,11205.0,1242.0,,,,,
2009-03-10,895.9,1.6845,12.54,,9863.0,1241.0,11400.0,1285.75,,,,,
2009-03-11,910.7,1.6255,12.8,,9724.0,1215.25,11050.0,1265.0,,,,,
2009-03-12,924.0,1.6245,12.943,,9376.0,1202.0,10675.0,1230.75,,,,,
2009-03-13,930.1,1.6645,13.215,,9523.0,1198.25,10740.0,1244.0,,,,,
2009-03-16,922.0,1.747,12.89,,10014.0,1222.75,10550.0,1290.5,,,,,
2009-03-17,916.8,1.724,12.67,,,,,,,,,,
2009-03-18,889.1,1.7165,11.935,,,,,,,,,,
2009-03-19,958.8,1.8075,13.52,,9948.0,1245.75,10383.0,1318.75,,,,,
2009-03-20,956.2,1.796,13.84,,9918.0,1241.25,10290.0,1338.75,,,,,
2009-03-23,952.5,1.841,13.875,,9787.0,1273.75,10465.0,1342.5,,,,,
2009-03-24,923.8,1.806,13.357,,9686.0,1253.75,10250.0,1277.0,,,,,
2009-03-25,935.8,1.803,13.437,,9533.0,1276.5,10175.0,1286.5,,,,,
2009-03-26,940.0,1.855,13.62,,9657.0,1326.0,10320.0,1313.0,,,,,
2009-03-27,923.2,1.836,13.263,,9631.0,1327.75,10360.0,1271.5,,,,,
2009-03-30,917.7,1.7705,13.033,,9498.0,1291.0,10465.0,1240.75,,,,,
2009-03-31,925.0,1.849,12.985,,9773.0,1296.25,10600.0,1262.25,,,,,
2009-04-01,927.7,1.8525,12.975,,10021.0,1288.25,10660.0,1213.25,,,,,
2009-04-02,908.9,1.894,13.025,,10499.0,1307.5,11190.0,1279.5,,,,,
2009-04-03,897.3,2.006,12.735,,10847.0,1344.5,11325.0,1310.0,,,,,
2009-04-06,872.8,1.963,12.11,,10659.0,1332.0,11080.0,1324.75,,,,,
2009-04-07,883.3,1.9965,12.21,,10807.0,1326.25,11135.0,1324.25,,,,,
2009-04-08,885.9,2.0055,12.34,,10876.0,1347.0,11165.0,1328.25,,,,,
2009-04-09,883.3,2.0775,12.33,,10942.0,1366.25,11160.0,1397.75,,,,,
2009-04-13,895.8,2.1325,12.768,,,,,,,,,,
2009-04-14,892.0,2.122,12.765,,,,,,,,,,
2009-04-15,893.5,2.204,12.8,,,,,,,,,,
2009-04-16,879.8,2.1745,12.255,,12390.0,1476.5,11618.0,1504.0,,,,,
2009-04-17,867.9,2.196,11.79,,12775.0,1539.5,12355.0,1562.0,,,,,
2009-04-20,887.5,2.1035,12.105,,12021.0,1466.0,12160.0,1461.0,,,,,
2009-04-21,882.7,2.083,12.06,,11449.0,1455.25,12320.0,1465.0,,,,,
2009-04-22,892.5,2.0605,12.305,,11467.0,1451.25,12350.0,1462.0,,,,,
2009-04-23,906.6,1.993,12.755,,11294.0,1398.0,12640.0,1462.0,,,,,
2009-04-24,914.1,2.0515,12.92,,11494.0,1400.75,12790.0,1432.0,,,,,
2009-04-27,908.2,1.987,12.955,,11322.0,1350.5,12555.0,1356.0,,,,,
2009-04-28,893.6,1.9175,12.4,,10875.0,1318.25,12060.0,1288.0,,,,,
2009-04-29,900.5,2.005,12.775,,11253.0,1392.5,12360.0,1323.5,,,,,
2009-04-30,891.2,2.0475,12.325,,11626.0,1405.0,12645.0,1323.0,,,,,
2009-05-01,888.2,2.101,12.5,,11846.0,1495.75,12680.0,1389.5,,,,,
2009-05-04,902.2,2.144,13.113,,,,,,,,,,
2009-05-05,904.3,2.0825,13.42,,11942.0,1507.25,12790.0,1393.0,,,,,
2009-05-06,911.0,2.187,13.71,,12634.0,1577.0,13650.0,1440.25,,,,,
2009-05-07,915.5,2.1645,14.03,,13226.0,1561.5,14120.0,1449.5,,,,,
2009-05-08,914.9,2.1455,13.955,,13031.0,1532.0,14210.0,1456.5,,,,,
2009-05-11,913.5,2.0885,13.91,,12851.0,1518.0,14090.0,1417.0,,,,,
2009-05-12,923.9,2.086,14.215,,12974.0,1519.25,14245.0,1470.5,,,,,
2009-05-13,925.9,2.031,14.02,,12373.0,1449.0,13930.0,1451.0,,,,,
2009-05-14,928.4,2.027,14.04,,12472.0,1472.25,13875.0,1429.0,,,,,
2009-05-15,931.3,2.0175,14.01,,12385.0,1467.5,13920.0,1474.0,,,,,
2009-05-18,921.7,2.072,13.83,,12275.0,1490.5,13870.0,1480.0,,,,,
2009-05-19,926.7,2.0695,14.125,,,,,,,,,,
2009-05-20,937.4,2.1065,14.28,,,,,,,,,,
2009-05-21,951.2,2.051,14.445,,12068.0,1424.5,13395.0,1385.5,,,,,
2009-05-22,958.9,2.0975,14.695,,12738.0,1499.5,13730.0,1434.0,,,,,
2009-05-25,953.3,,14.6,,,,,,,,,,
2009-05-26,,2.141,14.6,,13345.0,1480.25,13750.0,1439.5,,,,,
2009-05-27,953.3,2.121,14.865,,13339.0,1440.0,13665.0,1437.5,,,,,
2009-05-28,963.2,2.1405,15.16,,13441.0,1454.75,13730.0,1470.0,,,,,
2009-05-29,980.3,2.1995,15.61,,13886.0,1546.75,14385.0,1559.5,,,,,
2009-06-01,980.0,2.3225,15.735,,14592.0,1588.75,14725.0,1649.0,,,,,
2009-06-02,984.4,2.3015,15.955,,14559.0,1558.5,14565.0,1646.0,,,,,
2009-06-03,965.6,2.217,15.31,,14141.0,1513.0,14568.0,1594.0,,,,,
2009-06-04,982.3,2.3065,15.895,,14634.0,1552.5,14768.0,1649.5,,,,,
2009-06-05,962.6,2.29,15.388,,14529.0,1541.5,14825.0,1657.5,,,,,
2009-06-08,952.5,2.259,14.955,,14225.0,1519.0,14970.0,1650.5,,,,,
2009-06-09,954.7,2.371,15.14,,14922.0,1578.75,15840.0,1709.5,,,,,
2009-06-10,954.7,2.372,15.225,,14839.0,1598.0,15815.0,1732.25,,,,,
2009-06-11,962.0,2.45,15.493,,15712.0,1691.25,15785.0,1797.0,,,,,
2009-06-12,940.7,2.3785,14.875,,15603.0,1661.25,15685.0,1760.75,,,,,
2009-06-15,927.5,2.2905,14.03,,14683.0,1544.5,15020.0,1650.5,,,,,
2009-06-16,932.2,2.261,14.13,,,,,,,,,,
2009-06-17,936.0,2.264,14.28,,,,,,,,,,
2009-06-18,934.6,2.2765,14.24,,14942.0,1542.5,14948.0,1659.5,,,,,
2009-06-19,936.2,2.2565,14.2,,15132.0,1554.5,14825.0,1680.0,,,,,
2009-06-22,921.0,2.138,13.705,,14429.0,1479.0,14415.0,1587.0,,,,,
2009-06-23,924.3,2.205,13.845,,14539.0,1495.5,14625.0,1603.75,,,,,
2009-06-24,934.4,2.274,13.91,,15428.0,1587.5,14800.0,1691.5,,,,,
2009-06-25,939.5,2.3095,14.005,,15604.0,1621.75,14935.0,1725.0,,,,,
2009-06-26,941.0,2.3025,14.156,,15730.0,1559.75,14870.0,1702.25,,,,,
2009-06-29,940.7,2.326,13.975,,15727.0,1536.75,14680.0,1689.25,,,,,
2009-06-30,927.4,2.272,13.6,,15304.0,1525.5,14245.0,1675.5,,,,,
2009-07-01,941.3,2.3305,13.76,,16428.0,1570.75,14580.0,1723.0,,,,,
2009-07-02,931.0,2.3055,13.408,,16384.0,1547.25,14380.0,1681.75,,,,,
2009-07-03,924.3,,13.238,,16129.0,1526.0,14480.0,1691.75,,,,,
2009-07-06,,2.2625,13.238,,15870.0,1538.75,14365.0,1664.75,,,,,
2009-07-07,929.1,2.2255,13.22,,15569.0,1543.5,14230.0,1638.25,,,,,
2009-07-08,909.3,2.159,12.852,,14869.0,1483.0,13370.0,1586.75,,,,,
2009-07-09,916.2,2.2375,12.935,,14818.0,1503.75,12690.0,1602.25,,,,,
2009-07-10,912.5,2.2115,12.645,,14409.0,1469.5,12095.0,1572.5,,,,,
2009-07-13,922.5,2.223,12.785,,14646.0,1415.75,12400.0,1530.5,,,,,
2009-07-14,922.8,2.299,12.855,,,,,,,,,,
2009-07-15,939.4,2.392,13.208,,,,,,,,,,
2009-07-16,935.4,2.3895,13.235,,16046.0,1534.25,13155.0,1604.0,,,,,
2009-07-17,937.5,2.423,13.403,,16072.0,1605.0,13400.0,1654.0,,,,,
2009-07-20,948.8,2.469,13.625,,16170.0,1650.5,14230.0,1688.75,,,,,
2009-07-21,946.9,2.451,13.478,,15897.0,1638.75,14235.0,1673.0,,,,,
2009-07-22,953.3,2.5255,13.7,,16197.0,1669.5,14230.0,1688.0,,,,,
2009-07-23,954.8,2.524,13.77,,16349.0,1682.5,14765.0,1728.75,,,,,
2009-07-24,953.1,2.522,13.875,,16712.0,1675.25,14825.0,1729.0,,,,,
2009-07-27,953.5,2.545,13.99,,16902.0,1692.0,14885.0,1781.0,,,,,
2009-07-28,939.1,2.5205,13.74,,16579.0,1672.0,14360.0,1750.5,,,,,
2009-07-29,927.2,2.4775,13.258,,16221.0,1625.0,14465.0,1743.25,,,,,
2009-07-30,937.3,2.566,13.485,,17178.0,1691.75,14785.0,1803.0,,,,,
2009-07-31,955.8,2.6245,13.94,,17910.0,1731.5,14060.0,1861.0,,,,,
2009-08-03,958.8,2.7415,14.252,,18784.0,1825.5,15435.0,1932.25,,,,,
2009-08-04,969.7,2.7985,14.695,,19302.0,1832.75,15133.0,1903.5,,,,,
2009-08-05,966.3,2.8155,14.76,,20402.0,1903.5,15715.0,1932.5,,,,,
2009-08-06,962.9,2.7555,14.645,,19549.0,1827.0,14930.0,1837.5,,,,,
2009-08-07,959.5,2.7895,14.668,,19569.0,1875.25,15030.0,1882.25,,,,,
2009-08-10,946.9,2.775,14.355,,20135.0,1824.75,15005.0,1854.75,,,,,
2009-08-11,947.6,2.741,14.345,,19432.0,1789.25,14955.0,1779.5,,,,,
2009-08-12,952.5,2.827,14.585,,19582.0,1825.25,15228.0,1826.25,,,,,
2009-08-13,956.5,2.918,14.987,,20536.0,1884.25,15618.0,1917.5,,,,,
2009-08-14,948.7,2.84,14.722,,19515.0,1799.25,14928.0,1834.5,,,,,
2009-08-17,935.8,2.7745,13.975,,19078.0,1743.5,14348.0,1766.75,,,,,
2009-08-18,939.2,2.765,13.96,,,,,,,,,,
2009-08-19,944.8,2.7615,13.875,,,,,,,,,,
2009-08-20,941.7,2.7445,13.88,,18895.0,1783.75,14300.0,1804.0,,,,,
2009-08-21,954.7,2.8845,14.164,,19315.0,1813.75,14750.0,1848.0,,,,,
2009-08-24,943.7,2.92,14.195,,19625.0,1836.0,14785.0,2015.0,,,,,
2009-08-25,946.0,2.862,14.31,,19380.0,1829.25,14295.0,2052.0,,,,,
2009-08-26,945.8,2.8645,14.255,,19110.0,1825.0,14110.0,2041.0,,,,,
2009-08-27,947.3,2.857,14.22,,18786.0,1810.0,14230.0,2001.25,,,,,
2009-08-28,958.8,2.944,14.815,,19065.0,1861.25,14340.0,2099.0,,,,,
2009-08-31,953.5,2.821,14.923,,,,,,,,,,
2009-09-01,956.5,2.812,15.06,,18275.0,1833.25,13945.0,2067.25,,,,,
2009-09-02,978.5,2.8195,15.365,,18105.0,1807.75,14230.0,2104.0,,,,,
2009-09-03,997.7,2.8585,16.29,,18195.0,1872.25,14710.0,2270.0,,,,,
2009-09-04,996.7,2.8605,16.285,,17577.0,1905.0,14605.0,2299.0,,,,,
2009-09-07,999.8,,16.51,,17682.0,1884.0,14735.0,2340.5,,,,,
2009-09-08,,2.95,16.499,,17935.0,1958.75,15505.0,2441.5,,,,,
2009-09-09,997.1,2.918,16.47,,17915.0,1957.5,15325.0,2389.75,,,,,
2009-09-10,996.8,2.87,16.67,,17160.0,1896.5,14730.0,2093.5,,,,,
2009-09-11,1006.4,2.84,16.7,,16913.0,1841.0,14910.0,2042.5,,,,,
2009-09-14,1001.1,2.7975,16.623,,16570.0,1806.75,14715.0,2078.5,,,,,
2009-09-15,1006.3,2.838,17.0,,,,,,,,,,
2009-09-16,1020.2,2.93,17.43,,,,,,,,,,
2009-09-17,1013.5,2.8895,17.265,,17526.0,1943.75,15010.0,2259.75,,,,,
2009-09-18,1010.3,2.7785,17.065,,17101.0,1895.25,15015.0,2168.75,,,,,
2009-09-21,1004.9,2.7995,16.88,,17343.0,1902.25,15025.0,2198.25,,,,,
2009-09-22,1015.5,2.8585,17.115,,17697.0,1928.25,15280.0,2273.75,,,,,
2009-09-23,1014.4,2.802,16.91,,17825.0,1885.0,15175.0,2223.0,,,,,
2009-09-24,998.9,2.7035,16.295,,17038.0,1845.0,14855.0,2153.75,,,,,
2009-09-25,991.6,2.7345,16.06,,16837.0,1860.5,14775.0,2167.5,,,,,
2009-09-28,994.1,2.7205,16.195,,16685.0,1858.0,14825.0,2189.25,,,,,
2009-09-29,994.4,2.729,16.178,,17073.0,1863.25,14890.0,2214.75,,,,,
2009-09-30,1009.3,2.819,16.658,,17830.0,1950.0,15395.0,2265.75,,,,,
2009-10-01,1000.7,2.737,16.44,,17360.0,1891.75,14565.0,2170.0,,,,,
2009-10-02,1004.3,2.6815,16.23,,17210.0,1858.5,14645.0,2094.0,,,,,
2009-10-05,1017.8,2.727,16.535,,17475.0,1849.5,14570.0,2067.5,,,,,
2009-10-06,1039.7,2.7845,17.295,,18054.0,1900.5,14985.0,2127.0,,,,,
2009-10-07,1044.4,2.7795,17.5,,18576.0,1913.75,15090.0,2131.75,,,,,
2009-10-08,1056.3,2.8985,17.815,,19423.0,2062.5,15355.0,2261.75,,,,,
2009-10-09,1048.6,2.838,17.69,,18678.0,2015.5,15210.0,2226.25,,,,,
2009-10-12,1057.5,2.857,17.82,,18746.0,2070.0,15085.0,2271.5,,,,,
2009-10-13,1065.0,2.7945,17.84,,18088.0,2000.25,14780.0,2146.25,,,,,
2009-10-14,1064.7,2.8445,17.908,,18481.0,2008.75,14660.0,2161.25,1367.9,,,,
2009-10-15,1050.6,2.859,17.415,,18735.0,2008.75,14850.0,2184.5,1354.55,,,,
2009-10-16,1051.5,2.8455,17.42,,18636.0,2026.5,14950.0,2179.5,1349.4,,,,
2009-10-18,,,,,,,,,1347.05,,,,
2009-10-19,1058.1,2.9665,17.625,,19210.0,2085.5,15015.0,2262.25,1363.95,,,,
2009-10-20,1058.6,2.932,17.558,,,,,,1357.1,,,,
2009-10-21,1064.5,3.036,17.825,,,,,,1366.4,,,,
2009-10-22,1058.6,2.998,17.545,,19101.0,2230.75,15230.0,2388.0,1372.3,,,,
2009-10-23,1056.4,3.0345,17.723,,18943.0,2252.5,15315.0,2343.25,1365.3,,,,
2009-10-25,,,,,,,,,1368.1,,,,
2009-10-26,1042.8,3.011,17.095,,18598.0,2295.0,15415.0,2292.5,1337.7,,,,
2009-10-27,1035.4,2.999,16.54,,18596.0,2293.0,15615.0,2253.0,1323.2,,,,
2009-10-28,1030.5,2.9305,16.24,,17741.0,2169.75,14730.0,2212.5,1314.75,,,,
2009-10-29,1047.1,3.034,16.655,,18635.0,2249.0,15155.0,2348.25,1340.2,,,,
2009-10-30,1040.4,2.9605,16.255,,18210.0,2138.38,14785.0,2287.5,1330.15,,,,
2009-11-01,,,,,,,,,1324.35,,,,
2009-11-02,1054.0,2.9505,16.44,,18019.0,2172.5,14850.0,2278.75,1339.65,,,,
2009-11-03,1084.9,2.9625,17.18,,17745.0,2157.0,14870.0,2249.25,1349.65,,,,
2009-11-04,1087.3,2.9995,17.405,,17843.0,2206.0,15080.0,2328.5,1370.4,,,,
2009-11-05,1089.3,2.964,17.41,,17701.0,2195.75,15055.0,2313.0,1361.5,,,,
2009-11-06,1095.7,2.961,17.375,,17286.0,2150.25,14810.0,2225.5,1347.5,,,,
2009-11-08,,,,,,,,,1351.8,,,,
2009-11-09,1101.4,2.976,17.48,,17361.0,2134.75,14825.0,2275.5,1366.45,,,,
2009-11-10,1102.5,2.97,17.222,,16757.0,2135.5,14915.0,2263.75,1355.3,,,,
2009-11-11,1114.6,2.975,17.537,,16788.0,2157.75,14780.0,2280.25,1374.7,,,,
2009-11-12,1106.6,2.957,17.265,,16130.0,2124.0,14760.0,2236.25,1361.4,,,,
2009-11-13,1116.7,2.983,17.38,,16048.0,2147.75,14810.0,2253.0,1397.1,,,,
2009-11-15,,,,,,,,,1397.7,,,,
2009-11-16,1139.2,3.114,18.4,,16742.0,2252.75,15069.0,2369.5,1447.7,,,,
2009-11-17,1139.4,3.1185,18.387,,,,,,1454.8,,,,
2009-11-18,1141.2,3.121,18.415,,,,,,1446.05,,,,
2009-11-19,1141.9,3.0915,18.455,,16929.0,2195.25,14868.0,2311.5,1442.25,,,,
2009-11-20,1146.8,3.119,18.44,,16554.0,2234.75,14957.0,2325.5,1450.3,,,,
2009-11-22,,,,,,,,,1453.85,,,,
2009-11-23,1164.7,3.1455,18.61,,16854.0,2249.5,15185.0,2389.0,1459.8,,,,
2009-11-24,1165.8,3.1265,18.455,,16698.0,2213.0,14980.0,2311.0,1452.85,,,,
2009-11-25,1187.0,3.1795,18.768,,16950.0,2284.5,15040.0,2367.75,1479.0,,,,
2009-11-26,1175.5,,18.335,,16524.0,2232.25,14965.0,2316.75,1458.15,,,,
2009-11-27,,3.1165,,,16033.0,2205.75,14885.0,2276.75,1443.0,,,,
2009-11-29,,,,,,,,,1449.5,,,,
2009-11-30,1182.3,3.168,18.525,,16348.0,2297.5,15178.0,2320.25,1460.15,,,,
2009-12-01,1200.2,3.222,19.21,,16195.0,2347.0,15160.0,2442.75,1487.25,,,,
2009-12-02,1213.0,3.2495,19.325,,16241.0,2403.5,15181.0,2457.0,1510.95,,,,
2009-12-03,1218.3,3.2365,19.128,,15940.0,2382.5,15094.0,2381.5,1487.95,,,,
2009-12-04,1169.5,3.2285,18.52,,15934.0,2340.25,15213.0,2337.5,1447.85,,,,
2009-12-06,,,,,,,,,1440.9,,,,
2009-12-07,1164.0,3.2005,18.36,,15926.0,2275.25,14860.0,2243.0,1446.6,,,,
2009-12-08,1143.4,3.156,17.807,,16073.0,2295.75,15075.0,2257.25,1421.95,,,,
2009-12-09,1120.9,3.114,17.18,,16493.0,2280.25,15210.0,2248.5,1422.8,,,,
2009-12-10,1126.2,3.0945,17.188,,16196.0,2237.5,15240.0,2242.5,1425.9,,,,
2009-12-11,1119.9,3.1245,17.09,,16527.0,2264.25,15150.0,2268.5,1431.1,,,,
2009-12-13,,,,,,,,,1425.9,,,,
2009-12-14,1123.8,3.1435,17.34,,16827.0,2298.25,15250.0,2306.0,1449.95,,,,
2009-12-15,1123.0,3.1335,17.455,,,,,,1452.05,,,,
2009-12-16,1136.2,3.198,17.693,,,,,,1458.85,,,,
2009-12-17,1107.4,3.121,17.195,,17029.0,2370.25,15763.0,2341.75,1431.3,,,,
2009-12-18,1111.5,3.1315,17.32,,17058.0,2385.25,15838.0,2302.5,1438.15,,,,
2009-12-20,,,,,,,,,1439.85,,,,
2009-12-21,1096.0,3.1515,17.035,,17902.0,2415.25,15860.0,2291.0,1424.15,,,,
2009-12-22,1086.7,3.131,17.03,,17702.0,2411.5,15785.0,2290.75,1403.25,,,,
2009-12-23,1094.0,3.1965,17.19,,18387.0,2516.5,15985.0,2311.75,1432.3,,,,
2009-12-24,1104.8,3.283,17.44,,18601.0,2472.25,16159.5,2330.5,1472.4,,,,
2009-12-25,,,,,,,,,1472.4,,,,
2009-12-27,,,,,,,,,1478.3,,,,
2009-12-28,1107.9,3.328,17.56,,,,,,1490.6,,,,
2009-12-29,1098.1,3.3055,17.11,,19147.0,2523.5,16693.0,2428.25,1475.4,,,,
2009-12-30,1092.5,3.345,16.802,,18847.0,2530.25,16638.0,2389.0,1462.5,,,,
2009-12-31,1096.2,3.3465,16.845,,18467.0,2534.75,16893.0,2409.0,1475.1,,,,
2010-01-01,,,,,,,,,1474.9,,,,
2010-01-03,,,,,,,,,1477.4,,,,
2010-01-04,1118.3,3.406,17.463,,18934.0,2547.0,17388.0,2490.75,1528.45,,92.45,,44.5
2010-01-05,1118.7,3.4135,17.8,,18648.0,2547.5,17312.0,2499.0,1536.3,,96.1,,44.5
2010-01-06,1136.5,3.4945,18.175,,19095.0,2691.25,17768.0,2657.75,1563.3,,97.5,,44.5
2010-01-07,1133.7,3.427,18.345,,18394.0,2579.25,17417.0,2576.0,1555.1,,102.45,,44.5
2010-01-08,1138.9,3.4005,18.47,,17839.0,2493.25,17277.0,2507.75,1581.2,,101.1,,44.5
2010-01-10,,,,,,,,,1585.55,,,,
2010-01-11,1151.4,3.441,18.695,,17825.0,2544.0,17834.0,2505.5,1590.35,,97.85,,44.5
2010-01-12,1129.4,3.3495,18.255,,17632.0,2446.75,17831.0,2406.5,1574.55,,96.0,,43.75
2010-01-13,1136.8,3.4,18.55,,18231.0,2460.75,17932.0,2454.75,1580.95,,95.35,,44.0
2010-01-14,1143.0,3.3875,18.655,,18229.0,2474.75,18356.0,2484.75,1612.65,,96.35,,43.5
2010-01-15,1130.5,3.366,18.427,,18528.0,2442.0,18033.0,2412.25,1599.85,,97.45,,43.25
2010-01-17,,,,,,,,,1601.05,,,,
2010-01-18,1140.0,,18.8,,18818.0,2454.25,17933.0,2443.75,1622.75,,98.55,,
2010-01-19,,3.447,18.8,,,,,,1641.85,,98.85,,43.25
2010-01-20,1112.6,3.355,17.88,,,,,,1608.2,,96.9,,43.25
2010-01-21,1103.2,3.295,17.51,,18892.0,2382.0,17702.0,2245.5,1588.4,,94.5,,42.5
2010-01-22,1089.7,3.347,16.932,,18258.0,2331.75,17730.0,2221.75,1548.0,,95.45,,42.5
2010-01-24,,,,,,,,,1537.5,,,,
2010-01-25,1095.7,3.393,17.145,,18097.0,2294.0,17853.0,2204.0,1553.2,,95.95,,42.5
2010-01-26,1098.3,3.3395,16.86,,18141.0,2298.25,17925.0,2183.0,1529.85,,95.2,,42.0
2010-01-27,1084.5,3.2225,16.44,,18135.0,2215.0,17800.0,2106.25,1519.0,,94.65,,42.0
2010-01-28,1084.8,3.106,16.212,,18290.0,2137.0,17500.0,2039.0,1507.6,,94.6,,42.0
2010-01-29,1083.8,3.0595,16.19,,18447.0,2090.0,17148.0,2007.5,1502.65,,95.3,,41.25
2010-01-31,,,,,,,,,1502.0,,,,
2010-02-01,1105.0,3.091,16.66,,17942.0,2128.5,16100.0,2029.0,1548.7,,92.85,,43.0
2010-02-02,1118.0,3.0965,16.743,,18237.0,2143.5,16399.0,2102.5,1578.45,,93.4,,42.5
2010-02-03,1112.0,2.9805,16.317,,18286.0,2078.0,16548.0,2005.75,1573.65,,92.9,,42.5
2010-02-04,1063.0,2.8865,15.35,,17661.0,2006.5,16123.0,1948.5,1509.3,,91.3,,42.5
2010-02-05,1052.8,2.866,14.83,,16984.0,1921.25,15398.0,1919.0,1483.25,,91.1,,42.5
2010-02-07,,,,,,,,,1483.7,,,,
2010-02-08,1066.2,2.922,15.085,,17208.0,2004.25,15145.0,1947.25,1476.4,,90.6,,42.5
2010-02-09,1077.2,2.9965,15.435,,17479.0,2086.75,15400.0,2015.25,1504.65,,91.15,,42.5
2010-02-10,1076.3,2.999,15.3,,17639.0,2099.75,15641.0,2029.0,1509.3,,90.6,,42.0
2010-02-11,1094.7,3.143,15.59,,18378.0,2183.5,16138.0,2110.25,1528.9,,90.5,,42.0
2010-02-12,1090.0,3.0925,15.447,,18570.0,2167.5,16161.0,2119.75,1514.7,,91.4,,42.0
2010-02-14,,,,,,,,,1514.0,,,,
2010-02-15,1119.8,,16.148,,19280.0,2190.5,16432.0,2164.0,1512.3,,91.45,,
2010-02-16,,3.231,16.161,,,,,,1538.65,,92.05,,41.75
2010-02-17,1120.1,3.2495,16.098,,,,,,1530.0,,92.05,,41.75
2010-02-18,1118.7,3.2965,16.06,,20398.0,2292.25,16906.0,2304.75,1503.55,,92.2,,41.5
2010-02-19,1122.1,3.3695,16.413,,20671.0,2347.0,16953.0,2344.75,1532.55,,92.7,,41.25
2010-02-21,,,,,,,,,1544.7,,,,
2010-02-22,1113.1,3.3195,16.222,,20420.0,2274.5,17128.0,2310.5,1531.55,,92.7,,41.25
2010-02-23,1103.2,3.226,15.888,,20137.0,2201.5,16776.0,2219.5,1519.1,,93.1,,41.0
2010-02-24,1097.2,3.246,15.94,,20417.0,2184.5,16921.0,2198.25,1519.25,,93.2,,41.0
2010-02-25,1108.5,3.21,16.132,,20288.0,2095.5,16665.0,2132.0,1527.7,,93.75,,41.0
2010-02-26,1118.9,3.284,16.521,,21113.0,2174.5,17060.0,2146.5,1541.5,,93.85,,41.0
2010-02-28,,,,,,,,,1544.95,,,,
2010-03-01,1118.3,3.35,16.469,,21383.0,2197.5,16982.0,2150.5,1549.25,,96.9,,40.5
2010-03-02,1137.4,3.4115,17.064,,22173.0,2232.5,17023.0,2179.75,1571.3,,96.0,,40.5
2010-03-03,1143.3,3.435,17.329,,22779.0,2297.5,17282.0,2218.5,1582.8,,95.95,,40.25
2010-03-04,1133.1,3.3755,17.176,,22231.0,2235.75,17188.0,2150.25,1577.15,,95.25,,40.25
2010-03-05,1135.2,3.4175,17.382,,22328.0,2325.5,17336.0,2210.5,1577.35,,94.6,,40.25
2010-03-07,,,,,,,,,1572.65,,,,
2010-03-08,1124.0,3.4105,17.272,,22231.0,2344.5,17229.0,2234.5,1595.55,,94.85,,40.25
2010-03-09,1122.3,3.4115,17.338,,22181.0,2349.0,17485.0,2220.75,1593.25,,94.5,,40.25
2010-03-10,1108.1,3.368,17.018,,21450.0,2349.75,17680.0,2264.75,1592.95,,94.8,,41.0
2010-03-11,1108.2,3.377,17.16,,21224.0,2313.0,17279.0,2226.25,1607.8,,94.55,,41.0
2010-03-12,1101.7,3.38,17.048,,21685.0,2307.75,17477.0,2240.25,1608.6,,94.35,,41.0
2010-03-14,,,,,,,,,1609.55,,,,
2010-03-15,1105.4,3.315,17.108,,21445.0,2250.5,17371.0,2176.0,1621.9,,94.7,,41.25
2010-03-16,1122.5,3.365,17.354,,,,,,1634.8,,94.7,,41.25
2010-03-17,1124.2,3.418,17.523,,,,,,1633.3,,94.65,,41.25
2010-03-18,1127.5,3.3955,17.422,,22742.0,2316.0,17748.0,2228.75,1626.25,,94.75,,41.25
2010-03-19,1107.6,3.3725,17.032,,22431.0,2277.0,17603.0,2178.0,1612.8,,94.55,,41.5
2010-03-22,1099.5,3.3805,16.935,,22253.0,2257.75,17500.0,2146.75,1610.55,,94.45,,41.75
2010-03-23,1103.7,3.379,17.027,,22475.0,2220.25,17548.0,2085.25,1613.45,,94.45,,42.0
2010-03-24,1088.8,3.3455,16.641,,22232.0,2190.5,17472.0,2007.0,1581.95,,94.45,,42.0
2010-03-25,1092.9,3.3805,16.741,,22822.0,2224.5,17400.0,2057.25,1603.5,,94.4,,42.5
2010-03-26,1104.3,3.403,16.906,,23588.0,2207.75,17617.0,2104.5,1602.15,,94.65,,42.5
2010-03-28,,,,,,,,,1606.7,,,,
2010-03-29,1110.3,3.5355,17.387,,23980.0,2309.75,17963.0,2129.75,1625.7,,93.9,,42.25
2010-03-30,1105.7,3.572,17.33,,24334.0,2356.75,18308.0,2113.25,1622.65,,94.45,,41.75
2010-03-31,1114.5,3.563,17.526,,24972.0,2351.75,18394.0,2125.0,1649.85,,94.95,,41.75
2010-04-01,1126.1,3.5935,17.89,,25022.0,2379.0,18388.0,2187.5,1673.4,,96.35,,41.5
2010-04-04,,,,,,,,,1678.15,,,,
2010-04-05,1133.8,3.642,18.118,,,,,,1700.05,,96.35,,41.5
2010-04-06,1136.0,3.6275,17.931,,24809.0,2421.25,18350.0,2276.5,1707.0,,98.65,,41.5
2010-04-07,1153.0,3.608,18.199,,24684.0,2372.25,18515.0,2266.75,1712.85,,99.2,,41.5
2010-04-08,1152.9,3.5975,18.127,,24673.0,2351.25,18538.0,2265.5,1718.1,,98.8,,41.5
2010-04-09,1161.9,3.6005,18.351,,25147.0,2385.25,18674.0,2308.0,1725.9,,98.75,,41.5
2010-04-11,,,,,,,,,1734.65,,,,
2010-04-12,1162.2,3.5755,18.414,,25724.0,2393.0,18631.0,2335.5,1731.25,,98.5,,41.5
2010-04-13,1153.4,3.611,18.249,,25447.0,2357.75,18540.0,2337.75,1723.9,,97.9,,41.25
2010-04-14,1159.6,3.6205,18.415,,26340.0,2429.75,18775.0,2338.0,1735.0,,98.2,,41.25
2010-04-15,1160.3,3.6115,18.433,,27166.0,2477.75,18897.0,2316.25,1725.35,,97.75,,41.25
2010-04-16,1136.9,3.5255,17.675,,26645.5,2390.75,19128.0,2237.25,1695.2,,97.95,,41.25
2010-04-18,,,,,,,,,1692.95,,,,
2010-04-19,1135.8,3.508,17.731,,26637.0,2354.75,18732.0,2209.0,1696.55,,97.8,,41.25
2010-04-20,1139.2,3.525,17.821,,,,,,1724.7,,98.7,,41.25
2010-04-21,1148.8,3.547,18.078,,,,,,1737.75,,101.0,,41.25
2010-04-22,1142.9,3.497,18.009,,27048.0,2393.75,18850.0,2289.5,1745.7,,101.9,,41.25
2010-04-23,1153.7,3.5215,18.192,,27001.0,2380.5,18949.5,2281.25,1743.4,,102.2,,41.25
2010-04-25,,,,,,,,,1744.8,,,,
2010-04-26,1154.0,3.5385,18.337,,27104.0,2415.75,19093.0,2339.25,1753.75,,104.25,,41.5
2010-04-27,1162.2,3.3735,18.119,,25876.0,2335.25,18498.0,2280.25,1725.0,,104.95,,41.5
2010-04-28,1171.8,3.3775,18.107,,25603.0,2304.0,17947.0,2217.0,1714.15,,102.9,,41.75
2010-04-29,1168.8,3.3505,18.579,,25353.0,2242.0,18101.0,2209.75,1738.75,,104.75,,41.75
2010-04-30,1180.7,3.3535,18.639,,26253.0,2259.25,18190.5,2208.25,1743.3,,103.85,,41.75
2010-05-03,1183.3,3.2935,18.84,,,,,,1728.45,,107.5,,41.75
2010-05-04,1169.2,3.1785,17.842,,24601.0,2118.75,17785.0,2033.75,1671.8,,109.5,,41.75
2010-05-05,1175.0,3.1515,17.534,,21868.0,2097.0,17510.0,1913.0,1655.6,,109.5,,41.75
2010-05-06,1197.3,3.117,17.515,,21992.0,2085.25,17635.0,1973.75,1662.25,,105.75,,41.5
2010-05-07,1210.4,3.1445,18.451,,22491.0,2063.0,17535.0,2022.75,1665.75,,103.4,,41.5
2010-05-09,,,,,,,,,1669.9,,,,
2010-05-10,1200.8,3.228,18.552,,22943.0,2109.5,17682.0,2080.0,1698.55,,104.4,,41.5
2010-05-11,1220.3,3.2065,19.294,,22527.0,2040.25,17460.0,2021.25,1708.3,,101.65,,41.25
2010-05-12,1243.1,3.188,19.663,,22485.0,2070.75,17661.0,2016.25,1735.8,,100.95,,41.5
2010-05-13,1229.2,3.2315,19.499,,22704.0,2130.0,17736.0,2036.0,1735.95,,101.0,,41.5
2010-05-14,1227.8,3.134,19.225,,21483.0,2025.0,17487.0,1910.75,1722.7,,101.5,,41.5
2010-05-16,,,,,,,,,1718.6,,,,
2010-05-17,1228.1,2.932,18.859,,20627.0,1868.5,17108.0,1774.0,1674.65,,100.9,,41.5
2010-05-18,1214.6,3.031,18.879,,,,,,1675.85,,101.65,,41.5
2010-05-19,1193.1,2.9595,18.115,,,,,,1615.3,,99.5,,41.5
2010-05-20,1188.6,2.9445,17.715,,21149.0,1852.0,17347.0,1723.0,1489.75,,100.25,,41.0
2010-05-21,1176.1,3.061,17.651,,21300.0,1870.75,17560.0,1791.25,1504.35,,100.6,,40.75
2010-05-23,,,,,,,,,1497.9,,,,
2010-05-24,1194.0,3.1475,18.0,,22145.0,1907.5,17704.0,1808.5,1528.55,,101.75,,40.75
2010-05-25,1198.0,3.042,17.781,,21137.0,1831.25,17548.0,1722.75,1519.85,,101.35,,40.5
2010-05-26,1213.4,3.0805,18.306,,21056.0,1865.0,17525.0,1730.25,1522.95,,100.2,,40.5
2010-05-27,1214.4,3.169,18.468,,21741.0,1914.0,17938.0,1821.75,1564.1,,100.95,,40.5
2010-05-28,1215.0,3.115,18.422,,21291.0,1909.5,17854.0,1827.75,1547.8,,101.6,,40.5
2010-05-30,,,,,,,,,1552.25,,,,
2010-05-31,1226.9,,18.551,,,,,,1564.8,,100.2,,
2010-06-01,,3.073,18.57,,20437.0,1824.5,17743.0,1726.25,1550.85,,99.05,,40.75
2010-06-02,1222.6,3.0505,18.315,,19586.0,1773.25,17592.0,1671.0,1556.35,,98.75,,41.0
2010-06-03,1210.0,2.9565,17.931,,18609.0,1716.0,17618.0,1621.25,1551.85,,99.0,,41.0
2010-06-04,1217.7,2.8295,17.299,,17889.0,1612.25,15951.0,1583.5,1513.0,,99.3,,41.0
2010-06-06,,,,,,,,,1510.3,,,,
2010-06-07,1240.8,2.7765,18.162,,18137.0,1598.0,15444.0,1529.75,1514.95,,99.65,,41.0
2010-06-08,1245.6,2.79,18.477,,18412.0,1704.0,15897.0,1583.75,1529.0,,99.4,,40.75
2010-06-09,1229.9,2.86,18.189,,19218.0,1723.75,16288.0,1662.25,1527.4,,99.45,,40.75
2010-06-10,1222.2,2.8725,18.351,,18886.0,1690.0,16609.0,1665.0,1546.7,,99.9,,40.75
2010-06-11,1230.2,2.9145,18.231,,19480.0,1709.5,16498.0,1649.5,1542.05,,99.9,,40.75
2010-06-13,,,,,,,,,1546.85,,,,
2010-06-14,1224.5,3.003,18.411,,20230.0,1764.5,16894.5,1692.75,1559.75,,100.75,,40.75
2010-06-15,1234.4,3.015,18.578,,,,,,1576.65,,100.3,,40.75
2010-06-16,1230.5,3.0055,18.441,,,,,,1571.9,,100.45,,40.75
2010-06-17,1248.7,2.9155,18.776,,19755.0,1743.75,17708.0,1749.5,1586.2,,100.4,,40.75
2010-06-18,1258.3,2.893,19.184,,19543.0,1708.5,17414.0,1730.25,1598.9,,100.15,,40.75
2010-06-20,,,,,,,,,1603.9,,,,
2010-06-21,1240.7,2.9515,18.808,,19799.0,1752.25,17862.0,1817.0,1602.0,,99.9,,40.75
2010-06-22,1240.8,3.002,18.902,,19599.0,1770.75,18112.0,1811.25,1593.4,,99.2,,40.75
2010-06-23,1234.8,2.9465,18.459,,19223.0,1806.0,17785.0,1798.0,1574.95,,99.5,,40.75
2010-06-24,1245.9,3.016,18.736,,19347.0,1851.5,18111.0,1802.75,1568.95,,99.15,,40.75
2010-06-25,1256.2,3.1035,19.11,,19697.0,1850.5,18083.0,1798.0,1577.65,,99.65,,40.75
2010-06-27,,,,,,,,,1582.1,,,,
2010-06-28,1238.6,3.0805,18.678,,20597.0,1856.25,18207.0,1843.0,1571.1,,99.1,,41.5
2010-06-29,1242.4,2.9305,18.635,,19024.0,1717.75,17555.0,1702.25,1543.95,,99.15,,41.5
2010-06-30,1245.9,2.9505,18.708,,19693.0,1767.0,17385.0,1731.75,1535.6,,98.9,,41.75
2010-07-01,1206.7,2.877,17.79,,18947.0,1714.5,16915.0,1716.0,1504.4,,98.15,,41.75
2010-07-02,1207.7,2.916,17.719,,18747.0,1754.75,17196.0,1734.0,1505.35,,97.65,,41.75
2010-07-04,,,,,,,,,1507.4,,,,
2010-07-05,1195.1,,17.857,,18620.0,1780.5,17290.0,1744.5,1508.9,,97.5,,
2010-07-06,,2.971,17.857,,18845.0,1823.25,17570.0,1761.0,1516.35,,97.1,,41.5
2010-07-07,1198.9,3.015,18.0,,19096.0,1826.5,17618.0,1775.5,1533.9,,96.4,,41.5
2010-07-08,1196.1,3.0155,17.872,,19345.0,1828.75,17519.0,1810.5,1525.15,,97.1,,41.75
2010-07-09,1209.8,3.0535,18.073,,19445.0,1878.0,17618.0,1827.25,1534.45,,97.15,,41.75
2010-07-11,,,,,,,,,1536.4,,,,
2010-07-12,1198.7,3.009,17.917,,19141.0,1830.5,17500.0,1765.5,1518.4,,97.05,,41.5
2010-07-13,1213.5,3.0175,18.257,,19491.0,1841.0,17990.0,1806.25,1536.45,,96.8,,41.5
2010-07-14,1207.0,3.0085,18.29,,19341.0,1826.0,17965.0,1810.5,1524.5,,97.05,,41.5
2010-07-15,1208.3,3.012,18.362,,19337.0,1783.0,17920.0,1780.25,1533.2,,97.15,,41.5
2010-07-16,1188.2,2.9295,17.788,,18886.0,1770.75,17735.0,1752.0,1513.35,,96.85,,41.5
2010-07-18,,,,,,,,,1515.55,,,,
2010-07-19,1181.9,2.938,17.543,,18730.0,1781.5,17925.0,1755.0,1505.95,,96.6,,41.75
2010-07-20,1191.7,3.0015,17.693,,,,,,1518.5,,96.55,,41.75
2010-07-21,1191.8,3.093,17.803,,,,,,1519.15,,96.15,,41.75
2010-07-22,1195.6,3.1645,18.12,,20205.0,1931.0,18557.0,1926.5,1529.6,,95.95,,41.75
2010-07-23,1187.8,3.185,18.101,,20303.0,1887.9,19481.0,1965.75,1545.25,,95.95,,42.0
2010-07-25,,,,,,,,,1544.55,,,,
2010-07-26,1183.1,3.223,18.2,,20747.0,1934.75,19387.0,2000.75,1551.65,,96.05,,44.0
2010-07-27,1158.0,3.2065,17.626,,20494.0,1889.25,19315.0,1961.25,1533.6,,95.95,,46.0
2010-07-28,1160.4,3.2455,17.441,,20352.0,1934.25,19522.0,2001.0,,,95.65,,46.0
2010-07-29,1171.2,3.299,17.617,,20622.0,1969.0,19592.0,2033.0,,,96.3,,45.5
2010-07-30,1183.9,3.32,18.003,,21095.0,2004.5,19492.0,2059.5,1575.55,,96.2,,45.5
2010-08-01,,,,,,,,,1575.25,,,,
2010-08-02,1185.4,3.398,18.419,,21898.0,2100.25,19862.0,2194.75,1603.9,,94.85,,45.5
2010-08-03,1187.5,3.3665,18.422,,21614.0,2061.75,19822.0,2201.5,1586.6,,94.5,,45.5
2010-08-04,1195.9,3.4125,18.278,,21898.0,2096.5,20266.0,2223.5,1586.8,,93.65,,45.5
2010-08-05,1199.3,3.3615,18.321,,21819.0,2072.5,20450.0,2163.75,1573.8,,91.8,,45.5
2010-08-06,1205.3,3.3515,18.472,,22044.0,2103.75,20704.0,2138.75,1576.7,,91.25,,45.5
2010-08-08,,,,,,,,,1572.45,,,,
2010-08-09,1202.6,3.3625,18.242,,22740.0,2122.75,21285.0,2175.75,1548.7,,90.55,,45.75
2010-08-10,1198.0,3.3215,18.158,,22137.0,2057.0,20591.5,2101.0,1549.0,,90.1,,46.25
2010-08-11,1199.2,3.263,17.902,,21630.0,2008.25,19850.0,2040.25,1525.65,,89.3,,46.25
2010-08-12,1216.7,3.293,18.065,,21359.0,2028.0,20580.0,2075.0,1529.6,,88.85,,46.25
2010-08-13,1216.6,3.2605,18.109,,21209.0,2018.75,21000.0,2031.5,1526.65,,88.1,,46.25
2010-08-15,,,,,,,,,1525.7,,,,
2010-08-16,1226.2,3.288,18.427,,21479.0,2043.0,21265.0,2066.75,1538.6,,88.7,,46.0
2010-08-17,1228.3,3.3465,18.595,,,,,,1543.8,,89.5,,46.0
2010-08-18,1231.4,3.358,18.399,,,,,,1536.55,,88.75,,46.0
2010-08-19,1235.4,3.3275,18.327,,21752.0,2070.5,21175.0,2087.0,1529.15,,89.35,,46.0
2010-08-20,1228.8,3.2995,17.991,,21509.0,2038.5,20760.0,2038.0,1514.75,,89.7,,46.0
2010-08-22,,,,,,,,,1514.05,,,,
2010-08-23,1228.5,3.3005,17.992,,21157.5,2023.0,20520.0,2028.5,1510.45,,89.3,,46.0
2010-08-24,1233.4,3.251,18.378,,20558.5,1968.25,20435.0,1992.25,1516.8,,89.7,,45.5
2010-08-25,1241.3,3.2205,19.026,,20048.0,1940.25,20380.0,1940.25,1530.75,,89.65,,44.0
2010-08-26,1237.7,3.3145,18.982,,20408.0,2026.25,21390.0,2005.0,1532.6,,89.75,,44.0
2010-08-27,1237.9,3.374,19.074,,21009.0,2071.25,21680.0,2069.25,1537.25,,90.4,,44.0
2010-08-29,,,,,,,,,1536.7,,,,
2010-08-30,1239.2,3.4255,19.074,,,,,,1530.3,,,,44.0
2010-08-31,1250.3,3.3685,19.432,,20657.0,2040.0,21035.0,2048.0,1524.95,,94.15,,45.0
2010-09-01,1248.1,3.4755,19.393,,21006.0,2108.25,21480.0,2092.5,1533.9,,94.1,,46.0
2010-09-02,1253.4,3.4935,19.672,,21603.0,2148.5,21430.0,2132.5,1550.25,,94.0,,46.0
2010-09-03,1251.1,3.4985,19.949,,21560.0,2125.25,21195.0,2144.5,1557.65,,94.13,,47.0
2010-09-05,,,,,,,,,1562.95,,,,
2010-09-06,1259.3,,19.914,,22112.0,2169.5,20830.0,2171.25,1562.55,,94.05,,
2010-09-07,,3.469,19.9,,22162.0,2162.5,20920.0,2157.5,1556.5,,93.88,,47.0
2010-09-08,1257.5,3.497,20.009,,22894.0,2191.75,21645.0,2208.0,1562.5,,93.5,,48.0
2010-09-09,1250.9,3.4405,19.855,,22745.0,2125.5,21667.0,2172.75,1552.7,,93.17,,48.0
2010-09-10,1246.5,3.4035,19.845,,22497.0,2082.75,21839.0,2155.25,1541.75,,93.25,,48.0
2010-09-12,,,,,,,,,1541.75,,,,
2010-09-13,1247.1,3.4775,20.151,,22844.0,2121.0,22265.0,2220.75,1554.2,,94.0,,48.0
2010-09-14,1271.7,3.4665,20.432,,,,,,1590.65,,94.08,,48.0
2010-09-15,1268.7,3.465,20.571,,,,,,1602.45,,93.83,,48.0
2010-09-16,1273.8,3.4925,20.771,,23279.0,2131.75,23508.0,2183.75,1613.8,,94.42,,48.0
2010-09-17,1277.5,3.522,20.816,,23235.0,2134.5,23615.0,2184.75,1622.95,,94.58,,47.5
2010-09-19,,,,,,,,,1622.9,,,,
2010-09-20,1280.8,3.5035,20.803,,23102.0,2161.25,23460.0,2176.0,1632.95,,94.42,,47.0
2010-09-21,1274.3,3.4805,20.64,,22369.0,2122.75,23001.0,2156.25,1628.9,,94.52,,47.0
2010-09-22,1292.1,3.563,21.055,,22587.0,2171.0,23303.0,2204.0,1639.9,,94.47,,46.5
2010-09-23,1296.3,3.589,21.213,,22783.0,2229.75,23699.0,2254.75,1646.9,,94.43,,46.5
2010-09-24,1298.1,3.617,21.399,,22942.0,2227.0,23614.0,2275.5,1650.25,,94.75,,46.5
2010-09-26,,,,,,,,,1652.15,,,,
2010-09-27,1298.6,3.5965,21.471,,23132.0,2185.5,23668.0,2248.75,1632.65,,95.2,,46.5
2010-09-28,1308.3,3.636,21.707,,23212.0,2197.5,24013.0,2261.75,1642.5,,95.27,,46.5
2010-09-29,1310.3,3.6615,21.952,,23378.0,2202.75,24347.0,2280.25,1654.2,,95.64,,46.5
2010-09-30,1309.6,3.6515,21.821,,23420.0,2172.5,24273.0,2258.5,1660.65,,95.94,,46.5
2010-10-01,1317.8,3.6905,22.06,,23864.0,2206.5,24920.0,2274.75,1683.55,,96.05,,46.5
2010-10-03,,,,,,,,,1684.45,,,,
2010-10-04,1316.8,3.664,22.036,,24132.0,2204.75,25213.0,2254.75,1671.3,,95.43,,47.0
2010-10-05,1340.3,3.7265,22.737,,24716.0,2287.0,25936.0,2288.25,1703.45,,95.13,,48.0
2010-10-06,1347.7,3.753,23.043,,24788.0,2308.5,26263.0,2292.5,1716.25,,95.63,,48.0
2010-10-07,1335.0,3.6795,22.584,,23871.0,2235.5,25608.0,2184.0,1705.15,,95.62,,48.25
2010-10-08,1345.3,3.7745,23.105,,24368.0,2264.75,26355.0,2246.75,1708.2,,95.31,,48.25
2010-10-10,,,,,,,,,1714.2,,,,
2010-10-11,1354.4,3.7895,23.349,,24293.0,2304.25,26201.0,2288.75,1693.9,,95.73,,48.25
2010-10-12,1346.7,3.7895,23.147,,24016.0,2344.0,26514.0,2350.25,1691.65,,95.36,,48.25
2010-10-13,1370.5,3.8205,23.932,,24361.0,2383.25,26791.0,2410.0,1712.85,,96.19,,48.25
2010-10-14,1377.6,3.8155,24.435,,24262.0,2386.75,26972.0,2384.5,1713.4,,96.83,,48.25
2010-10-15,1372.0,3.839,24.288,,23987.0,2395.25,26753.0,2398.75,1699.55,,97.05,,48.25
2010-10-17,,,,,,,,,1696.85,,,,
2010-10-18,1372.1,3.855,24.413,,23751.0,2395.5,26680.0,2411.0,1693.35,,97.0,,48.5
2010-10-19,1336.0,3.7575,23.78,,,,,,1667.1,,97.45,,49.5
2010-10-20,1344.2,3.7935,23.864,,,,,,1690.7,,97.9,,50.5
2010-10-21,1325.6,3.7815,23.139,,23501.0,2452.5,26445.0,2465.75,1678.4,,97.5,,51.5
2010-10-22,1325.1,3.797,23.118,,23176.0,2491.5,26390.0,2510.75,1679.85,,97.7,,51.5
2010-10-24,,,,,,,,,1680.85,,,,
2010-10-25,1338.9,3.863,23.544,,23521.0,2543.25,26890.0,2565.25,1698.65,145.0,98.05,,52.0
2010-10-26,1338.6,3.869,23.83,,23245.0,2593.25,26690.0,2573.25,1706.3,145.1,97.5,,52.0
2010-10-27,1322.6,3.7755,23.404,,22750.0,2488.75,26030.0,2524.5,1681.85,144.5,97.9,,51.25
2010-10-28,1342.5,3.7925,23.875,,23044.0,2471.5,26227.0,2486.25,1695.85,144.0,97.65,,51.25
2010-10-29,1357.6,3.739,24.564,,22933.0,2400.75,25573.0,2431.25,1709.4,147.5,97.4,,52.0
2010-10-31,,,,,,,,,1713.95,,,,
2010-11-01,1350.6,3.7905,24.552,,23188.0,2425.5,25564.0,2446.5,1712.65,146.0,105.65,,51.5
2010-11-02,1356.9,3.844,24.836,,23418.0,2429.25,25773.0,2471.5,1720.0,152.0,106.25,,53.0
2010-11-03,1337.6,3.7905,24.436,,23490.0,2381.5,25838.0,2418.25,1708.55,153.5,106.4,,54.5
2010-11-04,1383.1,3.917,26.043,,24441.0,2488.75,26493.0,2510.25,1768.65,156.5,106.35,,55.0
2010-11-05,1397.7,3.9535,26.748,,24395.0,2504.5,26432.0,2486.5,1771.95,158.3,106.1,,56.0
2010-11-07,,,,,,,,,1772.6,,,,
2010-11-08,1403.2,3.961,27.432,,24061.0,2454.25,26600.0,2484.0,1769.75,161.5,105.75,,56.0
2010-11-09,1410.1,4.047,28.906,,24555.0,2555.25,27367.0,2587.25,1769.25,162.0,105.65,,57.5
2010-11-10,1399.3,3.973,26.865,,24088.0,2500.75,26965.0,2581.0,1744.65,157.5,106.65,,57.5
2010-11-11,1403.3,4.0245,27.405,,23933.0,2519.25,26990.0,2586.5,1756.4,159.0,107.75,,58.5
2010-11-12,1365.5,3.895,25.942,,22615.0,2372.25,26147.0,2496.5,1681.4,155.8,110.1,,58.5
2010-11-14,,,,,,,,,1685.1,,,,
2010-11-15,1368.5,3.9235,26.092,,22283.0,2315.25,25895.0,2430.0,1676.8,156.0,112.75,,58.5
2010-11-16,1338.4,3.727,25.233,,,,,,1645.7,160.3,111.0,,59.5
2010-11-17,1336.9,3.7295,25.511,,,,,,1638.6,158.5,109.35,,59.0
2010-11-18,1353.0,3.8335,26.834,,21807.0,2172.0,25090.0,2298.0,1672.7,158.0,109.65,,59.0
2010-11-19,1352.3,3.837,27.179,,21807.0,2146.25,24990.0,2261.0,1666.15,159.5,109.8,,59.5
2010-11-21,,,,,,,,,1673.8,,,,
2010-11-22,1357.8,3.7555,27.461,,21556.0,2124.25,24290.0,2233.75,1660.4,160.0,108.15,,60.5
2010-11-23,1377.6,3.7045,27.572,,21561.0,2073.0,23893.0,2170.0,1655.2,161.0,107.7,,60.5
2010-11-24,1373.0,3.7595,27.528,,22460.0,2110.75,24303.0,2205.25,1664.1,161.5,107.6,,60.5
2010-11-25,1362.4,,26.772,,22789.0,2192.0,24343.0,2314.0,1660.0,,108.25,,
2010-11-26,,3.7565,26.724,,22513.0,2097.0,24218.0,2263.75,1649.6,161.0,107.05,,60.0
2010-11-28,,,,,,,,,1638.7,,,,
2010-11-29,1367.5,3.7655,27.193,,22383.0,2075.0,23909.0,2171.0,1647.65,160.5,112.55,,61.0
2010-11-30,1386.1,3.8255,28.212,,23011.0,2107.75,24502.0,2215.0,1659.7,160.5,112.3,,61.0
2010-12-01,1388.3,3.9475,28.413,,23519.0,2150.25,24801.0,2253.75,1684.0,166.8,112.0,,61.0
2010-12-02,1389.3,3.979,28.572,,23637.0,2254.25,25539.0,2354.25,1712.25,167.0,113.35,,61.0
2010-12-03,1406.2,3.999,29.271,,23484.0,2210.0,25529.0,2319.0,1730.1,168.0,114.35,,61.0
2010-12-05,,,,,,,,,1728.75,,,,
2010-12-06,1416.1,4.008,29.735,,23579.0,2211.5,25448.0,2329.5,1724.45,169.0,115.15,,60.5
2010-12-07,1409.0,4.0495,29.777,,24063.0,2299.5,25172.0,2379.0,1691.75,169.9,115.05,,60.5
2010-12-08,1383.2,4.0995,28.252,,23953.0,2302.25,25577.0,2387.0,1680.1,169.1,114.75,,60.5
2010-12-09,1392.8,4.086,28.817,,23549.0,2293.5,25885.0,2390.0,1681.05,168.0,114.25,,61.25
2010-12-10,1384.9,4.1105,28.605,,23919.0,2273.75,25797.0,2375.25,1681.15,169.0,115.7,,61.25
2010-12-12,,,,,,,,,1677.4,,,,
2010-12-13,1398.0,4.2045,29.624,,24470.0,2315.5,26170.0,2422.0,1697.45,169.0,116.25,,61.75
2010-12-14,1404.3,4.206,29.788,,,,,,1704.85,169.5,115.6,,62.25
2010-12-15,1386.2,4.1305,29.253,,,,,,1702.2,169.5,115.5,,62.25
2010-12-16,1371.0,4.1155,28.782,,24673.0,2210.5,26210.0,2375.0,1701.6,169.0,115.65,,62.0
2010-12-17,1379.2,4.1575,29.133,,24973.0,2266.0,26115.0,2434.0,1702.45,169.0,116.05,,62.0
2010-12-19,,,,,,,,,1710.25,,,,
2010-12-20,1386.1,4.2045,29.355,,24520.0,2278.25,26248.0,2454.0,1715.45,169.0,116.25,,62.0
2010-12-21,1388.8,4.2745,29.394,,24593.0,2320.5,26960.0,2449.5,1726.95,169.0,116.1,,62.0
2010-12-22,1387.4,4.273,29.385,,24019.0,2321.0,26900.0,2450.0,1731.55,168.8,118.0,,62.0
2010-12-23,1380.5,4.2565,29.328,,23569.0,2288.75,26950.0,2458.0,1721.25,168.8,117.25,,62.5
2010-12-24,,,,,24114.0,2298.75,26878.0,2433.0,1723.75,,117.0,,
2010-12-27,1382.9,4.278,29.255,,,,,,1742.2,168.8,,,62.75
2010-12-28,1405.6,4.326,30.323,,,,,,1756.0,168.8,,,62.75
2010-12-29,1413.5,4.31,30.704,,23811.0,2389.75,26600.0,2539.0,1765.1,169.0,121.75,,62.75
2010-12-30,1405.9,4.3625,30.513,,24265.0,2401.25,26555.0,2527.5,1752.95,169.0,122.4,,62.1
2010-12-31,1421.4,4.447,30.937,,24715.0,2446.5,26932.0,2563.0,1774.8,168.3,122.65,,62.1
2011-01-02,,,,,,,,,1780.35,,,,
2011-01-03,1422.9,4.4575,31.125,,,,,,1774.1,170.0,136.5,,62.75
2011-01-04,1378.8,4.369,29.508,,25120.0,2462.5,26368.0,2628.0,1758.05,172.1,137.3,,62.75
2011-01-05,1373.7,4.408,29.198,,24720.0,2459.25,26270.0,2681.0,1727.0,174.5,130.65,,64.5
2011-01-06,1371.7,4.3295,29.126,,24534.0,2449.75,26255.0,2683.0,1730.9,173.5,133.15,,65.0
2011-01-07,1368.9,4.2825,28.671,,24180.0,2439.0,26480.0,2675.0,1736.25,173.5,136.35,,65.75
2011-01-09,,,,,,,,,1746.05,,,,
2011-01-10,1374.1,4.2645,28.861,,23847.0,2371.75,26285.0,2613.0,1740.95,173.5,139.05,,65.75
2011-01-11,1384.3,4.349,29.499,,24672.0,2396.25,26566.0,2614.0,1764.85,175.0,138.75,,65.75
2011-01-12,1385.8,4.4115,29.545,,25776.0,2470.0,27077.0,2682.0,1798.4,176.0,138.0,,66.0
2011-01-13,1387.0,4.377,29.263,,25528.0,2452.0,26890.0,2659.0,1806.9,176.0,137.75,,67.0
2011-01-14,1360.5,4.412,28.32,,25852.0,2445.25,26890.0,2711.0,1814.8,179.5,136.0,,67.0
2011-01-16,,,,,,,,,1818.15,,,,
2011-01-17,1368.2,,28.912,,25811.0,2439.75,27015.0,2672.5,1809.3,,133.55,,
2011-01-18,,4.428,28.912,,,,,,1826.45,,133.55,,67.75
2011-01-19,1370.2,4.37,28.801,,,,,,1836.0,179.0,133.75,,69.0
2011-01-20,1346.5,4.272,27.473,,25760.0,2319.0,27019.0,2446.0,1814.5,178.0,132.95,,69.0
2011-01-21,1341.0,4.309,27.427,,26154.0,2306.5,27805.0,2440.0,1828.75,178.0,131.9,,69.0
2011-01-23,,,,,,,,,1827.35,,,,
2011-01-24,1344.5,4.3485,27.321,,26142.0,2289.0,28160.0,2418.0,1818.95,179.0,129.65,,68.75
2011-01-25,1332.3,4.226,26.805,,25888.0,2208.25,28285.0,2345.0,1784.3,179.0,129.25,,69.5
2011-01-26,1333.0,4.267,27.128,,26484.0,2266.5,28690.0,2385.0,1813.3,179.0,127.75,,69.25
2011-01-27,1318.4,4.3385,27.031,,26475.0,2247.5,29155.0,2429.0,1791.8,179.5,128.0,,69.25
2011-01-28,1341.7,4.378,27.919,,26600.0,2341.5,29695.0,2446.5,1798.0,179.5,130.35,,69.25
2011-01-30,,,,,,,,,1799.9,,,,
2011-01-31,1334.5,4.4635,28.169,,27333.0,2413.0,30150.0,2522.5,1796.15,179.6,129.4,,72.0
2011-02-01,1340.3,4.551,28.514,,27977.0,2456.0,30215.0,2549.5,1827.5,183.0,129.35,,72.0
2011-02-02,1332.1,4.549,28.289,,27986.0,2458.0,30700.0,2573.0,1836.2,184.0,127.85,,73.0
2011-02-03,1353.0,4.55,28.728,,27935.0,2455.0,30580.0,2558.5,1839.6,183.5,127.35,,73.0
2011-02-04,1349.0,4.585,29.059,,28350.0,2489.0,31222.0,2590.0,1845.3,183.5,127.0,,73.0
2011-02-06,,,,,,,,,1842.9,,,,
2011-02-07,1348.2,4.581,29.343,,28292.0,2491.5,31315.0,2589.0,1842.4,184.8,123.5,,73.0
2011-02-08,1364.1,4.58,30.271,,28366.0,2493.75,31405.0,2574.0,1853.1,185.5,123.45,,73.0
2011-02-09,1365.5,4.53,30.276,,28357.0,2439.75,31220.0,2523.0,1861.95,185.5,122.8,,73.0
2011-02-10,1362.5,4.549,30.094,,27830.0,2430.25,31465.0,2519.5,1832.0,188.0,123.15,,73.0
2011-02-11,1360.4,4.5415,29.995,,28276.5,2445.0,31755.0,2571.5,1806.0,188.0,123.5,,73.0
2011-02-13,,,,,,,,,1810.5,,,,
2011-02-14,1365.1,4.6325,30.534,,28868.0,2500.0,32425.0,2647.0,1833.0,188.5,124.5,,73.0
2011-02-15,1374.1,4.541,30.696,,,,,,1835.25,188.9,124.9,,72.0
2011-02-16,1375.1,4.476,30.629,,,,,,1835.2,187.8,125.5,,69.3
2011-02-17,1385.1,4.491,31.57,,28468.0,2493.25,31626.0,2592.0,1848.45,187.5,126.0,,68.5
2011-02-18,1388.6,4.489,32.296,,29128.0,2534.5,32326.0,2670.5,1836.95,187.5,126.7,,68.5
2011-02-20,,,,,,,,,1844.7,,,,
2011-02-21,1401.1,,32.862,,29286.0,2576.75,32325.0,2675.0,1855.3,,127.25,,
2011-02-22,,4.3555,32.856,,28632.0,2468.75,31625.0,2563.5,1802.25,187.7,126.25,,68.0
2011-02-23,1414.0,4.284,33.298,,28664.0,2474.0,31497.0,2536.0,1791.7,187.6,127.9,,68.0
2011-02-24,1415.8,4.3355,33.166,,27486.0,2452.0,31625.0,2507.0,1786.4,187.5,127.5,,67.0
2011-02-25,1409.3,4.455,32.923,,28175.0,2470.75,32031.0,2532.5,1807.95,187.5,129.0,,67.5
2011-02-27,,,,,,,,,1810.95,,,,
2011-02-28,1409.9,4.4965,33.82,,28977.0,2499.0,32308.0,2578.5,1811.85,187.2,130.95,,67.5
2011-03-01,1431.2,4.5095,34.427,,28760.0,2493.0,32182.0,2574.0,1837.25,173.4,130.9,,69.5
2011-03-02,1437.7,4.498,34.835,,28582.0,2457.0,31582.0,2577.0,1848.85,172.0,130.6,,70.25
2011-03-03,1416.4,4.49,34.327,,28839.0,2489.5,31632.0,2628.75,1830.1,173.0,130.4,,69.0
2011-03-04,1428.6,4.4855,35.327,,28777.0,2438.0,31851.0,2640.5,1843.75,174.5,131.5,,67.0
2011-03-06,,,,,,,,,1846.0,,,,
2011-03-07,1434.5,4.327,35.865,,27446.0,2344.5,30724.0,2594.0,1817.45,171.6,130.6,,67.0
2011-03-08,1427.2,4.3385,35.658,,26796.0,2368.25,30565.0,2603.5,1807.05,171.5,130.1,,67.0
2011-03-09,1429.6,4.2125,36.047,,26122.0,2246.75,29485.0,2495.5,1802.65,168.8,129.95,,67.0
2011-03-10,1412.5,4.1975,35.066,,26022.0,2264.5,29356.0,2445.0,1769.85,167.8,129.45,,67.5
2011-03-11,1421.8,4.2075,35.935,,25924.0,2252.75,29456.0,2440.0,1782.45,164.0,130.0,,67.5
2011-03-13,,,,,,,,,1776.0,,,,
2011-03-14,1424.9,4.1865,35.84,,25800.0,2301.75,29863.0,2533.75,1752.95,163.1,129.15,,62.0
2011-03-15,1392.8,4.137,34.117,,,,,,1701.0,163.6,129.25,,62.0
2011-03-16,1396.1,4.1975,34.472,,,,,,1687.25,167.7,129.15,,54.0
2011-03-17,1404.2,4.344,34.258,,25939.0,2322.75,29400.0,2675.0,1710.35,169.0,123.5,,50.0
2011-03-18,1416.1,4.339,35.058,,26764.0,2315.75,29435.0,2709.0,1724.8,168.9,124.0,,55.5
2011-03-20,,,,,,,,,1730.35,,,,
2011-03-21,1426.4,4.286,36.001,,26756.0,2270.0,29745.0,2679.0,1748.8,169.3,124.85,,59.0
2011-03-22,1427.6,4.313,36.269,,26355.0,2320.25,30185.0,2706.0,1744.85,170.0,124.45,,60.0
2011-03-23,1438.0,4.4285,37.198,,26830.0,2414.0,31385.0,2751.0,1762.9,170.0,125.55,,62.0
2011-03-24,1434.9,4.4245,37.375,,27204.0,2410.5,31768.0,2728.0,1757.4,169.4,125.15,,62.0
2011-03-25,1426.2,4.419,37.049,,27055.0,2366.5,31818.0,2711.0,1753.85,169.4,125.8,,61.0
2011-03-27,,,,,,,,,1749.2,,,,
2011-03-28,1419.9,4.35,37.088,,26219.0,2327.0,31566.0,2677.75,1745.35,169.3,121.65,,61.0
2011-03-29,1416.2,4.3465,36.987,,26595.0,2363.25,31576.0,2738.0,1743.5,169.3,120.35,,60.0
2011-03-30,1424.9,4.2835,37.511,,26021.0,2326.0,31261.0,2696.5,1769.6,169.5,120.15,,59.0
2011-03-31,1439.9,4.317,37.888,,26086.0,2351.25,31808.0,2740.5,1775.45,174.0,123.2,,59.0
2011-04-01,1428.9,4.2675,37.732,,25586.0,2383.5,31582.0,2763.0,1768.4,171.9,123.5,,59.0
2011-04-03,,,,,,,,,1775.85,,,,
2011-04-04,1433.0,4.2645,38.494,,25486.0,2403.5,31628.0,2812.0,1789.6,173.8,123.8,,59.0
2011-04-05,1452.5,4.274,39.183,,25391.0,2407.0,31608.0,2833.5,1798.4,173.2,122.5,,59.0
2011-04-06,1458.5,4.379,39.387,,26440.0,2431.0,32095.0,2870.5,1800.9,175.0,122.45,,59.0
2011-04-07,1459.3,4.4255,39.552,,26807.0,2433.5,32520.0,2842.0,1787.6,179.3,122.35,,59.0
2011-04-08,1474.1,4.511,40.608,,27600.0,2514.75,33019.0,2924.0,1816.35,181.0,122.65,,
2011-04-10,,,,,,,,,1820.9,,,,
2011-04-11,1468.1,4.4695,40.612,,27705.0,2525.75,33269.0,2926.0,1781.35,181.1,122.5,,59.0
2011-04-12,1453.6,4.394,40.066,,26690.0,2449.0,32505.0,2783.0,1774.95,178.9,121.9,,59.0
2011-04-13,1455.6,4.3055,40.237,,26255.0,2401.25,32208.0,2733.5,1780.75,178.8,122.65,,58.5
2011-04-14,1472.4,4.2945,41.664,,25800.0,2379.25,32189.0,2665.0,1799.5,179.0,122.65,,58.5
2011-04-15,1486.0,4.2685,42.571,,26155.0,2380.25,33077.0,2715.0,1791.15,179.1,123.15,,58.0
2011-04-17,,,,,,,,,1795.85,,,,
2011-04-18,1492.9,4.2085,42.956,,25505.0,2307.75,32318.0,2592.0,1785.55,179.2,122.35,,58.0
2011-04-19,1495.1,4.24,43.913,,,,,,1780.1,179.4,122.3,,58.0
2011-04-20,1498.9,4.35,44.461,,,,,,1804.45,179.4,122.6,,56.25
2011-04-21,1503.8,4.41,46.059,,26885.0,2347.5,32700.0,2615.0,1818.6,179.4,122.55,,56.25
2011-04-22,,,,,,,,,1818.55,,,,
2011-04-24,,,,,,,,,1825.45,,,,
2011-04-25,1509.1,4.314,47.149,,,,,,1824.05,179.5,,,56.0
2011-04-26,1503.5,4.33,45.05,,26638.0,2247.25,32705.0,2574.0,1812.65,179.5,122.45,,56.0
2011-04-27,1517.1,4.2375,45.958,,26618.0,2227.0,31978.0,2515.5,1828.55,179.1,122.45,,55.5
2011-04-28,1531.2,4.2615,47.541,,26844.0,2238.5,32026.0,2502.25,1841.5,179.1,122.8,,55.25
2011-04-29,1556.4,4.179,48.599,,,,,,1875.05,,122.8,,55.25
2011-05-01,,,,,,,,,1860.9,,,,
2011-05-02,1557.1,4.196,46.084,,,,,,1861.85,171.0,,,55.25
2011-05-03,1540.4,4.253,42.585,,27295.0,2231.5,32270.0,2521.75,1857.65,175.8,124.05,,56.0
2011-05-04,1515.3,4.134,39.388,,25814.0,2175.75,30919.0,2466.5,1825.95,175.0,124.45,,56.5
2011-05-05,1481.4,3.998,36.24,,24513.0,2109.25,28866.0,2307.75,1773.65,172.5,123.65,,56.5
2011-05-06,1491.6,3.9755,35.287,,24593.0,2124.25,29614.0,2291.75,1789.95,169.3,123.35,,56.5
2011-05-08,,,,,,,,,1788.4,,,,
2011-05-09,1503.2,4.0165,37.116,,24363.0,2149.5,29749.0,2311.0,1797.6,168.0,122.95,,56.5
2011-05-10,1516.9,4.042,38.486,,24848.0,2158.25,29548.0,2346.5,1802.65,172.5,122.25,,56.5
2011-05-11,1501.4,3.9135,35.515,,24549.0,2145.0,29070.0,2305.0,1778.55,170.1,121.5,,57.0
2011-05-12,1506.8,3.9705,34.797,,24549.0,2128.5,29246.0,2315.5,1772.25,168.8,120.3,,58.0
2011-05-13,1493.6,3.9835,35.013,,24398.0,2134.75,28548.0,2298.75,1764.55,169.6,119.35,,58.0
2011-05-15,,,,,,,,,1760.15,,,,
2011-05-16,1490.6,3.9905,34.132,,24356.0,2135.0,27945.0,2284.25,1759.3,168.5,119.75,,58.0
2011-05-17,1480.0,3.9985,33.491,,,,,,1769.05,167.8,118.85,,58.0
2011-05-18,1495.8,4.105,35.097,,,,,,1774.9,167.5,119.75,,59.0
2011-05-19,1492.4,4.0525,34.932,,23550.0,2120.25,28219.0,2476.5,1772.0,164.6,119.8,,58.5
2011-05-20,1508.9,4.1215,35.087,,23533.0,2136.25,27719.0,2515.0,1775.5,164.1,119.55,,57.5
2011-05-22,,,,,,,,,1779.3,,,,
2011-05-23,1515.4,3.9915,34.904,,22384.0,2103.25,26689.0,2458.5,1755.35,163.5,119.75,,57.5
2011-05-24,1523.3,4.013,36.128,,22889.0,2175.75,27212.0,2496.5,1768.1,165.4,119.55,,57.5
2011-05-25,1526.7,4.107,37.642,,23401.0,2231.0,27661.0,2531.5,1782.3,166.5,119.4,,57.5
2011-05-26,1522.8,4.111,37.33,,22821.0,2244.5,26862.0,2507.5,1779.75,165.0,119.35,,57.5
2011-05-27,1537.3,4.1955,37.863,,23082.0,2258.75,27457.0,2522.0,1803.15,165.7,120.35,,57.5
2011-05-29,,,,,,,,,1803.35,,,,
2011-05-30,1536.8,,38.305,,,,,,1804.5,,,,
2011-05-31,,4.1875,38.317,,23588.0,2249.5,27895.0,2534.5,1827.25,168.6,120.95,,57.5
2011-06-01,1543.2,4.1165,37.694,,23242.0,2241.0,27551.0,2509.5,1824.9,168.2,120.85,,57.0
2011-06-02,1532.7,4.0945,36.202,,22564.0,2203.0,26553.0,2407.0,1817.75,166.9,120.85,,57.0
2011-06-03,1542.4,4.1445,36.191,,22787.0,2241.25,26354.0,2435.0,1818.55,168.3,121.35,,57.0
2011-06-05,,,,,,,,,1826.55,,,,
2011-06-06,1547.2,4.1515,36.782,,22616.0,2254.25,25955.0,2500.0,1817.05,171.3,121.45,,57.0
2011-06-07,1544.0,4.16,37.046,,22606.0,2252.0,25771.0,2546.0,1832.2,172.8,122.35,,57.0
2011-06-08,1538.7,4.1185,36.62,,22686.0,2273.0,25639.0,2574.0,1830.65,172.4,121.3,,56.5
2011-06-09,1542.7,4.118,37.424,,23176.0,2265.75,25646.0,2604.0,1840.75,172.8,121.55,,55.5
2011-06-10,1529.2,4.0665,36.327,,22821.0,2235.5,25290.0,2542.0,1829.6,172.3,121.45,,55.5
2011-06-12,,,,,,,,,1826.2,,,,
2011-06-13,1515.6,4.046,34.737,,22244.0,2227.0,24738.0,2526.0,1806.8,170.2,121.5,,55.5
2011-06-14,1524.4,4.166,35.411,,,,,,1800.8,170.3,121.75,,55.0
2011-06-15,1526.2,4.1325,35.41,,,,,,1779.7,171.0,121.15,,55.0
2011-06-16,1529.9,4.129,35.559,,21580.0,2191.75,24867.0,2474.5,1766.0,169.0,119.6,,55.0
2011-06-17,1539.1,4.1135,35.748,,21605.0,2174.0,24967.0,2442.5,1758.0,166.6,119.5,,55.0
2011-06-19,,,,,,,,,1763.2,,,,
2011-06-20,1542.0,4.085,36.071,,21629.0,2156.5,24758.0,2442.75,1737.65,164.3,120.5,,54.75
2011-06-21,1546.4,4.1,36.379,,21862.0,2195.75,25409.0,2456.5,1752.8,164.2,120.55,,54.75
2011-06-22,1553.4,4.1,36.739,,22134.0,2236.5,25333.0,2541.0,1740.1,165.0,120.45,,54.75
2011-06-23,1520.5,4.05,35.002,,22110.0,2244.0,25156.0,2544.5,1707.9,166.0,120.4,,54.75
2011-06-24,1500.9,4.109,34.638,,22135.0,2239.0,24930.0,2575.0,1687.3,165.0,120.4,,54.75
2011-06-26,,,,,,,,,1688.7,,,,
2011-06-27,1496.4,4.0615,33.585,,22184.0,2237.5,25028.0,2563.25,1684.85,164.1,121.35,,54.5
2011-06-28,1500.2,4.1015,33.638,,22665.0,2262.75,25325.0,2577.75,1699.2,164.3,121.55,,54.0
2011-06-29,1510.4,4.224,34.769,,23058.0,2301.75,25785.0,2626.25,1728.7,164.9,121.9,,53.5
2011-06-30,1502.8,4.2825,34.832,,23403.0,2348.0,25990.0,2677.0,1723.55,164.0,121.3,,51.65
2011-07-01,1482.6,4.3025,33.705,,22974.0,2348.0,25593.0,2667.0,1723.35,163.9,121.45,,51.65
2011-07-03,,,,,,,,,1721.75,,,,
2011-07-04,1512.7,,35.41,,23146.0,2379.25,25588.0,2678.5,1725.55,,121.65,,
2011-07-05,,4.3475,35.41,,23277.0,2390.0,26289.0,2694.0,1738.4,170.2,121.85,,52.15
2011-07-06,1529.2,4.335,35.916,,23353.0,2359.0,26689.0,2693.5,1733.8,170.2,121.35,,52.65
2011-07-07,1530.6,4.442,36.536,,23874.0,2390.0,27488.0,2715.5,1743.5,169.7,121.35,,53.15
2011-07-08,1541.6,4.412,36.543,,23861.0,2333.25,26746.0,2712.5,1737.75,168.8,121.15,,53.65
2011-07-10,,,,,,,,,1734.9,,,,
2011-07-11,1549.2,4.368,35.698,,23192.0,2286.25,26541.0,2668.25,1728.2,169.6,120.2,,53.65
2011-07-12,1562.3,4.3915,35.634,,23613.0,2322.5,27089.0,2725.5,1741.25,171.5,120.6,,53.65
2011-07-13,1585.5,4.4035,38.151,,23943.0,2334.25,27338.0,2691.0,1765.7,172.4,121.2,,53.65
2011-07-14,1589.3,4.38,38.694,,24178.0,2322.5,27362.0,2653.75,1769.5,172.2,121.1,,53.65
2011-07-15,1590.1,4.413,39.071,,24127.0,2349.75,27139.0,2695.75,1763.7,171.6,120.85,,53.65
2011-07-17,,,,,,,,,1761.6,,,,
2011-07-18,1602.4,4.403,40.342,,23762.0,2402.75,27311.0,2713.0,1772.75,172.0,120.7,,53.65
2011-07-19,1601.1,4.468,40.221,,,,,,1775.1,172.3,121.1,,53.65
2011-07-20,1596.9,4.436,39.558,,,,,,1779.8,172.4,121.35,,53.65
2011-07-21,1587.0,4.3835,38.947,,23926.0,2431.0,28256.0,2687.0,1787.8,172.5,121.35,,52.65
2011-07-22,1601.5,4.41,40.122,,23949.0,2476.0,28249.0,2677.5,1797.65,172.6,121.25,,52.15
2011-07-24,,,,,,,,,1800.5,,,,
2011-07-25,1612.2,4.4065,40.361,,23770.0,2449.5,28101.0,2662.0,1793.8,172.7,121.3,,51.65
2011-07-26,1616.8,4.478,40.698,,24070.0,2510.5,28550.0,2708.0,1810.05,172.8,121.25,,51.65
2011-07-27,1615.1,4.4465,40.568,,24365.0,2502.25,28692.0,2678.25,1796.35,173.0,121.2,,51.65
2011-07-28,1616.2,4.479,39.794,,24525.0,2501.0,28441.0,2643.0,1790.45,173.1,121.1,,51.65
2011-07-29,1631.2,4.4895,40.106,,24966.0,2471.5,28039.0,2599.5,1783.05,,121.05,,51.85
2011-07-31,,,,,,,,,1785.15,,,,
2011-08-01,1621.7,4.42,39.309,,24520.25,2441.25,28034.0,2551.5,1794.5,173.1,120.95,,51.85
2011-08-02,1644.5,4.405,40.092,,24771.0,2420.0,27187.0,2547.25,1799.25,173.3,121.25,,51.85
2011-08-03,1666.3,4.3365,41.758,,23775.0,2355.5,26236.0,2508.25,1785.2,177.9,121.25,,51.85
2011-08-04,1659.0,4.246,39.431,,23620.0,2307.0,25439.0,2477.75,1722.0,177.8,120.4,,51.85
2011-08-05,1651.8,4.127,38.211,,22475.0,2176.75,24284.0,2358.25,1719.7,175.3,120.65,,51.65
2011-08-07,,,,,,,,,1718.3,,,,
2011-08-08,1713.2,3.9715,39.38,,21214.0,2064.75,22437.0,2197.25,1715.55,175.2,119.5,,51.15
2011-08-09,1743.0,3.98,37.883,,21167.0,2074.25,22680.0,2245.75,1756.5,174.8,119.15,,51.15
2011-08-10,1784.3,3.8985,39.327,,20927.0,2073.75,22674.0,2268.5,1777.3,176.1,119.5,,51.15
2011-08-11,1751.5,4.018,38.669,,21553.0,2157.75,23529.0,2384.75,1793.0,175.6,119.45,,50.65
2011-08-12,1742.6,4.021,39.114,,21354.0,2148.75,24624.0,2378.75,1800.0,175.8,119.55,,50.65
2011-08-14,,,,,,,,,1796.45,,,,
2011-08-15,1758.0,4.041,39.307,,21252.0,2154.25,24370.0,2400.25,1816.7,176.2,120.05,,50.15
2011-08-16,1785.0,4.003,39.819,,,,,,1821.1,176.7,120.1,,50.15
2011-08-17,1793.8,4.0415,40.351,,,,,,1843.3,176.9,120.45,,50.15
2011-08-18,1822.0,3.975,40.688,,21275.0,2162.0,22702.0,2318.5,1844.35,177.0,120.15,,50.15
2011-08-19,1852.2,3.991,42.432,,21179.0,2177.0,22752.0,2317.5,1879.65,177.0,120.0,,50.15
2011-08-21,,,,,,,,,1891.3,,,,
2011-08-22,1891.9,3.9635,43.325,,20823.0,2135.75,22796.0,2274.25,1917.4,177.0,120.3,,50.15
2011-08-23,1861.3,4.004,42.291,,20633.0,2173.0,23295.0,2348.0,1868.35,177.1,120.45,,50.15
2011-08-24,1757.3,4.005,39.162,,20798.0,2160.25,23194.0,2362.0,1822.3,177.2,120.6,,50.15
2011-08-25,1763.2,4.087,40.745,,20821.0,2211.0,23293.0,2415.5,1821.35,177.2,120.55,,50.15
2011-08-26,1797.3,4.107,40.952,,21422.0,2229.5,23749.0,2499.0,1835.65,177.3,120.6,,49.15
2011-08-28,,,,,,,,,1837.05,,,,
2011-08-29,1791.6,4.098,40.546,,,,,,1828.95,177.3,,,49.15
2011-08-30,1829.8,4.136,41.464,,21873.0,2266.0,23943.0,2576.0,1851.65,177.3,122.3,,49.15
2011-08-31,1831.7,4.1995,41.768,,22166.0,2272.25,24338.0,2601.0,1849.75,177.4,122.85,,49.15
2011-09-01,1829.1,4.1555,41.532,,21715.0,2218.75,24182.0,2576.0,1853.35,178.5,122.7,,49.65
2011-09-02,1876.9,4.1195,43.069,,21465.0,2176.25,24189.0,2485.0,1885.55,179.1,123.15,,50.45
2011-09-04,,,,,,,,,1886.5,,,,
2011-09-05,1873.3,,41.868,,20858.0,2153.75,23888.0,2458.0,1889.05,,123.45,,
2011-09-06,,4.0505,41.848,,20640.0,2170.25,23789.0,2405.0,1860.05,178.6,123.5,,50.45
2011-09-07,1817.6,4.127,41.631,,21751.0,2222.75,24335.0,2437.0,1827.5,179.4,123.55,,50.45
2011-09-08,1857.5,4.1385,42.53,,22061.0,2234.25,24427.0,2511.0,1856.05,179.5,123.55,,50.45
2011-09-09,1859.5,3.998,41.624,,21132.0,2170.25,23456.0,2475.5,1836.95,178.1,123.3,,52.45
2011-09-11,,,,,,,,,1835.8,,,,
2011-09-12,1813.3,3.9625,40.217,,21589.0,2195.75,23398.0,2447.0,1817.1,178.2,123.3,,52.45
2011-09-13,1830.1,3.966,41.193,,21290.0,2175.25,23595.0,2412.0,1816.55,179.0,123.25,,52.45
2011-09-14,1826.5,3.894,40.533,,21364.0,2142.0,23344.5,2362.5,1819.75,178.8,123.15,,52.45
2011-09-15,1781.4,3.9525,39.501,,21785.0,2169.5,23545.0,2404.5,1783.25,178.9,123.65,,52.45
2011-09-16,1814.7,3.927,40.831,,21486.0,2138.0,23045.5,2384.5,1814.75,178.8,123.8,,52.45
2011-09-18,,,,,,,,,1820.7,,,,
2011-09-19,1778.9,3.7775,39.163,,20945.0,2077.0,22650.0,2320.0,1774.7,178.5,123.6,,52.45
2011-09-20,1809.1,3.7215,40.137,,,,,,1778.5,178.7,123.55,,54.45
2011-09-21,1808.1,3.7595,40.469,,,,,,1765.0,178.5,123.65,,54.45
2011-09-22,1741.7,3.484,36.578,,18865.0,1994.75,19794.0,2103.0,1700.05,178.5,123.55,,53.95
2011-09-23,1639.8,3.276,30.101,,18264.0,1896.0,20195.0,1956.0,1614.55,178.3,123.55,,53.0
2011-09-25,,,,,,,,,1611.55,,,,
2011-09-26,1594.8,3.279,29.976,,17989.0,1866.5,20322.0,1878.0,1562.8,178.1,123.35,,53.0
2011-09-27,1652.5,3.436,31.536,,18938.0,1957.5,21798.0,2025.0,1562.5,177.9,123.45,,52.05
2011-09-28,1618.1,3.243,30.134,,18485.0,1926.25,20554.0,2008.5,1516.25,177.8,123.5,,52.05
2011-09-29,1617.3,3.246,30.522,,18648.0,1909.5,20681.0,2019.5,1535.0,177.5,123.45,,52.05
2011-09-30,1622.3,3.152,30.083,,17576.0,1843.25,20353.0,1984.0,1527.6,,123.2,,52.05
2011-10-02,,,,,,,,,1530.2,,,,
2011-10-03,1657.7,3.1505,30.795,,18999.0,1874.75,20503.0,1967.0,1513.05,158.6,121.4,,52.05
2011-10-04,1616.0,3.1035,29.839,,18724.0,1841.5,20995.0,1891.0,1486.45,163.3,120.0,,52.05
2011-10-05,1641.6,3.106,30.352,,18372.0,1827.0,21103.0,1893.25,1477.45,164.5,120.35,,52.05
2011-10-06,1653.2,3.2465,32.005,,18920.0,1849.25,22146.0,1920.75,1522.5,165.5,120.6,,52.5
2011-10-07,1635.8,3.2735,30.993,,18876.0,1902.25,22940.0,1934.5,1494.85,167.1,120.8,,52.5
2011-10-09,,,,,,,,,1500.7,,,,
2011-10-10,1670.8,3.368,31.98,,19348.0,1931.75,23028.0,1991.0,1533.35,165.9,121.2,,52.5
2011-10-11,1661.0,3.2905,31.998,,18839.0,1893.25,22361.0,1966.5,1525.4,164.3,121.25,,52.5
2011-10-12,1682.6,3.3935,32.789,,19043.0,1926.75,22964.0,2052.0,1550.25,163.2,121.1,,53.0
2011-10-13,1668.5,3.307,31.667,,18417.0,1904.75,21962.0,2015.5,1536.05,162.4,120.9,,53.0
2011-10-14,1683.0,3.4085,32.173,,18842.5,1912.5,21762.0,2004.25,1557.6,162.6,120.9,,53.25
2011-10-16,,,,,,,,,1553.6,,,,
2011-10-17,1676.6,3.378,31.821,,18942.0,1885.25,21455.0,1962.25,1557.55,161.2,120.65,,53.25
2011-10-18,1652.8,3.36,31.831,,,,,,1547.05,159.7,119.7,,53.0
2011-10-19,1647.0,3.258,31.277,,,,,,1518.0,159.2,119.55,,52.75
2011-10-20,1612.9,3.0575,30.281,,17977.0,1727.0,21175.0,1773.25,1495.85,158.6,119.15,,52.25
2011-10-21,1636.1,3.223,31.193,,18779.0,1792.5,21648.5,1898.25,1512.6,158.0,119.2,,52.25
2011-10-23,,,,,,,,,1515.05,,,,
2011-10-24,1652.3,3.449,31.644,,19976.0,1862.25,22516.0,2002.25,1543.95,157.5,119.6,,52.25
2011-10-25,1700.4,3.4205,33.052,,19730.0,1827.25,22221.0,1945.5,1566.7,156.1,119.75,,51.75
2011-10-26,1723.5,3.49,33.31,,19108.0,1840.25,21347.0,1906.5,1595.95,154.8,119.65,,51.45
2011-10-27,1747.7,3.692,35.112,,19884.0,1930.75,22024.0,2023.0,1643.95,153.2,119.8,,51.25
2011-10-28,1747.2,3.7165,35.288,,19684.0,1973.0,22065.0,2075.5,1648.6,152.0,119.75,,52.0
2011-10-30,,,,,,,,,1645.4,,,,
2011-10-31,1725.2,3.642,34.354,,19559.0,1989.0,21967.0,2066.0,1600.95,150.4,118.5,,52.0
2011-11-01,1711.8,3.512,32.731,,18580.0,1903.0,21737.0,1965.75,1589.55,125.6,117.65,,52.0
2011-11-02,1729.6,3.5895,33.943,,18562.0,1922.5,21961.0,2007.25,1605.95,127.9,117.8,,52.0
2011-11-03,1765.1,3.5975,34.498,,18405.0,1964.75,21969.5,2017.25,1636.65,127.7,117.8,,52.0
2011-11-04,1756.1,3.5745,34.084,,18886.0,1945.25,22022.0,2030.0,1637.05,129.4,117.85,,52.0
2011-11-06,,,,,,,,,1640.8,,,,
2011-11-07,1791.1,3.546,34.828,,18686.0,1945.75,21970.0,1989.5,1659.8,129.2,117.9,,52.5
2011-11-08,1799.2,3.544,35.153,,18331.0,1995.0,22170.5,1999.25,1661.75,130.5,117.4,,52.3
2011-11-09,1791.6,3.4515,34.361,,18031.0,1926.5,21968.0,1953.5,1634.7,133.2,116.5,,52.3
2011-11-10,1759.6,3.3845,34.106,,18140.0,1882.25,21173.0,1918.5,1623.35,131.3,115.5,,52.3
2011-11-11,1788.1,3.4735,34.682,,18069.5,1914.5,21896.0,1970.25,1645.95,131.3,115.45,,52.75
2011-11-13,,,,,,,,,1655.05,,,,
2011-11-14,1778.4,3.4975,34.024,,17801.0,1935.75,21448.0,2027.25,1647.2,131.5,115.0,,53.5
2011-11-15,1782.2,3.511,34.456,,,,,,1644.65,133.4,115.2,,53.5
2011-11-16,1774.3,3.494,33.822,,,,,,1621.6,134.1,115.6,,53.5
2011-11-17,1720.2,3.3925,31.497,,18159.0,1924.0,21335.0,1999.75,1593.85,134.8,115.55,,53.5
2011-11-18,1725.1,3.412,32.417,,17660.0,1963.5,21260.0,2045.5,1596.35,135.2,115.45,,53.5
2011-11-20,,,,,,,,,1583.25,,,,
2011-11-21,1678.6,3.312,31.116,,17806.0,1914.25,20384.0,1978.75,1548.95,135.3,114.9,,53.5
2011-11-22,1702.4,3.341,32.951,,17550.0,1944.5,20784.0,2004.75,1571.7,135.7,114.9,,53.5
2011-11-23,1695.9,3.2865,31.884,,17019.0,1922.0,20184.0,1990.25,1549.75,135.8,114.7,,53.0
2011-11-24,1685.7,,31.014,,17069.0,1891.75,20340.0,1977.25,1545.6,,114.85,,
2011-11-25,,3.278,31.035,,16953.0,1913.25,20715.0,1990.25,1530.8,136.3,114.5,,52.5
2011-11-27,,,,,,,,,1543.8,,,,
2011-11-28,1710.8,3.3655,32.161,,17176.0,1960.0,20859.0,2011.25,1544.85,136.0,110.3,,51.75
2011-11-29,1718.9,3.3885,31.95,,17043.0,1961.0,20571.0,2017.5,1541.85,135.8,110.55,,51.75
2011-11-30,1750.3,3.5735,32.804,,17492.0,2078.5,20880.0,2097.75,1564.4,135.5,111.6,,51.75
2011-12-01,1739.8,3.5325,32.759,,16725.0,2053.0,20072.0,2091.5,1564.8,135.5,111.85,,51.75
2011-12-02,1751.3,3.5825,32.686,,17722.0,2059.75,19966.0,2095.75,1548.7,135.6,111.9,,52.0
2011-12-04,,,,,,,,,1559.1,,,,
2011-12-05,1734.5,3.614,32.372,,18493.0,2039.0,19964.0,2105.25,1523.7,135.8,111.95,,52.25
2011-12-06,1731.8,3.5735,32.744,,18414.0,2043.5,20288.0,2110.0,1526.1,136.0,111.35,,52.25
2011-12-07,1744.8,3.554,32.627,,18037.0,2022.75,20461.0,2133.5,1526.65,136.2,110.95,,52.75
2011-12-08,1713.4,3.498,31.538,,18288.0,1977.5,20106.0,2088.5,1497.15,136.4,110.75,,52.75
2011-12-09,1716.8,3.555,32.253,,18587.0,1997.75,20202.0,2151.0,1515.35,136.5,111.15,,52.75
2011-12-11,,,,,,,,,1514.7,,,,
2011-12-12,1668.2,3.4625,31.002,,18437.0,1928.5,19798.0,2091.25,1487.6,136.6,111.5,,52.75
2011-12-13,1663.1,3.44,31.26,,18307.5,1912.0,19498.0,2071.5,1473.0,136.7,111.25,,52.75
2011-12-14,1586.9,3.278,28.935,,17405.0,1852.5,18473.0,1984.5,1420.8,136.7,111.1,,52.75
2011-12-15,1577.2,3.266,29.274,,17907.0,1847.75,18553.0,1961.75,1414.65,136.6,111.0,,52.75
2011-12-16,1597.9,3.33,29.671,,18558.5,1867.75,18753.0,1944.5,1420.25,136.5,110.7,,52.5
2011-12-18,,,,,,,,,1423.7,,,,
2011-12-19,1596.7,3.307,28.874,,18371.0,1833.0,18641.0,1917.75,1411.1,136.3,110.4,,52.25
2011-12-20,1617.6,3.3675,29.536,,,,,,1434.75,136.1,110.85,,52.25
2011-12-21,1613.6,3.393,29.249,,,,,,1429.05,136.1,111.1,,52.25
2011-12-22,1610.6,3.413,29.047,,18679.0,1836.5,19194.0,1988.5,1425.9,136.1,111.25,,52.25
2011-12-23,1606.0,3.467,29.084,,18491.0,1841.5,19269.0,2008.75,1426.45,136.1,111.3,,52.25
2011-12-25,,,,,,,,,1432.2,,,,
2011-12-26,,,,,,,,,1436.55,,,,
2011-12-27,1595.5,3.407,28.74,,,,,,1438.55,136.1,,,52.25
2011-12-28,1564.1,3.364,27.234,,17899.0,1795.0,18569.0,1947.25,1386.8,136.2,110.8,,52.25
2011-12-29,1540.9,3.37,27.315,,18189.0,1817.25,18764.0,1983.0,1379.0,136.3,110.85,,52.25
2011-12-30,1566.8,3.436,27.915,,18731.0,1830.75,19158.0,2017.75,1403.25,,112.25,,52.25
2012-01-02,,,,,,,,,1408.55,,,,
2012-01-03,1600.5,3.5285,29.572,,18917.0,1864.25,19949.0,2081.5,1436.2,135.7,111.3,,52.25
2012-01-04,1612.7,3.4345,29.097,,18810.0,1856.5,19555.0,2042.5,1426.05,135.9,112.25,,52.25
2012-01-05,1620.1,3.4265,29.296,,18692.0,1821.25,19814.0,1987.0,1421.25,136.1,112.35,,52.25
2012-01-06,1616.8,3.435,28.683,,18756.0,1840.75,19807.0,1937.25,1406.55,136.3,113.5,,52.25
2012-01-08,,,,,,,,,1398.1,,,,
2012-01-09,1608.1,3.416,28.782,,19093.0,1870.25,19746.0,1944.25,1426.15,136.5,112.95,,52.25
2012-01-10,1631.5,3.513,29.815,,19489.0,1922.75,20219.0,1969.25,1467.1,136.8,113.0,,51.95
2012-01-11,1639.6,3.546,29.89,,19427.0,1928.75,20418.0,1968.25,1499.55,136.9,113.85,,51.95
2012-01-12,1647.7,3.649,30.124,,19641.0,1960.0,21015.0,2010.0,1498.95,137.4,113.7,,53.0
2012-01-13,1630.8,3.637,29.522,,19561.0,1954.0,21044.0,1987.0,1493.45,137.8,113.65,,53.0
2012-01-15,,,,,,,,,1487.35,,,,
2012-01-16,1655.6,,30.135,,19375.0,1957.75,20799.0,2004.0,1501.75,,113.15,,
2012-01-17,,3.7295,30.135,,,,,,1528.4,138.2,114.2,,53.0
2012-01-18,1659.9,3.7525,30.543,,,,,,1527.95,138.4,115.25,,52.75
2012-01-19,1654.5,3.8005,30.509,,20171.0,2020.0,21837.75,2166.5,1524.75,138.6,115.15,,52.75
2012-01-20,1664.0,3.745,31.675,,20428.0,2002.5,21813.0,2168.75,1537.9,138.8,116.5,,52.75
2012-01-22,,,,,,,,,1529.6,,,,
2012-01-23,1678.3,3.7985,32.27,,20284.0,2050.0,22112.0,2229.5,1568.65,139.0,116.65,,52.75
2012-01-24,1664.5,3.8075,31.975,,20599.0,2115.75,22150.0,2233.75,1550.75,139.2,117.5,,52.75
2012-01-25,1700.1,3.8295,33.121,,20899.0,2166.5,22408.0,2265.25,1583.65,139.4,117.5,,52.25
2012-01-26,1726.7,3.9015,33.743,,21561.0,2196.0,23963.0,2307.75,1609.8,139.6,117.45,,52.25
2012-01-27,1732.2,3.889,33.79,,21657.0,2139.0,24356.0,2277.75,1624.6,139.8,118.1,,52.25
2012-01-29,,,,,,,,,1624.8,,,,
2012-01-30,1734.4,3.8335,33.527,,21258.0,2112.75,23933.0,2243.5,1612.8,140.0,118.85,,52.25
2012-01-31,1740.4,3.797,33.262,,20792.0,2092.75,24304.0,2191.0,1593.75,140.4,117.45,,52.25
2012-02-01,1749.5,3.849,33.807,,20905.0,2117.25,24113.0,2210.75,1620.95,144.7,117.15,,52.15
2012-02-02,1759.3,3.7885,34.175,,20803.0,2081.5,24110.0,2137.0,1630.3,144.6,117.65,,52.15
2012-02-03,1740.3,3.9085,33.749,,21229.0,2141.25,24360.0,2197.0,1625.35,143.4,118.25,,52.15
2012-02-05,,,,,,,,,1625.55,,,,
2012-02-06,1724.9,3.8715,33.75,,21613.0,2116.75,24453.0,2148.5,1623.95,144.6,118.05,,52.15
2012-02-07,1748.4,3.8825,34.194,,21714.0,2107.0,25450.0,2155.0,1649.25,143.6,118.2,,52.15
2012-02-08,1731.3,3.915,33.704,,21405.0,2102.5,25349.0,2149.25,1665.55,142.8,118.1,,52.15
2012-02-09,1741.2,3.982,33.917,,21427.0,2149.0,25347.0,2191.25,1660.0,142.8,118.0,,52.15
2012-02-10,1725.3,3.866,33.604,,20609.0,2065.5,24990.0,2102.75,1661.75,142.8,117.75,,52.15
2012-02-12,,,,,,,,,1666.95,,,,
2012-02-13,1724.9,3.844,33.722,,20458.0,2058.75,24943.0,2080.5,1649.05,142.2,117.85,,52.15
2012-02-14,1717.7,3.8205,33.348,,,,,,1634.25,141.0,117.95,,52.15
2012-02-15,1728.1,3.807,33.408,,,,,,1635.0,140.7,118.05,,52.15
2012-02-16,1728.4,3.796,33.37,,19845.0,1965.5,23978.0,1996.5,1630.65,140.1,118.05,,52.15
2012-02-17,1725.9,3.7135,33.216,,19570.0,1932.25,23437.0,2026.5,1635.6,139.9,118.15,,52.15
2012-02-19,,,,,,,,,1648.2,,,,
2012-02-20,1758.5,,34.429,,19697.0,1967.75,23476.0,2031.75,1647.5,,118.05,,
2012-02-21,,3.842,34.464,,20172.0,2014.0,24162.0,2097.75,1690.85,139.9,117.85,,52.15
2012-02-22,1771.3,3.8395,34.254,,20042.0,2054.5,24024.0,2131.0,1725.25,139.8,118.1,,52.15
2012-02-23,1786.3,3.811,35.556,,19940.0,2037.0,24168.0,2147.0,1724.65,140.0,118.0,,52.15
2012-02-24,1776.4,3.8675,35.338,,20114.0,2074.0,23827.0,2189.75,1714.0,139.9,118.0,,52.15
2012-02-26,,,,,,,,,1717.55,,,,
2012-02-27,1774.9,3.887,35.524,,20090.0,2091.0,23681.0,2227.5,1704.6,140.0,114.5,,52.15
2012-02-28,1788.4,3.9215,37.205,,19710.0,2115.5,24033.0,2235.75,1724.2,140.1,113.5,,52.05
2012-02-29,1711.3,3.8795,34.642,,19186.0,2098.5,23597.0,2138.75,1678.35,140.4,112.1,,52.05
2012-03-01,1722.2,3.9315,35.661,,19423.0,2088.5,23747.0,2138.0,1705.7,139.3,111.25,,52.05
2012-03-02,1709.8,3.903,34.525,,19401.0,2103.25,23691.0,2157.75,1700.6,139.5,110.75,,52.05
2012-03-04,,,,,,,,,1699.1,,,,
2012-03-05,1703.9,3.8595,33.695,,18995.0,2068.75,22989.0,2120.75,1667.7,137.9,110.05,,51.8
2012-03-06,1672.1,3.7375,32.783,,18666.0,1995.75,22268.0,2043.0,1619.15,138.2,109.35,,51.55
2012-03-07,1683.9,3.767,33.585,,18820.0,1998.0,22207.0,2064.5,1634.3,138.8,109.35,,51.55
2012-03-08,1698.7,3.7915,33.831,,18717.0,2034.0,22727.0,2100.25,1664.4,139.8,108.6,,51.35
2012-03-09,1711.5,3.8585,34.212,,19224.0,2057.0,23197.0,2096.25,1686.15,140.0,107.65,,50.75
2012-03-11,,,,,,,,,1690.15,,,,
2012-03-12,1699.8,3.8375,33.413,,19181.0,2078.75,23421.0,2111.75,1696.95,142.5,107.1,,50.95
2012-03-13,1694.2,3.9025,33.581,,19375.0,2097.25,24194.0,2125.25,1692.9,143.5,106.8,,50.95
2012-03-14,1642.9,3.848,32.181,,19500.0,2061.75,23745.0,2074.0,1673.35,143.1,107.2,,51.1
2012-03-15,1659.5,3.8975,32.726,,19302.0,2082.0,23643.0,2096.0,1687.95,143.6,107.0,,50.85
2012-03-16,1655.8,3.878,32.604,,18823.0,2070.0,23268.0,2089.25,1672.4,143.6,107.15,,50.85
2012-03-18,,,,,,,,,1679.1,,,,
2012-03-19,1667.3,3.909,32.955,,18967.0,2070.5,23530.0,2083.5,1679.75,143.7,107.25,,50.85
2012-03-20,1647.0,3.8305,31.834,,,,,,1656.45,143.7,106.9,,51.15
2012-03-21,1650.3,3.8455,32.227,,,,,,1640.95,143.7,107.25,,51.15
2012-03-22,1642.5,3.7655,31.345,,18398.0,1974.5,22071.0,1978.5,1624.15,143.8,107.3,,51.15
2012-03-23,1662.4,3.8085,32.272,,18125.0,1994.25,22186.0,1988.5,1627.5,143.9,107.15,,51.15
2012-03-25,,,,,,,,,1639.45,,,,
2012-03-26,1685.6,3.8875,32.75,,18092.0,2010.75,22414.0,1994.25,1654.35,144.1,107.0,,51.05
2012-03-27,1684.9,3.88,32.616,,17721.0,2027.0,22534.0,1981.0,1656.75,144.3,107.0,,51.0
2012-03-28,1657.9,3.7925,31.831,,17515.0,1992.5,22382.5,1985.5,1641.75,144.5,107.2,,51.0
2012-03-29,1654.9,3.8015,31.992,,17091.0,2000.25,22652.0,2000.5,1637.15,144.6,107.0,,50.7
2012-03-30,1671.9,3.8295,32.484,,17765.0,1994.25,22752.0,2037.0,1643.15,,107.0,,50.75
2012-04-01,,,,,,,,,1649.95,,,,
2012-04-02,1679.7,3.925,33.098,,18165.0,2003.25,23198.0,2060.0,1657.35,145.9,109.45,,51.25
2012-04-03,1672.0,3.924,33.265,,18390.0,2024.5,22974.0,2069.0,1646.45,147.1,108.45,,51.25
2012-04-04,1614.1,3.796,31.044,,17792.0,1977.5,22640.0,2009.0,1603.05,147.3,106.95,,51.0
2012-04-05,1630.1,3.801,31.73,,18342.0,2001.5,23123.0,2061.0,1607.5,147.1,106.75,,50.75
2012-04-08,,,,,,,,,1622.5,,,,
2012-04-09,1643.9,3.725,31.524,,,,,,1617.75,147.1,,,50.75
2012-04-10,1660.7,3.6545,31.679,,18107.0,1993.5,22693.0,2023.5,1606.2,149.4,106.4,,51.25
2012-04-11,1660.3,3.644,31.521,,18036.0,2001.5,22365.0,2061.5,1589.35,149.1,105.4,,51.25
2012-04-12,1680.6,3.7245,32.525,,18636.0,2045.5,22590.0,2098.0,1609.4,148.9,105.45,,51.4
2012-04-13,1660.2,3.6315,31.39,,18247.0,1987.0,22132.0,2059.5,1585.9,148.6,105.05,,51.4
2012-04-15,,,,,,,,,1583.25,,,,
2012-04-16,1649.7,3.633,31.373,,17434.0,1997.0,21322.0,2067.0,1577.15,148.1,103.65,,51.0
2012-04-17,1651.1,3.6515,31.674,,,,,,1584.1,148.4,102.85,,51.0
2012-04-18,1639.6,3.6355,31.487,,,,,,1581.05,148.2,103.55,,51.1
2012-04-19,1641.4,3.633,31.779,,17549.0,1990.25,21325.0,2083.0,1578.8,148.0,103.05,,51.1
2012-04-20,1642.8,3.703,31.651,,17752.0,2017.5,21454.0,2131.5,1581.4,148.3,103.2,,51.1
2012-04-22,,,,,,,,,1584.75,,,,
2012-04-23,1632.6,3.631,30.531,,17493.0,1977.5,21193.0,2068.5,1560.1,148.2,102.7,,51.25
2012-04-24,1643.8,3.678,30.746,,17350.0,1989.25,21622.0,2066.0,1549.35,148.2,103.25,,51.25
2012-04-25,1642.3,3.705,30.356,,17542.0,1994.75,21875.0,2084.5,1556.1,148.1,103.05,,51.75
2012-04-26,1660.5,3.771,31.207,,18140.0,2030.0,22261.0,2119.0,1569.35,147.9,103.05,,51.75
2012-04-27,1664.8,3.825,31.411,,18040.0,2033.0,22453.0,2143.5,1573.75,147.8,102.95,,51.75
2012-04-29,,,,,,,,,1576.55,,,,
2012-04-30,1664.2,3.8295,31.016,,17834.0,2055.5,22728.0,2155.0,1573.8,147.6,100.75,,51.75
2012-05-01,1662.4,3.8435,30.93,,17644.0,2047.5,22500.0,2176.5,1573.1,143.2,100.95,,51.75
2012-05-02,1654.0,3.787,30.645,,17221.0,2013.0,22351.0,2132.0,1562.25,142.5,99.75,,51.95
2012-05-03,1634.8,3.736,30.01,,17221.0,1980.0,21757.0,2085.5,1538.1,142.5,99.9,,51.45
2012-05-04,1645.2,3.721,30.432,,17520.0,1994.0,21407.0,2102.0,1526.35,142.7,99.65,,51.6
2012-05-06,,,,,,,,,1522.8,,,,
2012-05-07,1639.1,3.7735,30.122,,,,,,1524.0,142.7,,,51.6
2012-05-08,1604.5,3.6775,29.459,,17303.0,1973.25,21450.0,2080.0,1509.55,141.4,99.6,,51.6
2012-05-09,1594.2,3.6595,29.241,,17141.0,1938.5,20556.0,2060.0,1497.7,141.4,99.75,,51.5
2012-05-10,1595.5,3.6905,29.178,,17123.0,1966.25,20376.0,2089.0,1487.85,140.8,99.6,,51.5
2012-05-11,1584.0,3.648,28.89,,17159.0,1950.5,20462.0,2066.5,1464.45,140.2,99.65,,51.0
2012-05-13,,,,,,,,,1468.0,,,,
2012-05-14,1561.0,3.554,28.353,,16825.0,1921.0,20030.0,2028.0,1441.55,139.1,99.35,,51.5
2012-05-15,1557.1,3.5175,28.08,,,,,,1436.3,138.9,99.0,,51.6
2012-05-16,1536.6,3.478,27.196,,,,,,1438.15,138.6,98.75,,51.7
2012-05-17,1574.9,3.479,28.02,,17151.0,1895.5,19172.0,1919.5,1452.45,138.4,99.05,,51.85
2012-05-18,1591.9,3.4685,28.715,,16783.0,1890.5,19617.0,1959.0,1455.75,137.9,98.65,,51.85
2012-05-20,,,,,,,,,1459.5,,,,
2012-05-21,1588.7,3.502,28.321,,17141.0,1901.25,19221.0,1933.5,1472.6,138.0,98.2,,51.85
2012-05-22,1576.6,3.487,28.179,,16855.0,1907.5,19678.0,1957.5,1443.85,137.8,97.85,,51.6
2012-05-23,1548.4,3.396,27.519,,16708.0,1874.0,19502.0,1921.0,1422.85,137.4,96.95,,51.5
2012-05-24,1557.5,3.4285,28.157,,17050.0,1882.75,19965.0,1950.75,1421.15,137.2,97.25,,51.5
2012-05-25,1568.9,3.448,28.386,,16999.0,1907.75,19760.0,1941.25,1431.5,137.0,98.5,,51.5
2012-05-27,,,,,,,,,1431.2,,,,
2012-05-28,1548.7,,27.791,,16945.0,1908.25,19796.0,1931.0,1437.6,,91.3,,
2012-05-29,,3.462,27.791,,16492.0,1916.0,20215.0,1934.0,1428.6,136.4,92.25,,51.5
2012-05-30,1565.7,3.3945,27.983,,16239.0,1892.25,19779.0,1909.5,1407.3,136.4,91.65,,51.75
2012-05-31,1564.2,3.3705,27.757,,16169.0,1869.5,19614.0,1909.0,1406.75,136.3,91.45,,51.0
2012-06-01,1622.1,3.32,28.512,,16040.0,1889.25,19420.0,1887.0,1444.05,132.0,91.25,,51.0
2012-06-03,,,,,,,,,1440.55,,,,
2012-06-04,1613.9,3.3135,28.007,,,,,,1432.55,132.0,,,50.25
2012-06-05,1616.9,3.295,28.405,,,,,,1440.1,132.0,,,50.25
2012-06-06,1634.2,3.3845,29.488,,16034.0,1875.25,19645.0,1892.5,1464.3,129.8,90.25,,50.55
2012-06-07,1588.0,3.3765,28.529,,16528.0,1906.75,20025.0,1902.5,1445.0,131.8,89.4,,50.55
2012-06-08,1591.4,3.291,28.471,,16863.0,1866.5,19773.0,1889.0,1433.75,131.2,88.5,,50.9
2012-06-10,,,,,,,,,1447.25,,,,
2012-06-11,1596.8,3.3485,28.616,,17241.0,1890.5,19540.0,1901.75,1437.8,131.9,88.25,,51.15
2012-06-12,1613.8,3.341,28.949,,17119.0,1879.0,19730.0,1882.75,1451.7,132.2,88.3,,51.15
2012-06-13,1619.4,3.3445,28.941,,16925.0,1884.5,19470.0,1886.5,1459.3,133.3,88.65,,51.0
2012-06-14,1619.6,3.359,28.407,,16580.0,1902.0,19650.0,1907.5,1491.65,133.6,87.45,,50.9
2012-06-15,1628.1,3.3875,28.74,,16791.0,1914.0,19737.0,1911.5,1482.6,133.7,87.85,,50.75
2012-06-17,,,,,,,,,1492.25,,,,
2012-06-18,1627.0,3.3995,28.671,,16586.0,1885.0,19525.0,1881.5,1487.6,134.3,87.2,,50.75
2012-06-19,1623.2,3.438,28.368,,,,,,1484.8,134.4,87.6,,50.75
2012-06-20,1615.8,3.393,28.389,,,,,,1457.8,134.5,87.65,,50.75
2012-06-21,1565.5,3.3035,26.839,,16409.0,1819.5,18811.0,1816.75,1435.9,134.5,87.75,,50.65
2012-06-22,1566.9,3.3125,26.661,,16556.0,1796.0,18611.0,1818.0,1435.8,134.5,88.15,,50.65
2012-06-24,,,,,,,,,1438.2,,,,
2012-06-25,1588.4,3.323,27.52,,16403.0,1804.75,18520.0,1798.5,1444.9,134.6,88.1,,50.65
2012-06-26,1574.9,3.319,27.038,,16280.0,1778.75,18555.0,1770.0,1431.65,134.6,88.1,,50.75
2012-06-27,1578.4,3.355,26.942,,16261.0,1759.0,18550.0,1762.0,1416.6,134.6,88.4,,50.75
2012-06-28,1550.4,3.3315,26.291,,16220.0,1797.0,18550.0,1768.0,1391.1,134.6,88.4,,50.75
2012-06-29,1604.2,3.4965,27.612,,16761.0,1881.5,18850.0,1875.0,1449.35,134.6,88.4,,50.75
2012-07-01,,,,,,,,,1448.2,,,,
2012-07-02,1597.7,3.469,27.499,,16730.0,1875.0,18750.0,1871.25,1450.75,131.8,89.9,,50.75
2012-07-03,1621.8,3.54,28.28,,17215.0,1904.0,19157.0,1926.5,1487.2,134.0,90.15,,50.75
2012-07-04,1609.4,,27.672,,16980.0,1894.5,19101.0,1904.0,1483.9,,90.15,,
2012-07-05,,3.493,27.672,,16722.0,1849.5,18891.0,1883.75,1477.6,134.7,89.0,,50.75
2012-07-06,1578.9,3.4095,26.92,,16252.0,1841.0,18552.0,1852.5,1445.85,134.1,88.9,,50.75
2012-07-08,,,,,,,,,1441.5,,,,
2012-07-09,1589.1,3.4315,27.444,,16370.0,1849.75,18750.0,1879.25,1446.6,134.3,88.6,,50.75
2012-07-10,1579.8,3.398,26.882,,16077.0,1827.25,18675.0,1864.25,1428.35,133.4,87.9,,50.75
2012-07-11,1575.7,3.4475,27.023,,16150.0,1852.5,18800.0,1867.25,1427.6,133.5,87.3,,50.75
2012-07-12,1565.3,3.415,27.161,,15875.0,1847.5,18500.0,1858.0,1419.0,133.6,87.15,,50.5
2012-07-13,1592.0,3.504,27.369,,16200.0,1872.5,18711.0,1880.75,1432.5,133.3,87.55,,50.15
2012-07-15,,,,,,,,,1438.3,,,,
2012-07-16,1591.6,3.485,27.321,,16176.0,1885.0,18750.0,1896.25,1422.6,133.1,87.75,,50.15
2012-07-17,1589.5,3.4555,27.316,,16085.0,1870.0,18900.0,1893.0,1420.8,132.8,87.5,,49.9
2012-07-18,1570.8,3.474,27.095,,16069.0,1867.5,18671.0,1898.5,1408.9,132.4,88.05,,49.9
2012-07-19,1580.4,3.5345,27.217,,16115.0,1887.25,18960.0,1924.25,1420.45,132.0,87.95,,49.9
2012-07-20,1582.8,3.448,27.302,,15905.0,1838.5,18891.0,1885.0,1415.35,131.5,88.1,,49.9
2012-07-22,,,,,,,,,1408.55,,,,
2012-07-23,1577.4,3.38,27.042,,15600.0,1811.5,18303.0,1865.5,1399.4,131.0,87.05,,50.0
2012-07-24,1576.2,3.353,26.811,,15696.0,1792.0,17603.0,1852.0,1387.95,130.7,87.55,,50.0
2012-07-25,1608.1,3.3745,27.466,,15961.0,1796.0,17270.0,1862.25,1399.15,130.6,87.75,,49.75
2012-07-26,1615.1,3.3935,27.446,,15860.0,1810.5,17701.0,1876.75,1405.3,129.6,88.15,,49.5
2012-07-27,1618.0,3.426,27.498,,15960.0,1853.5,18155.0,1926.0,1411.45,129.1,88.4,,49.5
2012-07-29,,,,,,,,,1410.8,,,,
2012-07-30,1624.0,3.4225,28.033,,16154.0,1855.5,18150.0,1942.0,1416.05,128.5,89.1,,49.5
2012-07-31,1614.6,3.4235,27.914,,15810.0,1834.5,18000.0,1916.25,1410.5,127.9,90.15,,49.5
2012-08-01,1607.3,3.3805,27.535,,15582.0,1814.25,17850.0,1887.0,1402.2,116.3,90.2,,49.5
2012-08-02,1590.7,3.296,26.995,,15300.0,1803.25,17400.0,1855.0,1388.7,114.4,89.45,,49.5
2012-08-03,1609.3,3.3725,27.801,,15600.0,1831.0,17775.0,1886.25,1406.05,114.5,89.75,,49.5
2012-08-05,,,,,,,,,1407.1,,,,
2012-08-06,1616.2,3.394,27.863,,15709.0,1839.75,17830.0,1886.75,1401.3,116.0,91.55,,49.25
2012-08-07,1612.8,3.445,28.086,,15770.0,1863.75,18175.0,1906.25,1409.4,117.1,92.1,,49.0
2012-08-08,1616.0,3.426,28.075,,15651.0,1859.25,18100.0,1902.5,1409.25,115.8,93.4,,49.0
2012-08-09,1620.2,3.4295,28.097,,15500.0,1847.75,17901.0,1917.0,1413.2,115.7,92.55,,49.0
2012-08-10,1622.8,3.398,28.062,,15327.0,1819.5,17755.0,1890.5,1400.95,114.8,92.15,,49.0
2012-08-12,,,,,,,,,1400.75,,,,
2012-08-13,1612.6,3.359,27.767,,15354.0,1798.75,17650.0,1858.0,1388.85,114.6,92.55,,49.0
2012-08-14,1602.4,3.3645,27.763,,15470.0,1822.25,18101.0,1857.0,1396.85,114.0,92.45,,49.0
2012-08-15,1606.6,3.3545,27.812,,15301.0,1805.0,18151.0,1830.0,1396.2,114.1,92.1,,49.0
2012-08-16,1619.2,3.3875,28.212,,15540.0,1769.5,18050.0,1852.5,1436.65,113.9,91.8,,49.0
2012-08-17,1619.4,3.4235,28.002,,15640.0,1781.25,18450.0,1893.25,1474.75,113.2,91.55,,49.0
2012-08-19,,,,,,,,,1477.2,,,,
2012-08-20,1623.0,3.375,28.593,,15542.0,1779.5,18550.0,1900.0,1489.65,112.9,91.5,,49.0
2012-08-21,1642.9,3.457,29.428,,15825.0,1794.75,18810.0,1913.5,1508.9,112.5,91.65,,49.0
2012-08-22,1640.5,3.458,29.556,,16013.0,1822.5,19325.0,1913.5,1539.1,111.9,91.4,,49.0
2012-08-23,1672.8,3.495,30.456,,16320.0,1849.0,19601.0,1941.5,1542.25,111.1,91.45,,49.0
2012-08-24,1672.9,3.486,30.621,,16489.0,1865.75,20751.0,1969.0,1550.45,110.9,91.35,,49.0
2012-08-26,,,,,,,,,1549.75,,,,
2012-08-27,1675.6,3.479,31.048,,,,,,1545.3,111.0,,,48.5
2012-08-28,1669.7,3.467,30.875,,16290.0,1856.5,20512.0,1975.0,1518.2,110.4,91.3,,48.5
2012-08-29,1663.0,3.448,30.837,,16285.0,1838.0,19440.0,1964.5,1517.35,109.5,91.05,,48.5
2012-08-30,1657.1,3.4465,30.446,,16011.0,1814.25,19502.0,1945.25,1507.65,108.6,91.1,,48.25
2012-08-31,1687.6,3.4575,31.442,,15971.0,1820.75,19500.0,1962.0,1540.15,107.8,91.75,,48.0
2012-09-02,,,,,,,,,1541.65,,,,
2012-09-03,1696.0,,32.411,,16191.0,1854.5,19610.0,1989.25,1553.0,,91.8,,
2012-09-04,,3.4695,32.39,,15991.0,1857.75,19552.0,1987.75,1566.9,86.4,91.2,,48.15
2012-09-05,1694.0,3.5295,32.329,,16052.0,1871.25,19660.0,2027.0,1567.8,85.2,91.35,,48.25
2012-09-06,1705.6,3.518,32.674,,16071.0,1890.25,19600.0,2046.25,1581.1,87.5,91.15,,48.25
2012-09-07,1740.5,3.6475,33.69,,16421.0,1949.0,20050.0,2097.5,1591.75,92.8,91.2,,48.0
2012-09-09,,,,,,,,,1597.45,,,,
2012-09-10,1731.8,3.6915,33.633,,16736.0,1992.5,20255.0,2119.75,1592.35,95.1,91.0,,48.0
2012-09-11,1734.9,3.7005,33.566,,16771.0,1994.0,20661.0,2125.25,1606.0,96.5,90.55,,48.0
2012-09-12,1733.7,3.6965,33.292,,16616.0,1989.25,20700.0,2119.25,1643.45,94.0,90.55,,48.0
2012-09-13,1772.1,3.713,34.778,,16961.0,2005.0,20800.0,2180.25,1692.85,93.9,90.0,,48.0
2012-09-14,1772.7,3.837,34.656,,17770.0,2086.0,21430.0,2252.0,1709.0,95.8,90.0,,48.0
2012-09-16,,,,,,,,,1708.4,,,,
2012-09-17,1770.6,3.7965,34.367,,18090.0,2056.75,21350.0,2251.75,1665.3,96.9,90.0,,48.0
2012-09-18,1771.2,3.7915,34.718,,17697.0,2099.0,21380.0,2267.5,1621.6,97.7,90.5,,47.0
2012-09-19,1771.7,3.818,34.588,,17755.0,2121.0,21150.0,2262.25,1641.5,98.4,90.6,,46.75
2012-09-20,1770.2,3.763,34.682,,17861.0,2094.5,20522.0,2253.0,1628.9,98.8,90.1,,46.5
2012-09-21,1778.0,3.793,34.638,,18103.0,2096.75,20656.0,2288.5,1635.8,98.2,90.45,,46.4
2012-09-23,,,,,,,,,1634.4,,,,
2012-09-24,1764.6,3.7355,33.984,,17971.0,2082.5,20511.0,2260.25,1626.5,98.5,89.5,,46.4
2012-09-25,1766.4,3.762,33.948,,18380.0,2115.0,21201.0,2312.0,1632.85,98.7,89.65,,46.4
2012-09-26,1753.6,3.712,33.94,,18048.0,2048.0,20701.0,2269.0,1641.0,98.9,89.6,,46.4
2012-09-27,1780.5,3.744,34.666,,18356.0,2061.0,21150.0,2283.5,1657.65,99.2,89.6,,46.4
2012-09-28,1773.9,3.758,34.577,,18400.0,2071.5,21556.0,2270.25,1667.25,,89.5,,45.65
2012-09-30,,,,,,,,,1656.45,,,,
2012-10-01,1783.3,3.7855,34.952,,18798.0,2081.0,21775.0,2294.25,1677.5,106.1,86.15,,45.75
2012-10-02,1775.6,3.801,34.669,,18444.0,2069.75,22006.0,2293.75,1679.7,106.6,86.15,,45.9
2012-10-03,1779.8,3.784,34.69,,18506.0,2055.75,22001.0,2296.75,1691.15,108.59,85.85,,45.9
2012-10-04,1796.5,3.786,35.101,,18700.0,2035.5,22501.0,2288.0,1726.7,109.82,86.25,,45.75
2012-10-05,1780.8,3.778,34.572,,18316.0,2046.25,22301.0,2278.0,1711.25,109.59,86.25,,45.75
2012-10-07,,,,,,,,,1697.25,,,,
2012-10-08,1775.7,3.718,34.017,,18055.0,2000.75,22065.0,2255.75,1696.15,110.67,86.0,,45.75
2012-10-09,1765.0,3.718,33.985,,17925.0,1971.75,21800.0,2252.0,1688.55,111.33,85.2,,45.0
2012-10-10,1765.1,3.718,34.109,,17640.0,1938.0,21701.0,2197.0,1671.05,110.6,84.35,,44.4
2012-10-11,1770.6,3.7515,34.082,,17670.0,1929.75,21900.0,2182.75,1686.15,110.33,83.6,,44.0
2012-10-12,1759.7,3.703,33.669,,17146.0,1897.5,21271.0,2136.5,1655.35,110.06,83.3,,44.0
2012-10-14,,,,,,,,,1639.5,,,,
2012-10-15,1737.6,3.7015,32.743,,17164.0,1875.25,20950.0,2115.0,1642.6,109.94,82.35,,44.0
2012-10-16,1746.3,3.7,32.959,,16860.0,1906.5,21230.0,2121.0,1654.15,110.44,82.55,,44.0
2012-10-17,1753.0,3.748,33.232,,17131.0,1923.5,21520.0,2157.0,1667.5,111.34,83.75,,44.0
2012-10-18,1744.7,3.743,32.868,,17319.0,1895.5,21661.0,2156.0,1647.35,111.81,83.3,,44.0
2012-10-19,1724.0,3.6375,32.097,,16922.0,1859.25,21301.0,2107.25,1621.75,111.73,83.5,,44.0
2012-10-21,,,,,,,,,1617.05,,,,
2012-10-22,1726.3,3.622,32.252,,16600.0,1828.0,20500.0,2071.25,1615.15,112.17,83.15,,44.0
2012-10-23,1709.4,3.5695,31.793,,16383.0,1818.75,20301.0,2031.25,1581.8,112.21,83.05,,43.25
2012-10-24,1701.6,3.568,31.62,,16390.0,1827.0,20325.0,2015.25,1568.85,112.52,83.25,,43.0
2012-10-25,1713.0,3.5505,32.078,,16170.0,1807.5,20350.0,2008.25,1571.85,112.82,83.25,,43.0
2012-10-26,1711.9,3.55,32.036,,16044.0,1805.5,19801.0,2019.75,1547.15,113.16,83.25,,43.0
2012-10-28,,,,,,,,,1553.2,,,,
2012-10-29,1708.7,3.4945,31.745,,15915.0,1794.25,19665.0,2012.0,1540.65,113.7,83.7,,43.0
2012-10-30,1712.1,3.5115,31.816,,16055.0,1825.25,19828.0,2046.25,1557.6,113.7,84.0,,43.0
2012-10-31,1719.1,3.523,32.316,,16153.0,1838.5,19850.0,2061.0,1570.3,113.95,83.6,,41.5
2012-11-01,1715.5,3.5575,32.248,,16326.0,1857.25,20353.0,2126.0,1570.15,117.45,83.4,,41.0
2012-11-02,1675.2,3.487,30.857,,15964.0,1843.0,20151.0,2094.0,1545.5,117.45,82.9,,41.0
2012-11-04,,,,,,,,,1551.6,,,,
2012-11-05,1683.2,3.4755,31.128,,15979.0,1836.5,20115.0,2124.25,1549.2,117.08,83.35,,40.65
2012-11-06,1715.0,3.512,32.034,,16150.0,1868.75,20622.0,2173.0,1556.45,117.79,83.2,,40.65
2012-11-07,1714.0,3.4475,31.661,,15975.0,1867.75,20303.0,2176.0,1546.6,118.34,83.15,,40.65
2012-11-08,1726.0,3.4755,32.24,,16122.0,1902.5,20511.0,2217.25,1547.5,118.71,84.2,,40.65
2012-11-09,1730.9,3.452,32.599,,15970.0,1866.0,20230.0,2152.0,1554.95,119.99,84.7,,41.25
2012-11-11,,,,,,,,,1562.1,,,,
2012-11-12,1730.9,3.4745,32.522,,16051.0,1909.0,20365.0,2167.5,1563.8,120.64,85.0,,41.25
2012-11-13,1724.8,3.478,32.487,,16050.0,1912.75,20400.0,2145.0,1585.85,120.18,84.3,,41.4
2012-11-14,1730.1,3.4605,32.88,,16155.0,1927.25,20425.0,2165.25,1586.45,120.17,84.45,,41.4
2012-11-15,1713.8,3.469,32.674,,15956.0,1930.0,20416.0,2195.25,1572.35,120.61,84.8,,41.4
2012-11-16,1714.7,3.4575,32.37,,15990.0,1892.75,20371.0,2161.25,1560.25,120.53,85.55,,41.25
2012-11-18,,,,,,,,,1565.3,,,,
2012-11-19,1734.4,3.533,33.189,,16420.0,1914.25,20750.0,2192.0,1577.7,120.28,85.4,,41.25
2012-11-20,1723.6,3.5215,32.93,,16520.0,1925.25,20708.0,2164.5,1580.85,120.16,84.95,,41.65
2012-11-21,1728.2,3.501,33.35,,16652.0,1925.0,20440.0,2156.25,1580.35,120.28,84.8,,41.75
2012-11-22,1751.4,,34.116,,16559.0,1912.75,20460.0,2163.0,1583.1,,85.55,,
2012-11-23,,3.533,34.146,,16628.0,1951.75,20803.0,2199.0,1622.6,120.26,85.45,,41.75
2012-11-25,,,,,,,,,1617.0,,,,
2012-11-26,1749.6,3.543,34.137,,16551.0,1973.5,20785.0,2181.25,1615.6,120.26,85.6,,41.75
2012-11-27,1742.3,3.545,33.981,,16875.0,1981.25,21150.0,2206.0,1612.4,120.1,85.55,,42.25
2012-11-28,1716.5,3.5315,33.684,,16933.0,1976.5,21315.0,2184.25,1612.3,119.94,85.8,,42.25
2012-11-29,1729.5,3.6015,34.431,,17004.0,2020.0,21450.0,2217.5,1614.15,119.97,85.85,,42.25
2012-11-30,1712.7,3.645,33.279,,17515.0,2035.75,21775.0,2245.0,1603.8,120.35,85.9,,42.25
2012-12-02,,,,,,,,,1603.8,,,,
2012-12-03,1721.1,3.6535,33.759,,17493.0,2027.25,21876.0,2255.25,1608.1,113.79,95.15,,42.5
2012-12-04,1695.8,3.6495,32.808,,17461.0,2007.75,21700.0,2233.5,1583.5,114.59,94.6,,42.5
2012-12-05,1693.8,3.681,32.957,,17539.0,2010.25,21730.0,2236.0,1581.85,117.68,94.4,,42.5
2012-12-06,1701.8,3.6395,33.114,,17166.0,2004.25,21702.0,2213.0,1596.7,118.49,93.75,,42.5
2012-12-07,1705.5,3.658,33.131,,17201.0,2008.0,21775.0,2220.25,1607.85,121.29,93.2,,42.5
2012-12-09,,,,,,,,,1608.8,,,,
2012-12-10,1714.4,3.7015,33.377,,17751.0,2060.75,22706.0,2295.25,1622.85,121.4,93.15,,43.5
2012-12-11,1709.6,3.682,33.017,,17780.0,2057.25,22851.0,2289.25,1632.9,121.4,92.6,,43.5
2012-12-12,1717.9,3.712,33.782,,17781.0,2072.75,23105.0,2323.0,1628.3,122.31,91.95,,43.5
2012-12-13,1696.8,3.656,32.355,,17650.0,2050.75,22875.0,2295.5,1614.35,122.73,92.85,,45.5
2012-12-14,1697.0,3.678,32.299,,17830.0,2065.0,23025.0,2293.5,1618.2,124.33,93.75,,45.5
2012-12-16,,,,,,,,,1615.05,,,,
2012-12-17,1698.2,3.6615,32.28,,17672.0,2057.25,23340.0,2308.0,1608.25,126.0,93.5,,44.5
2012-12-18,1670.7,3.648,31.669,,17737.0,2086.0,23470.0,2313.25,1598.4,126.5,93.7,,44.5
2012-12-19,1667.7,3.6,31.116,,17750.0,2080.0,23475.0,2337.0,1588.45,127.08,93.8,,44.5
2012-12-20,1645.9,3.5305,29.678,,17475.0,2047.0,23210.0,2320.0,1555.5,127.58,93.7,,43.65
2012-12-21,1660.1,3.562,30.203,,17386.0,2060.0,23200.0,2303.5,1539.3,127.63,93.45,,43.4
2012-12-23,,,,,,,,,1543.95,,,,
2012-12-24,1659.5,3.541,29.897,,17299.0,2045.75,23111.0,2312.75,1538.75,129.75,93.45,,43.5
2012-12-26,1660.7,3.591,30.035,,,,,,1544.15,129.75,,,43.5
2012-12-27,1663.7,3.5965,30.24,,17277.0,2080.0,23300.0,2331.0,1537.6,128.82,93.5,,43.5
2012-12-28,1655.9,3.5895,29.975,,17155.0,2027.5,23130.0,2321.0,1524.7,128.23,93.55,,43.15
2012-12-30,,,,,,,,,1527.1,,,,
2012-12-31,1675.8,3.6525,30.227,,17104.0,2054.5,23361.0,2327.25,1543.0,128.55,93.75,,43.15
2013-01-01,,,,,,,,,1540.7,,,,
2013-01-02,1688.8,3.736,31.007,,17686.0,2113.5,24032.0,2426.25,1571.5,146.74,94.85,,43.25
2013-01-03,1674.6,3.717,30.72,,17492.0,2061.25,23880.0,2387.75,1555.15,151.24,94.4,,43.0
2013-01-04,1648.9,3.6935,29.946,,17450.0,2010.75,23750.0,2340.25,1560.8,148.91,95.0,,43.0
2013-01-06,,3.679,,,,,,,1564.05,,,,
2013-01-07,1646.3,3.678,30.082,,17311.0,1987.75,24051.0,2307.5,1561.1,150.16,94.35,,42.5
2013-01-08,1662.2,3.672,30.465,,17357.0,1989.0,24055.0,2322.0,1582.35,152.39,93.4,,42.25
2013-01-09,1655.5,3.6705,30.249,,17493.0,1988.0,24361.0,2317.0,1594.95,151.99,93.3,,42.0
2013-01-10,1678.0,3.709,30.918,,17490.0,2014.75,24600.0,2346.5,1634.95,151.66,93.25,,42.0
2013-01-11,1660.6,3.654,30.408,,17550.0,1991.5,24820.0,2305.0,1632.4,151.16,93.65,,42.0
2013-01-13,,3.639,,,,,,,1634.8,,,,
2013-01-14,1669.4,3.634,31.11,,17325.0,1972.0,24725.0,2296.5,1656.75,152.78,93.6,,42.0
2013-01-15,1683.9,3.6375,31.529,,17510.0,1995.0,24906.0,2291.5,1685.5,152.19,93.3,,42.25
2013-01-16,1683.2,3.6065,31.542,,17405.0,1987.0,24950.0,2270.0,1690.65,151.37,93.25,,42.25
2013-01-17,1690.8,3.662,31.81,,17586.0,2001.75,25000.0,2284.5,1687.6,151.31,93.35,,42.0
2013-01-18,1687.0,3.679,31.932,,17560.0,2029.75,24930.0,2302.5,1670.45,151.57,93.25,,42.0
2013-01-20,,3.663,,,,,,,1679.1,,,,
2013-01-21,1693.2,,32.177,,17401.0,2027.75,24975.0,2294.0,1683.6,,93.25,,
2013-01-22,,3.705,32.177,,17475.0,2047.5,24751.0,2335.0,1700.55,151.35,93.25,,42.5
2013-01-23,1686.7,3.6845,32.439,,17511.0,2078.0,24425.0,2365.25,1688.4,151.23,93.15,,42.5
2013-01-24,1669.9,3.6765,31.722,,17340.0,2084.25,24556.0,2386.0,1681.1,151.03,93.15,,43.65
2013-01-25,1656.6,3.652,31.206,,17357.0,2076.5,24520.0,2362.5,1696.15,150.88,93.25,,43.75
2013-01-27,,3.639,,,,,,,1693.3,,,,
2013-01-28,1652.9,3.6615,30.78,,17577.0,2070.5,24350.0,2378.5,1668.65,150.8,95.35,,43.9
2013-01-29,1660.8,3.6915,31.184,,17829.0,2081.75,24720.0,2405.0,1682.3,150.7,95.35,,43.75
2013-01-30,1681.6,3.758,32.177,,18317.0,2143.0,24864.0,2443.0,1688.85,150.75,95.45,,43.75
2013-01-31,1662.0,3.7395,31.351,,18383.0,2132.5,24750.0,2433.5,1677.1,150.86,95.2,,43.75
2013-02-01,1670.6,3.7915,31.958,,18629.0,2162.5,24890.0,2461.0,1684.7,153.64,95.4,,43.9
2013-02-03,,3.776,,,,,,,1688.0,,,,
2013-02-04,1676.4,3.7755,31.716,,18630.0,2167.25,24901.0,2450.75,1699.85,156.15,95.6,,43.65
2013-02-05,1673.5,3.7775,31.875,,18724.0,2155.75,24900.0,2461.0,1714.15,154.83,96.15,,43.65
2013-02-06,1678.8,3.7485,31.877,,18335.0,2148.0,24780.0,2420.0,1737.6,155.97,96.3,,43.5
2013-02-07,1671.3,3.736,31.403,,18132.0,2143.25,24650.0,2415.0,1718.35,156.65,95.7,,43.4
2013-02-08,1666.9,3.7685,31.441,,18320.0,2185.25,24800.0,2423.25,1716.75,157.3,96.0,,43.4
2013-02-10,,,,,,,,,1713.85,,,,
2013-02-11,1649.1,3.7315,30.91,,18192.0,2170.5,24850.0,2387.25,1696.3,156.72,95.4,,43.4
2013-02-12,1649.6,3.753,31.019,,18298.0,2187.75,24821.0,2418.25,1722.45,156.83,95.55,,43.4
2013-02-13,1645.1,3.7515,30.869,,18395.0,2171.5,24850.0,2408.0,1722.9,156.62,95.1,,43.25
2013-02-14,1635.5,3.7455,30.353,,18250.0,2163.75,24801.0,2408.5,1714.15,156.37,95.1,,43.15
2013-02-15,1609.5,3.746,29.849,,18320.0,2147.0,24805.0,2442.25,1680.65,155.28,94.85,,43.15
2013-02-17,,,,,,,,,1689.2,,,,
2013-02-18,1604.2,,29.422,,17892.0,2128.0,24400.0,2398.0,1699.15,,94.65,,
2013-02-19,,3.659,29.448,,17431.0,2151.0,23885.0,2383.25,1692.6,155.43,94.9,,43.0
2013-02-20,1578.0,3.617,28.622,,17031.0,2136.0,23774.0,2353.75,1648.8,155.39,94.9,,42.75
2013-02-21,1578.6,3.562,28.699,,16750.0,2095.0,23107.0,2324.0,1624.75,155.52,95.25,,41.75
2013-02-22,1572.8,3.5425,28.46,,16935.0,2072.25,23100.0,2305.0,1609.9,155.3,94.5,,41.75
2013-02-24,,,,,,,,,1607.3,,,,
2013-02-25,1586.6,3.552,28.987,,16691.0,2075.25,23125.0,2295.0,1612.5,155.21,93.35,,41.75
2013-02-26,1615.5,3.5745,29.26,,16730.0,2086.0,23236.0,2311.0,1622.25,155.01,92.75,,42.0
2013-02-27,1595.7,3.567,28.985,,16730.0,2065.5,23476.0,2310.5,1604.3,154.82,93.55,,42.0
2013-02-28,1578.1,3.5475,28.432,,16605.0,2046.25,23401.0,2278.25,1585.25,154.64,94.25,,42.0
2013-03-01,1572.3,3.501,28.49,,16616.0,1998.5,23215.0,2256.0,1573.5,146.85,94.05,,42.0
2013-03-03,,,,,,,,,1578.35,,,,
2013-03-04,1572.4,3.5015,28.496,,16530.0,1976.25,23320.0,2217.75,1571.95,142.96,93.35,,42.15
2013-03-05,1574.9,3.515,28.604,,16641.0,1980.5,23500.0,2230.5,1593.5,143.74,93.1,,42.15
2013-03-06,1574.9,3.493,28.803,,16550.0,1950.0,23406.0,2187.0,1591.25,146.0,92.75,,42.15
2013-03-07,1575.1,3.5205,28.808,,16585.0,1961.75,23676.0,2210.5,1603.95,145.56,92.35,,42.4
2013-03-08,1576.9,3.509,28.948,,16671.0,1947.0,23710.0,2210.0,1604.8,145.26,92.05,,42.4
2013-03-10,,,,,,,,,1600.75,,,,
2013-03-11,1578.0,3.517,28.853,,16835.0,1930.5,23640.0,2199.5,1605.15,143.91,91.85,,42.4
2013-03-12,1591.7,3.5545,29.171,,17003.0,1954.75,23751.0,2226.5,1594.25,142.61,92.3,,42.4
2013-03-13,1588.4,3.525,28.958,,16960.0,1948.75,23860.0,2248.5,1589.0,142.12,92.25,,42.25
2013-03-14,1590.7,3.5365,28.807,,17191.0,1940.75,23965.0,2247.5,1592.25,140.84,92.2,,42.15
2013-03-15,1592.6,3.5205,28.851,,16907.0,1918.5,23781.0,2221.5,1590.95,142.28,92.55,,42.25
2013-03-17,,,,,,,,,1589.8,,,,
2013-03-18,1604.6,3.428,28.874,,16581.0,1884.25,23101.0,2175.25,1581.5,141.17,92.25,,42.25
2013-03-19,1611.3,3.4055,28.843,,16611.0,1919.25,22756.0,2168.0,1560.55,140.92,91.75,,42.25
2013-03-20,1607.5,3.4465,28.817,,16816.0,1935.0,22525.0,2184.25,1577.2,140.71,91.1,,42.25
2013-03-21,1613.8,3.435,29.212,,16862.0,1916.0,22550.0,2173.0,1577.65,140.8,91.6,,42.25
2013-03-22,1606.1,3.466,28.698,,17112.0,1933.5,22800.0,2195.0,1583.25,140.9,91.8,,42.25
2013-03-24,,,,,,,,,1589.65,,,,
2013-03-25,1604.5,3.445,28.815,,16920.0,1924.75,23065.0,2182.0,1590.25,140.7,91.9,,42.25
2013-03-26,1595.7,3.4425,28.679,,16805.0,1882.0,23002.0,2137.5,1577.6,140.5,91.75,,42.3
2013-03-27,1607.2,3.4535,28.612,,16880.0,1885.0,23006.0,2132.0,1583.7,140.04,90.95,,42.3
2013-03-28,1595.7,3.4125,28.323,,16685.0,1871.25,23051.0,2100.0,1574.65,139.87,90.65,,42.4
2013-03-31,,,,,,,,,1575.35,,,,
2013-04-01,1600.9,3.385,27.944,,,,,,1596.55,136.7,,,42.25
2013-04-02,1575.9,3.389,27.248,,16380.0,1824.0,22926.0,2055.5,1577.75,136.59,86.9,,42.25
2013-04-03,1553.5,3.343,26.797,,16030.0,1827.5,22655.0,2046.25,1531.75,136.8,87.65,,42.25
2013-04-04,1552.4,3.3615,26.767,,16112.0,1859.5,22712.0,2077.0,1521.45,137.2,88.05,,42.25
2013-04-05,1575.9,3.354,27.22,,16013.0,1854.75,22800.0,2046.25,1539.3,136.54,88.4,,42.15
2013-04-07,,,,,,,,,1540.85,,,,
2013-04-08,1572.5,3.381,27.138,,16104.0,1862.25,22900.0,2060.0,1538.9,137.52,88.5,,42.15
2013-04-09,1586.7,3.4515,27.881,,16234.0,1890.0,22911.0,2090.25,1546.95,138.23,88.3,,41.9
2013-04-10,1558.8,3.4285,27.653,,16111.0,1877.75,22805.0,2093.5,1524.4,138.68,88.5,,41.25
2013-04-11,1564.9,3.4445,27.697,,16220.0,1879.0,22751.0,2083.0,1535.45,139.0,88.8,,41.15
2013-04-12,1501.4,3.3605,26.331,,15856.0,1840.0,21950.0,2043.0,1486.45,138.96,89.4,,40.75
2013-04-14,,,,,,,,,1484.6,,,,
2013-04-15,1361.1,3.2825,23.361,,15701.0,1832.75,21151.0,2042.0,1396.25,138.48,88.2,,40.65
2013-04-16,1387.4,3.315,23.628,,15741.0,1903.0,21190.0,2077.0,1446.85,138.36,88.05,,40.5
2013-04-17,1382.7,3.1955,23.307,,15403.0,1870.5,20425.0,2019.0,1425.0,138.07,87.45,,40.4
2013-04-18,1392.5,3.212,23.245,,15551.0,1865.75,20750.0,2015.0,1428.95,138.25,87.65,,40.25
2013-04-19,1395.6,3.156,22.96,,15177.0,1861.75,20680.0,2017.5,1427.85,138.28,87.4,,40.15
2013-04-21,,,,,,,,,1431.35,,,,
2013-04-22,1421.2,3.137,23.324,,15284.0,1855.25,20756.0,2006.25,1433.95,138.15,87.5,,40.15
2013-04-23,1408.8,3.0975,22.817,,15107.0,1852.75,20490.0,2008.25,1419.85,138.15,88.15,,40.5
2013-04-24,1423.7,3.1605,22.833,,15245.0,1893.5,20771.0,2044.0,1432.25,138.01,87.25,,40.5
2013-04-25,1462.0,3.239,24.14,,15450.0,1910.5,21052.0,2075.0,1473.5,137.89,87.3,,40.5
2013-04-26,1453.6,3.182,23.788,,15191.0,1869.0,20766.0,2030.75,1478.4,137.89,86.95,,40.5
2013-04-28,,,,,,,,,1482.85,,,,
2013-04-29,1467.4,3.2265,24.166,,15445.0,1877.75,20851.0,2041.75,1509.2,137.8,86.8,,40.5
2013-04-30,1472.1,3.1875,24.185,,15350.0,1840.25,20301.0,2026.5,1506.6,137.44,87.0,,40.5
2013-05-01,1446.2,3.08,23.343,,14753.0,1811.25,19900.0,1968.75,1478.15,129.0,87.0,,40.5
2013-05-02,1467.6,3.1045,23.83,,14725.0,1788.75,19650.0,1946.0,1505.5,126.15,86.9,,40.5
2013-05-03,1464.2,3.3145,24.014,,15130.0,1856.0,20300.0,2047.0,1500.1,127.46,87.5,,40.5
2013-05-05,,,,,,,,,1502.1,,,,
2013-05-06,1468.0,3.3105,23.955,,,,,,1500.75,127.5,87.5,,40.5
2013-05-07,1448.8,3.3025,23.806,,15196.0,1840.75,20300.0,2030.75,1484.4,130.59,87.65,,40.5
2013-05-08,1473.7,3.3705,23.927,,15402.0,1863.25,20625.0,2064.25,1501.45,130.97,87.7,,40.5
2013-05-09,1468.6,3.3405,23.911,,15370.0,1840.75,20603.0,2021.0,1503.8,130.18,87.7,,40.5
2013-05-10,1436.6,3.353,23.658,,15415.0,1828.0,20750.0,1998.5,1493.8,,87.35,,40.5
2013-05-12,,,,,,,,,1491.45,,,,
2013-05-13,1434.3,3.3595,23.696,,15346.0,1830.5,20920.0,2011.0,1487.65,129.38,87.4,,40.75
2013-05-14,1424.5,3.288,23.379,,15119.0,1844.0,20700.0,1976.25,1506.5,128.6,87.5,,40.75
2013-05-15,1396.2,3.265,22.658,,14887.0,1831.25,20702.0,1968.5,1489.2,127.93,87.6,,40.75
2013-05-16,1386.9,3.2945,22.659,,14880.0,1811.25,20881.0,1994.0,1484.55,127.8,87.65,,40.75
2013-05-17,1364.7,3.323,22.352,,14820.0,1818.5,20910.0,2014.0,1454.5,127.47,87.7,,40.75
2013-05-19,,,,,,,,,1437.5,,,,
2013-05-20,1384.1,3.36,22.582,,15064.0,1832.5,21300.0,2039.0,1482.5,127.3,87.75,,40.75
2013-05-21,1377.6,3.3435,22.455,,15026.0,1829.25,21225.0,2034.0,1461.75,127.34,87.7,,40.4
2013-05-22,1367.4,3.3805,22.472,,15160.0,1858.75,21401.0,2058.0,1462.85,127.08,87.65,,40.4
2013-05-23,1391.8,3.304,22.508,,14923.0,1834.25,20961.0,2042.25,1460.3,126.71,87.8,,40.4
2013-05-24,1386.6,3.2955,22.496,,14763.0,1831.25,21031.0,2072.75,1453.45,126.73,87.75,,40.4
2013-05-26,,,,,,,,,1453.55,,,,
2013-05-27,1378.9,,22.193,,,,,,1455.3,,,,
2013-05-28,,3.315,22.193,,14868.0,1843.5,21100.0,2115.5,1455.75,126.5,87.5,,40.75
2013-05-29,1391.3,3.297,22.453,,14810.0,1857.75,20950.0,2123.75,1457.3,125.31,87.7,,40.6
2013-05-30,1412.0,3.323,22.69,,14786.0,1889.5,21011.0,2165.0,1481.1,124.66,87.65,,40.6
2013-05-31,1393.0,3.3,22.243,,14819.0,1901.0,20850.0,2194.5,1456.75,,87.7,,40.5
2013-06-02,,,,,,,,,1462.3,,,,
2013-06-03,1411.9,3.3375,22.721,,15151.0,1926.0,21100.0,2216.25,1492.9,117.25,86.6,,40.15
2013-06-04,1397.2,3.376,22.409,,15226.0,1937.75,21025.0,2235.0,1490.15,118.33,86.55,,40.15
2013-06-05,1398.5,3.3785,22.472,,15185.0,1936.0,21025.0,2230.0,1509.95,114.5,86.4,,39.9
2013-06-06,1415.8,3.3255,22.707,,15050.0,1902.25,20900.0,2197.25,1525.95,111.25,85.7,,39.9
2013-06-07,1383.0,3.275,21.743,,14975.0,1873.0,20856.0,2160.25,1500.15,111.83,85.5,,39.9
2013-06-09,,,,,,,,,1500.05,,,,
2013-06-10,1386.0,3.248,21.925,,14885.0,1856.75,20725.0,2160.0,1505.05,112.25,84.45,,40.0
2013-06-11,1377.0,3.202,21.646,,14482.0,1819.75,20527.0,2112.25,1480.2,112.58,84.05,,40.0
2013-06-12,1392.0,3.2325,21.796,,14260.0,1830.75,20351.0,2120.0,1478.45,112.54,83.9,,40.0
2013-06-13,1377.8,3.1915,21.583,,14082.0,1804.0,20310.0,2091.5,1461.7,112.33,83.75,,40.0
2013-06-14,1387.6,3.208,21.954,,14308.0,1823.75,20320.0,2112.5,1445.15,114.67,83.75,,40.0
2013-06-16,,,,,,,,,1447.45,,,,
2013-06-17,1383.1,3.203,21.758,,14211.0,1821.5,20326.0,2107.5,1434.65,115.67,83.8,,40.0
2013-06-18,1366.9,3.161,21.677,,14131.0,1857.0,20125.0,2104.5,1440.15,116.08,83.7,,39.9
2013-06-19,1374.0,3.146,21.623,,14219.0,1862.25,20105.0,2070.0,1408.85,116.58,83.75,,39.9
2013-06-20,1286.2,3.0665,19.823,,13703.0,1804.0,19430.0,2026.25,1336.7,115.17,83.45,,39.9
2013-06-21,1292.0,3.0965,19.959,,14061.0,1818.0,19930.0,2025.5,1375.0,115.17,83.15,,39.75
2013-06-23,,,,,,,,,1380.5,,,,
2013-06-24,1277.1,3.025,19.493,,13660.0,1798.5,19600.0,2003.25,1339.25,115.0,82.95,,39.65
2013-06-25,1275.1,3.0725,19.526,,13900.0,1823.5,19740.0,2049.0,1349.75,114.83,83.0,,39.75
2013-06-26,1229.8,3.039,18.587,,13630.0,1812.5,19655.0,2030.0,1311.55,114.67,83.0,,39.75
2013-06-27,1211.6,3.0595,18.553,,13808.0,1825.0,19701.0,2044.25,1316.6,114.75,83.0,,39.75
2013-06-28,1223.7,3.0575,19.47,,13731.0,1828.0,19633.0,2052.75,1343.4,,83.0,,39.75
2013-06-30,,,,,,,,,1347.0,,,,
2013-07-01,1255.7,3.157,19.578,,13955.0,1865.0,19901.0,2086.0,1372.4,116.75,76.95,,39.5
2013-07-02,1243.4,3.143,19.309,,13985.0,1870.0,20005.0,2080.25,1371.35,119.33,77.55,,39.4
2013-07-03,1251.9,3.1745,19.7,,13867.0,1837.0,20050.0,2081.75,1353.8,120.17,77.35,,39.4
2013-07-04,1212.7,,18.736,,13776.0,1836.0,20005.0,2067.5,1343.95,,76.95,,
2013-07-05,,3.065,18.736,,13310.0,1812.5,18950.0,2030.25,1327.8,120.92,76.95,,39.4
2013-07-07,,,,,,,,,1328.05,,,,
2013-07-08,1234.9,3.0995,19.038,,13411.0,1849.5,19335.0,2070.0,1356.0,120.24,76.95,,39.4
2013-07-09,1245.9,3.0645,19.138,,13405.0,1836.75,19405.0,2040.0,1368.3,120.82,76.85,,39.4
2013-07-10,1247.4,3.091,19.165,,13572.0,1867.0,19451.0,2071.5,1397.35,121.26,76.45,,39.25
2013-07-11,1279.9,3.1775,19.956,,13641.0,1868.0,19501.0,2070.75,1411.9,121.75,76.95,,39.25
2013-07-12,1277.6,3.155,19.792,,13728.0,1869.25,19500.0,2066.25,1408.0,122.31,76.6,,39.25
2013-07-14,,,,,,,,,1415.0,,,,
2013-07-15,1283.5,3.1445,19.839,,13540.0,1856.0,19350.0,2055.25,1419.45,122.77,77.0,,38.0
2013-07-16,1290.4,3.1865,19.935,,13751.0,1890.5,19443.0,2072.0,1424.6,123.34,77.15,,37.65
2013-07-17,1277.5,3.1285,19.42,,13951.0,1860.25,19463.0,2030.0,1411.15,123.93,77.25,,37.15
2013-07-18,1284.2,3.1315,19.389,,14013.0,1835.25,19462.0,2040.75,1416.0,124.54,77.4,,36.5
2013-07-19,1292.9,3.14,19.46,,14180.0,1843.0,19450.0,2042.0,1430.45,127.47,77.3,,36.5
2013-07-21,,,,,,,,,1442.1,,,,
2013-07-22,1336.0,3.185,20.509,,14125.0,1854.75,19430.0,2052.25,1448.6,127.4,77.2,,36.5
2013-07-23,1334.7,3.198,20.254,,14130.0,1864.25,19401.0,2061.25,1447.75,127.52,77.35,,36.0
2013-07-24,1319.5,3.179,20.02,,14302.0,1862.5,19500.0,2060.25,1443.55,127.58,77.25,,36.0
2013-07-25,1328.8,3.1855,20.154,,14150.0,1853.75,19361.0,2072.75,1450.45,127.58,77.3,,35.75
2013-07-26,1321.5,3.1055,19.771,,13831.0,1830.75,19367.0,2049.25,1430.95,127.67,77.25,,34.5
2013-07-28,,,,,,,,,1431.2,,,,
2013-07-29,1328.4,3.1075,19.864,,13710.0,1818.5,19700.0,2069.25,1438.8,127.55,76.85,,34.5
2013-07-30,1324.8,3.0485,19.68,,13563.0,1807.0,19704.0,2031.0,1438.4,127.47,77.3,,34.5
2013-07-31,1313.0,3.125,19.628,,13850.0,1813.0,20278.0,2065.75,1442.95,127.43,77.05,,35.0
2013-08-01,1311.2,3.171,19.624,,13884.0,1824.5,20677.0,2103.0,1438.9,127.12,76.95,,35.0
2013-08-02,1310.5,3.178,19.912,,13921.0,1835.25,21000.0,2111.5,1449.3,128.78,77.0,,35.75
2013-08-04,,,,,,,,,1444.85,,,,
2013-08-05,1302.4,3.1735,19.72,,13862.0,1838.0,21155.0,2127.5,1450.9,129.57,76.95,,35.9
2013-08-06,1282.5,3.1775,19.523,,13768.0,1825.5,21160.0,2106.25,1427.7,131.9,76.8,,35.9
2013-08-07,1285.3,3.177,19.508,,13995.0,1814.75,21176.0,2105.5,1435.65,132.91,76.9,,35.9
2013-08-08,1309.9,3.2725,20.193,,14285.0,1861.75,21650.0,2138.5,1491.05,133.6,77.1,,35.9
2013-08-09,1312.2,3.3085,20.407,,14706.0,1911.0,21950.0,2176.75,1503.2,134.16,77.7,,35.9
2013-08-11,,,,,,,,,1508.3,,,,
2013-08-12,1334.2,3.3045,21.339,,14735.0,1908.0,22050.0,2192.0,1494.9,135.91,78.35,,35.85
2013-08-13,1320.5,3.318,21.343,,14740.0,1907.75,21800.0,2180.25,1493.85,136.29,78.45,,35.85
2013-08-14,1333.4,3.34,21.787,,14823.0,1917.75,21900.0,2208.0,1512.25,135.79,78.9,,35.7
2013-08-15,1360.9,3.3385,22.935,,14766.0,1922.0,21600.0,2211.0,1528.75,134.93,78.65,,35.65
2013-08-16,1371.0,3.3645,23.322,,14879.0,1969.75,21805.0,2246.25,1527.1,135.85,78.7,,35.15
2013-08-18,,,,,,,,,1528.6,,,,
2013-08-19,1365.7,3.332,23.166,,14789.0,1948.5,21850.0,2245.0,1512.0,136.01,78.8,,35.15
2013-08-20,1372.6,3.338,23.071,,14731.0,1985.5,21851.0,2244.0,1520.9,136.26,78.55,,35.15
2013-08-21,1370.1,3.308,22.963,,14388.0,1966.25,21606.0,2219.0,1508.5,136.32,78.45,,35.25
2013-08-22,1370.8,3.331,23.035,,14407.0,1947.0,21820.0,2208.25,1541.45,136.43,78.5,,34.9
2013-08-23,1395.8,3.351,23.738,,14525.0,1960.25,21750.0,2227.0,1540.9,136.87,78.3,,34.9
2013-08-25,,,,,,,,,1548.8,,,,
2013-08-26,1393.1,3.322,24.01,,,,,,1551.85,136.92,,,34.9
2013-08-27,1420.2,3.3305,24.651,,14401.0,1955.5,21600.0,2224.25,1535.5,136.89,78.1,,34.75
2013-08-28,1418.8,3.3055,24.391,,14225.0,1929.5,21606.0,2212.25,1538.95,136.94,78.25,,34.5
2013-08-29,1412.9,3.257,24.14,,14081.0,1905.75,21320.0,2195.0,1515.1,137.0,78.25,,34.15
2013-08-30,1396.1,3.2305,23.513,,13789.0,1876.0,20955.0,2151.25,1523.45,137.05,78.55,,34.0
2013-09-01,,,,,,,,,1517.05,,,,
2013-09-02,1412.0,,24.429,,13765.0,1877.0,21152.0,2180.0,1525.0,,78.45,,
2013-09-03,,3.3015,24.412,,13728.0,1877.0,21501.0,2155.5,1536.3,134.15,78.5,,34.1
2013-09-04,1390.0,3.239,23.415,,13670.0,1841.0,21761.0,2136.75,1499.15,135.28,76.95,,34.1
2013-09-05,1373.0,3.242,23.255,,13808.0,1835.75,22053.0,2130.5,1485.15,134.08,77.0,,34.1
2013-09-06,1386.5,3.2585,23.891,,13930.0,1859.25,22875.0,2145.5,1495.5,134.03,77.1,,34.1
2013-09-08,,,,,,,,,1497.4,,,,
2013-09-09,1386.7,3.276,23.717,,13941.0,1849.5,22901.0,2155.0,1486.8,135.36,77.2,,34.1
2013-09-10,1364.0,3.261,23.016,,13676.0,1837.75,22826.0,2135.25,1476.2,134.89,77.25,,34.15
2013-09-11,1363.8,3.2555,23.172,,13751.0,1836.75,22726.0,2126.0,1474.6,135.25,77.4,,34.15
2013-09-12,1330.6,3.21,22.149,,13795.0,1840.25,22250.0,2125.0,1445.2,135.28,77.7,,34.15
2013-09-13,1308.6,3.2035,21.72,,13847.0,1831.75,22660.0,2084.0,1453.75,135.08,77.8,,34.15
2013-09-15,,,,,,,,,1456.2,,,,
2013-09-16,1317.8,3.222,22.009,,13865.0,1827.5,22761.0,2055.5,1438.0,134.79,77.75,,34.65
2013-09-17,1309.4,3.223,21.784,,13790.0,1862.25,22901.0,2048.5,1424.0,134.67,78.5,,34.85
2013-09-18,1307.6,3.2785,21.564,,13967.0,1878.0,22925.0,2085.0,1469.75,134.73,78.55,,35.25
2013-09-19,1369.3,3.346,23.292,,14369.0,1879.25,23200.0,2122.5,1461.7,134.67,78.55,,35.2
2013-09-20,1332.5,3.319,21.927,,13971.0,1844.5,22900.0,2084.75,1431.15,134.64,78.4,,35.15
2013-09-22,,,,,,,,,1432.8,,,,
2013-09-23,1327.0,3.2975,21.857,,13941.0,1866.5,22900.0,2084.25,1427.25,134.55,78.5,,35.15
2013-09-24,1316.3,3.2555,21.586,,13770.0,1846.25,22771.0,2066.5,1428.2,134.48,78.5,,35.15
2013-09-25,1336.2,3.271,21.886,,13820.0,1857.75,23070.0,2073.0,1429.95,134.45,78.55,,35.15
2013-09-26,1324.1,3.305,21.766,,13810.0,1869.0,23010.0,2092.5,1415.05,134.45,78.55,,34.9
2013-09-27,1339.2,3.3295,21.831,,13967.0,1878.0,23150.0,2102.0,1422.75,134.33,78.4,,35.25
2013-09-29,,,,,,,,,1420.7,,,,
2013-09-30,1327.0,3.323,21.708,,13903.0,1888.0,23200.0,2102.0,1405.05,134.19,79.15,,35.25
2013-10-01,1286.1,3.274,21.175,,13751.0,1845.75,23100.0,2059.0,1386.25,127.43,78.75,,35.2
2013-10-02,1320.7,3.316,21.897,,13781.0,1856.75,22800.0,2084.0,1392.9,129.32,79.95,,35.2
2013-10-03,1317.6,3.2685,21.786,,13550.0,1834.25,22705.0,2058.0,1377.65,129.53,79.8,,35.2
2013-10-04,1309.9,3.301,21.752,,13926.0,1838.75,23607.0,2052.75,1390.05,129.73,80.0,,35.1
2013-10-06,,,,,,,,,1392.3,,,,
2013-10-07,1325.1,3.2965,22.386,,13851.0,1839.25,23615.0,2060.5,1399.7,129.91,80.8,,35.1
2013-10-08,1324.6,3.2925,22.443,,13851.0,1847.75,23450.0,2090.5,1402.9,130.19,80.5,,35.1
2013-10-09,1307.2,3.231,21.891,,13673.0,1849.75,23395.0,2078.0,1387.8,130.76,80.9,,35.1
2013-10-10,1296.9,3.2485,21.896,,13745.0,1858.0,23310.0,2079.5,1386.0,131.4,80.9,,35.1
2013-10-11,1268.2,3.269,21.259,,13903.0,1880.25,23311.0,2102.0,1373.1,131.94,80.45,,35.1
2013-10-13,,,,,,,,,1371.25,,,,
2013-10-14,1276.6,3.303,21.354,,13994.0,1888.75,23260.0,2131.0,1379.5,132.29,80.7,,35.2
2013-10-15,1273.2,3.3075,21.191,,13975.0,1928.5,23000.0,2146.75,1380.1,132.55,80.6,,35.2
2013-10-16,1282.3,3.308,21.365,,14071.0,1928.0,22950.0,2167.0,1402.05,132.34,80.55,,35.2
2013-10-17,1323.0,3.297,21.947,,13990.0,1908.0,22675.0,2170.0,1431.55,132.59,80.75,,35.2
2013-10-18,1314.6,3.299,21.913,,14197.0,1911.25,22700.0,2169.0,1439.0,132.65,81.3,,35.2
2013-10-20,,,,,,,,,1438.75,,,,
2013-10-21,1315.8,3.3035,22.278,,14441.0,1918.5,22716.0,2188.25,1435.9,132.69,80.9,,35.2
2013-10-22,1342.6,3.3355,22.79,,14778.0,1941.5,23201.0,2198.0,1450.7,132.67,81.2,,35.25
2013-10-23,1334.0,3.2675,22.617,,14510.0,1909.0,22710.0,2163.25,1436.85,132.6,81.25,,35.15
2013-10-24,1350.3,3.2635,22.822,,14676.0,1911.5,22865.0,2176.75,1449.7,132.68,81.5,,35.0
2013-10-25,1352.5,3.269,22.639,,14526.0,1931.0,23050.0,2196.0,1454.1,132.76,81.45,,34.95
2013-10-27,,,,,,,,,1452.7,,,,
2013-10-28,1352.2,3.269,22.538,,14552.0,1942.75,23150.0,2206.25,1468.7,132.73,84.6,,34.95
2013-10-29,1345.5,3.278,22.492,,14570.0,1943.0,23000.0,2191.25,1459.45,132.61,84.7,,34.75
2013-10-30,1349.3,3.328,22.983,,14645.0,1944.0,22970.0,2200.25,1465.0,132.59,84.4,,34.6
2013-10-31,1323.7,3.3045,21.867,,14591.0,1927.0,22800.0,2180.0,1452.0,132.57,84.15,,34.5
2013-11-01,1313.2,3.303,21.837,,14519.0,1913.75,22680.0,2183.0,1455.2,133.82,84.4,,34.45
2013-11-03,,,,,,,,,1454.5,,,,
2013-11-04,1314.7,3.258,21.7,,14315.0,1895.0,22651.0,2166.0,1455.3,134.22,83.95,,34.65
2013-11-05,1308.1,3.264,21.636,,14345.0,1892.75,22803.0,2165.0,1452.55,135.0,84.0,,34.75
2013-11-06,1317.8,3.2425,21.768,,14102.0,1882.0,22755.0,2158.0,1465.0,135.39,84.15,,34.9
2013-11-07,1308.5,3.254,21.657,,14006.0,1871.5,22725.0,2143.0,1456.8,135.23,84.7,,34.9
2013-11-08,1284.6,3.2595,21.317,,13899.0,1873.75,22825.0,2139.0,1445.4,135.25,84.55,,35.15
2013-11-10,,,,,,,,,1442.2,,,,
2013-11-11,1281.1,3.265,21.282,,13780.0,1862.5,22858.0,2125.75,1433.9,135.12,84.45,,35.25
2013-11-12,1271.2,3.24,20.778,,13659.0,1852.0,22670.0,2107.0,1432.15,135.81,84.5,,35.85
2013-11-13,1268.4,3.166,20.442,,13783.0,1852.75,22801.0,2101.5,1439.6,135.65,84.5,,35.85
2013-11-14,1286.3,3.167,20.722,,13700.0,1856.0,22911.0,2100.25,1448.7,135.72,84.55,,35.9
2013-11-15,1287.4,3.1775,20.727,,13783.0,1869.0,22902.0,2096.0,1441.1,135.71,84.7,,36.25
2013-11-17,,,,,,,,,1441.05,,,,
2013-11-18,1272.3,3.1555,20.357,,13601.0,1854.0,22780.0,2078.5,1412.8,135.82,84.65,,36.05
2013-11-19,1273.5,3.1625,20.334,,13621.0,1893.0,22750.0,2092.0,1418.1,135.95,84.6,,36.05
2013-11-20,1258.0,3.165,20.058,,13540.0,1891.5,22775.0,2094.25,1394.7,136.1,84.65,,36.25
2013-11-21,1243.6,3.1965,19.934,,13483.0,1869.75,22803.0,2087.0,1390.95,136.23,84.65,,36.25
2013-11-22,1244.1,3.2185,19.862,,13511.0,1890.0,22780.0,2105.0,1384.6,136.33,84.4,,36.45
2013-11-24,,,,,,,,,1381.95,,,,
2013-11-25,1241.2,3.2285,19.882,,13525.0,1881.25,22935.0,2088.0,1390.95,136.37,84.5,,36.25
2013-11-26,1241.4,3.218,19.848,,13440.0,1862.75,22876.0,2095.5,1376.95,136.36,84.55,,36.2
2013-11-27,1237.9,3.193,19.633,,13303.0,1848.25,22578.0,2073.0,1354.7,136.32,84.55,,36.25
2013-11-28,1250.4,,20.033,,13391.0,1845.25,22555.0,2073.25,1358.4,,84.5,,
2013-11-29,,3.2155,20.016,,13480.0,1865.0,22600.0,2072.5,1362.8,,84.55,,36.25
2013-12-01,,,,,,,,,1365.6,,,,
2013-12-02,1221.9,3.1925,19.289,,13510.0,1855.0,22510.0,2067.25,1347.0,136.16,85.2,,36.0
2013-12-03,1220.8,3.1825,19.065,,13428.0,1852.0,22500.0,2061.75,1358.8,137.39,86.2,,36.0
2013-12-04,1247.2,3.257,19.83,,13681.0,1872.75,22750.0,2086.0,1364.5,138.52,85.4,,35.5
2013-12-05,1231.9,3.238,19.57,,13735.0,1875.75,22965.0,2084.5,1361.1,138.05,85.35,,34.9
2013-12-06,1229.0,3.2565,19.523,,13755.0,1886.75,23131.0,2090.0,1356.15,138.1,85.3,,34.75
2013-12-08,,,,,,,,,1355.75,,,,
2013-12-09,1234.2,3.268,19.701,,13952.0,1912.0,23200.0,2109.25,1369.5,138.7,85.3,,34.75
2013-12-10,1261.1,3.2775,20.315,,13900.0,1945.75,22410.0,2125.0,1387.85,138.41,85.2,,34.9
2013-12-11,1257.2,3.306,20.356,,14069.0,1964.5,22581.0,2144.0,1383.6,138.04,85.45,,34.75
2013-12-12,1224.9,3.304,19.453,,14005.0,1956.25,22440.0,2127.25,1364.15,137.52,85.45,,34.65
2013-12-13,1234.6,3.3225,19.604,,14062.0,1974.75,22701.0,2150.0,1362.5,137.4,85.4,,34.65
2013-12-15,,,,,,,,,1361.55,,,,
2013-12-16,1244.4,3.3415,20.101,,14050.0,1987.75,22701.0,2166.5,1361.4,137.48,85.65,,34.65
2013-12-17,1230.1,3.333,19.84,,14092.0,1995.0,22725.0,2170.25,1351.6,137.05,85.7,,34.65
2013-12-18,1235.0,3.3265,20.059,,14130.0,1996.5,22825.0,2179.5,1332.35,136.97,85.8,,34.65
2013-12-19,1193.6,3.3035,19.186,,14208.0,1974.0,22825.0,2177.0,1316.65,136.76,85.9,,34.65
2013-12-20,1203.7,3.315,19.453,,14410.0,2031.5,22866.0,2208.5,1331.75,136.61,85.85,,34.5
2013-12-22,,,,,,,,,1333.95,,,,
2013-12-23,1197.0,3.318,19.413,,14291.0,2052.75,22900.0,2223.5,1325.55,136.28,85.85,,34.5
2013-12-24,1203.3,3.3835,19.484,,14213.0,2076.0,22900.0,2247.5,1331.95,136.27,85.85,,34.5
2013-12-26,1212.3,3.4115,19.916,,,,,,1355.85,136.13,,,34.4
2013-12-27,1214.0,3.3975,20.049,,14161.0,2090.5,22716.0,2278.75,1375.2,135.93,85.95,,34.4
2013-12-29,,,,,,,,,1377.25,,,,
2013-12-30,1203.8,3.3825,19.615,,14088.0,2090.5,22556.0,2248.5,1362.85,135.88,87.25,,34.4
2013-12-31,1202.3,3.3965,19.37,,13952.0,2045.0,22385.0,2214.5,1371.0,135.79,87.25,,34.4
2014-01-01,,,,,,,,,1377.05,,,,
2014-01-02,1225.2,3.3815,20.128,,13986.0,2072.0,22033.0,2218.0,1402.3,133.33,87.15,,34.4
2014-01-03,1238.6,3.355,20.211,,13835.0,2028.5,21517.0,2171.5,1412.45,132.71,86.5,,34.6
2014-01-05,,,,,,,,,1407.3,,,,
2014-01-06,1238.0,3.3595,20.103,,13582.0,2037.5,21600.0,2171.0,1415.6,132.18,85.7,,34.75
2014-01-07,1229.6,3.3595,19.787,,13505.0,2042.5,21728.0,2157.5,1413.65,132.02,85.0,,34.75
2014-01-08,1225.5,3.3425,19.539,,13460.0,2026.0,21770.0,2130.0,1416.65,131.93,85.2,,34.95
2014-01-09,1229.4,3.299,19.683,,13388.0,2002.75,21452.0,2102.0,1418.9,130.91,85.0,,35.1
2014-01-10,1246.9,3.3415,20.223,,13831.0,2026.0,21841.0,2128.75,1437.35,130.82,83.8,,35.2
2014-01-12,,,,,,,,,1438.55,,,,
2014-01-13,1251.1,3.3465,20.385,,14220.0,2064.5,22100.0,2173.25,1446.55,130.63,83.5,,35.2
2014-01-14,1245.4,3.336,20.282,,14335.0,2068.25,22075.0,2185.5,1429.65,131.01,83.15,,35.2
2014-01-15,1238.3,3.358,20.134,,14513.0,2082.25,22250.0,2209.5,1430.2,130.89,83.55,,35.2
2014-01-16,1240.2,3.3425,20.054,,14615.0,2075.5,22360.0,2190.25,1432.2,130.38,83.55,,35.4
2014-01-17,1251.9,3.3445,20.304,,14491.0,2080.0,22212.0,2201.25,1454.85,129.73,83.55,,36.15
2014-01-19,,,,,,,,,1458.8,,,,
2014-01-20,1241.8,,19.87,,14552.0,2077.0,22207.0,2199.5,1465.8,,83.05,,
2014-01-21,,3.351,19.87,,14736.0,2091.5,22105.0,2210.0,1455.55,129.18,82.45,,35.9
2014-01-22,1238.6,3.337,19.839,,14796.0,2083.5,22051.0,2193.5,1459.9,129.23,82.6,,35.9
2014-01-23,1262.3,3.2855,20.01,,14590.0,2040.75,22050.0,2149.5,1460.65,129.16,82.35,,35.75
2014-01-24,1264.3,3.2715,19.765,,14460.0,2013.0,21820.0,2167.75,1430.15,128.98,82.6,,35.75
2014-01-26,,,,,,,,,1439.65,,,,
2014-01-27,1263.4,3.259,19.793,,14121.0,2003.0,21800.0,2152.5,1418.3,128.81,82.2,,35.7
2014-01-28,1250.8,3.253,19.503,,14135.0,1995.0,22004.0,2153.0,1411.3,128.55,82.2,,35.8
2014-01-29,1262.2,3.2405,19.552,,13976.0,1983.0,22100.0,2150.0,1416.1,128.46,82.2,,35.8
2014-01-30,1242.5,3.229,19.126,,13810.0,1974.25,22025.0,2116.0,1385.3,128.12,82.15,,35.8
2014-01-31,1239.8,3.2,19.12,,14015.0,1964.0,22000.0,2116.0,1377.9,122.63,82.35,,35.8
2014-02-02,,,,,,,,,1376.5,,,,
2014-02-03,1259.9,3.187,19.409,,13815.0,1951.75,22101.0,2082.5,1387.1,122.51,79.2,,35.8
2014-02-04,1251.2,3.193,19.422,,13805.0,1948.25,22152.0,2098.0,1375.65,122.29,78.3,,35.8
2014-02-05,1256.9,3.189,19.805,,13813.0,1967.0,22075.0,2096.0,1383.45,121.87,78.2,,35.8
2014-02-06,1257.2,3.228,19.928,,13965.0,2010.5,22050.0,2118.0,1376.75,122.03,78.2,,35.8
2014-02-07,1262.9,3.237,19.936,,14124.0,2028.5,22135.0,2118.0,1384.3,121.04,77.9,,35.75
2014-02-09,,,,,,,,,1384.15,,,,
2014-02-10,1274.7,3.2255,20.112,,14131.0,2006.25,22150.0,2101.75,1386.0,120.87,77.95,,35.8
2014-02-11,1289.8,3.2155,20.153,,14164.0,1997.75,22175.0,2111.0,1387.35,120.68,77.25,,35.8
2014-02-12,1295.0,3.2555,20.341,,14361.0,2020.0,22391.0,2122.25,1404.95,121.17,77.25,,35.7
2014-02-13,1300.1,3.25,20.395,,14172.0,2024.0,22550.0,2121.5,1414.45,122.04,77.3,,35.7
2014-02-14,1318.6,3.2655,21.421,,14250.0,2044.0,22902.0,2137.0,1427.9,122.39,77.35,,35.7
2014-02-16,,,,,,,,,1431.3,,,,
2014-02-17,1324.4,,21.898,,14362.0,2064.25,23103.0,2148.0,1431.2,,77.55,,
2014-02-18,,3.2845,21.914,,14454.0,2069.0,23076.0,2172.25,1422.5,122.33,77.6,,35.7
2014-02-19,1320.4,3.283,21.85,,14505.0,2055.0,23180.0,2152.0,1415.2,122.39,77.5,,35.7
2014-02-20,1316.9,3.274,21.684,,14355.0,2049.0,23000.0,2137.25,1416.8,122.17,77.6,,35.7
2014-02-21,1323.6,3.276,21.782,,14355.0,2041.0,23085.0,2145.0,1428.8,122.27,77.6,,35.7
2014-02-23,,,,,,,,,1427.35,,,,
2014-02-24,1338.0,3.257,22.051,,14371.0,2045.0,23000.0,2134.0,1435.05,121.82,77.3,,35.5
2014-02-25,1342.7,3.2445,21.963,,14295.0,2049.0,23226.0,2123.0,1439.55,121.71,77.45,,35.55
2014-02-26,1328.0,3.232,21.254,,14230.0,2062.5,23500.0,2130.0,1429.5,121.6,77.25,,35.5
2014-02-27,1331.8,3.201,21.352,,14422.0,2070.5,23501.0,2138.0,1451.85,121.54,77.45,,35.45
2014-02-28,1321.6,3.1875,21.241,,14665.0,2085.0,23410.0,2132.0,1445.9,121.37,77.55,,35.45
2014-03-02,,,,,,,,,1452.45,,,,
2014-03-03,1350.3,3.172,21.485,,14692.0,2082.0,22962.0,2110.5,1458.55,115.0,76.7,,35.25
2014-03-04,1337.9,3.2145,21.222,,15120.0,2132.75,23240.0,2139.0,1458.55,114.84,76.1,,35.15
2014-03-05,1340.3,3.2025,21.271,,15133.0,2118.5,23175.0,2126.25,1474.8,115.65,74.95,,35.0
2014-03-06,1351.8,3.218,21.574,,15500.0,2107.0,23221.0,2143.25,1484.3,115.52,74.5,,35.0
2014-03-07,1338.2,3.0825,20.928,,15263.0,2055.0,22875.0,2098.0,1483.55,113.76,74.45,,35.0
2014-03-09,,,,,,,,,1478.65,,,,
2014-03-10,1341.5,3.0315,20.91,,15450.0,2033.5,22890.0,2085.75,1478.75,109.2,72.65,,35.05
2014-03-11,1346.7,2.952,20.815,,15470.0,1990.0,22675.0,2045.0,1467.7,110.6,73.05,,35.05
2014-03-12,1370.5,2.962,21.358,,15650.0,1972.0,22843.0,2040.5,1476.1,110.87,73.25,,35.0
2014-03-13,1372.4,2.923,21.198,,15760.0,1966.5,22900.0,2020.5,1479.15,112.66,73.9,,34.95
2014-03-14,1379.0,2.9505,21.413,,15734.0,1966.25,22915.0,2043.25,1470.6,111.43,74.5,,34.8
2014-03-16,,,,,,,,,1473.4,,,,
2014-03-17,1372.9,2.952,21.275,,15920.0,1952.75,22951.0,2054.25,1469.15,111.13,74.6,,34.8
2014-03-18,1359.0,2.9515,20.862,,16225.0,1979.25,23175.0,2078.0,1459.4,111.57,74.55,,34.9
2014-03-19,1341.3,2.987,20.826,,16310.0,1983.25,23134.0,2082.25,1449.8,111.56,74.5,,34.9
2014-03-20,1330.5,2.9285,20.43,,15830.0,1946.0,22951.0,2068.25,1436.6,111.56,74.4,,34.9
2014-03-21,1336.0,2.9505,20.31,,16040.0,1945.75,22800.0,2077.0,1436.3,111.43,74.5,,34.75
2014-03-23,,,,,,,,,1441.3,,,,
2014-03-24,1311.2,2.9455,20.067,,16090.0,1936.25,22853.0,2066.75,1434.8,111.43,74.5,,34.75
2014-03-25,1311.4,3.0055,19.979,,16050.0,1985.25,22926.0,2082.75,1423.35,111.55,74.3,,34.75
2014-03-26,1303.4,2.9655,19.78,,15890.0,1963.75,22825.0,2064.25,1415.2,111.61,74.3,,34.5
2014-03-27,1294.7,2.993,19.708,,15710.0,1964.5,22755.0,2070.25,1403.8,111.54,74.35,,34.45
2014-03-28,1294.3,3.0395,19.79,,15736.0,1966.0,22876.0,2064.0,1411.15,111.58,74.35,,34.3
2014-03-30,,,,,,,,,1414.55,,,,
2014-03-31,1283.8,3.0245,19.752,,15888.0,1971.75,22806.0,2070.0,1417.45,111.83,74.55,,34.0
2014-04-01,1280.0,3.0335,19.688,,16020.0,1960.25,22951.0,2047.0,1425.55,116.67,74.5,,34.45
2014-04-02,1290.8,3.0445,20.05,,16182.0,1964.0,22912.0,2055.25,1437.85,114.69,73.45,,34.45
2014-04-03,1284.6,3.027,19.805,,16275.0,1978.25,23195.0,2053.0,1440.0,115.48,73.65,,34.25
2014-04-04,1303.5,3.022,19.946,,16376.0,1997.75,23051.0,2056.25,1449.05,116.07,73.55,,33.95
2014-04-06,,,,,,,,,1449.9,,,,
2014-04-07,1298.3,3.0385,19.907,,16507.0,1993.75,23171.0,2060.5,1429.25,118.16,73.45,,33.8
2014-04-08,1309.1,3.0455,20.057,,16410.0,2018.5,23195.0,2073.0,1441.75,118.7,73.4,,33.7
2014-04-09,1305.9,3.0315,19.77,,16725.0,2011.5,23276.0,2085.0,1443.9,118.36,73.4,,33.4
2014-04-10,1320.5,3.0415,20.091,,17101.0,2032.25,23375.0,2115.0,1454.8,117.3,74.0,,33.25
2014-04-11,1319.0,3.0405,19.946,,17453.0,2016.25,23281.0,2087.25,1458.95,117.09,74.5,,33.25
2014-04-13,,,,,,,,,1467.05,,,,
2014-04-14,1327.5,3.0465,20.01,,17784.0,2042.0,23335.0,2116.5,1466.85,116.95,74.55,,33.15
2014-04-15,1300.3,2.9875,19.489,,17710.0,2048.25,23287.0,2108.0,1442.3,116.75,74.75,,33.0
2014-04-16,1303.5,3.0225,19.634,,17870.0,2065.0,23410.0,2141.0,1440.5,116.77,74.25,,32.5
2014-04-17,1293.9,3.043,19.596,,17909.0,2054.0,23350.0,2141.75,1415.15,116.79,74.25,,32.5
2014-04-20,,,,,,,,,1413.65,,,,
2014-04-21,1288.5,3.0405,19.351,,,,,,1405.05,116.27,,,32.5
2014-04-22,1281.1,3.047,19.361,,18300.0,2075.0,23571.0,2163.5,1403.8,116.0,73.5,,32.25
2014-04-23,1284.6,3.051,19.438,,18410.0,2053.0,23667.0,2157.5,1406.45,115.91,73.45,,31.5
2014-04-24,1290.6,3.1035,19.688,,18255.0,2069.25,23700.0,2176.5,1413.1,115.92,73.4,,31.5
2014-04-25,1300.8,3.108,19.691,,18465.0,2052.0,23700.0,2158.0,1424.15,115.72,73.4,,31.0
2014-04-27,,,,,,,,,1430.35,,,,
2014-04-28,1299.0,3.104,19.588,,18110.0,2063.25,23511.0,2119.25,1419.35,115.38,73.3,,30.85
2014-04-29,1296.3,3.073,19.538,,18217.0,2052.5,23081.0,2112.0,1429.5,115.03,73.45,,30.55
2014-04-30,1295.9,3.0275,19.174,,18292.0,2042.0,22948.0,2106.0,1426.95,114.58,73.35,,30.5
2014-05-01,1283.4,3.0215,19.043,,18340.0,2023.5,22850.0,2092.0,1425.25,105.75,73.5,,30.15
2014-05-02,1302.9,3.07,19.546,,18268.0,2043.5,23011.0,2091.25,1439.55,106.56,73.4,,30.05
2014-05-04,,,,,,,,,1441.7,,,,
2014-05-05,1309.3,3.0535,19.571,,,,,,1451.9,106.67,,,29.25
2014-05-06,1308.6,3.057,19.645,,18540.0,2050.0,23010.0,2103.0,1454.05,106.5,73.2,,29.0
2014-05-07,1288.9,3.0325,19.342,,18660.0,2025.0,23105.0,2080.0,1439.05,104.94,73.2,,29.0
2014-05-08,1287.7,3.0625,19.138,,19416.0,2034.25,23175.0,2096.25,1438.4,104.0,73.5,,29.0
2014-05-09,1287.6,3.083,19.121,,20190.0,2030.0,23077.0,2085.0,1431.15,103.78,73.5,,29.05
2014-05-11,,,,,,,,,1426.2,,,,
2014-05-12,1295.8,3.1495,19.543,,21174.0,2069.5,22951.0,2127.0,1438.1,104.77,74.05,,29.05
2014-05-13,1294.8,3.1355,19.547,,20890.0,2054.5,23338.0,2117.0,1453.4,104.22,74.2,,29.05
2014-05-14,1305.9,3.16,19.775,,19625.0,2099.25,23325.0,2150.5,1480.8,104.45,74.3,,28.75
2014-05-15,1293.6,3.1445,19.484,,18630.0,2053.75,23279.0,2116.5,1471.85,103.91,74.3,,28.45
2014-05-16,1293.4,3.147,19.329,,19014.0,2059.75,23161.0,2136.25,1466.4,102.8,74.25,,28.25
2014-05-18,,,,,,,,,1468.95,,,,
2014-05-19,1293.8,3.167,19.353,,20240.0,2085.0,23350.0,2152.0,1473.25,102.35,74.25,,28.0
2014-05-20,1294.6,3.145,19.399,,19844.0,2076.0,23001.0,2133.0,1470.75,101.97,74.25,,28.05
2014-05-21,1288.1,3.123,19.338,,19363.0,2067.75,23000.0,2120.75,1474.7,102.31,74.25,,28.15
2014-05-22,1295.0,3.142,19.52,,19632.0,2073.75,23133.0,2131.0,1489.25,102.24,74.2,,28.15
2014-05-23,1291.7,3.1675,19.418,,19500.0,2078.0,23250.0,2139.5,1475.1,101.8,74.25,,28.3
2014-05-25,,,,,,,,,1479.6,,,,
2014-05-26,1265.5,,19.067,,,,,,1479.7,,,,
2014-05-27,,3.1775,19.067,,19582.0,2085.0,23315.0,2141.0,1465.85,101.5,74.25,,28.25
2014-05-28,1259.3,3.1735,19.059,,19245.0,2072.25,23247.0,2134.0,1458.95,101.15,73.95,,28.25
2014-05-29,1257.1,3.1415,19.014,,18889.0,2062.75,23374.0,2115.0,1462.45,100.89,73.95,,28.25
2014-05-30,1246.0,3.1205,18.682,,19266.0,2051.5,23202.0,2091.75,1453.55,,73.9,,28.25
2014-06-01,,,,,,,,,1452.2,,,,
2014-06-02,1244.0,3.168,18.739,,19401.0,2083.25,23325.0,2122.0,1436.45,93.91,72.15,,28.25
2014-06-03,1244.5,3.135,18.763,,19010.0,2087.75,23325.0,2132.5,1431.35,93.84,72.45,,28.25
2014-06-04,1244.3,3.091,18.792,,19111.0,2078.25,23150.0,2104.5,1439.5,95.51,72.2,,28.25
2014-06-05,1253.3,3.0895,19.083,,18945.0,2085.25,23153.0,2104.25,1443.05,94.22,72.15,,28.65
2014-06-06,1252.5,3.0505,18.991,,18772.0,2102.25,23151.0,2109.5,1454.25,94.86,72.25,,28.65
2014-06-08,,,,,,,,,1453.75,,,,
2014-06-09,1253.9,3.042,19.066,,18910.0,2127.5,23170.0,2138.0,1453.0,94.01,72.1,,28.5
2014-06-10,1260.1,3.052,19.168,,18700.0,2121.75,22946.0,2139.25,1475.75,93.34,72.15,,28.5
2014-06-11,1261.2,3.04,19.172,,18250.0,2108.0,22750.0,2115.5,1478.95,93.26,72.15,,28.5
2014-06-12,1274.0,3.0175,19.533,,18047.0,2060.5,22455.0,2071.0,1454.05,92.38,72.05,,28.45
2014-06-13,1274.1,3.029,19.655,,18080.0,2074.5,22580.0,2089.25,1435.25,92.26,72.15,,28.3
2014-06-15,,,,,,,,,1444.15,,,,
2014-06-16,1275.3,3.047,19.715,1840.25,18702.0,2091.25,22519.0,2102.5,1438.85,91.63,72.5,,28.25
2014-06-17,1272.0,3.0605,19.732,1852.0,19201.0,2126.0,22528.0,2120.0,1440.0,91.79,72.25,,28.25
2014-06-18,1272.7,3.061,19.778,1874.5,18605.0,2132.5,22450.0,2117.25,1454.5,91.8,72.0,,28.25
2014-06-19,1314.1,3.0755,20.648,1890.5,18551.0,2145.25,22512.0,2134.0,1469.05,92.01,71.95,,28.25
2014-06-20,1316.6,3.1145,20.949,1888.5,18382.0,2170.25,22525.0,2132.5,1458.4,92.19,72.0,,28.25
2014-06-22,,,,,,,,,1457.15,,,,
2014-06-23,1318.4,3.1435,20.916,1892.5,18367.0,2177.75,22450.0,2176.0,1454.1,92.34,72.0,,28.25
2014-06-24,1321.3,3.1455,21.043,1901.0,18175.0,2168.5,22551.0,2181.25,1471.55,92.41,72.0,,28.25
2014-06-25,1322.6,3.1655,21.116,1903.5,18580.0,2176.0,22456.0,2168.25,1469.8,92.5,72.0,,28.4
2014-06-26,1317.0,3.1685,21.108,1898.0,18870.0,2186.0,22401.0,2175.25,1470.85,92.61,71.85,,28.25
2014-06-27,1320.0,3.168,21.134,1885.0,18885.0,2182.5,22223.0,2159.5,1480.4,92.7,71.9,,28.25
2014-06-29,,,,,,,,,1478.35,,,,
2014-06-30,1322.0,3.2035,21.056,1890.75,19030.0,2212.25,22601.0,2167.25,1486.9,92.74,71.1,,28.25
2014-07-01,1326.6,3.204,21.117,1884.5,19125.0,2178.5,22657.0,2156.0,1505.15,95.12,70.7,,28.3
2014-07-02,1330.9,3.265,21.302,1926.0,19736.0,2242.5,22950.0,2210.5,1507.7,96.36,70.75,,28.3
2014-07-03,1320.6,3.2795,21.137,1936.0,19804.0,2230.5,22850.0,2192.25,1500.05,96.39,70.05,,28.3
2014-07-04,1317.0,,21.014,1921.5,19370.0,2229.75,22707.0,2181.25,1503.3,,69.85,,
2014-07-06,,,,,,,,,1504.6,,,,
2014-07-07,,3.261,21.014,1919.5,19329.0,2252.25,22653.0,2190.0,1498.2,95.32,70.0,,28.5
2014-07-08,1316.5,3.257,21.013,1938.0,19726.0,2272.75,22423.0,2205.5,1502.3,96.27,69.9,,28.5
2014-07-09,1324.3,3.248,21.068,1937.75,19400.0,2275.5,22209.0,2182.0,1510.0,95.84,69.85,,28.5
2014-07-10,1339.2,3.267,21.508,1922.25,19273.0,2261.75,22002.0,2195.5,1516.2,96.26,69.8,,28.4
2014-07-11,1337.4,3.269,21.461,1939.0,19371.0,2238.5,22076.0,2205.0,1515.65,96.46,69.65,,28.4
2014-07-13,,,,,,,,,1515.75,,,,
2014-07-14,1306.7,3.249,20.914,1938.5,19345.0,2300.75,22161.0,2207.25,1499.55,97.01,69.5,,28.4
2014-07-15,1297.1,3.2495,20.889,1960.0,19327.0,2298.5,22075.0,2207.5,1488.05,96.92,69.5,,28.5
2014-07-16,1299.8,3.2145,20.775,1970.5,19202.0,2287.5,22051.0,2190.0,1487.95,96.88,68.9,,28.5
2014-07-17,1316.9,3.2205,21.134,1990.0,19279.0,2299.5,22100.0,2196.5,1505.45,96.61,69.0,,28.5
2014-07-18,1309.4,3.1845,20.886,1982.75,18649.0,2292.0,22120.0,2190.25,1492.7,96.23,69.1,,28.5
2014-07-20,,,,,,,,,1493.6,,,,
2014-07-21,1313.9,3.199,21.012,2021.0,18852.0,2334.5,22125.0,2208.25,1490.8,96.2,69.0,,28.5
2014-07-22,1306.3,3.208,21.008,2044.5,19098.0,2361.75,22066.0,2218.0,1489.4,96.21,69.1,,28.5
2014-07-23,1304.7,3.207,20.995,2017.25,19005.0,2363.5,22181.0,2201.75,1484.6,96.07,69.25,,28.5
2014-07-24,1290.8,3.2665,20.415,2027.0,19174.0,2389.0,22400.0,2237.5,1473.1,95.99,69.3,,28.5
2014-07-25,1303.3,3.2405,20.636,1998.0,19179.0,2387.5,22410.0,2270.75,1481.2,96.02,69.3,,28.6
2014-07-27,,,,,,,,,1480.5,,,,
2014-07-28,1303.3,3.2435,20.567,2015.0,18768.0,2409.25,22626.0,2299.0,1491.25,96.07,69.9,,28.6
2014-07-29,1298.3,3.219,20.583,1981.25,18700.0,2365.5,22785.0,2238.25,1484.65,96.04,70.15,,28.75
2014-07-30,1296.9,3.246,20.597,2021.0,18980.0,2385.0,22725.0,2266.5,1481.9,96.06,69.55,,28.7
2014-07-31,1282.8,3.236,20.412,1988.5,18502.0,2368.5,22701.0,2223.5,1464.9,96.05,68.95,,28.75
2014-08-01,1294.8,3.2205,20.371,1973.5,18382.0,2342.0,22401.0,2232.5,1465.75,94.69,68.95,,28.75
2014-08-03,,,,,,,,,1465.75,,,,
2014-08-04,1288.9,3.25,20.233,2025.0,18534.0,2391.5,22351.0,2273.75,1466.65,96.01,69.35,,29.0
2014-08-05,1285.3,3.2105,19.833,2008.0,18465.0,2384.0,22405.0,2236.5,1459.85,95.98,69.75,,29.5
2014-08-06,1308.2,3.171,20.024,2020.0,18719.0,2352.5,22265.0,2235.25,1467.3,95.7,69.95,,29.5
2014-08-07,1312.5,3.1815,19.99,2022.5,18863.0,2322.25,22360.0,2259.25,1478.3,95.4,70.3,,29.75
2014-08-08,1311.0,3.1795,19.941,2020.25,18550.0,2290.0,22365.0,2239.0,1477.45,95.35,70.55,,30.0
2014-08-10,,,,,,,,,1476.25,,,,
2014-08-11,1310.5,3.1805,20.095,2026.75,18700.0,2296.25,22390.0,2255.5,1472.85,95.11,70.2,,30.5
2014-08-12,1310.6,3.162,19.905,2044.25,18802.0,2321.25,22461.0,2260.5,1470.75,94.65,69.85,,30.9
2014-08-13,1314.5,3.1215,19.845,2017.5,18630.0,2270.75,22410.0,2212.0,1470.35,94.46,70.05,,31.0
2014-08-14,1315.7,3.101,19.906,1988.75,18582.0,2265.0,22404.0,2201.25,1468.55,94.25,69.75,,31.0
2014-08-15,1306.2,3.113,19.525,1992.0,18663.0,2264.25,22405.0,2219.0,1457.75,94.56,70.25,,31.0
2014-08-17,,,,,,,,,1457.6,,,,
2014-08-18,1299.3,3.12,19.635,2009.75,18500.0,2273.25,22375.0,2212.25,1447.7,94.03,70.2,,31.25
2014-08-19,1296.7,3.102,19.412,2039.0,18617.0,2310.0,22375.0,2229.5,1440.25,94.05,70.0,,31.4
2014-08-20,1295.2,3.1845,19.497,2077.0,18935.0,2357.25,22405.0,2253.25,1428.9,93.94,69.8,,31.5
2014-08-21,1275.4,3.183,19.415,2060.25,18847.0,2357.5,22125.0,2244.75,1422.65,93.86,69.75,,31.65
2014-08-22,1280.2,3.212,19.386,2064.75,18750.0,2347.5,22100.0,2256.0,1421.85,93.7,69.25,,31.65
2014-08-25,1278.9,3.226,19.358,,,,,,1418.1,93.43,,,31.65
2014-08-26,1285.2,3.1975,19.386,2083.5,18922.0,2351.0,21991.0,2249.25,1417.9,93.32,69.35,,31.55
2014-08-27,1283.4,3.1855,19.405,2087.25,18856.0,2353.5,21831.0,2262.25,1420.45,93.1,69.3,,32.5
2014-08-28,1290.4,3.144,19.609,2083.5,18665.0,2338.0,21801.0,2246.75,1425.05,92.84,69.1,,33.0
2014-08-29,1287.4,3.153,19.492,2098.5,18780.0,2353.25,21752.0,2240.0,1424.5,,69.25,,32.75
2014-08-31,,,,,,,,,1424.6,,,,
2014-09-01,1265.0,,19.152,2096.0,18728.0,2352.75,21606.0,2231.5,1423.95,,67.7,,
2014-09-02,,3.15,19.12,2107.25,18540.0,2371.5,21454.0,2235.0,1412.75,86.7,67.35,,32.65
2014-09-03,1270.3,3.1245,19.189,2078.5,19060.0,2359.0,21400.0,2208.0,1412.9,85.27,67.05,,32.65
2014-09-04,1266.5,3.1485,19.138,2104.5,19365.0,2389.75,21460.0,2228.0,1403.7,84.71,66.55,,32.65
2014-09-05,1267.3,3.167,19.156,2090.25,19585.0,2384.25,21401.0,2208.25,1410.75,83.84,66.1,,32.75
2014-09-07,,,,,,,,,1410.85,,,,
2014-09-08,1254.3,3.1655,18.961,2092.75,19930.0,2379.0,21350.0,2200.5,1399.65,84.66,66.35,,32.9
2014-09-09,1248.5,3.0995,18.92,2063.5,18850.0,2291.5,20940.0,2136.0,1390.35,83.7,66.15,,32.9
2014-09-10,1245.3,3.1085,18.926,2053.0,18750.0,2295.75,20980.0,2121.0,1382.3,83.56,66.2,,32.9
2014-09-11,1239.0,3.0905,18.599,2034.0,18370.0,2253.0,21051.0,2119.25,1371.75,83.42,66.1,,33.0
2014-09-12,1231.5,3.105,18.606,2022.5,18426.0,2269.0,21205.0,2126.0,1371.85,84.06,65.9,,33.4
2014-09-14,,,,,,,,,1367.2,,,,
2014-09-15,1235.1,3.0845,18.62,1982.75,18100.0,2242.0,21051.0,2098.0,1364.15,84.71,66.15,,34.0
2014-09-16,1236.7,3.1635,18.721,2025.5,18285.0,2299.75,21375.0,2133.25,1366.45,84.17,66.2,,35.0
2014-09-17,1235.9,3.142,18.734,1999.0,18051.0,2261.75,21160.0,2105.25,1349.7,84.1,66.05,,36.0
2014-09-18,1226.9,3.0935,18.517,1982.5,17857.0,2258.75,21175.0,2076.0,1348.2,83.81,66.15,,36.75
2014-09-19,1216.6,3.091,17.844,1977.0,17771.0,2268.25,21330.0,2089.0,1336.05,83.51,66.1,,36.65
2014-09-21,,,,,,,,,1333.5,,,,
2014-09-22,1217.9,3.038,17.774,1976.75,16952.0,2233.0,21111.0,2078.0,1328.65,83.08,66.2,,36.5
2014-09-23,1222.0,3.0345,17.779,1966.5,17166.0,2247.75,21126.0,2067.75,1333.55,83.08,66.2,,36.65
2014-09-24,1219.5,3.053,17.702,1974.5,17446.0,2274.25,21190.0,2092.25,1316.4,82.94,66.25,,36.2
2014-09-25,1221.9,3.03,17.438,1950.25,17240.0,2259.0,20500.0,2067.0,1315.05,82.7,66.15,,35.55
2014-09-26,1215.4,3.034,17.537,1946.0,16860.0,2259.25,20550.0,2070.0,1300.9,82.49,66.3,,35.5
2014-09-28,,,,,,,,,1301.25,,,,
2014-09-29,1218.8,3.0565,17.567,1961.25,16650.0,2283.0,20321.0,2102.5,1304.5,82.27,64.55,,35.3
2014-09-30,1211.6,3.0075,17.057,1958.25,16265.0,2281.75,20200.0,2082.25,1293.3,82.27,64.65,,35.3
2014-10-01,1215.5,3.036,17.259,1918.25,16165.0,2261.5,20250.0,2096.5,1282.95,78.85,64.7,,35.3
2014-10-02,1215.1,2.9985,17.047,1887.25,16060.0,2245.0,20301.0,2079.25,1264.4,79.19,65.0,,35.75
2014-10-03,1192.9,2.9985,16.826,1912.0,16647.0,2258.5,20315.0,2079.25,1225.7,79.17,64.65,,35.75
2014-10-05,,,,,,,,,1203.9,,,,
2014-10-06,1207.3,3.0355,17.225,1927.5,16756.0,2303.0,20450.0,2103.0,1246.45,79.17,64.85,,35.75
2014-10-07,1212.4,3.039,17.24,1953.0,16978.0,2312.25,20356.0,2093.75,1266.5,79.44,65.1,,35.75
2014-10-08,1206.0,3.0035,17.064,1937.75,16407.0,2311.75,20160.0,2077.0,1276.55,78.33,65.3,,35.9
2014-10-09,1225.3,3.03,17.418,1949.0,16577.0,2328.0,20190.0,2078.5,1265.7,78.67,64.85,,35.5
2014-10-10,1221.7,3.035,17.303,1929.5,16421.0,2308.5,20101.0,2065.25,1263.1,80.12,64.5,,35.5
2014-10-11,,,,,,2251.5,,,,,,,
2014-10-12,,,,,,,,,1269.9,,,,
2014-10-13,1230.0,3.0405,17.345,1943.5,16480.0,2329.5,20150.0,2068.5,1268.55,81.67,64.25,,35.65
2014-10-14,1234.3,3.09,17.403,1951.0,16350.0,2347.0,19678.0,2054.5,1265.7,81.61,64.1,,35.5
2014-10-15,1244.8,3.009,17.464,1919.5,15725.0,2260.25,19330.0,1991.5,1261.85,80.8,64.05,,35.4
2014-10-16,1241.2,2.9815,17.437,1912.5,15522.0,2215.0,19231.0,1985.25,1255.85,80.42,64.15,,35.5
2014-10-17,1239.0,3.0035,17.331,1971.0,15695.0,2244.5,19315.0,2031.0,1262.35,80.43,64.1,,35.75
2014-10-19,,,,,,,,,1259.7,,,,
2014-10-20,1244.7,2.988,17.354,1971.5,15250.0,2210.5,19405.0,2010.0,1267.25,80.58,63.9,,35.75
2014-10-21,1251.7,3.028,17.549,1991.0,15331.0,2206.5,19460.0,2033.75,1282.1,80.52,63.9,,35.75
2014-10-22,1245.5,3.0175,17.231,2016.0,15230.0,2257.5,19451.0,2026.0,1266.1,80.52,64.45,,36.0
2014-10-23,1229.1,3.04,17.158,1991.0,15153.0,2256.5,19375.0,2020.75,1260.8,80.41,64.45,,36.0
2014-10-24,1231.8,3.041,17.182,1969.0,14950.0,2255.0,19450.0,1991.0,1250.9,80.45,64.35,,36.05
2014-10-26,,,,,,,,,1250.95,,,,
2014-10-27,1229.3,3.064,17.161,1984.5,14701.0,2254.0,19531.0,2009.0,1258.35,80.35,64.35,,36.4
2014-10-28,1229.4,3.093,17.226,1998.5,15595.0,2255.0,19795.0,2033.5,1267.25,80.27,64.35,,36.7
2014-10-29,1224.9,3.1045,17.264,2035.0,15615.0,2298.75,20050.0,2025.0,1258.25,80.24,64.3,,37.0
2014-10-30,1198.6,3.061,16.42,2035.0,15763.0,2303.5,20001.0,2008.25,1246.9,80.16,64.3,,36.95
2014-10-31,1171.6,3.047,16.106,2047.0,15697.0,2310.5,19651.0,2005.25,1237.05,80.08,64.3,,36.5
2014-11-02,,,,,,,,,1234.1,,,,
2014-11-03,1169.8,3.0655,16.201,2077.0,15741.0,2301.75,19680.0,2030.0,1230.75,78.07,62.85,,36.75
2014-11-04,1167.7,3.0185,15.953,2065.5,15238.0,2247.25,19526.0,2002.0,1225.5,77.42,,,37.15
2014-11-05,1145.7,3.0075,15.439,2063.0,15279.0,2216.5,19571.0,1988.5,1208.6,76.22,62.15,,37.6
2014-11-06,1142.6,3.016,15.413,2079.75,15463.0,2222.25,19811.0,2007.25,1196.55,75.77,61.9,,39.0
2014-11-07,1169.8,3.037,15.714,2059.0,15353.0,2239.75,20071.0,2023.5,1217.95,76.35,62.1,,41.0
2014-11-09,,,,,,,,,1209.1,,,,
2014-11-10,1159.8,3.0205,15.671,2038.5,15204.0,2238.5,20035.0,2037.25,1202.45,76.05,63.05,,42.0
2014-11-11,1163.0,3.035,15.678,2050.5,15451.0,2271.25,20126.0,2041.25,1201.2,75.91,63.5,,41.9
2014-11-12,1159.1,3.026,15.623,2067.0,15567.0,2277.5,20101.0,2044.5,1199.65,75.95,63.25,,42.0
2014-11-13,1161.5,2.9955,15.621,2046.0,15346.0,2245.0,19885.0,2012.25,1196.3,75.93,63.25,,43.0
2014-11-14,1185.6,3.0445,16.314,2026.5,15594.0,2263.5,19801.0,2037.75,1213.7,75.67,63.2,,43.5
2014-11-16,,,,,,,,,1200.4,,,,
2014-11-17,1183.5,3.038,16.057,2033.0,15789.0,2256.5,19706.0,2037.25,1201.9,75.55,63.45,,44.0
2014-11-18,1197.1,3.001,16.174,2011.0,15639.0,2250.25,19575.0,2020.25,1203.5,74.91,63.35,,43.15
2014-11-19,1193.9,3.042,16.294,2020.0,16095.0,2257.0,19656.0,2029.0,1189.45,74.6,63.1,,42.05
2014-11-20,1190.9,3.0195,16.137,2033.5,16315.0,2250.25,20105.0,2033.0,1206.7,74.27,63.0,,41.5
2014-11-21,1197.7,3.0335,16.395,2055.5,16530.0,2293.5,20225.0,2045.25,1227.1,74.1,63.4,,38.25
2014-11-23,,,,,,,,,1223.4,,,,
2014-11-24,1195.7,3.008,16.376,2046.75,16521.0,2282.25,20375.0,2053.0,1207.85,74.02,63.5,,39.5
2014-11-25,1197.1,2.9735,16.553,2050.75,16463.0,2269.0,20181.0,2048.5,1222.95,73.69,63.55,,40.5
2014-11-26,1197.5,2.963,16.548,2062.5,16353.0,2270.75,20251.0,2060.0,1229.0,73.44,63.55,,40.0
2014-11-27,1175.5,,15.556,2045.0,16375.0,2257.0,20220.0,2057.0,1216.0,,63.5,,
2014-11-28,,2.856,15.547,2005.0,16184.0,2210.25,20231.0,2025.25,1200.7,73.13,63.45,,40.25
2014-11-30,,,,,,,,,1189.85,,,,
2014-12-01,1218.1,2.9105,16.692,2025.5,16312.0,2235.5,20205.0,2052.0,1226.9,69.75,63.7,,38.75
2014-12-02,1199.4,2.9025,16.456,1976.5,16277.0,2210.25,20351.0,2031.0,1217.8,69.86,62.85,,38.4
2014-12-03,1208.7,2.881,16.412,1970.0,16591.0,2214.0,20386.0,2026.25,1224.5,69.85,62.5,,38.25
2014-12-04,1207.7,2.9235,16.575,1992.25,17092.0,2235.25,20401.0,2035.75,1235.85,70.83,62.35,,38.25
2014-12-05,1190.4,2.9135,16.258,1979.5,16724.0,2233.75,20195.0,2028.5,1224.0,71.06,62.35,,38.2
2014-12-07,,,,,,,,,1222.55,,,,
2014-12-08,1194.9,2.8955,16.276,1962.0,16689.0,2219.5,20386.0,2033.75,1232.5,70.34,62.4,,37.75
2014-12-09,1232.0,2.9355,17.134,1967.5,16524.0,2228.0,20435.0,2021.25,1248.1,69.9,62.55,,37.75
2014-12-10,1229.4,2.9025,17.187,1954.25,16325.0,2181.5,20276.0,2012.0,1246.5,69.8,62.65,,37.75
2014-12-11,1225.6,2.9305,17.112,1941.25,16225.0,2187.25,20425.0,1982.25,1241.35,69.66,62.9,,37.25
2014-12-12,1222.5,2.9415,17.057,1929.0,16591.0,2191.25,20375.0,1991.25,1230.0,69.67,63.05,,37.25
2014-12-14,,,,,,,,,1229.6,,,,
2014-12-15,1207.7,2.8875,16.563,1914.75,16420.0,2173.75,20371.0,1965.5,1212.95,69.37,62.95,,37.25
2014-12-16,1194.3,2.867,15.752,1906.5,15981.0,2140.25,20041.0,1915.0,1202.7,69.02,62.4,,37.25
2014-12-17,1194.5,2.877,15.928,1920.75,15653.0,2144.5,19500.0,1881.5,1195.15,69.05,63.05,,36.75
2014-12-18,1194.8,2.86,15.934,1911.0,15523.0,2126.0,19105.0,1854.75,1199.1,69.15,63.15,,36.75
2014-12-19,1196.0,2.8925,16.03,1907.0,15612.0,2174.0,19160.0,1883.0,1196.8,69.41,63.05,,36.75
2014-12-21,,,,,,,,,1197.0,,,,
2014-12-22,1179.8,2.881,15.688,1879.0,15625.0,2164.0,19016.0,1869.0,1179.9,69.05,62.9,,36.55
2014-12-23,1178.0,2.8755,15.767,1867.5,15440.0,2165.5,18361.0,1857.0,1192.85,68.87,63.25,,36.45
2014-12-24,1173.5,2.8635,15.71,1858.5,15262.0,2155.5,18636.0,1857.5,1190.15,68.77,63.25,,36.3
2014-12-25,,,,,,,,,1192.9,,,,
2014-12-26,1195.3,2.8235,16.147,,,,,,1216.15,68.7,,,36.45
2014-12-28,,,,,,,,,1214.6,,,,
2014-12-29,1181.9,2.8295,15.779,1857.0,15051.0,2139.5,19100.0,1821.0,1203.6,68.71,62.3,,35.7
2014-12-30,1200.4,2.854,16.276,1854.75,15051.0,2182.25,19320.0,1878.5,1217.9,68.81,62.35,,35.5
2014-12-31,1184.1,2.8255,15.599,1848.75,15148.0,2177.25,18910.0,1856.75,1209.15,68.92,62.3,,35.25
2015-01-01,,,,,,,,,1213.4,,,,
2015-01-02,1186.2,2.8175,15.768,1828.0,14852.0,2203.25,19811.0,1869.0,1203.2,70.06,61.3,,35.25
2015-01-04,,,,,,,,,1202.0,,,,
2015-01-05,1204.0,2.766,16.213,1812.25,15125.0,2182.0,19525.0,1841.5,1212.95,69.98,61.25,,35.25
2015-01-06,1219.4,2.767,16.637,1780.25,15256.0,2172.5,19601.0,1842.75,1219.65,71.57,61.45,,35.25
2015-01-07,1210.7,2.7585,16.544,1783.5,15531.0,2137.0,19675.0,1842.5,1220.65,71.24,60.6,,35.25
2015-01-08,1208.5,2.7695,16.385,1825.5,15540.0,2160.75,19701.0,1852.0,1220.3,70.95,60.6,,35.25
2015-01-09,1216.1,2.7545,16.419,1804.25,15287.0,2157.5,19501.0,1860.25,1233.75,70.66,60.4,,35.4
2015-01-11,,,,,,,,,1234.4,,,,
2015-01-12,1232.8,2.7255,16.564,1804.75,15122.0,2140.5,19903.0,1861.5,1239.25,69.58,60.05,,35.45
2015-01-13,1234.4,2.644,17.156,1787.25,14470.0,2073.25,19450.0,1813.5,1244.5,69.25,60.3,,35.65
2015-01-14,1234.5,2.5055,16.988,1771.5,14295.0,2036.5,19388.0,1756.0,1235.2,69.0,60.05,,35.75
2015-01-15,1264.8,2.558,17.102,1787.0,14440.0,2055.0,19358.0,1768.5,1259.9,69.27,60.3,,36.5
2015-01-16,1276.9,2.617,17.75,1843.0,14750.0,2097.5,19361.0,1845.25,1268.65,69.13,60.55,,36.5
2015-01-18,,,,,,,,,1265.3,,,,
2015-01-19,1294.2,,17.956,1816.5,14455.0,2073.0,19330.0,1850.5,1263.4,,60.85,,
2015-01-20,,2.594,17.956,1844.25,14730.0,2105.0,19320.0,1900.0,1278.55,68.91,61.35,,36.7
2015-01-21,1293.7,2.6125,18.193,1868.0,15070.0,2131.5,19400.0,1900.0,1272.6,68.7,62.3,,36.65
2015-01-22,1300.7,2.5785,18.36,1865.75,14790.0,2142.0,19525.0,1881.0,1282.75,68.64,62.5,,36.75
2015-01-23,1292.6,2.5015,18.3,1830.0,14220.0,2095.0,19355.0,1835.0,1269.1,68.46,62.3,,37.0
2015-01-25,,,,,,,,,1275.05,,,,
2015-01-26,1279.4,2.543,17.983,1878.5,14745.0,2131.5,19505.0,1870.0,1253.45,68.18,61.9,,37.15
2015-01-27,1291.7,2.4625,18.084,1853.5,14765.0,2115.5,19305.0,1866.5,1265.85,67.99,62.35,,37.15
2015-01-28,1285.9,2.4795,18.088,1847.75,14950.0,2117.0,19230.0,1876.0,1256.8,67.75,62.45,,37.3
2015-01-29,1255.9,2.4545,16.773,1816.5,14860.0,2092.5,19200.0,1855.5,1227.25,67.49,62.45,,37.45
2015-01-30,1279.2,2.4955,17.208,1862.0,15155.0,2119.5,19030.0,1858.5,1240.9,67.2,62.45,,37.25
2015-02-01,,,,,,,,,1237.75,,,,
2015-02-02,1276.9,2.4925,17.251,1869.25,15250.0,2126.0,18780.0,1845.0,1230.3,61.97,64.5,,37.45
2015-02-03,1260.3,2.583,17.321,1886.75,15450.0,2158.5,18960.0,1851.0,1234.65,62.87,66.85,,37.55
2015-02-04,1264.5,2.5915,17.395,1874.0,15075.0,2141.0,18910.0,1862.0,1244.6,62.89,66.8,,38.0
2015-02-05,1262.7,2.596,17.196,1881.5,15090.0,2142.5,18905.0,1848.5,1251.55,61.89,67.1,,38.2
2015-02-06,1234.6,2.588,16.694,1867.5,15140.0,2158.0,18470.0,1850.5,1223.85,62.23,67.45,,38.2
2015-02-08,,,,,,,,,1228.6,,,,
2015-02-09,1241.5,2.584,17.07,1872.25,15165.0,2155.0,18410.0,1850.5,1219.4,61.76,68.6,,38.2
2015-02-10,1232.2,2.557,16.873,1832.75,14760.0,2115.5,18150.0,1831.5,1207.75,62.02,69.1,,38.2
2015-02-11,1219.6,2.544,16.761,1818.75,14705.0,2117.0,17680.0,1799.0,1198.4,62.27,69.6,,38.15
2015-02-12,1220.7,2.6045,16.794,1838.75,14710.0,2141.5,18000.0,1833.0,1201.1,62.27,70.25,,37.8
2015-02-13,1227.1,2.611,17.294,1834.25,14635.0,2152.0,18220.0,1841.5,1208.15,62.42,69.6,,38.0
2015-02-15,,,,,,,,,1210.05,,,,
2015-02-16,1208.6,,16.378,1822.25,14560.0,2154.0,18025.0,1834.0,1208.4,,70.5,,
2015-02-17,,2.586,16.402,1817.5,14225.0,2113.0,18100.0,1796.5,1181.75,62.6,70.55,,38.45
2015-02-18,1200.2,2.6165,16.265,1818.75,14175.0,2085.5,18050.0,1802.5,1173.35,62.62,70.65,,38.45
2015-02-19,1207.6,2.623,16.381,1817.5,13950.0,2080.0,18080.0,1798.0,1172.3,62.59,70.25,,38.45
2015-02-20,1204.9,2.598,16.273,1793.0,13945.0,2050.5,17850.0,1762.0,1164.45,62.43,70.8,,38.5
2015-02-22,,,,,,,,,1165.25,,,,
2015-02-23,1200.8,2.594,16.254,1790.75,14115.0,2044.5,17930.0,1762.5,1165.0,62.57,70.85,,38.55
2015-02-24,1197.3,2.648,16.188,1809.0,14335.0,2072.0,18025.0,1770.0,1168.8,62.63,71.05,,38.75
2015-02-25,1201.5,2.657,16.43,1793.0,14285.0,2060.5,18030.0,1750.0,1174.15,62.59,69.9,,38.75
2015-02-26,1210.1,2.6945,16.624,1804.5,14365.0,2073.0,18070.0,1757.5,1177.85,62.57,71.1,,38.7
2015-02-27,1213.1,2.6915,16.558,1814.0,14065.0,2065.0,17905.0,1727.0,1188.7,62.61,71.05,,38.75
2015-03-01,,,,,,,,,1184.85,,,,
2015-03-02,1208.2,2.6975,16.451,1799.5,13875.0,2055.0,17705.0,1744.5,1187.4,62.18,70.55,,39.0
2015-03-03,1204.4,2.6565,16.296,1790.75,13675.0,2033.0,17850.0,1746.0,1186.45,62.39,67.3,,39.5
2015-03-04,1200.9,2.6595,16.158,1797.25,13955.0,2032.0,17850.0,1771.0,1183.7,61.23,67.05,,39.65
2015-03-05,1196.2,2.6525,16.158,1798.75,14135.0,2021.0,18105.0,1802.0,1181.55,60.5,67.0,,39.65
2015-03-06,1164.3,2.609,15.807,1778.25,14385.0,2016.0,18065.0,1811.0,1160.6,59.44,65.5,,39.65
2015-03-08,,,,,,,,,1158.6,,,,
2015-03-09,1166.5,2.6705,15.776,1775.0,14415.0,2043.5,18125.0,1830.0,1147.5,59.44,65.25,,39.5
2015-03-10,1160.1,2.624,15.633,1756.75,14020.0,2017.5,17760.0,1812.0,1130.55,58.9,65.0,,39.5
2015-03-11,1150.6,2.606,15.365,1740.0,13775.0,1999.0,17450.0,1800.0,1121.4,58.84,65.5,,39.4
2015-03-12,1151.9,2.6585,15.516,1742.5,13995.0,2012.0,17215.0,1814.0,1117.55,59.2,65.25,,39.4
2015-03-13,1152.4,2.6635,15.494,1766.75,14135.0,2012.0,17305.0,1768.0,1117.05,58.87,64.95,,39.25
2015-03-15,,,,,,,,,1116.65,,,,
2015-03-16,1153.2,2.6675,15.617,1765.5,13925.0,2012.0,17410.0,1748.0,1108.15,58.95,64.45,,39.5
2015-03-17,1148.2,2.633,15.578,1786.0,13725.0,2014.5,17270.0,1724.0,1094.45,58.88,64.7,,39.45
2015-03-18,1151.3,2.5705,15.541,1764.0,13655.0,2001.5,16800.0,1701.5,1125.05,58.3,64.65,,39.75
2015-03-19,1169.0,2.66,16.114,1780.25,13750.0,2020.5,16900.0,1708.5,1123.6,58.03,64.35,,40.15
2015-03-20,1184.6,2.761,16.883,1796.5,14120.0,2055.0,17150.0,1776.0,1137.65,57.84,64.05,,39.25
2015-03-22,,,,,,,,,1140.55,,,,
2015-03-23,1187.7,2.7895,16.891,1797.75,14240.0,2082.5,17555.0,1836.5,1146.5,57.76,62.4,,39.5
2015-03-24,1191.4,2.803,16.983,1790.75,13935.0,2084.0,17415.0,1843.0,1138.85,57.79,62.75,,39.5
2015-03-25,1197.0,2.792,17.0,1774.5,13670.0,2081.0,17350.0,1841.0,1143.2,57.72,63.25,,39.5
2015-03-26,1204.8,2.811,17.14,1788.5,13600.0,2081.0,17155.0,1840.5,1153.0,57.57,63.35,,39.5
2015-03-27,1199.8,2.7675,17.069,1781.25,13260.0,2084.0,17225.0,1821.0,1138.95,57.41,63.3,,39.5
2015-03-29,,,,,,,,,1138.65,,,,
2015-03-30,1185.3,2.7825,16.674,1796.5,12825.0,2105.5,16730.0,1821.5,1119.9,57.22,57.2,,39.5
2015-03-31,1183.2,2.741,16.598,1784.0,12350.0,2080.0,16470.0,1818.5,1139.55,56.94,56.8,,39.5
2015-04-01,1208.2,2.75,17.059,1776.5,12700.0,2098.5,16505.0,1852.0,1161.2,48.6,56.0,,39.55
2015-04-02,1200.9,2.736,16.701,1780.5,12990.0,2130.0,16605.0,1874.5,1155.5,47.08,55.6,,39.45
2015-04-03,,2.736,16.72,,,,,,,47.08,,,39.45
2015-04-05,,,,,,,,,1174.85,,,,
2015-04-06,1218.6,2.719,17.11,,,,,,1174.9,47.07,,,39.3
2015-04-07,1210.6,2.7645,16.84,1780.75,12630.0,2148.5,16740.0,1899.0,1170.05,47.81,55.0,,39.3
2015-04-08,1203.1,2.7335,16.454,1766.25,12610.0,2155.5,16705.0,1920.5,1164.3,48.09,54.8,,39.3
2015-04-09,1193.6,2.7305,16.176,1757.0,12520.0,2175.5,16540.0,1963.5,1156.55,47.18,55.3,,39.3
2015-04-10,1204.6,2.7365,16.382,1759.25,12685.0,2207.0,16590.0,1990.5,1173.6,47.19,54.65,,39.25
2015-04-12,,,,,,,,,1174.5,,,,
2015-04-13,1199.3,2.721,16.291,1759.25,12485.0,2200.0,16010.0,1973.0,1155.15,48.51,55.0,,39.15
2015-04-14,1192.6,2.7025,16.161,1789.0,12560.0,2194.0,16250.0,1987.0,1153.25,48.85,55.4,,39.0
2015-04-15,1201.3,2.7125,16.279,1812.0,12675.0,2204.5,15770.0,2000.5,1164.25,48.6,55.7,,39.0
2015-04-16,1198.0,2.772,16.284,1821.5,12760.0,2230.0,14755.0,2043.0,1161.95,48.77,56.8,,39.0
2015-04-17,1203.1,2.7725,16.229,1817.0,12560.0,2215.5,15230.0,2033.0,1171.9,49.59,57.9,,38.9
2015-04-19,,,,,,,,,1173.25,,,,
2015-04-20,1193.7,2.733,15.889,1812.25,12770.0,2184.0,14710.0,2020.0,1150.2,49.0,57.4,,38.9
2015-04-21,1203.1,2.705,16.008,1817.75,12680.0,2209.5,15520.0,2037.5,1149.6,48.9,58.3,,38.9
2015-04-22,1186.9,2.6735,15.796,1807.25,12655.0,2239.0,15610.0,2046.0,1132.55,49.3,58.3,,38.9
2015-04-23,1194.3,2.7,15.829,1777.75,12715.0,2223.5,15450.0,2032.0,1136.35,49.49,58.4,,38.9
2015-04-24,1175.0,2.752,15.636,1823.5,13250.0,2242.0,15725.0,2070.0,1123.85,49.98,58.55,,38.6
2015-04-26,,,,,,,,,1124.0,,,,
2015-04-27,1203.2,2.775,16.394,1838.25,13430.0,2297.0,16150.0,2103.0,1142.75,50.48,61.65,,38.2
2015-04-28,1213.9,2.784,16.591,1876.25,13405.0,2291.0,15900.0,2082.5,1155.8,51.62,61.95,,38.05
2015-04-29,1210.0,2.799,16.702,1885.25,13455.0,2297.0,15700.0,2096.0,1153.45,51.13,61.9,,37.9
2015-04-30,1182.4,2.8865,16.153,1929.0,13910.0,2340.0,15960.0,2111.5,1142.35,51.36,62.05,,37.0
2015-05-01,1174.5,2.9295,16.135,1913.0,13750.0,2343.5,15935.0,2119.0,1131.4,53.88,62.2,,35.7
2015-05-03,,,,,,,,,1129.2,,,,
2015-05-04,1186.8,2.9205,16.441,,,,,,1148.3,56.52,,,35.7
2015-05-05,1193.2,2.935,16.579,1978.0,14245.0,2392.5,16065.0,2154.0,1148.4,57.49,62.5,,35.75
2015-05-06,1190.3,2.926,16.506,1919.5,13960.0,2358.5,16165.0,2084.0,1143.85,59.31,62.3,,36.5
2015-05-07,1182.2,2.918,16.297,1879.5,14125.0,2366.5,16005.0,2075.0,1132.55,58.35,61.85,,36.8
2015-05-08,1188.9,2.9205,16.465,1885.0,14310.0,2350.0,15875.0,2046.0,1141.75,59.02,61.85,,36.45
2015-05-10,,,,,,,,,1142.05,,,,
2015-05-11,1183.0,2.903,16.314,1874.25,14235.0,2304.0,15730.0,2012.5,1126.1,59.96,61.6,,36.0
2015-05-12,1192.4,2.9315,16.526,1890.0,14290.0,2353.5,15850.0,2055.5,1133.05,59.68,61.4,,36.0
2015-05-13,1218.2,2.929,17.221,1876.0,13990.0,2336.5,15715.0,2023.0,1147.5,59.21,61.4,,36.0
2015-05-14,1225.2,2.9235,17.465,1861.0,13810.0,2304.0,15755.0,1966.0,1159.4,58.44,61.5,,35.75
2015-05-15,1225.3,2.9245,17.563,1845.0,13835.0,2290.0,15790.0,1976.5,1168.7,59.72,61.3,,35.75
2015-05-17,,,,,,,,,1167.45,,,,
2015-05-18,1227.6,2.9065,17.732,1811.0,13710.0,2282.0,15850.0,1964.0,1174.3,59.45,60.65,,35.75
2015-05-19,1206.7,2.8375,17.071,1789.0,12950.0,2232.5,15975.0,1943.0,1153.8,59.94,60.15,,35.4
2015-05-20,1208.7,2.829,17.113,1783.5,13075.0,2204.0,15960.0,1933.0,1156.1,60.2,60.15,,35.25
2015-05-21,1204.1,2.8485,17.132,1772.5,13030.0,2205.0,15840.0,1976.5,1154.75,59.57,60.3,,35.25
2015-05-22,1204.0,2.811,17.051,1767.5,12740.0,2175.0,15780.0,1945.0,1146.95,59.62,60.0,,35.25
2015-05-24,,,,,,,,,1145.15,,,,
2015-05-25,1186.9,,16.746,,,,,,1149.05,,,,
2015-05-26,,2.778,16.746,1750.25,12715.0,2181.0,15415.0,1935.5,1126.5,59.66,60.05,,35.15
2015-05-27,1185.6,2.7685,16.647,1735.75,12860.0,2185.0,15505.0,1948.0,1119.75,59.98,60.1,,35.0
2015-05-28,1188.8,2.772,16.669,1774.5,12775.0,2229.5,15440.0,1990.0,1118.15,60.24,60.1,,35.0
2015-05-29,1189.8,2.733,16.701,1738.0,12580.0,2184.5,15520.0,1948.0,1112.4,60.39,60.05,,35.1
2015-05-31,,,,,,,,,1111.55,,,,
2015-06-01,1188.7,2.725,16.68,1759.25,12965.0,2155.0,15410.0,1930.0,1104.35,59.5,57.2,,35.4
2015-06-02,1194.4,2.74,16.799,1738.0,13000.0,2162.0,15465.0,1926.0,1113.35,62.24,57.75,,35.65
2015-06-03,1184.9,2.73,16.48,1750.75,12930.0,2171.0,15515.0,1946.0,1105.05,62.03,57.95,,35.65
2015-06-04,1175.2,2.691,16.103,1741.25,12930.0,2139.0,15420.0,1927.5,1101.0,62.1,58.05,,35.9
2015-06-05,1168.1,2.696,15.984,1747.75,13085.0,2138.0,15255.0,1907.5,1096.1,61.99,58.1,,35.9
2015-06-07,,,,,,,,,1094.25,,,,
2015-06-08,1173.6,2.7005,15.959,1745.0,13370.0,2142.0,15305.0,1912.0,1102.75,61.74,58.1,,35.9
2015-06-09,1177.6,2.718,15.957,1745.75,13360.0,2162.5,15255.0,1928.0,1109.1,62.37,58.35,,36.0
2015-06-10,1186.6,2.752,15.959,1754.75,13535.0,2146.5,15360.0,1923.5,1114.55,63.45,59.5,,36.0
2015-06-11,1180.4,2.674,15.96,1744.5,13315.0,2127.0,14880.0,1866.5,1107.65,64.22,60.4,,36.25
2015-06-12,1179.2,2.683,15.825,1733.0,13110.0,2126.5,14790.0,1860.5,1095.0,63.68,60.0,,36.25
2015-06-14,,,,,,,,,1097.65,,,,
2015-06-15,1185.8,2.65,16.083,1708.25,12940.0,2108.5,14825.0,1815.0,1088.45,63.33,60.3,,36.5
2015-06-16,1180.9,2.6195,15.965,1707.0,12690.0,2093.0,14510.0,1798.5,1080.45,62.94,60.4,,36.5
2015-06-17,1176.8,2.608,15.947,1704.5,12780.0,2086.0,14655.0,1808.0,1082.05,62.35,60.4,,36.75
2015-06-18,1202.0,2.611,16.153,1700.75,12715.0,2068.5,15240.0,1806.5,1084.45,62.65,60.15,,36.75
2015-06-19,1201.9,2.575,16.109,1691.0,12645.0,2058.0,15305.0,1788.0,1084.7,62.61,60.2,,36.75
2015-06-21,,,,,,,,,1082.75,,,,
2015-06-22,1184.1,2.572,16.142,1706.75,12470.0,2035.0,15320.0,1765.0,1063.3,62.57,60.2,,36.75
2015-06-23,1176.6,2.6165,15.737,1722.75,12820.0,2055.0,15260.0,1794.5,1069.0,62.76,60.2,,36.75
2015-06-24,1172.9,2.6255,15.853,1714.0,12740.0,2044.0,15175.0,1790.0,1075.35,62.72,60.2,,36.75
2015-06-25,1171.8,2.621,15.808,1720.75,12710.0,2039.0,14810.0,1794.5,1084.0,62.63,60.15,,36.75
2015-06-26,1173.2,2.6395,15.768,1701.25,12410.0,2025.5,14820.0,1780.5,1084.1,62.53,60.2,,36.75
2015-06-28,,,,,,,,,1081.45,,,,
2015-06-29,1179.0,2.6335,15.695,1695.25,11760.0,2017.5,14355.0,1784.5,1082.55,62.47,60.45,,36.75
2015-06-30,1171.8,2.615,15.581,1684.75,11995.0,1999.0,13880.0,1760.5,1079.35,62.33,60.8,,35.75
2015-07-01,1169.3,2.6305,15.577,1721.5,11990.0,2042.5,14430.0,1785.5,1083.55,55.12,60.55,,36.25
2015-07-02,1163.5,2.631,15.562,1718.75,12180.0,2026.0,14400.0,1782.0,1084.55,54.02,60.4,,36.4
2015-07-03,1173.2,,15.753,1704.5,11930.0,2022.0,14010.0,1765.0,1084.05,,60.15,,
2015-07-05,,,,,,,,,1080.85,,,,
2015-07-06,,2.538,15.753,1686.5,11630.0,2013.0,14275.0,1763.0,1064.4,51.21,60.05,,36.4
2015-07-07,1152.6,2.4465,14.969,1656.75,10755.0,1953.0,13750.0,1727.0,1032.45,49.97,59.45,,36.4
2015-07-08,1163.5,2.497,15.163,1661.5,10860.0,1980.0,14050.0,1776.5,1025.6,47.75,59.75,,36.4
2015-07-09,1159.2,2.5515,15.361,1689.5,11445.0,2010.5,14210.0,1814.0,1022.65,49.87,60.05,,36.3
2015-07-10,1157.9,2.5375,15.481,1686.75,11195.0,2012.5,14260.0,1790.0,1033.15,50.5,60.3,,36.3
2015-07-12,,,,,,,,,1032.05,,,,
2015-07-13,1155.4,2.5445,15.457,1702.25,11575.0,2053.0,14715.0,1840.5,1034.15,50.54,60.35,,36.3
2015-07-14,1153.5,2.535,15.315,1710.5,11555.0,2061.0,14575.0,1846.0,1028.2,50.69,60.35,,36.3
2015-07-15,1147.4,2.5215,15.048,1720.5,11460.0,2079.0,14610.0,1863.0,1021.2,50.68,60.5,,36.3
2015-07-16,1143.9,2.523,14.984,1717.75,11570.0,2069.0,15020.0,1834.5,1009.75,50.61,60.45,,36.25
2015-07-17,1131.9,2.496,14.834,1698.5,11425.0,2060.0,15650.0,1832.0,994.05,50.73,60.3,,36.4
2015-07-19,,,,,,,,,996.25,,,,
2015-07-20,1106.8,2.4815,14.758,1689.25,11680.0,2048.5,15505.0,1812.5,973.4,51.25,60.55,,36.4
2015-07-21,1103.5,2.4745,14.785,1661.0,11630.0,2037.0,15255.0,1785.0,974.85,51.28,60.45,,36.4
2015-07-22,1091.5,2.428,14.73,1659.5,11450.0,1996.5,14710.0,1767.0,984.75,51.09,60.45,,36.4
2015-07-23,1094.1,2.3855,14.701,1637.0,11405.0,1978.5,14900.0,1731.0,981.8,51.17,60.35,,36.25
2015-07-24,1085.5,2.3825,14.488,1645.25,11315.0,1957.0,15405.0,1716.0,988.15,51.08,60.4,,36.2
2015-07-26,,,,,,,,,988.45,,,,
2015-07-27,1096.4,2.3535,14.605,1641.5,10980.0,1929.0,15480.0,1701.0,982.95,51.13,60.35,,36.15
2015-07-28,1096.2,2.4025,14.642,1658.5,11260.0,1985.0,16230.0,1730.5,984.4,51.22,60.25,,36.05
2015-07-29,1092.6,2.4075,14.743,1666.0,11230.0,1962.0,16170.0,1719.5,988.45,51.36,60.25,,36.05
2015-07-30,1088.7,2.382,14.696,1646.0,11005.0,1948.5,16175.0,1714.5,991.8,51.51,60.25,,36.05
2015-07-31,1095.1,2.369,14.745,1621.5,11055.0,1916.0,16100.0,1697.5,984.15,,60.3,,35.3
2015-08-02,,,,,,,,,985.05,,,,
2015-08-03,1089.4,2.352,14.515,1615.75,10745.0,1900.0,15980.0,1699.5,956.35,53.59,58.6,,35.25
2015-08-04,1090.7,2.3675,14.557,1620.75,10830.0,1916.0,15650.0,1735.0,951.1,53.83,59.15,,35.25
2015-08-05,1085.6,2.354,14.553,1598.5,10820.0,1893.5,15415.0,1714.0,950.05,55.3,59.95,,35.25
2015-08-06,1090.1,2.345,14.677,1596.5,10840.0,1868.0,15410.0,1704.0,952.8,54.95,60.35,,35.25
2015-08-07,1094.1,2.337,14.821,1593.0,10800.0,1856.5,15200.0,1718.5,963.1,54.21,60.05,,35.25
2015-08-09,,,,,,,,,957.75,,,,
2015-08-10,1104.1,2.405,15.292,1621.0,11170.0,1894.0,15610.0,1755.0,986.6,54.17,60.1,,35.25
2015-08-11,1107.7,2.335,15.284,1589.25,10700.0,1803.0,15175.0,1710.0,987.8,53.95,59.85,,36.2
2015-08-12,1123.6,2.352,15.476,1591.0,10595.0,1836.0,15105.0,1740.0,1000.65,54.41,59.4,,36.4
2015-08-13,1115.6,2.354,15.399,1575.75,10425.0,1829.0,15005.0,1737.0,991.15,55.31,59.25,,36.4
2015-08-14,1112.7,2.3515,15.213,1582.75,10620.0,1832.5,15355.0,1750.0,992.75,55.52,59.35,,36.4
2015-08-16,,,,,,,,,993.45,,,,
2015-08-17,1118.4,2.3215,15.298,1569.0,10590.0,1813.0,15525.0,1720.0,998.8,55.32,59.15,,36.4
2015-08-18,1116.9,2.286,14.79,1554.0,10350.0,1765.0,15155.0,1684.5,994.95,55.55,58.95,,36.4
2015-08-19,1127.9,2.2775,15.179,1556.5,10400.0,1788.5,15310.0,1697.0,1012.5,55.63,58.85,,36.4
2015-08-20,1153.2,2.3195,15.517,1575.5,10325.0,1813.0,15225.0,1706.0,1032.9,55.65,58.9,,36.4
2015-08-21,1159.6,2.302,15.301,1548.25,10185.0,1765.0,14845.0,1703.0,1019.8,55.71,58.8,,36.55
2015-08-23,,,,,,,,,1023.95,,,,
2015-08-24,1153.6,2.2545,14.762,1519.5,9520.0,1711.0,14000.0,1658.0,973.35,55.48,58.5,,36.7
2015-08-25,1138.3,2.308,14.61,1556.0,9565.0,1738.0,14040.0,1672.5,982.4,55.37,58.55,,36.75
2015-08-26,1124.6,2.244,14.041,1529.75,9520.0,1682.0,13675.0,1642.5,984.9,55.28,58.6,,36.9
2015-08-27,1122.6,2.334,14.417,1558.5,10010.0,1750.0,13825.0,1677.0,1009.1,55.22,58.4,,36.9
2015-08-28,1134.0,2.346,14.549,1601.75,10045.0,1811.0,14055.0,1730.0,1018.6,55.25,58.5,,36.9
2015-08-30,,,,,,,,,1012.55,,,,
2015-08-31,1132.5,2.3385,14.586,,,,,,1007.35,55.28,,,36.9
2015-09-01,1139.8,2.3025,14.62,1599.5,9740.0,1805.0,14605.0,1723.0,1007.0,54.95,59.65,,36.95
2015-09-02,1133.6,2.3315,14.667,1595.5,9845.0,1820.0,15105.0,1715.0,1014.5,54.93,59.65,,36.95
2015-09-03,1124.5,2.385,14.707,1625.25,9920.0,1811.0,15175.0,1708.0,1009.9,55.47,59.4,,36.95
2015-09-04,1121.4,2.3125,14.549,1602.5,9860.0,1784.0,15005.0,1663.0,991.1,55.51,59.05,,37.25
2015-09-06,,,,,,,,,990.7,,,,
2015-09-07,1121.0,,14.755,1593.5,9700.0,1770.0,14880.0,1672.0,990.15,,57.85,,
2015-09-08,,2.433,14.75,1623.5,9970.0,1819.5,14825.0,1689.0,1005.65,55.45,58.1,,37.25
2015-09-09,1102.0,2.4375,14.576,1622.5,9990.0,1815.5,14950.0,1711.0,983.7,56.59,57.8,,37.25
2015-09-10,1109.3,2.448,14.645,1630.0,10385.0,1812.5,15300.0,1725.0,982.8,57.35,57.8,,37.3
2015-09-11,1103.3,2.4545,14.505,1632.25,10290.0,1818.0,15465.0,1704.0,970.95,56.82,57.7,,37.3
2015-09-13,,,,,,,,,968.7,,,,
2015-09-14,1107.7,2.4075,14.363,1612.25,9875.0,1745.0,15530.0,1668.5,957.35,56.43,57.65,,37.3
2015-09-15,1102.6,2.4285,14.326,1613.75,10045.0,1738.0,15525.0,1697.0,962.45,55.99,57.65,,37.25
2015-09-16,1119.0,2.453,14.885,1626.5,10050.0,1744.0,15650.0,1729.0,973.25,56.23,57.9,,37.3
2015-09-17,1117.0,2.453,14.984,1633.25,9920.0,1732.0,15400.0,1715.0,978.2,56.36,57.85,,37.3
2015-09-18,1137.8,2.3875,15.163,1626.0,9700.0,1678.0,15105.0,1681.0,982.45,56.42,57.8,,37.3
2015-09-20,,,,,,,,,981.65,,,,
2015-09-21,1132.8,2.3895,15.221,1617.5,9830.0,1647.5,14945.0,1700.5,971.75,56.56,57.75,,37.3
2015-09-22,1124.8,2.299,14.756,1589.0,9630.0,1621.5,14710.0,1681.5,936.3,56.54,57.7,,37.3
2015-09-23,1131.5,2.297,14.789,1577.0,9750.0,1643.0,14925.0,1688.0,945.95,56.59,57.65,,37.3
2015-09-24,1153.8,2.304,15.13,1578.5,9910.0,1678.0,15160.0,1690.5,948.95,56.59,57.65,,37.25
2015-09-25,1145.6,2.2855,15.111,1566.5,9905.0,1630.0,15105.0,1666.0,948.25,56.57,57.55,,37.0
2015-09-27,,,,,,,,,949.3,,,,
2015-09-28,1131.7,2.252,14.538,1547.75,9785.0,1638.5,15460.0,1663.0,917.2,56.54,55.45,,36.75
2015-09-29,1126.8,2.2515,14.573,1560.5,9870.0,1664.0,15420.0,1661.0,915.65,56.46,55.15,,36.65
2015-09-30,1115.2,2.341,14.518,1573.0,10325.0,1685.5,15450.0,1671.0,907.75,56.35,53.85,,36.65
2015-10-01,1113.7,2.3045,14.511,1559.0,10070.0,1682.5,15380.0,1641.5,907.2,52.78,53.45,,36.5
2015-10-02,1136.6,2.3255,15.263,1550.75,10055.0,1699.0,15445.0,1654.5,910.75,52.83,52.95,,36.8
2015-10-04,,,,,,,,,915.25,,,,
2015-10-05,1137.6,2.3555,15.708,1556.25,9880.0,1661.0,15550.0,1622.5,917.1,53.59,53.85,,37.0
2015-10-06,1146.4,2.355,15.984,1544.0,9910.0,1653.0,15715.0,1625.0,937.45,53.69,53.65,,37.0
2015-10-07,1148.7,2.367,16.094,1567.0,10160.0,1694.5,15925.0,1674.0,947.25,53.61,53.85,,37.05
2015-10-08,1144.3,2.343,15.766,1549.75,10170.0,1676.5,15850.0,1671.5,952.2,53.8,53.7,,37.3
2015-10-09,1155.9,2.414,15.818,1601.75,10590.0,1848.5,16000.0,1778.5,983.4,54.17,53.6,,37.5
2015-10-11,,,,,,,,,978.55,,,,
2015-10-12,1164.5,2.4155,15.864,1581.0,10520.0,1838.0,15830.0,1804.0,989.55,54.43,52.95,,38.0
2015-10-13,1165.4,2.3875,15.907,1580.5,10420.0,1810.5,15650.0,1775.0,989.1,54.04,53.2,,37.9
2015-10-14,1179.8,2.4155,16.117,1579.5,10470.0,1822.5,16040.0,1795.0,1000.3,54.0,53.05,,37.9
2015-10-15,1187.5,2.423,16.164,1560.0,10545.0,1823.0,15910.0,1796.0,1006.3,53.87,53.15,,37.8
2015-10-16,1183.1,2.4035,16.114,1559.0,10555.0,1802.5,15905.0,1803.0,1015.55,53.65,53.1,,37.75
2015-10-18,,,,,,,,,1017.6,,,,
2015-10-19,1172.8,2.3675,15.841,1534.0,10340.0,1788.5,15925.0,1789.0,1013.95,53.77,53.05,,37.65
2015-10-20,1177.5,2.3655,15.917,1545.0,10400.0,1772.5,15930.0,1780.5,1020.7,53.89,53.2,,37.65
2015-10-21,1167.1,2.3605,15.71,1516.0,10380.0,1726.0,15875.0,1735.0,1004.4,53.66,53.25,,37.6
2015-10-22,1166.1,2.3835,15.837,1491.5,10370.0,1750.5,15845.0,1758.0,1011.25,53.57,52.95,,37.0
2015-10-23,1162.8,2.35,15.827,1498.0,10495.0,1756.0,15675.0,1755.0,1002.6,53.47,52.8,,36.75
2015-10-25,,,,,,,,,1003.4,,,,
2015-10-26,1166.2,2.357,15.905,1480.0,10465.0,1743.5,15450.0,1752.5,997.55,53.4,52.9,,36.5
2015-10-27,1165.8,2.362,15.863,1476.75,10565.0,1741.0,15350.0,1749.0,986.65,53.28,52.8,,36.15
2015-10-28,1176.1,2.3625,16.293,1484.75,10485.0,1735.0,15185.0,1740.5,1000.65,53.09,52.9,,35.7
2015-10-29,1147.3,2.3265,15.55,1472.25,10315.0,1703.0,14925.0,1709.5,992.65,52.9,53.2,,35.5
2015-10-30,1141.4,2.3235,15.567,1479.75,10025.0,1709.0,14950.0,1699.0,987.35,,53.05,,35.4
2015-11-01,,,,,,,,,985.85,,,,
2015-11-02,1135.9,2.324,15.408,1494.5,10110.0,1687.5,14900.0,1694.5,977.15,47.31,52.85,,35.75
2015-11-03,1114.1,2.336,15.239,1503.0,9960.0,1697.5,14750.0,1693.0,965.85,46.59,52.75,,36.0
2015-11-04,1106.2,2.328,15.058,1505.5,9880.0,1672.5,14770.0,1676.0,958.1,47.45,52.3,,36.0
2015-11-05,1104.2,2.262,14.983,1510.5,9730.0,1657.0,14555.0,1652.0,952.9,46.86,52.3,,36.0
2015-11-06,1087.7,2.25,14.691,1527.5,9625.0,1662.0,14535.0,1663.5,942.35,47.08,52.15,,36.0
2015-11-08,,,,,,,,,940.95,,,,
2015-11-09,1088.1,2.2375,14.413,1517.5,9530.0,1636.0,14480.0,1649.5,917.55,47.91,52.35,,36.0
2015-11-10,1088.5,2.223,14.356,1514.0,9505.0,1604.0,14655.0,1633.0,903.15,47.7,52.15,,36.0
2015-11-11,1084.9,2.224,14.263,1524.0,9635.0,1625.0,14720.0,1623.5,884.05,47.82,52.15,,36.0
2015-11-12,1081.0,2.179,14.225,1497.5,9375.0,1609.0,14560.0,1613.0,881.95,47.74,52.15,,36.0
2015-11-13,1080.9,2.174,14.204,1497.0,9420.0,1617.0,14705.0,1608.0,861.7,47.66,52.4,,36.0
2015-11-15,,,,,,,,,863.75,,,,
2015-11-16,1083.6,2.1225,14.222,1471.0,9285.0,1584.0,14680.0,1595.0,867.85,47.6,52.55,,36.0
2015-11-17,1068.6,2.1095,14.171,1474.0,9085.0,1539.0,14570.0,1586.5,854.75,47.22,52.7,,36.0
2015-11-18,1068.7,2.0825,14.081,1472.5,8985.0,1520.5,14555.0,1585.0,852.5,47.08,52.75,,36.1
2015-11-19,1077.9,2.082,14.222,1466.5,8940.0,1527.0,14555.0,1588.5,858.25,46.91,52.75,,36.1
2015-11-20,1076.3,2.058,14.096,1447.5,8655.0,1551.0,14615.0,1586.5,855.4,46.91,52.9,,36.1
2015-11-22,,,,,,,,,857.0,,,,
2015-11-23,1066.8,2.021,14.032,1435.75,8205.0,1533.5,14350.0,1563.5,849.4,46.81,52.7,,36.1
2015-11-24,1073.8,2.062,14.159,1445.75,8790.0,1585.0,14360.0,1604.0,842.75,46.66,53.1,,36.1
2015-11-25,1070.0,2.0505,14.158,1460.0,8900.0,1571.0,14660.0,1612.0,846.2,46.53,52.8,,36.1
2015-11-26,1056.2,,14.048,1502.0,9110.0,1608.0,14915.0,1638.5,854.75,,52.85,,
2015-11-27,,2.0555,14.034,1458.5,8770.0,1551.5,14975.0,1615.5,836.45,46.27,52.85,,36.1
2015-11-29,,,,,,,,,833.75,,,,
2015-11-30,1065.3,2.046,14.086,1447.0,8855.0,1557.5,14960.0,1643.0,832.2,46.1,53.55,,36.1
2015-12-01,1063.5,2.0715,14.083,1470.25,8960.0,1577.0,15015.0,1656.0,841.6,39.75,53.2,,36.1
2015-12-02,1053.8,2.0325,14.009,1487.0,8890.0,1549.0,14925.0,1647.5,834.2,39.36,52.75,,36.1
2015-12-03,1061.2,2.0605,14.077,1474.5,8800.0,1526.5,14755.0,1651.0,849.95,39.01,53.0,,36.1
2015-12-04,1084.1,2.0775,14.528,1515.0,8945.0,1550.5,14790.0,1681.0,880.2,39.15,53.0,,36.1
2015-12-06,,,,,,,,,877.45,,,,
2015-12-07,1075.2,2.049,14.332,1485.0,8765.0,1519.0,14550.0,1680.5,858.65,39.4,52.7,,36.1
2015-12-08,1075.3,2.0525,14.116,1477.0,8645.0,1527.0,14350.0,1695.0,851.35,39.25,52.5,,36.05
2015-12-09,1076.5,2.0645,14.189,1490.75,8650.0,1530.0,14540.0,1701.0,856.65,39.09,52.5,,36.15
2015-12-10,1072.0,2.0705,14.11,1491.75,8535.0,1532.0,14510.0,1705.0,854.3,38.61,52.35,,36.15
2015-12-11,1075.7,2.1135,13.884,1483.25,8685.0,1545.5,14550.0,1725.0,841.25,38.65,52.25,,36.15
2015-12-13,,,,,,,,,842.55,,,,
2015-12-14,1063.4,2.109,13.695,1492.5,8775.0,1545.0,14600.0,1727.0,847.9,38.69,52.2,,36.15
2015-12-15,1061.6,2.054,13.77,1471.0,8550.0,1502.5,14525.0,1706.0,855.8,38.54,52.35,,35.9
2015-12-16,1076.8,2.069,14.248,1486.0,8815.0,1517.5,14650.0,1670.0,872.25,38.66,52.35,,35.25
2015-12-17,1049.6,2.041,13.703,1476.5,8690.0,1490.0,14555.0,1617.5,848.2,38.79,52.25,,35.25
2015-12-18,1065.0,2.11,14.096,1506.25,8750.0,1517.0,14635.0,1673.5,859.65,38.97,52.2,,34.15
2015-12-20,,,,,,,,,858.05,,,,
2015-12-21,1080.6,2.1375,14.315,1513.5,8850.0,1534.0,14615.0,1724.0,873.25,38.98,52.05,,33.55
2015-12-22,1074.1,2.106,14.314,1508.0,8640.0,1516.5,14655.0,1698.5,873.5,38.98,52.05,,33.75
2015-12-23,1068.3,2.121,14.287,1537.0,8655.0,1555.0,14605.0,1738.0,872.15,39.02,52.1,,34.25
2015-12-24,1075.9,2.1205,14.379,1534.0,8605.0,1552.0,14535.0,1743.0,884.45,39.08,52.1,,34.3
2015-12-27,,,,,,,,,891.5,,,,
2015-12-28,1068.3,2.0755,13.884,,,,,,882.1,39.27,51.4,,34.3
2015-12-29,1068.0,2.132,13.928,1535.75,8705.0,1595.0,14665.0,1765.0,890.8,39.27,50.95,,34.5
2015-12-30,1059.8,2.1465,13.842,1528.75,8675.0,1630.0,14545.0,1788.0,872.05,39.41,50.9,,34.45
2015-12-31,1060.2,2.135,13.803,1507.75,8815.0,1607.0,14505.0,1782.0,892.5,39.58,50.6,,34.45
2016-01-03,,,,,,,,,892.1,,,,
2016-01-04,1075.2,2.0795,13.841,1473.0,8505.0,1566.0,14425.0,1742.5,881.65,41.95,49.9,,34.45
2016-01-05,1078.4,2.0955,13.971,1462.5,8510.0,1572.5,14155.0,1717.0,890.3,41.69,50.25,,35.05
2016-01-06,1091.9,2.088,13.976,1474.0,8630.0,1540.0,13785.0,1682.0,879.55,41.12,51.5,,35.0
2016-01-07,1107.8,2.022,14.344,1473.5,8375.0,1488.5,13690.0,1645.0,875.55,41.14,51.25,,34.5
2016-01-08,1097.9,2.022,13.918,1491.75,8495.0,1502.5,13710.0,1623.0,880.0,41.06,50.25,,34.65
2016-01-10,,,,,,,,,876.9,,,,
2016-01-11,1096.2,1.9725,13.866,1459.0,8185.0,1465.5,13605.0,1597.5,849.0,40.47,49.3,,34.65
2016-01-12,1085.2,1.959,13.751,1449.5,8130.0,1460.5,13345.0,1604.0,833.2,40.33,49.1,,34.65
2016-01-13,1087.1,1.956,14.156,1462.5,8250.0,1485.0,13305.0,1620.5,848.5,40.42,48.85,,34.75
2016-01-14,1073.6,1.976,13.748,1483.0,8610.0,1512.0,13260.0,1625.0,836.05,40.59,49.2,,34.8
2016-01-15,1090.7,1.9435,13.896,1473.0,8400.0,1475.5,13205.0,1597.0,830.95,40.79,49.15,,34.8
2016-01-17,,,,,,,,,823.5,,,,
2016-01-18,1089.1,,14.121,1480.25,8555.0,1494.5,13230.0,1606.0,820.85,,48.8,,
2016-01-19,,1.9775,14.121,1481.0,8575.0,1500.5,13225.0,1624.0,827.8,41.32,48.85,,34.85
2016-01-20,1106.2,1.9595,14.16,1469.0,8540.0,1482.0,13390.0,1612.0,823.8,41.19,49.0,,34.8
2016-01-21,1098.2,1.9965,14.094,1482.5,8700.0,1507.5,13575.0,1643.0,820.0,41.09,49.0,,34.8
2016-01-22,1096.3,2.0025,14.057,1482.25,8635.0,1510.0,13595.0,1635.0,831.75,41.11,49.0,,34.75
2016-01-24,,,,,,,,,833.2,,,,
2016-01-25,1105.3,1.998,14.254,1476.5,8515.0,1517.5,13565.0,1621.0,859.3,41.11,48.95,,34.9
2016-01-26,1120.2,2.0375,14.564,1495.75,8685.0,1589.0,14010.0,1646.0,875.6,41.11,49.25,,34.75
2016-01-27,1115.8,2.064,14.459,1527.0,8675.0,1612.0,14400.0,1663.5,882.1,41.13,48.8,,34.75
2016-01-28,1116.1,2.0555,14.232,1514.0,8575.0,1576.5,14055.0,1667.0,869.0,41.15,48.85,,34.75
2016-01-29,1116.4,2.0705,14.243,1519.25,8600.0,1616.0,14645.0,1714.0,871.85,41.17,48.8,,34.7
2016-01-31,,,,,,,,,873.05,,,,
2016-02-01,1128.0,2.059,14.343,1520.75,8470.0,1650.0,14820.0,1737.0,872.5,42.6,49.95,,34.65
2016-02-02,1127.2,2.0585,14.289,1500.5,8370.0,1664.5,14660.0,1749.0,856.5,43.18,50.4,,34.6
2016-02-03,1141.3,2.0975,14.734,1524.5,8510.0,1696.0,14855.0,1792.5,881.25,43.68,50.45,,34.5
2016-02-04,1157.5,2.134,14.85,1533.75,8535.0,1715.0,14975.0,1802.5,908.85,44.04,50.95,,34.5
2016-02-05,1157.7,2.105,14.778,1496.5,8115.0,1668.5,15050.0,1762.5,913.7,44.04,51.6,,34.4
2016-02-07,,,,,,,,,910.75,,,,
2016-02-08,1197.9,2.0915,15.426,1498.25,8180.0,1733.0,15550.0,1825.0,929.35,44.04,51.5,,34.2
2016-02-09,1198.6,2.0415,15.449,1477.25,8060.0,1677.0,15660.0,1812.0,934.65,43.76,50.45,,34.2
2016-02-10,1194.6,2.029,15.282,1476.0,7900.0,1700.5,15665.0,1802.0,937.35,43.32,50.4,,34.15
2016-02-11,1247.8,2.0085,15.794,1481.0,7590.0,1707.0,15520.0,1835.0,956.65,43.33,50.7,,34.15
2016-02-12,1239.4,2.031,15.79,1496.5,7755.0,1698.5,15325.0,1843.5,958.15,43.42,50.7,,34.15
2016-02-14,,,,,,,,,953.8,,,,
2016-02-15,1208.2,,15.334,1509.75,8230.0,1682.5,15210.0,1825.0,937.8,,50.7,,
2016-02-16,,2.054,15.345,1521.0,8335.0,1659.0,15320.0,1794.0,935.8,44.43,50.7,,34.0
2016-02-17,1211.4,2.077,15.377,1517.75,8415.0,1667.0,15630.0,1748.0,944.3,44.54,50.85,,34.0
2016-02-18,1226.3,2.0745,15.432,1517.0,8355.0,1704.5,15515.0,1734.5,948.2,44.89,50.9,,33.5
2016-02-19,1230.8,2.0775,15.373,1551.0,8550.0,1745.5,15710.0,1743.0,940.45,45.19,50.5,,33.5
2016-02-21,,,,,,,,,941.6,,,,
2016-02-22,1210.1,2.116,15.184,1575.75,8720.0,1782.5,15700.0,1723.5,930.2,45.59,50.3,,33.4
2016-02-23,1222.6,2.107,15.24,1549.5,8645.0,1736.5,15920.0,1706.0,945.2,45.78,50.3,,33.4
2016-02-24,1239.1,2.098,15.297,1568.5,8660.0,1781.0,15930.0,1712.5,937.75,45.96,50.35,,33.0
2016-02-25,1238.8,2.07,15.17,1558.0,8340.0,1731.0,15890.0,1684.5,927.4,46.06,50.35,,32.55
2016-02-26,1220.4,2.125,14.714,1561.0,8475.0,1753.0,15880.0,1742.5,915.15,46.21,50.45,,32.0
2016-02-28,,,,,,,,,914.35,,,,
2016-02-29,1234.4,2.1325,14.918,1573.5,8505.0,1765.0,15710.0,1758.0,934.05,46.33,50.5,,32.15
2016-03-01,1230.8,2.1455,14.756,1572.75,8670.0,1789.0,16010.0,1783.0,937.5,49.27,50.85,,32.2
2016-03-02,1241.8,2.181,15.022,1588.75,8705.0,1815.5,16200.0,1813.5,937.4,50.84,50.5,,32.15
2016-03-03,1258.2,2.2085,15.146,1576.5,8985.0,1845.0,16390.0,1839.0,947.35,50.39,51.1,,31.9
2016-03-04,1270.7,2.2745,15.694,1586.25,9320.0,1844.0,16815.0,1865.5,981.05,52.11,51.0,,31.4
2016-03-06,,,,,,,,,984.8,,,,
2016-03-07,1264.0,2.2835,15.633,1598.0,9350.0,1812.5,17260.0,1860.5,998.8,58.81,51.0,,31.2
2016-03-08,1262.9,2.222,15.39,1566.25,8595.0,1762.5,16405.0,1818.5,984.15,56.3,51.1,,30.65
2016-03-09,1257.4,2.2325,15.366,1579.75,8835.0,1792.0,16705.0,1838.0,980.55,55.65,51.3,,29.7
2016-03-10,1272.8,2.22,15.549,1558.0,8755.0,1768.5,16655.0,1823.5,982.15,55.84,51.2,,28.9
2016-03-11,1259.4,2.241,15.605,1560.0,8770.0,1802.0,16790.0,1842.0,964.85,55.32,51.5,,28.7
2016-03-13,,,,,,,,,967.05,,,,
2016-03-14,1245.1,2.2395,15.521,1540.0,8650.0,1783.0,16855.0,1833.5,961.6,55.1,51.95,,28.65
2016-03-15,1231.0,2.2335,15.261,1520.0,8570.0,1748.0,16820.0,1782.5,959.55,54.39,51.65,,29.15
2016-03-16,1229.8,2.234,15.219,1509.0,8650.0,1775.5,16705.0,1792.5,978.9,54.92,51.6,,29.5
2016-03-17,1265.0,2.2925,16.033,1529.25,8875.0,1843.0,16970.0,1826.0,987.6,55.22,52.3,,29.75
2016-03-18,1254.3,2.2825,15.811,1521.0,8650.0,1843.5,16830.0,1808.0,973.65,55.54,52.2,,29.75
2016-03-20,,,,,,,,,971.55,,,,
2016-03-21,1244.2,2.2925,15.847,1511.0,8750.0,1861.0,16850.0,1831.0,980.3,55.74,52.0,,29.65
2016-03-22,1248.6,2.2895,15.885,1498.75,8820.0,1867.0,17015.0,1815.0,996.45,55.77,51.75,,29.7
2016-03-23,1224.0,2.2355,15.272,1477.5,8660.0,1835.5,17225.0,1780.0,961.9,55.78,52.2,,29.5
2016-03-24,1221.6,2.229,15.199,1473.5,8655.0,1790.5,17220.0,1770.0,948.45,55.82,52.3,,29.5
2016-03-27,,,,,,,,,945.05,,,,
2016-03-28,1220.1,2.246,15.19,,,,,,948.85,55.79,50.65,,29.2
2016-03-29,1235.8,2.214,15.233,1485.25,8510.0,1792.0,16790.0,1745.0,969.9,55.75,51.25,,29.05
2016-03-30,1228.6,2.195,15.211,1492.0,8440.0,1797.0,16825.0,1727.0,967.15,55.64,51.05,,28.45
2016-03-31,1235.6,2.188,15.464,1516.5,8495.0,1817.5,16585.0,1712.5,976.3,55.52,51.1,,28.15
2016-04-01,1223.5,2.1685,15.046,1532.25,8305.0,1863.5,16660.0,1749.5,959.1,53.17,50.5,,27.9
2016-04-03,,,,,,,,,960.35,,,,
2016-04-04,1219.3,2.146,14.944,1532.0,8385.0,1855.0,16580.0,1713.5,940.2,53.92,50.05,,27.95
2016-04-05,1229.6,2.144,15.116,1517.5,8495.0,1812.0,16310.0,1711.0,953.8,53.17,50.2,,28.2
2016-04-06,1223.8,2.15,15.054,1510.5,8550.0,1796.0,16465.0,1718.5,948.4,52.73,50.05,,28.4
2016-04-07,1237.5,2.084,15.158,1498.75,8375.0,1749.0,16615.0,1705.0,958.1,53.27,49.6,,28.5
2016-04-08,1243.8,2.093,15.384,1515.75,8535.0,1758.5,16760.0,1703.5,968.75,53.45,49.85,,28.5
2016-04-10,,,,,,,,,969.55,,,,
2016-04-11,1258.0,2.095,15.976,1504.5,8535.0,1757.0,16720.0,1691.5,989.45,54.8,50.1,,28.55
2016-04-12,1260.9,2.1505,16.222,1530.0,8865.0,1846.0,16790.0,1719.0,1000.7,56.07,50.25,,28.25
2016-04-13,1248.3,2.1725,16.325,1556.0,8950.0,1878.5,16970.0,1746.0,998.7,56.6,50.25,,27.8
2016-04-14,1226.5,2.1755,16.173,1557.0,8995.0,1861.5,17065.0,1721.5,991.0,56.17,50.85,,27.25
2016-04-15,1234.6,2.1575,16.313,1553.5,8930.0,1879.0,17135.0,1710.5,986.25,56.09,50.85,,26.0
2016-04-17,,,,,,,,,986.5,,,,
2016-04-18,1235.0,2.1695,16.253,1572.0,9105.0,1893.0,16905.0,1712.0,977.2,56.98,50.8,,27.0
2016-04-19,1254.3,2.228,16.972,1586.0,9210.0,1932.0,17145.0,1750.5,1012.95,57.41,50.6,,27.5
2016-04-20,1254.4,2.2415,17.135,1622.0,9270.0,1927.0,17160.0,1770.5,1019.9,58.03,50.6,,27.5
2016-04-21,1250.3,2.253,17.09,1637.0,9055.0,1903.0,17125.0,1775.5,1025.25,58.5,50.5,,26.95
2016-04-22,1230.0,2.2665,16.9,1654.5,9015.0,1907.5,17315.0,1792.5,1011.7,58.7,51.0,,28.0
2016-04-24,,,,,,,,,1007.85,,,,
2016-04-25,1240.2,2.254,17.009,1656.5,9090.0,1872.0,17345.0,1741.5,1016.95,58.95,51.0,,27.55
2016-04-26,1243.4,2.243,17.11,1650.0,9185.0,1895.5,17315.0,1749.5,1017.7,59.1,51.05,,27.65
2016-04-27,1250.4,2.2205,17.289,1645.0,9200.0,1885.5,17055.0,1733.5,1026.35,59.13,50.95,,27.65
2016-04-28,1266.4,2.2315,17.588,1667.75,9255.0,1909.0,17100.0,1749.0,1054.6,59.3,51.0,,27.4
2016-04-29,1290.5,2.2835,17.819,1681.75,9430.0,1937.0,17200.0,1797.0,1080.0,59.58,50.75,,27.65
2016-05-01,,,,,,,,,1079.75,,,,
2016-05-02,1295.8,2.2665,17.682,,,,,,1080.05,64.0,51.0,,27.65
2016-05-03,1291.8,2.219,17.499,1633.5,9480.0,1894.0,17270.0,1752.5,1067.8,60.63,50.8,,27.65
2016-05-04,1274.4,2.1865,17.301,1633.0,9395.0,1882.0,17375.0,1753.5,1063.05,59.32,50.8,,27.65
2016-05-05,1272.3,2.154,17.327,1608.0,8930.0,1860.0,17340.0,1728.0,1065.7,58.33,50.8,,27.55
2016-05-06,1294.0,2.154,17.527,1597.0,9030.0,1881.5,17380.0,1742.0,1082.0,58.3,50.65,,27.6
2016-05-08,,,,,,,,,1078.85,,,,
2016-05-09,1266.6,2.1065,17.089,1558.5,8635.0,1831.5,17135.0,1729.5,1045.9,55.84,50.2,,27.65
2016-05-10,1264.8,2.0925,17.092,1551.25,8695.0,1849.0,17140.0,1752.0,1053.85,56.23,50.2,,27.75
2016-05-11,1275.5,2.1035,17.319,1560.75,8830.0,1905.0,17215.0,1770.0,1068.95,56.51,50.4,,27.75
2016-05-12,1271.2,2.0745,17.103,1541.0,8615.0,1875.0,16660.0,1712.0,1050.65,55.66,50.35,,27.75
2016-05-13,1272.7,2.074,17.132,1530.5,8640.0,1895.0,16700.0,1710.5,1054.25,55.49,50.55,,28.05
2016-05-15,,,,,,,,,1053.65,,,,
2016-05-16,1274.2,2.089,17.154,1543.0,8700.0,1897.5,16910.0,1746.0,1054.6,55.59,50.65,,28.35
2016-05-17,1276.9,2.089,17.25,1545.0,8750.0,1900.0,16950.0,1716.0,1056.6,56.55,50.85,,28.7
2016-05-18,1274.4,2.0785,17.132,1551.75,8645.0,1892.0,16780.0,1701.5,1032.3,56.21,50.85,,28.75
2016-05-19,1254.8,2.061,16.493,1545.0,8555.0,1860.5,16510.0,1685.0,1018.0,56.11,50.95,,28.65
2016-05-20,1252.9,2.0555,16.532,1547.0,8475.0,1864.5,16425.0,1666.0,1024.0,56.0,50.95,,28.65
2016-05-22,,,,,,,,,1024.4,,,,
2016-05-23,1251.5,2.055,16.423,1553.5,8350.0,1833.0,16020.0,1647.5,1015.1,55.78,50.95,,28.5
2016-05-24,1229.2,2.0665,16.254,1555.5,8410.0,1825.5,15640.0,1647.5,1000.45,55.65,51.0,,28.2
2016-05-25,1223.8,2.1015,16.261,1543.5,8350.0,1837.5,15605.0,1634.0,995.5,55.42,51.25,,28.25
2016-05-26,1220.4,2.1025,16.343,1554.75,8350.0,1876.0,15745.0,1675.5,997.35,55.13,51.35,,27.25
2016-05-27,1216.7,2.119,16.269,1554.5,8395.0,1904.0,16155.0,1695.0,978.3,54.94,51.35,,27.25
2016-05-29,,,,,,,,,977.9,,,,
2016-05-30,1217.5,,15.994,,,,,,974.25,,53.2,,
2016-05-31,,2.1,16.018,1553.75,8440.0,1926.0,16245.0,1692.5,981.1,54.49,53.5,,27.25
2016-06-01,1214.7,2.0775,15.927,1566.5,8430.0,1964.0,16135.0,1708.0,974.7,47.46,53.1,,27.3
2016-06-02,1212.6,2.074,16.025,1537.5,8410.0,1976.5,16195.0,1704.5,957.2,47.69,53.55,,28.0
2016-06-03,1242.9,2.1155,16.365,1541.5,8495.0,1996.5,16520.0,1721.0,988.05,48.19,54.0,,28.3
2016-06-05,,,,,,,,,988.4,,,,
2016-06-06,1247.4,2.121,16.447,1549.25,8655.0,2025.5,16870.0,1733.0,996.85,50.17,54.65,,28.25
2016-06-07,1247.0,2.0545,16.394,1561.25,8620.0,1994.5,16880.0,1694.5,1001.1,50.37,54.15,,28.25
2016-06-08,1262.3,2.065,16.985,1601.25,8985.0,2075.0,17070.0,1734.0,1015.95,50.3,53.4,,28.25
2016-06-09,1272.7,2.042,17.268,1574.25,8950.0,2072.0,16975.0,1705.5,1001.1,50.7,52.95,,28.25
2016-06-10,1275.9,2.033,17.33,1570.75,8920.0,2087.5,17020.0,1698.0,993.6,50.86,53.0,,28.25
2016-06-12,,,,,,,,,995.7,,,,
2016-06-13,1286.9,2.055,17.443,1597.5,8855.0,2078.0,17065.0,1713.5,992.7,50.92,53.05,,28.05
2016-06-14,1288.1,2.042,17.424,1611.0,8845.0,2015.0,16855.0,1684.5,975.45,50.19,52.4,,28.0
2016-06-15,1288.3,2.092,17.503,1627.0,8970.0,2035.0,16890.0,1697.0,977.6,50.27,52.45,,27.55
2016-06-16,1298.4,2.0505,17.607,1604.75,8870.0,1992.0,17010.0,1704.5,979.2,50.38,52.6,,26.9
2016-06-17,1294.8,2.0535,17.411,1615.0,9040.0,1978.5,17010.0,1698.5,970.95,50.55,52.55,,26.0
2016-06-19,,,,,,,,,973.3,,,,
2016-06-20,1292.1,2.0945,17.514,1633.15,9220.0,2017.5,17030.0,1723.0,987.1,50.54,52.85,,26.0
2016-06-21,1272.5,2.1165,17.319,1635.5,9175.0,2034.5,17120.0,1716.0,978.65,50.58,52.75,,26.4
2016-06-22,1270.0,2.135,17.312,1635.25,9185.0,2045.0,17085.0,1714.0,979.55,50.83,52.95,,26.5
2016-06-23,1263.1,2.1635,17.353,1643.25,9200.0,2040.5,17235.0,1728.5,973.0,50.87,52.95,,26.5
2016-06-24,1322.4,2.113,17.789,1618.75,8985.0,2021.0,17040.0,1708.5,987.15,50.83,52.9,,27.25
2016-06-26,,,,,,,,,989.65,,,,
2016-06-27,1324.7,2.1235,17.744,1596.75,8940.0,1997.0,16735.0,1696.0,982.6,51.03,54.05,,27.0
2016-06-28,1317.9,2.173,17.843,1625.0,9345.0,2077.5,16865.0,1731.0,983.4,51.12,55.25,,26.65
2016-06-29,1326.9,2.186,18.407,1637.25,9445.0,2086.5,16940.0,1763.5,1008.8,51.23,55.65,,26.5
2016-06-30,1320.6,2.1955,18.623,1651.25,9415.0,2106.0,17005.0,1781.5,1028.85,51.36,56.95,,26.4
2016-07-01,1339.0,2.217,19.588,1666.25,9950.0,2147.0,17350.0,1851.5,1064.3,52.73,58.15,,26.5
2016-07-03,,,,,,,,,1065.35,,,,
2016-07-04,1358.7,,19.907,1651.25,10000.0,2117.0,17940.0,1840.0,1067.6,,59.2,,
2016-07-05,,2.1835,19.907,1655.5,9670.0,2108.0,17575.0,1827.0,1079.4,54.16,58.6,,26.45
2016-07-06,1367.1,2.1535,20.203,1652.75,10130.0,2116.0,17770.0,1837.5,1090.8,52.88,58.4,,26.45
2016-07-07,1362.1,2.1235,19.838,1637.75,9680.0,2095.5,17570.0,1813.0,1093.25,53.72,58.95,,26.5
2016-07-08,1358.4,2.119,20.099,1663.5,9855.0,2142.0,17685.0,1809.0,1101.95,54.24,59.25,,26.5
2016-07-10,,,,,,,,,1105.25,,,,
2016-07-11,1356.6,2.1475,20.304,1651.5,10040.0,2131.5,17700.0,1815.0,1102.7,54.53,59.6,,26.45
2016-07-12,1335.3,2.213,20.171,1674.0,10440.0,2193.0,17915.0,1875.0,1096.05,55.56,60.7,,26.45
2016-07-13,1343.6,2.24,20.413,1670.5,10280.0,2178.5,17825.0,1875.0,1098.9,56.36,61.1,,26.2
2016-07-14,1332.2,2.243,20.322,1680.5,10332.5,2192.5,17885.0,1898.75,1105.15,56.11,61.1,,26.0
2016-07-15,1327.4,2.2335,20.165,1664.75,10210.0,2206.5,17982.5,1866.25,1099.0,56.34,61.3,,25.9
2016-07-17,,,,,,,,,1097.2,,,,
2016-07-18,1329.3,2.237,20.075,1654.75,10587.5,2224.5,17840.0,1859.5,1100.3,55.71,60.85,,25.05
2016-07-19,1332.3,2.263,20.007,1647.0,10465.0,2245.0,17665.0,1859.25,1096.85,55.65,60.95,,25.4
2016-07-20,1319.3,2.254,19.613,1625.25,10572.5,2245.0,17772.5,1854.0,1088.0,55.78,60.9,,25.5
2016-07-21,1331.0,2.2585,19.815,1601.0,10722.5,2250.5,17822.5,1860.75,1107.75,56.13,60.95,,25.5
2016-07-22,1323.4,2.2355,19.689,1611.25,10382.5,2254.5,17735.0,1841.0,1087.5,56.04,60.85,,25.5
2016-07-24,,,,,,,,,1085.15,,,,
2016-07-25,1319.5,2.217,19.647,1604.75,10477.5,2257.0,17737.5,1848.5,1088.0,56.15,61.25,,25.2
2016-07-26,1320.8,2.2255,19.683,1591.5,10337.5,2232.5,17757.5,1837.75,1097.15,56.25,61.05,,25.65
2016-07-27,1326.7,2.185,19.995,1591.5,10340.0,2167.5,17725.0,1798.75,1139.1,56.34,61.2,,26.25
2016-07-28,1341.2,2.2125,20.192,1608.25,10715.0,2207.5,17765.0,1806.5,1138.25,56.5,61.25,,26.75
2016-07-29,1357.5,2.225,20.347,1644.0,10637.5,2246.0,17827.5,1826.75,1153.65,56.61,61.15,,26.0
2016-07-31,,,,,,,,,1152.9,,,,
2016-08-01,1359.6,2.2045,20.5,1633.5,10730.0,2262.0,17855.0,1824.0,1162.95,59.78,67.7,,26.25
2016-08-02,1372.6,2.214,20.701,1623.0,10720.0,2275.0,17985.0,1821.0,1170.25,59.88,67.6,,26.65
2016-08-03,1364.7,2.2035,20.471,1640.0,10747.5,2278.0,17970.0,1808.25,1168.15,59.48,67.3,,26.7
2016-08-04,1367.4,2.18,20.443,1619.75,10562.5,2255.0,18032.5,1795.5,1161.55,59.05,65.0,,26.45
2016-08-05,1344.4,2.16,19.817,1642.0,10705.0,2265.0,18340.0,1785.5,1150.6,60.19,65.0,,26.25
2016-08-07,,,,,,,,,1148.85,,,,
2016-08-08,1341.3,2.17,19.805,1639.25,10790.0,2280.5,18182.5,1795.0,1154.95,60.99,67.25,,26.2
2016-08-09,1346.7,2.1545,19.85,1638.25,10782.5,2273.5,18402.5,1807.5,1160.85,60.32,67.0,,25.8
2016-08-10,1351.9,2.175,20.17,1643.0,10825.0,2285.0,18520.0,1819.5,1181.7,60.25,66.3,,25.8
2016-08-11,1350.0,2.194,20.02,1649.0,10727.5,2279.0,18327.5,1833.5,1153.55,59.73,67.85,,26.0
2016-08-12,1343.2,2.144,19.703,1651.0,10292.5,2235.0,18160.0,1836.5,1128.55,59.83,68.3,,26.0
2016-08-14,,,,,,,,,1133.25,,,,
2016-08-15,1347.5,2.156,19.847,1672.5,10462.5,2263.5,18185.0,1865.75,1118.35,59.66,67.6,,26.0
2016-08-16,1356.9,2.176,19.874,1693.0,10247.5,2257.0,18295.0,1874.25,1126.35,60.45,67.6,,26.0
2016-08-17,1348.8,2.157,19.648,1694.75,10232.5,2273.0,18300.0,1884.75,1129.2,60.15,68.1,,26.05
2016-08-18,1357.2,2.1725,19.74,1683.5,10317.5,2294.0,18375.0,1893.0,1131.4,60.38,67.05,,26.05
2016-08-19,1346.2,2.1715,19.317,1667.25,10357.5,2293.0,18500.0,1887.75,1118.75,60.59,67.55,,25.75
2016-08-21,,,,,,,,,1112.45,,,,
2016-08-22,1343.4,2.1455,18.859,1667.5,10260.0,2284.5,18457.5,1853.0,1107.35,60.67,68.15,,25.75
2016-08-23,1346.1,2.12,18.922,1669.25,10245.0,2299.0,18682.5,1866.25,1110.1,60.78,67.1,,25.9
2016-08-24,1329.7,2.08,18.556,1645.75,9982.5,2278.5,18797.5,1858.25,1084.4,60.78,67.0,,25.9
2016-08-25,1324.6,2.079,18.489,1643.75,9840.0,2297.5,18722.5,1866.75,1077.15,60.77,67.45,,25.95
2016-08-26,1325.9,2.0815,18.651,1641.5,9837.5,2319.5,18847.5,1878.5,1076.15,60.69,67.15,,25.95
2016-08-28,,,,,,,,,1074.9,,,,
2016-08-29,1327.1,2.0765,18.768,,,,,,1083.3,60.58,66.95,,25.4
2016-08-30,1316.5,2.0745,18.673,1627.75,9822.5,2311.5,18777.5,1881.0,1060.8,60.5,68.0,,25.25
2016-08-31,1311.4,2.075,18.707,1610.75,9777.5,2314.0,18887.5,1903.75,1055.95,60.43,68.75,,25.25
2016-09-01,1317.1,2.0735,18.943,1611.0,9927.5,2345.5,19085.0,1940.5,1052.2,57.95,69.05,,25.65
2016-09-02,1326.7,2.076,19.366,1590.0,10030.0,2364.0,19277.5,1944.0,1066.4,58.05,69.15,,25.65
2016-09-04,,,,,,,,,1064.95,,,,
2016-09-05,1354.0,,20.138,1576.0,10025.0,2358.0,19360.0,1973.0,1074.45,,69.85,,
2016-09-06,,2.088,20.098,1585.0,10115.0,2317.5,19352.5,1942.75,1102.2,58.35,70.75,,25.65
2016-09-07,1349.2,2.097,19.848,1588.75,10222.5,2320.5,19517.5,1919.25,1092.45,57.47,69.8,,25.65
2016-09-08,1341.6,2.0995,19.678,1586.25,10297.5,2313.0,19555.0,1922.0,1088.25,57.67,69.6,,25.65
2016-09-09,1334.5,2.092,19.368,1573.5,10352.5,2292.0,19262.5,1895.75,1064.8,57.87,69.7,,25.4
2016-09-11,,,,,,,,,1067.45,,,,
2016-09-12,1325.6,2.0995,19.0,1562.5,10095.0,2262.0,18977.5,1882.75,1060.05,57.49,70.0,,25.4
2016-09-13,1323.7,2.1,18.975,1559.5,9887.5,2229.5,18990.0,1892.25,1039.85,57.43,70.15,,25.4
2016-09-14,1326.1,2.1535,19.066,1579.5,9867.5,2275.0,19167.5,1950.25,1039.6,57.25,70.15,,25.4
2016-09-15,1318.0,2.157,19.041,1566.5,9710.0,2231.5,19030.0,1943.5,1034.4,57.15,70.95,,25.25
2016-09-16,1310.2,2.157,18.862,1570.5,9730.0,2216.5,19092.5,1933.25,1017.6,57.03,71.15,,25.25
2016-09-18,,,,,,,,,1021.1,,,,
2016-09-19,1317.8,2.1545,19.29,1577.25,10157.5,2253.5,19330.0,1955.5,1023.6,56.92,71.25,,24.9
2016-09-20,1318.2,2.1615,19.277,1576.25,10272.5,2299.5,19467.5,1983.5,1033.9,57.0,71.65,,24.9
2016-09-21,1331.4,2.151,19.768,1584.0,10327.5,2265.0,19267.5,1932.25,1054.25,56.88,72.65,,24.75
2016-09-22,1344.7,2.1925,20.099,1635.25,10637.5,2285.0,19475.0,1948.0,1058.25,56.9,71.5,,24.4
2016-09-23,1341.7,2.1975,19.81,1638.75,10635.0,2276.0,19622.5,1918.0,1057.1,56.86,71.95,,24.4
2016-09-25,,,,,,,,,1060.25,,,,
2016-09-26,1344.1,2.1955,19.596,1662.0,10472.5,2286.5,19730.0,1946.25,1044.45,56.85,71.8,,23.25
2016-09-27,1330.4,2.1675,19.165,1652.25,10637.5,2306.0,19737.5,1958.0,1031.65,56.78,71.9,,23.5
2016-09-28,1323.7,2.1845,19.121,1666.25,10700.0,2334.5,19917.5,2003.25,1040.6,56.74,72.6,,23.5
2016-09-29,1326.0,2.19,19.188,1672.5,10417.5,2355.0,19997.5,2064.0,1032.35,56.71,72.15,,23.0
2016-09-30,1317.1,2.2105,19.214,1674.5,10510.0,2377.0,20030.0,2131.25,1032.8,56.63,72.2,,22.4
2016-10-02,,,,,,,,,1032.25,,,,
2016-10-03,1312.7,2.192,18.868,1678.0,10317.5,2408.5,19950.0,2094.25,1010.6,55.11,81.1,,22.4
2016-10-04,1269.7,2.167,17.775,1669.25,10045.0,2379.0,19910.0,2072.25,990.9,55.15,83.15,,22.65
2016-10-05,1268.6,2.1645,17.695,1675.25,10142.5,2345.5,19892.5,2047.0,985.6,55.27,83.6,,22.75
2016-10-06,1253.0,2.1555,17.345,1677.5,10252.5,2324.0,20092.5,2061.25,971.85,55.18,84.8,,22.75
2016-10-07,1251.9,2.1635,17.38,1675.5,10217.5,2329.0,20100.0,2083.75,970.75,54.97,84.45,,22.75
2016-10-09,,,,,,,,,976.65,,,,
2016-10-10,1260.4,2.1975,17.659,1689.0,10532.5,2331.5,20085.0,2102.0,969.0,55.67,84.05,,22.75
2016-10-11,1255.9,2.1855,17.509,1677.25,10442.5,2250.5,19812.5,2053.25,949.25,55.78,84.4,,22.75
2016-10-12,1253.8,2.1765,17.505,1683.0,10585.0,2261.5,19865.0,2028.25,943.5,55.84,86.0,,22.5
2016-10-13,1257.6,2.122,17.458,1689.75,10425.0,2250.5,19520.0,2001.5,937.05,55.79,88.0,,22.0
2016-10-14,1255.5,2.1105,17.441,1672.0,10485.0,2260.5,19462.5,2007.0,937.25,56.14,89.45,,21.9
2016-10-16,,,,,,,,,938.9,,,,
2016-10-17,1256.6,2.107,17.474,1657.0,10322.5,2280.5,19440.0,1997.75,939.0,56.33,90.95,,21.65
2016-10-18,1262.9,2.1055,17.638,1642.0,10437.5,2289.5,19732.5,1977.5,946.5,56.38,92.7,,20.9
2016-10-19,1269.9,2.1035,17.663,1631.75,10300.0,2314.5,19995.0,2007.0,946.45,56.46,91.4,,20.5
2016-10-20,1267.5,2.096,17.549,1612.25,10132.5,2288.0,19870.0,2021.25,933.7,56.58,91.3,,20.5
2016-10-21,1267.7,2.0885,17.493,1625.25,9977.5,2257.0,19960.0,2003.5,935.0,56.6,92.8,,20.0
2016-10-23,,,,,,,,,934.35,,,,
2016-10-24,1263.7,2.093,17.604,1630.5,10172.5,2322.0,20040.0,2030.75,941.85,56.74,92.8,,20.0
2016-10-25,1273.6,2.1385,17.78,1669.0,10237.5,2359.0,20320.0,2060.0,961.95,56.96,93.2,,20.0
2016-10-26,1266.6,2.1455,17.626,1679.5,10230.0,2343.0,20382.5,2067.5,961.85,57.24,93.55,,19.7
2016-10-27,1269.5,2.1635,17.639,1699.5,10337.5,2360.5,20495.0,2051.0,967.25,57.47,94.1,,19.7
2016-10-28,1276.8,2.197,17.796,1720.0,10385.0,2398.0,20595.0,2069.75,981.75,57.72,93.95,,19.65
2016-10-30,,,,,,,,,980.7,,,,
2016-10-31,1273.1,2.208,17.796,1735.25,10417.5,2464.5,20705.0,2061.75,981.7,62.77,108.6,,18.75
2016-11-01,1288.0,2.2315,18.418,1736.5,10437.5,2469.0,20847.5,2066.25,992.95,63.56,114.75,,18.9
2016-11-02,1308.2,2.2335,18.693,1727.5,10335.0,2425.5,20802.5,2060.75,994.65,62.59,112.35,,18.75
2016-11-03,1303.3,2.252,18.416,1732.5,10475.0,2480.0,21187.5,2090.25,998.1,63.79,106.5,,18.75
2016-11-04,1304.5,2.2685,18.371,1722.0,10440.0,2445.0,21210.0,2097.0,1000.4,63.67,108.65,,18.75
2016-11-06,,,,,,,,,992.6,,,,
2016-11-07,1279.4,2.3135,18.151,1726.25,11202.5,2469.5,21840.0,2102.25,1002.35,65.91,111.95,,18.75
2016-11-08,1274.5,2.383,18.356,1729.75,11222.5,2481.0,21425.0,2133.0,1003.2,65.99,112.1,,18.75
2016-11-09,1273.5,2.4615,18.378,1751.5,11657.5,2510.5,21350.0,2150.0,996.1,68.34,111.4,,18.5
2016-11-10,1266.4,2.554,18.737,1768.5,11480.0,2521.0,21557.5,2138.25,979.65,69.74,111.4,,18.25
2016-11-11,1224.3,2.5125,17.382,1742.5,11217.5,2475.0,21430.0,2133.5,944.7,73.35,109.85,,18.45
2016-11-13,,,,,,,,,949.25,,,,
2016-11-14,1221.7,2.5235,16.893,1732.5,11357.5,2620.0,20855.0,2204.75,936.35,72.23,105.35,,18.65
2016-11-15,1224.5,2.5075,17.043,1735.0,11367.5,2621.0,20347.5,2219.75,943.85,70.04,106.45,,18.65
2016-11-16,1223.9,2.4705,16.927,1697.5,11330.0,2526.5,19935.0,2167.0,944.75,70.41,104.9,,18.65
2016-11-17,1216.9,2.4935,16.772,1688.5,11197.5,2529.0,20200.0,2174.0,932.5,70.33,106.25,,18.5
2016-11-18,1208.7,2.47,16.624,1694.75,10902.5,2559.0,20170.0,2141.0,923.4,70.2,105.1,,18.5
2016-11-20,,,,,,,,,921.1,,,,
2016-11-21,1209.8,2.5195,16.521,1722.25,11370.0,2573.0,20840.0,2180.0,942.55,70.0,105.1,,18.5
2016-11-22,1211.2,2.548,16.632,1760.25,11347.5,2612.5,21085.0,2199.0,941.95,70.88,106.3,,18.5
2016-11-23,1189.3,2.6095,16.391,1778.0,11627.5,2701.0,21277.5,2235.5,932.6,71.22,103.3,,18.5
2016-11-24,1178.4,,16.47,1770.0,11552.5,2731.0,21300.0,2241.0,918.3,,105.95,,
2016-11-25,,2.673,16.499,1756.75,11680.0,2880.0,21022.5,2431.5,908.0,71.81,103.75,,18.5
2016-11-27,,,,,,,,,913.0,,,,
2016-11-28,1190.8,2.661,16.583,1746.0,11517.5,2820.5,20987.5,2440.0,927.85,72.15,92.25,,18.5
2016-11-29,1190.8,2.6065,16.74,1720.0,11145.0,2733.5,20537.5,2354.5,919.9,72.26,88.5,,18.15
2016-11-30,1173.9,2.6295,16.482,1731.0,11167.5,2699.5,20952.5,2342.5,910.65,72.25,87.45,,17.75
2016-12-01,1169.4,2.639,16.506,1720.25,11200.0,2761.0,21160.0,2348.25,916.2,75.54,87.7,,18.0
2016-12-02,1177.8,2.622,16.832,1712.75,11482.5,2660.5,21090.0,2268.5,929.9,74.57,87.4,,18.0
2016-12-04,,,,,,,,,927.3,,,,
2016-12-05,1176.5,2.6945,16.899,1733.0,11627.5,2771.0,21272.5,2338.0,936.75,76.2,86.8,,18.0
2016-12-06,1170.1,2.677,16.81,1707.5,11620.0,2816.5,20980.0,2364.75,936.3,76.72,84.0,,18.0
2016-12-07,1177.5,2.6415,17.275,1706.5,11405.0,2745.5,21060.0,2319.75,943.65,79.2,83.0,,18.0
2016-12-08,1172.4,2.6235,17.096,1723.0,11155.0,2690.5,21007.5,2298.25,939.5,79.44,84.0,,18.25
2016-12-09,1161.9,2.645,16.967,1749.0,11462.5,2706.0,20957.5,2322.0,916.1,78.89,84.35,,18.4
2016-12-11,,,,,,,,,918.3,,,,
2016-12-12,1165.8,2.616,17.187,1729.75,11350.0,2743.0,21035.0,2349.25,931.6,80.25,85.7,,18.4
2016-12-13,1159.0,2.595,16.977,1739.5,11382.5,2711.5,21295.0,2342.5,934.75,80.47,86.0,,19.25
2016-12-14,1163.7,2.6015,17.221,1744.25,11467.5,2818.5,21167.5,2357.25,926.35,79.58,87.55,,22.0
2016-12-15,1129.8,2.597,15.958,1733.5,11262.5,2804.0,21222.5,2322.5,900.1,79.94,88.85,,22.0
2016-12-16,1137.4,2.561,16.215,1714.5,11190.0,2729.5,21190.0,2241.0,927.6,79.89,86.5,,20.4
2016-12-18,,,,,,,,,925.4,,,,
2016-12-19,1142.7,2.4965,16.089,1710.25,10890.0,2605.0,21122.5,2176.5,919.25,79.62,86.2,,20.4
2016-12-20,1133.6,2.4995,16.117,1721.25,10940.0,2635.0,20930.0,2192.0,919.4,79.97,87.0,,20.4
2016-12-21,1133.2,2.494,15.979,1725.75,10835.0,2615.0,20967.5,2175.0,915.15,80.0,86.9,,20.4
2016-12-22,1130.7,2.497,15.871,1722.75,10782.5,2634.0,20977.5,2134.5,908.55,79.8,86.75,,20.4
2016-12-23,1133.6,2.476,15.759,1720.0,10440.0,2575.5,21052.5,2063.75,893.1,79.75,86.6,,20.4
2016-12-26,,,,,,,,,900.7,,,,
2016-12-27,1138.8,2.5125,15.989,,,,,,908.25,79.72,86.6,,20.4
2016-12-28,1140.9,2.497,16.038,1705.25,10112.5,2580.0,20910.0,2021.25,902.4,79.75,87.65,,20.4
2016-12-29,1158.1,2.488,16.218,1679.0,10142.5,2520.0,20975.0,1991.25,907.85,79.76,88.25,,20.4
2016-12-30,1151.7,2.5055,15.989,1692.75,10057.5,2567.0,21025.0,2008.75,905.65,79.75,88.4,,20.4
2017-01-02,,,,,,,,,906.6,,,,
2017-01-03,1162.0,2.489,16.409,1686.25,9977.5,2535.5,20987.5,2014.0,930.2,74.37,90.5,,20.5
2017-01-04,1165.3,2.5565,16.552,1684.0,10212.5,2624.0,21127.5,2079.5,947.75,74.66,88.6,,21.65
2017-01-05,1181.3,2.5375,16.637,1701.0,10245.0,2607.0,21022.5,2042.5,974.1,76.46,85.7,,21.65
2017-01-06,1173.4,2.546,,1711.75,10287.5,2622.0,21037.5,2064.0,972.85,75.73,83.5,,21.9
2017-01-08,,,,,,,,,973.2,,,,
2017-01-09,1184.9,2.5385,16.683,1725.0,10377.5,2676.5,21125.0,2108.0,979.7,77.09,82.05,,22.0
2017-01-10,1185.5,2.6125,16.848,1748.0,10532.5,2710.0,21132.5,2175.0,979.3,78.27,81.5,,24.25
2017-01-11,1196.6,2.6105,16.828,1756.75,10092.5,2685.0,21052.5,2140.75,977.8,78.65,82.15,,23.0
2017-01-12,1199.8,2.6715,16.825,1788.0,10327.5,2742.5,21040.0,2215.75,980.8,78.83,84.05,,23.0
2017-01-13,1196.2,2.69,,1807.0,10407.5,2784.0,21130.0,2294.75,987.75,78.69,83.5,,23.0
2017-01-15,,,,,,,,,989.5,,,,
2017-01-16,1212.9,,,1789.75,10252.5,2744.0,21055.0,2273.5,985.7,,82.9,,
2017-01-17,,2.625,17.148,1798.25,10150.0,2711.0,21077.5,2288.75,981.7,79.83,84.55,,22.9
2017-01-18,1212.1,2.6165,17.274,1834.5,10165.0,2766.5,21087.5,2299.75,966.2,79.66,83.85,,22.75
2017-01-19,1201.5,2.6105,17.002,1826.0,9905.0,2756.0,20730.0,2278.0,960.7,79.64,83.45,,22.75
2017-01-20,1204.9,2.625,,1846.0,9687.5,2750.0,20175.0,2301.5,981.8,79.51,83.8,,22.9
2017-01-22,,,,,,,,,985.65,,,,
2017-01-23,1215.6,2.6475,17.186,1850.0,9782.5,2793.0,20195.0,2328.0,984.3,79.69,83.65,,22.9
2017-01-24,1210.8,2.7085,17.185,1867.25,9817.5,2824.0,20582.5,2384.0,997.2,80.05,83.75,,22.9
2017-01-25,1197.8,2.71,16.98,1833.0,9737.5,2801.0,20432.5,2382.0,988.55,80.13,83.7,,23.25
2017-01-26,1189.8,2.673,16.85,1819.25,9352.5,2760.5,20062.5,2306.0,980.5,80.22,83.6,,23.25
2017-01-27,1188.4,2.6895,,1815.0,9542.5,2756.0,19910.0,2273.25,988.45,80.3,83.75,,23.5
2017-01-29,,,,,,,,,989.5,,,,
2017-01-30,1196.0,2.661,17.152,1800.5,9715.0,2782.0,19662.5,2348.75,992.1,80.3,83.55,,24.5
2017-01-31,1211.4,2.7335,17.543,1818.0,9962.5,2867.0,19912.5,2363.75,999.25,80.4,83.0,,24.65
2017-02-01,1208.3,2.7175,17.45,1817.0,10277.5,2866.0,19885.0,2339.5,1003.65,83.12,82.7,,25.0
2017-02-02,1219.4,2.6925,17.429,1827.0,10345.0,2852.0,19867.5,2340.75,999.9,83.82,82.75,,25.25
2017-02-03,1220.8,2.6225,,1832.25,10277.5,2783.0,19672.5,2319.5,1006.85,80.15,83.0,,25.75
2017-02-05,,,,,,,,,1007.2,,,,
2017-02-06,1232.1,2.658,17.693,1831.75,10452.5,2793.0,19270.0,2339.5,1016.85,79.15,81.3,,26.15
2017-02-07,1236.1,2.6395,17.756,1827.25,10352.5,2795.5,18962.5,2336.75,1007.75,81.02,80.4,,26.15
2017-02-08,1239.5,2.6735,17.705,1844.0,10472.5,2836.0,19017.5,2390.25,1017.75,81.88,79.4,,26.5
2017-02-09,1236.8,2.6605,17.741,1846.5,10295.0,2826.5,19090.0,2327.25,1015.2,81.92,79.75,,26.65
2017-02-10,1235.9,2.775,,1870.5,10645.0,2930.0,19435.0,2405.25,1014.3,84.11,80.05,,26.75
2017-02-12,,,,,,,,,1010.55,,,,
2017-02-13,1225.8,2.79,17.821,1867.5,10682.5,2913.5,19802.5,2417.75,1000.85,85.93,79.9,,26.75
2017-02-14,1225.4,2.746,17.889,1887.0,10790.0,2897.5,19807.5,2362.75,1003.35,85.91,79.9,,25.9
2017-02-15,1233.1,2.752,17.963,1913.0,10907.5,2869.0,19835.0,2323.25,1012.35,85.86,80.0,,25.9
2017-02-16,1241.6,2.728,18.074,1896.25,11047.5,2865.0,19645.0,2295.5,1014.95,85.72,80.0,,25.0
2017-02-17,1239.1,2.714,,1880.0,11065.0,2810.0,19817.5,2254.0,1006.35,86.4,79.9,,25.0
2017-02-19,,,,,,,,,1005.85,,,,
2017-02-20,1238.9,,,1900.5,11157.5,2878.0,19840.0,2314.75,1007.0,,80.1,,
2017-02-21,,2.7515,18.04,1886.5,10832.5,2863.0,19772.5,2266.75,1004.3,87.28,80.15,,24.75
2017-02-22,1233.3,2.74,17.95,1885.25,10732.5,2855.5,19262.5,2278.75,1004.85,87.48,79.75,,24.15
2017-02-23,1251.4,2.6515,18.117,1868.0,10562.5,2778.0,18900.0,2236.0,1012.1,87.41,79.8,,24.0
2017-02-24,1258.3,2.6885,,1886.25,10885.0,2830.0,19165.0,2258.25,1031.05,87.57,80.0,,22.75
2017-02-26,,,,,,,,,1028.5,,,,
2017-02-27,1258.8,2.698,18.417,1901.5,11037.5,2811.0,19072.5,2255.5,1031.95,87.89,83.5,,22.5
2017-02-28,1253.9,2.714,18.469,1925.0,10965.0,2821.0,19292.5,2250.75,1022.3,88.07,83.45,,23.0
2017-03-01,1250.0,2.736,18.489,1950.5,11037.5,2858.5,19490.0,2301.25,1018.05,87.62,82.75,,24.5
2017-03-02,1232.9,2.6905,17.748,1911.5,10807.5,2786.0,19407.5,2258.25,993.95,88.56,82.2,,24.65
2017-03-03,1226.5,2.6965,,1892.25,10977.5,2783.5,19462.5,2248.0,1000.6,87.57,80.95,,25.5
2017-03-05,,,,,,,,,1001.75,,,,
2017-03-06,1225.5,2.652,17.773,1875.0,11077.5,2742.5,19427.5,2244.75,980.6,86.73,80.2,,25.75
2017-03-07,1216.1,2.6185,17.536,1874.75,10667.5,2695.0,19382.5,2234.5,963.8,86.89,79.25,,26.25
2017-03-08,1209.4,2.6005,17.298,1875.5,10172.5,2692.5,19375.0,2243.75,951.45,86.55,78.65,,25.65
2017-03-09,1203.2,2.58,17.036,1865.25,10155.0,2681.0,19230.0,2252.0,936.5,86.35,78.2,,25.25
2017-03-10,1201.4,2.595,,1877.0,9917.5,2709.5,19290.0,2261.25,943.9,86.44,78.75,,24.5
2017-03-12,,,,,,,,,943.95,,,,
2017-03-13,1203.1,2.6255,16.972,1877.0,10212.5,2749.5,19430.0,2271.25,939.15,87.51,81.1,,24.5
2017-03-14,1202.6,2.635,16.923,1859.5,10225.0,2748.0,19905.0,2230.5,939.1,88.04,80.9,,25.0
2017-03-15,1200.7,2.6565,16.923,1886.5,10247.5,2821.5,19915.0,2260.25,958.9,89.03,81.65,,25.25
2017-03-16,1227.1,2.6775,17.33,1899.75,10212.5,2828.5,20137.5,2244.75,958.65,89.5,81.1,,25.45
2017-03-17,1230.2,2.6915,,1914.25,10272.5,2890.0,20255.0,2294.0,965.8,89.47,81.3,,25.4
2017-03-19,,,,,,,,,966.65,,,,
2017-03-20,1234.0,2.667,17.438,1922.0,10182.5,2864.0,20272.5,2267.75,972.85,89.42,80.9,,25.4
2017-03-21,1246.5,2.6185,17.583,1927.0,10150.0,2818.5,20390.0,2269.75,972.6,88.99,80.55,,25.4
2017-03-22,1249.7,2.6305,17.578,1923.75,10067.5,2860.5,20432.5,2366.0,962.35,88.59,80.4,,25.4
2017-03-23,1247.2,2.6445,17.593,1934.75,10017.5,2824.0,20272.5,2365.5,962.95,88.51,80.95,,25.15
2017-03-24,1248.5,2.631,,1940.5,9880.0,2830.0,19880.0,2353.0,966.35,88.35,80.95,,24.65
2017-03-26,,,,,,,,,973.6,,,,
2017-03-27,1255.7,2.632,18.108,1931.0,9840.0,2768.5,19902.5,2296.0,970.6,87.91,80.95,,24.65
2017-03-28,1255.6,2.676,18.252,1945.25,10002.5,2821.5,20055.0,2326.5,956.75,87.63,80.75,,24.5
2017-03-29,1253.7,2.6775,18.252,1962.0,10027.5,2858.5,20085.0,2343.75,959.2,87.44,80.75,,24.4
2017-03-30,1248.0,2.6785,18.206,1974.25,10025.0,2846.5,20045.0,2328.0,952.2,87.19,80.7,,24.15
2017-03-31,1251.2,2.66,,1964.25,10022.5,2768.0,20015.0,2331.5,953.4,86.84,80.75,,23.25
2017-04-02,,,,,,,,,956.95,,,,
2017-04-03,1254.0,2.612,18.212,1953.0,9807.5,2706.0,20060.0,2270.25,962.65,78.45,89.5,,23.5
2017-04-04,1258.4,2.621,18.323,1938.5,9995.0,2754.0,20017.5,2314.25,963.1,79.36,89.75,,23.5
2017-04-05,1248.5,2.6885,18.187,1961.25,10337.5,2785.0,20160.0,2314.0,965.3,79.44,89.45,,23.5
2017-04-06,1253.3,2.666,18.246,1953.0,10112.5,2731.0,20337.5,2301.75,959.9,78.92,89.65,,23.5
2017-04-07,1257.3,2.6545,,1960.75,10212.5,2686.0,20285.0,2256.0,956.8,76.91,88.2,,23.5
2017-04-09,,,,,,,,,956.15,,,,
2017-04-10,1253.9,2.611,17.915,1924.75,10090.0,2627.0,20277.5,2252.75,945.8,75.28,86.75,,23.55
2017-04-11,1278.1,2.6155,18.254,1919.25,9852.5,2575.0,20040.0,2255.0,971.7,74.89,84.85,,23.55
2017-04-12,1288.5,2.5535,18.3,1896.25,9702.5,2602.5,19485.0,2243.25,976.05,73.43,84.55,,23.5
2017-04-13,,2.5785,,1907.0,9707.5,2622.5,19640.0,2240.25,976.1,73.02,84.15,,23.5
2017-04-16,,,,,,,,,984.65,,,,
2017-04-17,1294.1,2.604,18.59,,,,,,983.7,72.08,84.15,,23.5
2017-04-18,1283.4,2.5345,18.35,1891.25,9350.0,2523.5,19570.0,2117.75,979.95,70.74,84.35,,23.25
2017-04-19,1283.8,2.5425,18.24,1903.0,9387.5,2567.5,19852.5,2160.0,970.2,70.95,84.1,,23.0
2017-04-20,1289.1,2.5505,18.098,1943.75,9490.0,2633.0,19890.0,2157.5,979.7,70.89,84.15,,23.0
2017-04-21,,2.5455,,1934.0,9380.0,2584.0,19705.0,2142.75,974.65,70.93,84.2,,22.9
2017-04-23,,,,,,,,,972.65,,,,
2017-04-24,1267.2,2.5595,17.932,1946.0,9267.5,2597.5,19640.0,2158.0,966.45,70.67,83.9,,22.75
2017-04-25,1264.2,2.5855,17.659,1963.25,9305.0,2604.0,19585.0,2168.5,956.95,70.44,83.85,,22.75
2017-04-26,1265.9,2.5955,17.431,1964.75,9277.5,2630.0,19917.5,2193.75,951.85,70.26,83.8,,22.75
2017-04-27,1268.3,2.593,17.408,1924.0,9337.5,2616.5,19892.5,2211.5,948.15,70.1,84.8,,22.75
2017-04-28,,2.6025,,1911.25,9450.0,2623.5,19937.5,2251.25,948.15,69.97,83.55,,22.75
2017-04-30,,,,,,,,,950.5,,,,
2017-05-01,1257.0,2.656,16.913,,,,,,934.8,68.0,79.4,,22.65
2017-05-02,1248.5,2.631,16.902,1928.75,9547.5,2650.5,19990.0,2242.75,928.5,68.72,79.0,,22.65
2017-05-03,1228.6,2.55,16.616,1923.0,9242.5,2572.5,19890.0,2192.25,898.95,67.33,78.0,,22.65
2017-05-04,1226.9,2.5185,16.373,1911.5,9002.5,2572.5,19890.0,2194.5,904.85,63.88,78.0,,22.65
2017-05-05,,2.5355,,1902.0,9157.5,2591.0,19690.0,2179.25,914.4,62.49,78.0,,22.75
2017-05-07,,,,,,,,,924.35,,,,
2017-05-08,1216.1,2.5,16.328,1878.0,9135.0,2588.0,19647.5,2166.75,919.45,60.72,74.2,,22.65
2017-05-09,1218.9,2.504,16.136,1868.5,9217.5,2612.5,19642.5,2169.25,907.1,61.37,73.85,,22.5
2017-05-10,1224.2,2.5,16.277,1863.5,9142.5,2600.0,19672.5,2191.25,910.45,62.63,74.1,,22.5
2017-05-11,1227.7,2.5135,16.334,1873.5,9297.5,2585.5,19877.5,2177.25,919.1,62.01,73.3,,22.65
2017-05-12,,2.5295,,1889.25,9327.5,2551.5,19855.0,2124.5,922.0,61.45,73.6,,22.65
2017-05-14,,,,,,,,,924.2,,,,
2017-05-15,1236.4,2.5445,16.672,1902.25,9162.5,2572.5,19857.5,2131.75,931.95,61.2,73.3,,21.5
2017-05-16,1258.7,2.5565,16.818,1923.0,9167.5,2556.0,19900.0,2091.0,944.0,61.48,73.25,,21.65
2017-05-17,1252.8,2.553,16.978,1925.25,9127.5,2565.5,20222.5,2115.5,947.8,62.04,73.8,,21.75
2017-05-18,1253.6,2.538,16.742,1923.75,9167.5,2539.0,20237.5,2070.25,933.95,61.51,74.05,,21.75
2017-05-19,,2.588,,1944.5,9357.5,2634.5,20362.5,2115.0,940.4,61.91,74.25,,21.75
2017-05-21,,,,,,,,,941.95,,,,
2017-05-22,1255.5,2.602,17.262,1938.5,9400.0,2647.0,20475.0,2100.25,949.9,61.94,74.8,,21.75
2017-05-23,1253.1,2.6025,17.21,1943.75,9342.5,2667.0,20455.0,2096.25,944.4,61.9,74.35,,20.25
2017-05-24,1256.4,2.59,17.189,1945.5,9127.5,2649.0,20360.0,2083.75,950.4,61.5,74.45,,20.0
2017-05-25,1268.1,2.6035,17.266,1960.75,9047.5,2634.0,20442.5,2093.5,949.55,61.4,74.45,,20.0
2017-05-26,,2.573,,1951.5,9077.5,2643.5,20362.5,2122.25,961.95,61.25,74.45,,19.5
2017-05-28,,,,,,,,,963.7,,,,
2017-05-29,,,,,,,,,956.55,,73.85,,
2017-05-30,1275.4,2.578,17.502,1925.5,9120.0,2627.0,20410.0,2100.75,941.35,60.93,74.1,,19.75
2017-05-31,1270.1,2.593,17.481,1927.75,8952.5,2600.0,20350.0,2115.75,949.95,60.71,73.45,,19.75
2017-06-01,1280.2,2.599,17.356,1926.5,8820.0,2567.5,20440.0,2104.5,932.15,55.39,74.5,,19.5
2017-06-02,,2.5865,,1930.0,8907.5,2535.5,20307.5,2111.25,955.35,56.27,76.0,,19.5
2017-06-04,,,,,,,,,952.2,,,,
2017-06-05,1297.5,2.57,17.617,1901.5,8862.5,2495.0,20155.0,2106.0,954.8,55.49,75.9,,19.15
2017-06-06,1293.2,2.5595,17.746,1899.5,8917.5,2461.0,19675.0,2070.5,962.4,55.67,76.95,,19.15
2017-06-07,1279.5,2.564,17.656,1904.25,8817.5,2441.0,19377.5,2063.25,945.8,55.13,78.45,,19.65
2017-06-08,1271.4,2.6195,17.45,1901.0,8832.5,2471.0,19097.5,2092.0,940.4,54.9,79.3,,19.65
2017-06-09,,2.6585,,1905.0,8957.5,2539.5,18797.5,2104.75,940.4,54.52,79.45,,19.65
2017-06-11,,,,,,,,,939.0,,,,
2017-06-12,1268.6,2.627,16.979,1886.0,8747.5,2480.5,19002.5,2056.25,944.35,54.77,79.45,,20.0
2017-06-13,1275.9,2.609,16.801,1885.75,8805.0,2472.0,19357.5,2060.0,928.25,54.01,80.85,,20.0
2017-06-14,1254.6,2.5875,17.17,1879.0,8892.5,2482.5,19195.0,2073.5,938.1,54.5,80.5,,20.0
2017-06-15,1256.5,2.5805,16.747,1867.75,8897.5,2513.5,19392.5,2103.75,922.6,54.51,80.8,,20.0
2017-06-16,,2.5715,,1863.0,8937.5,2526.0,19647.5,2113.75,929.85,54.7,80.85,,20.0
2017-06-18,,,,,,,,,927.15,,,,
2017-06-19,1243.5,2.598,16.532,1881.75,9012.5,2563.5,19527.5,2136.25,924.85,54.8,81.2,,20.0
2017-06-20,1245.8,2.564,16.446,1886.5,8880.0,2557.0,19585.0,2127.5,924.2,54.71,80.75,,20.0
2017-06-21,1249.4,2.6085,16.403,1867.25,8972.5,2643.5,19507.5,2183.0,928.95,54.65,80.7,,20.05
2017-06-22,1256.4,2.604,16.54,1870.5,9052.5,2692.0,19202.5,2204.5,926.8,54.66,80.6,,20.05
2017-06-23,,2.6295,,1865.5,9102.5,2704.5,19402.5,2229.5,929.75,54.73,80.65,,20.15
2017-06-25,,,,,,,,,931.1,,,,
2017-06-26,1246.9,2.6325,16.591,1862.0,9027.5,2710.5,19285.0,2249.0,919.25,54.75,80.55,,20.1
2017-06-27,1249.1,2.6545,16.611,1883.5,9227.5,2750.0,19292.5,2284.75,921.2,55.25,80.6,,20.25
2017-06-28,1245.8,2.6685,16.759,1896.5,9242.5,2736.5,19430.0,2301.5,922.55,55.7,80.65,,20.45
2017-06-29,1242.3,2.6955,16.654,1915.75,9262.5,2746.0,19947.5,2306.75,923.8,55.79,80.95,,20.5
2017-06-30,,2.711,,1919.5,9372.5,2763.0,19962.5,2294.0,927.7,56.01,81.0,,20.5
2017-07-02,,,,,,,,,929.6,,,,
2017-07-03,1221.7,2.693,16.092,1926.75,9332.5,2808.0,20147.5,2332.5,907.35,65.0,79.45,,20.25
2017-07-04,,,,1927.75,9162.5,2785.5,19952.5,2286.75,917.0,,81.15,,
2017-07-05,1223.3,2.66,15.896,1928.5,9140.0,2776.0,19752.5,2276.5,911.2,63.03,83.05,,20.25
2017-07-06,1209.7,2.6615,15.983,1943.75,9097.5,2780.5,19955.0,2285.25,910.05,62.11,83.2,,20.25
2017-07-07,,2.647,,1929.75,8982.5,2786.5,19680.0,2299.5,909.0,62.85,82.55,,20.25
2017-07-09,,,,,,,,,909.8,,,,
2017-07-10,1214.7,2.6475,15.629,1895.0,9012.5,2773.0,19842.5,2315.5,902.55,63.11,82.35,,20.55
2017-07-11,1219.1,2.672,15.745,1897.5,9177.5,2821.0,19872.5,2308.25,904.6,64.48,83.35,,20.75
2017-07-12,1217.3,2.684,15.887,1886.25,9202.5,2819.0,19912.5,2316.25,917.85,64.09,83.2,,20.75
2017-07-13,1227.5,2.6615,15.691,1920.25,9182.5,2797.0,19895.0,2290.5,906.95,64.16,83.8,,20.75
2017-07-14,,2.691,,1923.75,9537.5,2789.0,19922.5,2317.0,923.45,64.92,83.95,,20.75
2017-07-16,,,,,,,,,925.5,,,,
2017-07-17,1241.9,2.724,16.099,1913.25,9617.5,2821.5,19902.5,2297.25,925.15,65.99,84.3,,20.15
2017-07-18,1242.0,2.7305,16.268,1931.0,9730.0,2789.5,20025.0,2271.25,930.05,65.74,85.55,,20.15
2017-07-19,1245.5,2.7105,16.297,1920.25,9647.5,2737.5,20120.0,2211.5,923.65,65.99,85.85,,20.25
2017-07-20,1254.9,2.716,16.345,1917.0,9515.0,2726.5,20100.0,2216.5,928.85,65.49,86.7,,20.55
2017-07-21,,2.7225,,1915.25,9547.5,2756.0,20230.0,2244.75,937.8,65.19,86.45,,20.55
2017-07-23,,,,,,,,,938.35,,,,
2017-07-24,1252.1,2.7365,16.411,1911.5,9757.5,2787.5,20185.0,2257.75,931.8,65.39,86.35,,20.65
2017-07-25,1249.4,2.8465,16.51,1929.25,10022.5,2842.5,20345.0,2322.75,926.4,65.59,86.8,,20.65
2017-07-26,1260.0,2.872,16.556,1941.0,9972.5,2800.5,20352.5,2308.75,931.45,65.54,87.25,,20.5
2017-07-27,1275.3,2.8775,16.67,1936.5,10147.5,2794.5,20700.0,2303.25,928.8,65.74,87.3,,20.5
2017-07-28,,2.8825,,1904.5,10282.5,2784.0,20685.0,2327.25,937.85,65.87,87.2,,20.5
2017-07-30,,,,,,,,,938.8,,,,
2017-07-31,1279.4,2.9,16.884,1914.75,10222.5,2798.0,20700.0,2330.5,941.65,66.22,93.2,,20.05
2017-08-01,1278.4,2.889,16.862,1903.75,10230.0,2782.0,20520.0,2337.25,946.95,71.57,94.7,,20.15
2017-08-02,1274.4,2.8915,16.83,1922.5,10342.5,2804.5,20605.0,2361.25,949.4,72.06,95.05,,20.25
2017-08-03,1264.6,2.885,16.725,1912.75,10377.5,2794.0,20652.5,2364.25,965.95,72.37,94.55,,20.4
2017-08-04,,2.8925,,1907.0,10332.5,2812.5,20607.5,2358.0,967.85,73.48,95.35,,20.4
2017-08-06,,,,,,,,,966.25,,,,
2017-08-07,1262.6,2.915,16.339,1960.0,10380.0,2872.0,20590.0,2368.25,970.15,74.65,95.0,,20.5
2017-08-08,1279.3,2.95,16.475,2026.5,10742.5,2930.5,20305.0,2389.5,975.9,75.37,94.05,,20.65
2017-08-09,1290.1,2.9345,16.948,2024.25,10755.0,2937.5,20225.0,2358.75,978.25,74.8,95.2,,20.65
2017-08-10,1294.0,2.911,17.152,2033.75,10872.5,2928.0,20327.5,2362.75,986.3,74.88,95.85,,20.8
2017-08-11,,2.933,,2040.0,10640.0,2900.5,20297.5,2334.0,987.8,73.76,95.8,,20.8
2017-08-13,,,,,,,,,987.0,,,,
2017-08-14,1279.7,2.927,17.208,2018.75,10427.5,2921.0,20315.0,2343.25,969.05,73.45,95.45,,20.8
2017-08-15,1282.9,2.906,16.801,2049.0,10335.0,2955.0,19965.0,2377.25,966.2,73.35,94.95,,20.75
2017-08-16,1292.4,2.976,17.026,2094.25,10722.5,3119.0,20047.5,2512.25,982.55,73.36,97.45,,20.85
2017-08-17,1291.6,2.961,17.14,2076.25,10677.5,3057.0,20190.0,2406.0,980.0,74.14,98.05,,20.85
2017-08-18,,2.9615,,2062.25,11000.0,3139.0,20270.0,2358.75,981.75,74.4,98.3,,20.85
2017-08-20,,,,,,,,,980.3,,,,
2017-08-21,1291.0,3.0015,17.096,2080.25,11347.5,3128.5,20497.5,2345.0,985.7,74.39,98.35,,20.5
2017-08-22,1294.7,3.0075,17.06,2074.25,11440.0,3120.0,20340.0,2422.25,978.15,74.89,98.4,,20.5
2017-08-23,1292.0,3.003,17.126,2096.25,11787.5,3105.5,20520.0,2386.25,982.55,74.82,98.35,,20.5
2017-08-24,1297.9,3.0565,17.046,2105.75,11740.0,3111.0,20482.5,2360.0,982.5,74.99,98.4,,20.25
2017-08-25,,3.0565,,2069.75,11460.0,3068.0,20395.0,2326.0,977.3,74.97,98.6,,20.15
2017-08-27,,,,,,,,,977.9,,,,
2017-08-28,1318.9,3.086,17.529,,,,,,993.2,75.03,97.75,,20.0
2017-08-29,1314.1,3.1045,17.516,2094.25,11727.5,3110.5,20422.5,2386.75,997.2,75.05,97.05,,20.0
2017-08-30,1322.2,3.0945,17.503,2086.5,11607.5,3083.0,20637.5,2379.0,993.75,75.08,97.4,,19.95
2017-08-31,1330.4,3.106,17.575,2116.0,11780.0,3159.5,20655.0,2400.5,1001.25,75.11,95.3,,20.15
2017-09-01,,3.1245,,2134.5,12137.5,3210.0,20720.0,2401.75,1011.25,77.77,95.8,,20.25
2017-09-03,,,,,,,,,1016.75,,,,
2017-09-04,,,,2117.0,12277.5,3207.0,20780.0,2392.25,1009.8,,96.9,,
2017-09-05,1339.0,3.1345,17.941,2093.0,11985.0,3102.0,20682.5,2331.0,1012.9,77.68,97.8,,20.5
2017-09-06,1350.3,3.1585,17.91,2101.25,12247.5,3104.0,20785.0,2351.25,1005.6,76.27,97.9,,20.65
2017-09-07,1351.2,3.1505,18.116,2103.25,12185.0,3134.5,20762.5,2346.5,1021.75,75.36,97.65,,20.9
2017-09-08,,3.0485,,2095.0,11487.5,3031.0,20532.5,2265.25,1010.85,74.71,98.45,,20.75
2017-09-10,,,,,,,,,1005.85,,,,
2017-09-11,1332.7,3.073,17.902,2116.5,11832.5,3087.0,20752.5,2279.0,992.6,74.78,99.55,,20.65
2017-09-12,1328.0,3.043,17.89,2130.5,11920.0,3063.0,20707.5,2310.75,990.05,75.22,99.75,,20.65
2017-09-13,1329.3,2.988,17.867,2102.5,11432.5,3029.5,20595.0,2297.25,982.55,74.94,100.3,,20.65
2017-09-14,1325.2,2.9645,17.789,2090.25,11205.0,3004.5,20567.5,2324.0,989.85,73.7,100.0,,20.6
2017-09-15,,2.956,,2077.75,11125.0,3032.0,20557.5,2365.75,970.75,73.5,99.2,,20.6
2017-09-17,,,,,,,,,967.1,,,,
2017-09-18,1310.6,2.976,17.124,2079.75,11170.0,3110.5,20710.0,2396.25,964.4,73.84,98.25,,20.6
2017-09-19,1316.4,2.976,17.247,2124.75,11135.0,3110.5,20645.0,2424.5,953.75,71.8,98.2,,20.3
2017-09-20,1294.8,2.976,17.301,2177.0,11365.0,3134.0,20697.5,2464.25,941.75,71.96,97.95,,20.3
2017-09-21,1297.5,2.9415,16.985,2171.5,10717.5,3041.5,20385.0,2463.0,940.25,72.06,97.3,,20.25
2017-09-22,,2.9515,,2158.75,10632.5,3063.5,20590.0,2488.75,933.45,71.55,97.2,,19.75
2017-09-24,,,,,,,,,935.2,,,,
2017-09-25,1301.7,2.9445,17.113,2147.5,10612.5,3113.0,20717.5,2485.5,944.45,70.5,96.95,,20.5
2017-09-26,1287.8,2.926,16.849,2124.25,10457.5,3112.5,20700.0,2485.0,928.45,70.94,97.0,,20.6
2017-09-27,1288.7,2.9365,16.793,2129.5,10277.5,3121.0,20702.5,2465.75,924.55,70.56,97.25,,20.6
2017-09-28,1284.8,2.995,16.847,2128.75,10457.5,3160.0,20732.5,2484.75,926.55,70.0,97.1,,20.55
2017-09-29,,2.955,,2099.5,10525.0,3166.5,20735.0,2489.25,915.3,69.77,97.25,,20.25
2017-10-01,,,,,,,,,916.35,,,,
2017-10-02,1274.6,2.9555,16.654,2097.75,10450.0,3240.0,20697.5,2526.0,916.3,62.43,95.9,,20.25
2017-10-03,1276.8,2.9635,16.65,2127.75,10732.5,3281.0,20755.0,2598.0,916.35,62.86,97.0,,20.45
2017-10-04,1273.2,2.959,16.624,2163.0,10567.5,3279.0,20790.0,2548.25,916.8,62.95,99.0,,20.45
2017-10-05,1274.9,3.0465,16.638,2168.5,10575.0,3295.0,21037.5,2591.0,917.45,62.84,98.65,,20.45
2017-10-06,,3.029,,2151.0,10580.0,3243.0,20582.5,2535.5,918.95,63.27,97.35,,20.45
2017-10-08,,,,,,,,,918.05,,,,
2017-10-09,1293.8,3.031,16.971,2170.5,10992.5,3252.5,20820.0,2517.5,919.4,61.26,96.65,,20.15
2017-10-10,1288.9,3.0605,17.207,2159.75,11032.5,3290.5,20817.5,2558.5,935.95,60.18,95.35,,20.35
2017-10-11,1296.5,3.0955,17.133,2126.75,11182.5,3220.0,20815.0,2559.0,937.2,59.26,96.05,,20.5
2017-10-12,1304.6,3.12,17.266,2143.25,11407.5,3257.5,20740.0,2566.0,941.3,59.83,95.15,,20.5
2017-10-13,,3.1335,,2130.5,11715.0,3245.0,20685.0,2536.0,948.8,60.63,95.75,,20.45
2017-10-15,,,,,,,,,948.5,,,,
2017-10-16,1286.2,3.239,17.369,2130.25,11872.5,3190.0,20685.0,2546.0,935.15,61.16,96.15,,20.3
2017-10-17,1283.0,3.1955,17.041,2140.0,11767.5,3073.0,20415.0,2496.75,937.1,60.89,96.15,,20.45
2017-10-18,1290.0,3.178,16.997,2121.5,11630.0,3115.5,20042.5,2513.0,924.15,61.1,97.1,,20.45
2017-10-19,1280.5,3.1675,17.255,2154.0,11767.5,3114.0,20032.5,2477.5,927.4,60.39,96.75,,20.3
2017-10-20,,3.1655,,2136.5,11737.5,3102.0,19580.0,2468.25,926.0,60.69,97.15,,20.15
2017-10-22,,,,,,,,,920.75,,,,
2017-10-23,1278.3,3.188,17.075,2137.0,11905.0,3147.0,19655.0,2503.5,929.35,60.7,96.55,,20.15
2017-10-24,1279.0,3.198,16.966,2155.0,12037.5,3174.5,19737.5,2475.75,924.65,60.73,97.2,,20.2
2017-10-25,1269.6,3.183,16.925,2186.25,11855.0,3208.5,19840.0,2486.5,928.15,60.72,97.15,,20.2
2017-10-26,1271.8,3.1775,16.811,2190.25,11760.0,3216.5,19920.0,2480.25,919.8,60.67,97.1,,20.2
2017-10-27,,3.1035,,2167.75,11572.5,3171.5,19787.5,2428.5,918.4,60.53,97.45,,19.95
2017-10-29,,,,,,,,,918.35,,,,
2017-10-30,1270.5,3.119,16.88,2161.75,11647.5,3209.5,19417.5,2412.0,923.55,60.4,99.4,,20.0
2017-10-31,1277.3,3.108,16.726,2158.5,12422.5,3261.0,19417.5,2422.0,921.1,60.31,99.9,,20.05
2017-11-01,1278.1,3.1495,17.209,2183.75,12712.5,3252.5,19415.0,2479.5,934.8,58.62,100.0,,20.2
2017-11-02,1269.2,3.1505,17.17,2171.5,12562.5,3246.5,19575.0,2446.75,929.0,59.45,100.2,,20.3
2017-11-03,,3.125,,2182.25,12702.5,3214.0,19532.5,2468.5,922.65,59.56,99.0,,20.3
2017-11-05,,,,,,,,,924.2,,,,
2017-11-06,1275.8,3.165,17.268,2167.5,12947.5,3235.0,19440.0,2506.5,935.05,62.74,98.75,,20.25
2017-11-07,1283.7,3.097,16.973,2127.75,12657.5,3160.0,19485.0,2495.0,927.05,61.59,98.5,,20.4
2017-11-08,1287.5,3.1065,17.171,2104.25,12697.5,3187.5,19482.5,2511.0,933.8,62.59,98.0,,20.45
2017-11-09,1274.2,3.0935,17.007,2088.0,12287.5,3189.0,19450.0,2518.0,940.25,61.41,97.7,,22.75
2017-11-10,,3.0835,,2096.0,12097.5,3217.5,19435.0,2516.5,931.15,61.79,97.65,,22.9
2017-11-12,,,,,,,,,931.45,,,,
2017-11-13,1282.9,3.124,17.079,2103.0,12497.5,3218.0,19402.5,2522.0,933.35,61.99,97.8,,23.15
2017-11-14,1277.7,3.073,17.105,2082.25,11802.5,3155.0,19405.0,2474.25,929.15,61.79,97.6,,23.4
2017-11-15,1278.2,3.062,17.003,2106.25,11652.5,3142.0,19375.0,2426.75,933.75,61.22,97.55,,23.9
2017-11-16,1296.5,3.056,17.104,2102.5,11387.5,3133.0,19345.0,2403.75,934.95,61.6,96.75,,24.4
2017-11-17,,3.0755,,2104.5,11597.5,3186.0,19522.5,2444.25,953.95,61.49,96.55,,25.0
2017-11-19,,,,,,,,,951.25,,,,
2017-11-20,1281.7,3.1005,16.874,2085.75,11670.0,3163.0,19495.0,2458.0,929.3,61.77,96.25,,25.5
2017-11-21,1292.2,3.1355,16.994,2082.0,11852.5,3222.5,19392.5,2477.5,936.85,62.05,95.9,,26.0
2017-11-22,1287.3,3.144,17.145,2107.0,11857.5,3228.0,19395.0,2463.25,939.45,62.99,96.2,,24.5
2017-11-23,,,,2113.25,11917.5,3239.0,19435.0,2458.25,937.35,,96.1,,
2017-11-24,,3.1765,,2132.25,12032.5,3234.5,19495.0,2486.75,945.05,62.55,96.55,,23.5
2017-11-26,,,,,,,,,942.25,,,,
2017-11-27,1294.9,3.142,17.05,2134.5,11587.5,3186.0,19527.5,2464.25,949.2,63.09,95.05,,21.65
2017-11-28,1286.2,3.0815,16.854,2101.75,11380.0,3157.0,19515.0,2428.75,951.65,63.14,96.4,,23.5
2017-11-29,1276.7,3.06,16.526,2067.0,11430.0,3156.5,19540.0,2438.75,942.7,63.15,96.8,,23.9
2017-11-30,1282.3,3.0555,16.445,2046.5,11142.5,3155.0,19597.5,2472.25,943.8,63.36,96.8,,23.25
2017-12-01,,3.084,,2072.75,11315.0,3239.5,19445.0,2541.75,941.2,70.43,96.95,,23.0
2017-12-03,,,,,,,,,937.85,,,,
2017-12-04,1264.9,3.081,16.338,2066.5,11382.5,3178.0,19537.5,2499.5,930.85,71.02,97.3,,26.4
2017-12-05,1266.1,2.9375,16.032,2049.75,10907.5,3113.0,19460.0,2495.0,917.25,69.88,96.55,,25.4
2017-12-06,1253.1,2.9535,15.918,2016.75,10822.5,3089.0,19427.5,2512.5,903.55,67.46,97.1,,25.5
2017-12-07,1248.4,2.956,15.753,2007.5,11002.5,3079.5,19432.5,2441.5,893.5,67.41,97.25,,25.0
2017-12-08,,2.9705,,2007.75,10950.0,3086.5,19440.0,2453.75,888.0,68.47,97.55,,25.0
2017-12-10,,,,,,,,,889.6,,,,
2017-12-11,1241.7,3.0035,15.748,2018.25,11212.5,3128.0,19430.0,2493.5,888.15,68.61,98.05,,25.0
2017-12-12,1248.6,3.0145,15.63,2012.5,11107.5,3152.5,19152.5,2517.25,880.65,68.97,98.65,,25.0
2017-12-13,1257.1,3.0445,15.834,2005.25,11095.0,3154.0,18785.0,2522.5,887.7,69.34,99.65,,24.65
2017-12-14,1257.5,3.0635,15.903,2045.75,11192.5,3185.5,18837.5,2488.5,882.9,68.99,99.7,,24.4
2017-12-15,,3.125,,2062.5,11567.5,3206.0,19167.5,2522.5,893.9,69.09,100.0,,24.4
2017-12-17,,,,,,,,,891.8,,,,
2017-12-18,1264.2,3.1375,16.168,2069.75,11815.0,3195.0,19275.0,2556.5,911.4,70.47,100.15,,24.4
2017-12-19,1269.6,3.143,16.118,2099.5,11767.5,3203.0,19307.5,2557.0,914.6,70.4,100.3,,24.0
2017-12-20,1270.6,3.187,16.236,2122.25,12012.5,3218.0,19407.5,2524.25,920.2,70.45,100.25,,24.0
2017-12-21,1278.8,3.21,16.205,2148.0,12082.5,3243.0,19402.5,2502.0,919.3,70.71,100.2,,24.0
2017-12-22,,3.2295,,2194.0,12080.0,3274.0,19487.5,2483.0,923.05,70.87,100.2,,24.0
2017-12-25,,,,,,,,,921.3,,,,
2017-12-26,1291.4,3.2715,16.573,,,,,,925.5,71.01,100.2,,24.0
2017-12-27,1297.2,3.274,16.72,2256.0,12062.5,3267.0,19625.0,2526.0,926.1,71.12,100.2,,24.0
2017-12-28,1309.3,3.3085,16.923,2288.0,12352.5,3296.5,19935.0,2530.5,930.9,71.28,101.2,,24.0
2017-12-29,,3.3005,,2271.5,12652.5,3313.0,19950.0,2496.0,934.6,71.28,100.8,,23.9
2018-01-01,,,,,,,,,937.4,,,,
2018-01-02,1318.5,3.278,17.206,2267.0,12650.0,3345.0,19837.5,2558.25,949.9,73.9,102.65,,23.9
2018-01-03,1321.6,3.2575,17.267,2228.5,12447.5,3329.5,19892.5,2576.25,956.1,73.43,103.8,,23.9
2018-01-04,1322.3,3.263,17.269,2250.0,12642.5,3350.0,19895.0,2572.25,966.0,74.61,104.95,,24.0
2018-01-05,,3.2295,,2201.75,12547.5,3352.5,19945.0,2553.25,974.9,75.39,105.3,,24.0
2018-01-07,,,,,,,,,973.6,,,,
2018-01-08,1313.7,3.224,17.144,2173.0,12580.0,3383.5,19982.5,2603.5,974.3,76.99,106.75,,24.0
2018-01-09,1319.3,3.216,17.01,2149.5,12665.0,3334.0,19947.5,2550.0,968.5,77.62,107.0,,24.0
2018-01-10,1322.5,3.2355,17.035,2179.0,12870.0,3347.5,20062.5,2552.0,976.0,77.4,106.55,,24.0
2018-01-11,1334.9,3.233,16.966,2172.25,12617.5,3380.5,20180.0,2550.25,988.5,77.72,106.1,,23.9
2018-01-12,,3.2185,,2210.75,12662.5,3396.5,20267.5,2540.0,998.7,77.37,105.85,,23.75
2018-01-14,,,,,,,,,997.2,,,,
2018-01-15,,,,2223.75,12882.5,3432.5,20347.5,2581.5,1002.2,,106.4,,
2018-01-16,1339.2,3.2195,17.189,2188.5,12552.5,3406.0,20452.5,2561.75,1004.3,76.51,106.45,,23.75
2018-01-17,1327.2,3.189,17.166,2191.5,12415.0,3376.0,20467.5,2559.75,1003.9,76.27,106.55,,23.5
2018-01-18,1333.1,3.199,16.954,2241.0,12462.5,3376.0,20410.0,2604.0,1006.5,76.18,106.75,,23.4
2018-01-19,,3.1875,,2220.5,12687.5,3405.0,20577.5,2586.75,1016.7,76.68,106.75,,23.4
2018-01-21,,,,,,,,,1019.1,,,,
2018-01-22,1336.7,3.1985,16.989,2249.0,12735.0,3415.5,20750.0,2613.5,1003.2,76.6,106.5,,23.15
2018-01-23,1356.3,3.111,16.913,2229.75,12822.5,3407.5,20737.5,2603.25,1010.8,75.96,106.5,,23.15
2018-01-24,1362.9,3.2285,17.489,2250.25,13532.5,3439.5,21005.0,2634.75,1019.0,76.21,106.95,,23.15
2018-01-25,1352.1,3.2165,17.615,2241.0,13700.0,3460.0,21267.5,2584.0,1016.4,76.21,106.5,,23.0
2018-01-26,,3.199,,2257.0,13632.5,3483.0,21630.0,2605.5,1013.4,76.21,106.5,,22.5
2018-01-28,,,,,,,,,1014.3,,,,
2018-01-29,1340.0,3.194,17.127,2223.75,13842.5,3549.5,21922.5,2597.0,1010.3,76.1,109.0,,21.4
2018-01-30,1343.1,3.1995,17.101,2206.0,13392.5,3512.0,21627.5,2601.0,1001.6,75.99,107.15,,21.4
2018-01-31,1347.9,3.2065,17.284,2218.5,13487.5,3528.5,21690.0,2616.0,1005.5,75.86,104.35,,22.25
2018-02-01,1337.3,3.22,17.199,2223.75,13957.5,3561.5,21437.5,2663.25,1009.6,71.99,104.4,,21.75
2018-02-02,,3.198,,2208.5,13512.5,3510.0,21587.5,2669.0,995.9,72.94,104.75,,22.15
2018-02-04,,,,,,,,,993.2,,,,
2018-02-05,1329.5,3.2315,16.718,2209.0,13675.0,3517.0,21805.0,2637.25,994.8,74.34,104.55,,22.25
2018-02-06,1314.6,3.2,16.628,2167.0,13345.0,3469.5,21727.5,2602.75,994.0,74.43,104.0,,22.25
2018-02-07,1319.0,3.098,16.286,2156.0,13175.0,3383.5,21530.0,2522.75,985.0,75.2,102.75,,22.15
2018-02-08,1315.7,3.092,16.389,2169.0,13170.0,3421.0,21435.0,2528.5,978.9,75.69,100.9,,21.5
2018-02-09,,3.0435,,2122.0,12950.0,3378.5,21057.5,2537.25,968.2,74.89,101.15,,21.5
2018-02-11,,,,,,,,,970.4,,,,
2018-02-12,1330.4,3.0965,16.615,2124.0,13110.0,3392.0,21110.0,2516.75,973.4,75.65,101.65,,21.65
2018-02-13,1358.0,3.1715,16.573,2136.0,13435.0,3466.0,21555.0,2549.5,978.1,76.49,102.65,,21.65
2018-02-14,1355.3,3.245,16.923,2174.75,13997.5,3566.0,21565.0,2583.5,1001.6,76.67,104.4,,21.65
2018-02-15,1356.2,3.2545,16.842,2161.75,14147.5,3579.5,21590.0,2612.75,1004.2,76.76,104.15,,21.75
2018-02-16,,3.258,,2207.0,13675.0,3567.0,21760.0,2605.25,1008.8,76.89,104.7,,21.75
2018-02-18,,,,,,,,,1007.8,,,,
2018-02-19,,,,2214.5,13655.0,3565.5,21407.5,2586.25,1008.2,,105.3,,
2018-02-20,1332.1,3.2015,16.478,2186.0,13532.5,3548.5,21410.0,2588.5,1002.2,76.97,105.25,,21.75
2018-02-21,1332.7,3.226,16.647,2202.0,13777.5,3533.0,21630.0,2563.0,994.5,77.18,105.55,,22.0
2018-02-22,1330.3,3.2505,16.614,2185.5,13822.5,3528.5,21542.5,2552.5,1000.1,77.06,105.65,,22.0
2018-02-23,,3.223,,2140.0,13735.0,3508.5,21587.5,2537.5,998.1,77.11,105.1,,22.0
2018-02-25,,,,,,,,,996.3,,,,
2018-02-26,1318.6,3.2115,16.588,2137.75,13935.0,3530.5,21572.5,2578.0,1002.2,77.44,104.6,,21.25
2018-02-27,1317.9,3.1865,16.434,2146.5,13837.5,3488.0,21737.5,2571.0,985.3,77.37,104.3,,21.25
2018-02-28,1305.2,3.1325,16.407,2131.5,13737.5,3453.5,21542.5,2502.25,984.8,77.46,104.25,,22.0
2018-03-01,1323.4,3.123,16.276,2146.5,13390.0,3401.5,21650.0,2447.5,970.0,78.42,102.9,,21.65
2018-03-02,,3.1245,,2148.0,13492.5,3362.5,21525.0,2454.25,967.4,76.36,102.9,,22.0
2018-03-04,,,,,,,,,969.8,,,,
2018-03-05,1335.2,3.128,16.412,2143.75,13415.0,3307.0,21560.0,2432.5,964.6,75.36,102.0,,22.25
2018-03-06,1327.6,3.159,16.784,2143.5,13632.5,3307.0,21422.5,2432.0,971.3,75.54,101.5,,22.25
2018-03-07,1321.7,3.136,16.494,2092.25,13540.0,3273.5,21387.5,2374.5,955.1,74.51,99.75,,22.0
2018-03-08,1324.0,3.079,16.5,2101.25,13207.5,3227.0,21550.0,2347.75,953.6,73.01,99.95,,22.0
2018-03-09,,3.136,,2115.25,13820.0,3296.0,21460.0,2386.5,966.9,72.01,99.4,,21.75
2018-03-11,,,,,,,,,966.4,,,,
2018-03-12,1327.1,3.124,16.536,2085.25,13692.5,3239.5,21407.5,2333.5,966.1,71.41,98.0,,22.0
2018-03-13,1325.6,3.138,16.627,2097.75,13882.5,3295.5,21182.5,2397.0,967.6,72.33,98.0,,22.0
2018-03-14,1317.8,3.1585,16.537,2083.75,13795.0,3210.0,21165.0,2391.25,963.3,72.76,97.7,,22.0
2018-03-15,1312.3,3.1275,16.422,2078.75,13602.5,3230.5,21015.0,2401.25,955.3,73.01,97.85,,22.05
2018-03-16,,3.1075,,2079.5,13595.0,3254.5,21012.5,2380.5,950.9,72.66,97.15,,22.05
2018-03-18,,,,,,,,,950.2,,,,
2018-03-19,1311.9,3.082,16.325,2082.5,13472.5,3252.0,20790.0,2363.0,954.7,71.84,96.75,,21.75
2018-03-20,1321.5,3.038,16.185,2076.0,13457.5,3201.5,20725.0,2351.5,943.9,71.63,97.35,,22.15
2018-03-21,1327.4,3.0585,16.419,2081.5,13510.0,3251.5,20950.0,2402.75,959.9,71.55,97.15,,22.25
2018-03-22,1349.9,3.02,16.387,2075.0,13160.0,3210.0,20927.5,2360.5,950.8,70.96,96.7,,21.75
2018-03-23,,2.993,,2050.75,12987.5,3224.0,20792.5,2351.0,949.6,70.26,96.75,,21.75
2018-03-25,,,,,,,,,956.0,,,,
2018-03-26,1342.0,2.97,16.684,2051.25,13002.5,3269.5,20837.5,2384.75,960.0,70.51,96.6,,21.65
2018-03-27,1330.0,3.0005,16.541,2043.5,12967.5,3282.5,20892.5,2405.0,952.1,70.35,96.9,,21.25
2018-03-28,1327.3,3.0135,16.297,2025.5,13035.0,3278.5,20890.0,2416.5,945.0,69.86,96.65,,21.25
2018-03-29,,3.037,,2003.25,13380.0,3270.0,21125.0,2396.75,936.6,69.7,96.4,,21.0
2018-04-01,,,,,,,,,939.4,,,,
2018-04-02,1337.3,3.061,16.716,,,,,,939.3,66.22,92.25,,20.9
2018-04-03,1340.2,3.0745,16.436,1976.25,13495.0,3277.5,21260.0,2397.75,929.3,64.35,92.0,,21.0
2018-04-04,1328.5,3.021,16.284,1987.75,13167.5,3252.0,20905.0,2369.25,920.7,62.94,93.55,,21.0
2018-04-05,1336.1,3.085,16.39,2005.25,13337.5,3240.5,21070.0,2384.5,916.8,62.67,94.15,,21.0
2018-04-06,,3.069,,2040.0,13262.5,3240.5,20972.5,2385.0,920.6,63.34,93.9,,21.0
2018-04-08,,,,,,,,,923.7,,,,
2018-04-09,1345.9,3.0865,16.567,2143.0,13462.5,3212.0,21220.0,2383.0,937.0,63.92,94.2,,21.15
2018-04-10,1360.0,3.146,16.63,2205.25,13730.0,3249.0,20915.0,2389.0,935.9,65.29,93.5,,20.65
2018-04-11,1341.9,3.1265,16.806,2255.0,13822.5,3222.5,20970.0,2393.75,936.1,64.28,93.65,,20.65
2018-04-12,1347.9,3.074,16.511,2341.0,13770.0,3088.0,20932.5,2335.75,932.0,64.19,93.65,,20.65
2018-04-13,,3.082,,2291.0,13902.5,3103.0,21017.5,2302.75,934.3,64.62,93.4,,20.65
2018-04-15,,,,,,,,,934.1,,,,
2018-04-16,1349.5,3.1065,16.708,2408.0,14192.5,3131.5,21017.5,2354.0,933.3,64.11,93.0,,20.5
2018-04-17,1353.5,3.0915,16.817,2404.75,14312.5,3167.5,21380.0,2357.25,939.0,64.27,92.05,,20.5
2018-04-18,1348.8,3.17,17.286,2537.0,15292.5,3263.0,21450.0,2368.5,946.5,64.69,92.65,,20.25
2018-04-19,1338.3,3.1425,17.269,2490.5,15072.5,3216.0,21525.0,2346.0,938.0,65.49,93.75,,20.5
2018-04-20,,3.145,,2475.5,14850.0,3235.5,21642.5,2336.0,929.4,65.05,93.45,,20.5
2018-04-22,,,,,,,,,929.1,,,,
2018-04-23,1333.0,3.1205,16.624,2298.0,14282.5,3231.0,21085.0,2318.25,923.3,65.19,93.35,,20.75
2018-04-24,1322.8,3.1525,16.744,2230.0,14080.0,3215.5,21075.0,2307.5,934.0,65.25,93.25,,21.0
2018-04-25,1317.9,3.146,16.539,2248.5,14175.0,3135.5,21252.5,2308.25,914.7,65.22,93.45,,21.0
2018-04-26,1323.4,3.1265,16.533,2280.5,14290.0,3135.5,21307.5,2340.25,910.2,65.29,93.5,,20.75
2018-04-27,,3.0695,,2228.0,13865.0,3136.5,20972.5,2347.0,916.8,65.27,93.65,,20.75
2018-04-29,,,,,,,,,916.2,,,,
2018-04-30,1306.8,3.074,16.401,2261.5,13675.0,3120.0,21180.0,2312.75,906.4,65.27,99.4,,20.9
2018-05-01,1305.6,3.0375,16.127,2269.0,13785.0,3070.5,21197.5,2304.0,894.6,65.49,102.05,,21.25
2018-05-02,1312.7,3.0685,16.375,2333.5,13942.5,3050.0,21052.5,2277.5,896.5,67.44,101.0,,21.25
2018-05-03,1314.7,3.0805,16.447,2283.0,13905.0,3005.0,21262.5,2272.25,903.8,66.72,100.1,,21.3
2018-05-04,,3.0855,,2380.0,13967.5,3062.0,21217.5,2314.5,911.6,66.98,100.55,,21.3
2018-05-06,,,,,,,,,911.3,,,,
2018-05-07,1313.7,3.079,16.495,,,,,,912.6,66.69,100.55,,21.5
2018-05-08,1313.0,3.059,16.472,2391.5,13907.5,3075.0,21020.0,2294.0,915.7,66.99,101.0,,21.75
2018-05-09,1322.3,3.0575,16.539,2386.0,13937.5,3089.5,21152.5,2294.0,914.8,66.2,100.7,,21.75
2018-05-10,1320.7,3.11,16.759,2347.0,13852.5,3082.0,20837.5,2301.25,925.8,66.49,101.5,,21.75
2018-05-11,,3.1115,,2298.5,14042.5,3093.0,21000.0,2348.5,924.0,67.49,101.75,,21.5
2018-05-13,,,,,,,,,924.4,,,,
2018-05-14,1290.3,3.093,16.645,2335.5,14467.5,3054.0,20960.0,2386.75,911.6,67.59,102.5,,21.6
2018-05-15,1291.5,3.056,16.269,2327.0,14467.5,3058.0,20862.5,2356.25,898.4,67.58,104.25,,21.8
2018-05-16,1289.4,3.0705,16.371,2317.0,14447.5,3078.0,20757.5,2347.0,892.6,67.3,104.6,,21.8
2018-05-17,1291.3,3.089,16.481,2294.0,14595.0,3091.5,20682.5,2365.25,891.0,67.26,104.15,,22.4
2018-05-18,,3.0635,,2270.5,14632.5,3094.0,20695.0,2335.75,886.8,67.03,104.35,,22.4
2018-05-20,,,,,,,,,886.2,,,,
2018-05-21,1292.0,3.0985,16.52,2279.5,14730.0,3096.5,20747.5,2417.0,899.5,66.85,104.6,,22.7
2018-05-22,1289.6,3.132,16.575,2268.75,14817.5,3040.5,20582.5,2466.75,908.3,66.51,105.2,,22.9
2018-05-23,1304.4,3.0705,16.405,2269.0,14602.5,3025.5,20542.5,2470.0,904.6,66.35,104.75,,22.9
2018-05-24,1303.7,3.096,16.687,2280.5,14892.5,3037.0,20377.5,2491.75,910.4,66.36,104.7,,22.9
2018-05-25,,3.0775,,2261.5,14730.0,3052.0,20342.5,2435.5,900.6,66.26,105.45,,22.75
2018-05-27,,,,,,,,,901.6,,,,
2018-05-28,,,,,,,,,905.4,,107.35,,
2018-05-29,1306.5,3.0625,16.373,2272.75,14842.5,3077.0,20475.0,2431.5,907.6,66.27,106.85,,22.75
2018-05-30,1304.7,3.0795,16.587,2267.5,15072.5,3145.5,20570.0,2448.25,910.1,66.02,108.65,,22.55
2018-05-31,1299.3,3.075,16.503,2289.5,15292.5,3100.0,20645.0,2460.5,909.7,65.95,110.15,,22.55
2018-06-01,,3.1085,,2302.5,15410.0,3088.5,20737.5,2464.25,903.7,64.53,111.05,,23.0
2018-06-03,,,,,,,,,904.2,,,,
2018-06-04,1302.2,3.144,16.476,2313.0,15495.0,3119.0,20665.0,2500.75,900.9,64.56,113.3,,23.5
2018-06-05,1301.4,3.208,16.586,2309.5,15757.5,3192.0,20747.5,2505.0,902.5,64.78,113.0,,23.75
2018-06-06,1303.0,3.272,16.73,2343.0,15635.0,3181.5,21002.5,2531.0,906.1,65.17,112.8,,23.75
2018-06-07,1302.7,3.2845,16.852,2309.75,15407.5,3160.0,21250.0,2494.0,901.1,65.17,114.1,,23.75
2018-06-08,,3.31,,2297.5,15460.0,3200.5,21162.5,2471.75,908.2,64.74,113.85,,23.5
2018-06-10,,,,,,,,,907.7,,,,
2018-06-11,1299.4,3.2665,16.991,2299.5,15260.0,3205.5,21140.0,2484.0,905.6,65.18,114.35,,23.4
2018-06-12,1301.3,3.2595,16.927,2301.0,15260.0,3196.5,21080.0,2467.75,900.4,65.4,115.55,,23.4
2018-06-13,1308.3,3.2635,17.027,2273.75,15655.0,3212.0,20865.0,2483.75,902.4,65.34,116.0,,23.4
2018-06-14,1278.5,3.232,17.299,2254.25,15285.0,3178.0,20832.5,2459.5,906.2,65.56,115.5,,23.15
2018-06-15,,3.1555,,2201.5,15170.0,3077.0,20752.5,2404.0,888.2,65.39,115.0,,23.15
2018-06-17,,,,,,,,,889.1,,,,
2018-06-18,1278.6,3.1175,16.481,2216.25,14982.5,3071.5,20542.5,2439.0,885.7,65.3,115.9,,23.15
2018-06-19,1274.5,3.058,16.364,2171.0,14732.5,3003.0,20415.0,2416.75,867.2,65.01,115.35,,23.15
2018-06-20,1270.5,3.051,16.348,2166.75,14960.0,3000.5,20595.0,2411.25,870.8,65.01,114.45,,23.0
2018-06-21,1270.7,3.0325,16.364,2180.0,15077.5,2935.0,20497.5,2393.25,864.0,64.93,114.0,,22.9
2018-06-22,,3.038,,2176.0,15370.0,2933.0,20440.0,2415.75,878.7,64.89,114.05,,22.75
2018-06-24,,,,,,,,,880.6,,,,
2018-06-25,1259.9,2.9985,16.37,2155.5,14785.0,2843.0,20187.5,2409.5,869.8,64.88,114.5,,22.65
2018-06-26,1256.1,3.005,16.293,2157.25,14897.5,2855.5,20172.5,2415.25,871.4,64.91,114.75,,22.65
2018-06-27,1251.0,2.9975,16.196,2175.5,14870.0,2882.0,19777.5,2432.25,861.0,64.85,114.4,,22.65
2018-06-28,1254.5,2.9715,16.041,2154.0,14780.0,2901.5,19677.5,2402.5,853.5,64.81,114.4,,22.65
2018-06-29,,2.966,,2131.75,14950.0,2855.0,19700.0,2410.5,856.9,64.8,114.4,,22.7
2018-07-01,,,,,,,,,856.8,,,,
2018-07-02,1253.5,2.944,15.835,2096.0,14575.0,2827.5,19732.5,2388.25,819.4,64.13,115.0,,22.8
2018-07-03,1258.8,2.917,16.043,2077.0,14337.5,2779.0,19625.0,2388.0,844.1,64.09,115.35,,22.95
2018-07-04,,,,2085.5,14132.5,2710.5,19655.0,2333.75,846.4,,116.5,,
2018-07-05,1255.8,2.826,16.097,2076.5,14207.5,2697.0,19457.5,2365.25,844.5,63.06,116.6,,22.95
2018-07-06,,2.824,,2076.25,13960.0,2751.0,19385.0,2348.0,847.0,62.99,116.1,,22.85
2018-07-08,,,,,,,,,848.4,,,,
2018-07-09,1255.4,2.85,16.139,2116.0,14067.5,2688.0,19612.5,2331.75,855.3,63.13,116.1,,22.85
2018-07-10,1244.4,2.8395,16.087,2084.5,14172.5,2627.0,19772.5,2319.25,846.0,63.19,117.45,,23.0
2018-07-11,1246.6,2.7435,15.817,2054.0,13947.5,2563.0,19375.0,2204.5,831.7,63.18,117.9,,23.15
2018-07-12,1241.2,2.777,15.977,2035.25,14235.0,2575.0,19667.5,2211.75,844.6,63.21,118.05,,23.15
2018-07-13,,2.7755,,2024.25,13967.5,2583.0,19752.5,2212.25,831.7,63.24,117.7,,23.25
2018-07-15,,,,,,,,,832.2,,,,
2018-07-16,1227.3,2.7645,15.812,2048.25,13637.5,2475.5,19472.5,2168.0,828.0,63.33,118.25,,23.35
2018-07-17,1227.9,2.747,15.617,2032.0,13542.5,2505.5,19520.0,2177.25,818.5,63.1,118.7,,23.65
2018-07-18,1224.0,2.76,15.574,2027.25,13665.0,2618.5,19560.0,2171.75,821.6,63.3,119.6,,23.5
2018-07-19,1231.1,2.6955,15.402,2001.25,13425.0,2564.5,19407.5,2133.25,809.2,63.58,119.3,,23.75
2018-07-20,,2.756,,2029.75,13515.0,2578.5,19477.5,2138.0,828.9,63.61,117.7,,23.75
2018-07-22,,,,,,,,,833.0,,,,
2018-07-23,1225.5,2.7465,15.425,2069.5,13372.5,2549.5,19497.5,2130.25,834.0,63.73,118.65,,23.75
2018-07-24,1231.8,2.8105,15.52,2085.0,13610.0,2593.5,19677.5,2151.5,836.6,63.83,119.3,,23.75
2018-07-25,1225.7,2.8175,15.589,2062.25,13715.0,2583.5,19845.0,2154.75,847.4,63.87,119.9,,24.15
2018-07-26,1223.0,2.818,15.495,2067.0,13797.5,2585.0,19870.0,2163.5,829.5,63.93,119.9,,25.65
2018-07-27,,2.802,,2070.5,13782.5,2580.5,19840.0,2134.5,832.3,64.08,119.9,,25.65
2018-07-29,,,,,,,,,832.6,,,,
2018-07-30,1233.6,2.801,15.667,2092.75,13895.0,2549.5,20037.5,2157.0,831.3,64.2,115.55,,25.75
2018-07-31,1227.6,2.8405,15.597,2079.5,14075.0,2630.5,20090.0,2162.0,839.7,64.35,117.55,,25.85
2018-08-01,1220.1,2.757,15.488,2050.0,13390.0,2540.0,19757.5,2126.5,821.5,66.66,117.8,,25.85
2018-08-02,1223.2,2.7455,15.418,2032.75,13345.0,2561.5,19597.5,2129.0,825.0,66.86,117.35,,25.95
2018-08-03,,2.7715,,2024.5,13515.0,2607.0,19667.5,2112.25,832.5,68.24,117.45,,25.95
2018-08-05,,,,,,,,,836.1,,,,
2018-08-06,1218.3,2.7385,15.381,2039.0,13687.5,2566.0,19582.5,2117.0,824.3,69.08,116.8,,26.0
2018-08-07,1221.0,2.759,15.405,2034.5,13872.5,2601.5,19617.5,2142.0,832.6,69.35,116.0,,26.05
2018-08-08,1219.9,2.7575,15.464,2105.0,14030.0,2610.5,19480.0,2138.0,832.0,68.81,115.9,,26.05
2018-08-09,1219.0,2.7725,15.495,2079.0,13870.0,2596.0,19555.0,2107.25,833.7,68.94,116.3,,26.1
2018-08-10,,2.75,,2105.0,13812.5,2536.5,19475.0,2099.0,828.8,68.58,116.65,,26.1
2018-08-12,,,,,,,,,830.5,,,,
2018-08-13,1200.7,2.738,15.016,2083.5,13530.0,2467.0,19337.5,2104.0,799.8,68.55,117.5,,26.1
2018-08-14,1185.0,2.69,15.086,2071.0,13430.0,2450.5,19075.0,2073.0,801.2,67.96,118.4,,26.15
2018-08-15,1184.0,2.568,14.488,2025.5,12885.0,2283.0,18330.0,1951.0,765.2,67.72,118.15,,26.25
2018-08-16,1184.2,2.623,14.745,2048.0,13330.0,2374.5,18662.5,2007.0,781.0,67.59,118.1,,26.25
2018-08-17,,2.635,,2029.25,13552.5,2388.5,18707.5,2001.5,788.1,67.99,118.0,,26.25
2018-08-19,,,,,,,,,788.3,,,,
2018-08-20,1200.0,2.6745,14.703,2054.75,13600.0,2375.0,18820.0,1979.75,795.9,67.95,117.65,,26.15
2018-08-21,1203.3,2.7005,14.799,2054.5,13557.5,2432.5,19062.5,2014.25,795.3,67.65,117.55,,26.15
2018-08-22,1194.0,2.68,14.785,2065.5,13585.0,2462.0,19185.0,2015.0,792.9,67.69,117.5,,26.4
2018-08-23,1213.3,2.662,14.577,2076.0,13240.0,2464.5,19085.0,2059.75,775.6,67.54,117.15,,26.4
2018-08-24,,2.7085,,2096.25,13430.0,2526.0,19012.5,2078.75,790.5,67.48,117.9,,26.3
2018-08-26,,,,,,,,,792.7,,,,
2018-08-27,1214.4,2.717,14.901,,,,,,805.0,67.42,118.9,,26.3
2018-08-28,1211.5,2.745,14.82,2134.0,13635.0,2522.0,19072.5,2076.75,791.8,67.35,117.5,,26.6
2018-08-29,1205.0,2.7195,14.733,2172.5,13450.0,2515.0,18950.0,2084.0,797.2,67.28,117.65,,26.6
2018-08-30,1206.7,2.7095,14.551,2132.5,13307.5,2463.5,19087.5,2072.75,791.1,67.21,117.5,,26.4
2018-08-31,,2.6645,,2125.0,12815.0,2471.5,18937.5,2088.25,787.8,67.16,118.0,,26.45
2018-09-02,,,,,,,,,787.2,,,,
2018-09-03,,,,2095.5,12795.0,2460.5,18797.5,2128.0,787.6,,116.25,,
2018-09-04,1201.3,2.5965,14.145,2060.25,12485.0,2402.5,18820.0,2068.5,777.8,66.64,115.35,,26.5
2018-09-05,1204.3,2.604,14.18,2065.75,12477.5,2415.5,18740.0,2048.0,785.5,67.22,114.8,,26.6
2018-09-06,1200.4,2.63,14.141,2035.5,12465.0,2437.5,18837.5,2043.5,792.7,68.13,114.8,,26.6
2018-09-07,,2.616,,2065.5,12332.5,2401.5,19050.0,2059.75,781.9,68.07,114.55,,26.7
2018-09-09,,,,,,,,,782.1,,,,
2018-09-10,1202.2,2.6215,14.138,2090.0,12407.5,2361.5,18990.0,2021.0,786.3,68.17,115.3,,27.0
2018-09-11,1210.9,2.615,14.112,2038.5,12212.5,2317.5,19045.0,1973.5,792.5,67.78,115.65,,27.0
2018-09-12,1208.2,2.669,14.246,2057.75,12630.0,2390.5,19032.5,2037.25,799.8,67.98,115.05,,27.0
2018-09-13,1201.1,2.676,14.199,2058.25,12600.0,2351.0,19050.0,2039.5,804.2,68.31,115.3,,27.2
2018-09-14,,2.638,,2036.75,12412.5,2311.0,19005.0,2036.75,794.6,68.43,115.4,,27.2
2018-09-16,,,,,,,,,793.5,,,,
2018-09-17,1202.9,2.6435,14.183,2025.25,12272.5,2333.0,18977.5,2067.0,795.4,68.57,114.6,,27.4
2018-09-18,1208.3,2.723,14.145,2034.75,12367.5,2372.0,18945.0,2065.0,815.2,68.59,114.15,,27.6
2018-09-19,1211.3,2.7215,14.24,2026.0,12492.5,2426.5,18887.5,2023.75,824.2,68.67,114.5,,27.4
2018-09-20,1201.3,2.7315,14.262,2048.0,12660.0,2465.5,18975.0,2010.75,835.0,68.67,113.15,,27.5
2018-09-21,,2.848,,2100.5,13262.5,2509.0,18920.0,2041.0,828.7,68.69,113.45,,27.5
2018-09-23,,,,,,,,,829.4,,,,
2018-09-24,1205.1,2.827,14.296,2070.0,12822.5,2515.5,18895.0,2027.0,831.6,68.68,113.75,,27.4
2018-09-25,1199.1,2.8145,14.445,2080.75,12952.5,2515.0,18885.0,2013.0,827.8,68.62,113.7,,27.45
2018-09-26,1187.4,2.8185,14.354,2077.5,12815.0,2538.0,18877.5,1994.25,827.6,68.66,113.7,,27.4
2018-09-27,1196.2,2.783,14.29,2041.5,12545.0,2511.5,18875.0,2002.75,813.2,68.69,113.7,,27.45
2018-09-28,,2.805,,2075.5,12547.5,2597.0,18837.5,2032.0,818.5,68.73,113.85,,27.5
2018-09-30,,,,,,,,,818.6,,,,
2018-10-01,1207.0,2.7875,14.507,2099.5,12435.0,2646.5,18952.5,2024.75,826.9,68.4,114.6,,27.4
2018-10-02,1202.9,2.8065,14.693,2131.0,12542.5,2657.0,18977.5,2046.0,836.1,68.84,114.05,,27.4
2018-10-03,1201.6,2.834,14.67,2222.5,12922.5,2670.0,19030.0,2035.0,827.8,69.08,113.9,,27.55
2018-10-04,1205.6,2.7775,14.59,2187.0,12550.0,2610.0,18942.5,1997.0,827.4,68.51,113.75,,27.55
2018-10-05,,2.763,,2145.5,12662.5,2621.0,18990.0,1989.0,825.3,69.24,113.65,,27.5
2018-10-07,,,,,,,,,825.2,,,,
2018-10-08,1191.5,2.767,14.329,2082.5,12660.0,2623.0,18930.0,1972.25,825.3,69.29,112.75,,27.55
2018-10-09,1193.4,2.8065,14.4,2070.5,12977.5,2680.0,18970.0,1939.0,829.3,70.09,110.95,,27.5
2018-10-10,1227.6,2.7805,14.326,2062.0,12710.0,2615.0,19022.5,1911.5,824.5,70.39,109.85,,27.55
2018-10-11,1222.0,2.803,14.606,2034.0,12705.0,2616.5,19135.0,1997.25,841.9,70.24,108.7,,27.5
2018-10-12,,2.8005,,2054.5,12690.0,2636.5,19117.5,2048.0,841.8,70.49,109.2,,27.5
2018-10-14,,,,,,,,,843.3,,,,
2018-10-15,1231.0,2.7885,14.727,2041.0,12570.0,2592.0,19145.0,2079.75,846.8,70.56,109.25,,27.55
2018-10-16,1227.4,2.7795,14.701,2034.0,12537.5,2598.5,19195.0,2064.25,845.2,70.58,109.1,,27.7
2018-10-17,1230.1,2.778,14.663,2022.5,12355.0,2665.5,19132.5,2036.75,835.1,71.4,109.15,,27.7
2018-10-18,1228.7,2.7465,14.604,2013.5,12300.0,2662.0,19032.5,1996.0,831.5,71.4,109.75,,27.75
2018-10-19,,2.778,,2003.5,12472.5,2622.0,19150.0,1996.25,833.9,71.4,110.0,,27.65
2018-10-21,,,,,,,,,833.8,,,,
2018-10-22,1236.8,2.7855,14.587,2006.5,12457.5,2656.0,19222.5,1999.75,824.0,71.71,110.1,,27.75
2018-10-23,1231.1,2.758,14.793,1999.25,12390.0,2664.0,19257.5,2004.5,835.1,71.79,109.5,,27.75
2018-10-24,1232.4,2.7575,14.676,1994.5,12212.5,2665.0,19320.0,2008.75,834.6,72.05,109.75,,27.8
2018-10-25,1235.8,2.7545,14.63,1990.0,12180.0,2647.0,19307.5,2000.25,829.6,72.22,109.75,,27.75
2018-10-26,,2.741,,1994.75,11877.5,2657.5,19272.5,1995.75,836.0,72.41,109.65,,27.85
2018-10-28,,,,,,,,,835.7,,,,
2018-10-29,1225.3,2.7405,14.442,1979.25,11740.0,2605.0,19115.0,1961.75,836.6,72.58,108.0,,27.95
2018-10-30,1215.0,2.6725,14.504,1961.5,11752.5,2541.0,19082.5,1945.75,838.4,72.7,107.5,,28.0
2018-10-31,1238.6,2.667,14.324,1948.5,11542.5,2485.5,19117.5,1915.75,841.8,72.81,105.2,,28.15
2018-11-01,1233.3,2.7285,14.821,1961.5,11842.5,2540.5,19107.5,1959.0,867.8,72.99,102.85,,28.3
2018-11-02,,2.813,,1969.5,11937.5,2549.0,19110.0,2005.25,872.1,72.92,103.4,,28.55
2018-11-04,,,,,,,,,873.9,,,,
2018-11-05,1226.3,2.764,14.691,1969.0,11742.5,2527.0,19040.0,1938.75,867.5,73.9,103.9,,28.8
2018-11-06,1228.7,2.7395,14.543,1945.25,11792.5,2482.0,19015.0,1912.75,873.2,74.18,103.5,,28.8
2018-11-07,1225.1,2.761,14.612,1980.25,11770.0,2462.5,19070.0,1932.0,877.0,74.18,105.45,,28.95
2018-11-08,1208.6,2.7425,14.467,1985.0,11775.0,2500.5,19272.5,1998.5,867.2,75.01,105.35,,29.0
2018-11-09,,2.691,,1948.5,11417.5,2500.0,19127.5,1965.75,855.6,75.58,105.9,,29.05
2018-11-11,,,,,,,,,857.3,,,,
2018-11-12,1201.4,2.6845,14.054,1934.0,11347.5,2492.0,19245.0,1921.5,845.0,75.27,105.85,,29.15
2018-11-13,1210.1,2.695,14.023,1926.5,11322.5,2498.0,19265.0,1943.25,843.7,74.98,105.5,,29.1
2018-11-14,1215.0,2.718,14.124,1933.25,11302.5,2506.0,19332.5,1948.75,838.3,74.81,103.35,,29.15
2018-11-15,1223.0,2.754,14.304,1917.5,11322.5,2567.5,19362.5,1945.75,844.3,74.95,104.15,,29.15
2018-11-16,,2.8035,,1928.0,11395.0,2618.5,19387.5,2002.0,848.0,75.08,102.5,,29.15
2018-11-18,,,,,,,,,848.0,,,,
2018-11-19,1221.2,2.8035,14.444,1921.0,11192.5,2598.5,19675.0,1988.25,855.7,75.3,102.95,,29.15
2018-11-20,1228.0,2.7715,14.311,1940.0,11082.5,2541.0,19380.0,1960.0,844.3,74.88,102.3,,29.15
2018-11-21,1223.2,2.8005,14.542,1954.5,11022.5,2564.0,19280.0,2007.0,849.1,74.86,102.45,,29.0
2018-11-22,,2.798,,1947.5,10960.0,2588.5,19255.0,1992.5,850.0,,102.4,,
2018-11-23,,2.774,,1949.25,10872.5,2507.5,18535.0,1962.25,843.1,74.21,101.75,,29.0
2018-11-25,,,,,,,,,843.8,,,,
2018-11-26,1213.4,2.7635,14.257,1950.0,10877.5,2484.5,18827.5,1947.75,846.5,73.58,101.4,,29.1
2018-11-27,1223.6,2.716,14.136,1928.5,10745.0,2421.0,18202.5,1899.75,836.5,73.14,101.55,,28.95
2018-11-28,1230.4,2.805,14.372,1930.25,10860.0,2463.0,18337.5,1937.75,827.8,72.92,101.55,,28.95
2018-11-29,1226.0,2.788,14.356,1938.75,11007.5,2460.5,18542.5,1933.25,822.2,72.6,101.55,,28.95
2018-11-30,,2.7865,,1957.25,11097.5,2536.0,18430.0,1954.5,801.0,72.28,101.7,,29.0
2018-12-02,,,,,,,,,807.9,,,,
2018-12-03,1246.6,2.8085,14.453,1972.25,11197.5,2578.5,18860.0,1962.25,808.5,65.57,102.45,,29.1
2018-12-04,1242.6,2.757,14.595,1972.0,11132.5,2584.0,19195.0,1996.0,804.55,66.83,102.85,,29.0
2018-12-05,1243.6,2.775,14.537,1967.25,11215.0,2620.0,19162.5,1989.75,802.05,67.55,102.65,,29.0
2018-12-06,1252.6,2.744,14.462,1933.5,10862.5,2605.5,18922.5,1993.0,789.8,66.0,102.55,,29.0
2018-12-07,,2.7595,,1950.0,10960.0,2585.0,18990.0,1994.25,794.3,66.76,102.55,,29.0
2018-12-09,,,,,,,,,793.1,,,,
2018-12-10,1247.2,2.72,14.555,1930.5,10787.5,2572.0,18952.5,1954.5,783.75,66.51,102.65,,29.0
2018-12-11,1250.0,2.768,14.578,1931.25,10747.5,2596.5,19065.0,1977.75,787.35,66.74,102.15,,28.8
2018-12-12,1247.4,2.7715,14.804,1931.0,10785.0,2563.5,19345.0,1967.5,804.65,66.82,101.65,,28.8
2018-12-13,1241.4,2.7665,14.805,1922.75,10860.0,2573.0,19447.5,1948.25,796.8,67.26,102.15,,28.8
2018-12-14,,2.7615,,1916.0,11037.5,2534.0,19377.5,1954.75,787.35,67.89,102.3,,28.75
2018-12-16,,,,,,,,,787.35,,,,
2018-12-17,1253.6,2.7545,14.714,1932.25,10997.5,2550.0,19250.0,1929.5,793.1,68.12,101.85,,28.6
2018-12-18,1256.4,2.665,14.656,1923.75,10837.5,2513.5,19155.0,1957.0,792.9,68.49,101.5,,28.65
2018-12-19,1267.9,2.7195,14.771,1926.25,10977.5,2543.0,19292.5,1957.25,787.7,68.69,101.6,,28.65
2018-12-20,1258.1,2.7005,14.814,1912.0,10950.0,2543.5,19305.0,1974.25,796.4,69.12,101.65,,28.65
2018-12-21,,2.6765,,1911.25,10872.5,2489.0,19392.5,1962.5,789.05,68.99,101.7,,28.65
2018-12-23,,,,,,,,,791.95,,,,
2018-12-24,,2.666,,1895.5,10912.5,2478.0,19447.5,1990.75,788.4,68.79,101.0,,28.65
2018-12-25,,2.661,,,,,,,788.9,,,,
2018-12-26,1281.1,2.7045,15.079,,,,,,799.25,68.83,101.0,,28.65
2018-12-27,1283.0,2.671,15.26,1853.5,10717.5,2491.0,19425.0,2037.0,795.5,69.0,101.55,,28.65
2018-12-28,,2.6815,,1846.5,10735.0,2444.5,19447.5,2044.75,790.25,69.2,101.9,,28.75
2018-12-30,,,,,,,,,796.2,,,,
2018-12-31,,2.631,,1848.0,10677.5,2446.0,19435.0,2032.5,801.4,69.2,102.05,,28.8
2019-01-01,,2.652,,,,,,,800.6,,,,
2019-01-02,1294.8,2.623,15.649,1799.0,10827.5,2395.0,19482.5,1959.0,798.7,71.06,101.1,,28.9
2019-01-03,1285.8,2.568,15.797,1842.5,10880.0,2400.0,19535.0,1941.25,804.0,72.23,99.6,,28.9
2019-01-04,,2.6475,,1874.75,11122.5,2448.5,19585.0,1957.5,826.7,73.09,99.5,,28.85
2019-01-06,,,,,,,,,824.85,,,,
2019-01-07,1285.9,2.637,15.756,1886.25,11150.0,2496.0,19745.0,1949.25,826.4,74.15,99.05,,28.9
2019-01-08,1292.0,2.656,15.713,1870.5,11207.5,2482.0,19942.5,1966.25,825.45,74.21,97.8,,28.9
2019-01-09,1287.4,2.657,15.735,1858.5,11255.0,2486.5,20147.5,1964.5,829.65,74.06,98.1,,28.95
2019-01-10,1289.5,2.6375,15.643,1866.0,11227.5,2451.5,20147.5,1976.5,823.9,73.98,97.85,,28.9
2019-01-11,,2.662,,1839.0,11462.5,2497.0,20285.0,1994.75,813.8,74.22,98.05,,28.9
2019-01-13,,,,,,,,,814.3,,,,
2019-01-14,1288.4,2.635,15.686,1828.25,11397.5,2472.5,20517.5,1979.0,808.7,74.21,97.35,,28.9
2019-01-15,1293.8,2.6345,15.62,1844.25,11607.5,2455.0,20667.5,1966.25,803.8,74.31,98.7,,28.9
2019-01-16,1292.3,2.6735,15.638,1858.25,11607.5,2504.0,20522.5,1969.75,809.35,74.43,99.7,,28.9
2019-01-17,1282.6,2.68,15.536,1858.0,11582.5,2537.0,20612.5,1971.25,812.4,74.51,100.3,,28.85
2019-01-18,,2.719,,1871.5,11807.5,2579.0,20600.0,1996.0,800.3,75.15,99.75,,28.9
2019-01-20,,2.709,,,,,,,801.35,,,,
2019-01-21,,2.682,,1851.5,11815.0,2575.5,20632.5,2006.25,798.45,,99.35,,
2019-01-22,1284.0,2.6595,15.325,1882.5,11590.0,2580.5,20432.5,2009.0,794.0,74.55,99.2,,28.95
2019-01-23,1279.8,2.6545,15.38,1908.5,11692.5,2617.5,20687.5,2031.0,797.55,74.58,99.2,,28.95
2019-01-24,1298.1,2.6445,15.3,1888.75,11750.0,2626.0,20917.5,2072.75,804.6,74.61,99.0,,29.05
2019-01-25,,2.729,,1918.0,11945.0,2682.0,20580.0,2105.75,820.65,74.64,98.75,,29.05
2019-01-27,,,,,,,,,818.4,,,,
2019-01-28,1308.9,2.68,15.765,1863.5,11847.5,2676.5,20640.0,2079.0,814.0,75.3,99.45,,29.05
2019-01-29,1315.5,2.725,15.839,1888.0,12147.5,2655.5,20702.5,2077.0,816.3,75.49,99.2,,29.1
2019-01-30,1325.2,2.772,15.974,1905.25,12350.0,2688.0,20767.5,2085.25,819.6,75.6,99.3,,29.1
2019-01-31,1322.1,2.789,16.12,1906.0,12467.5,2723.5,20850.0,2110.25,823.0,76.03,99.0,,28.95
2019-02-01,,2.7775,,1878.0,12675.0,2758.0,20880.0,2123.0,825.9,86.93,98.35,,29.0
2019-02-03,,,,,,,,,826.0,,,,
2019-02-04,1319.2,2.7975,15.928,1915.0,13227.5,2799.5,20842.5,2128.75,822.5,86.53,98.2,,29.0
2019-02-05,1314.4,2.8205,15.883,1917.25,13062.5,2731.0,20882.5,2101.0,821.35,88.16,98.3,,29.0
2019-02-06,1314.2,2.84,15.749,1901.0,12912.5,2709.5,20985.0,2082.0,807.1,88.98,98.3,,29.0
2019-02-07,1318.5,2.832,15.76,1887.5,12902.5,2721.5,20955.0,2078.75,800.8,92.29,97.8,,28.95
2019-02-08,,2.814,,1874.25,12572.5,2697.0,21022.5,2087.5,802.2,92.13,97.2,,28.85
2019-02-10,,,,,,,,,802.3,,,,
2019-02-11,1314.0,2.793,15.74,1872.25,12465.0,2641.5,21012.5,2048.0,789.75,90.82,96.7,,28.85
2019-02-12,1315.1,2.775,15.74,1851.0,12385.0,2608.0,20947.5,2047.25,793.55,88.44,95.65,,28.85
2019-02-13,1313.9,2.776,15.699,1849.5,12395.0,2608.0,21040.0,2025.0,788.4,88.02,95.7,,28.8
2019-02-14,1322.1,2.7785,15.575,1839.25,12195.0,2588.0,20922.5,2037.5,788.75,88.35,94.95,,28.8
2019-02-15,,2.8025,,1848.0,12412.5,2662.0,21130.0,2076.75,808.55,88.56,94.85,,28.75
2019-02-17,,2.816,,,,,,,806.6,,,,
2019-02-18,,2.838,,1846.0,12465.0,2642.0,21142.5,2031.25,808.75,,95.0,,
2019-02-19,1347.9,2.8775,16.013,1856.25,12662.5,2662.0,21162.5,2020.5,821.4,88.53,95.2,,28.7
2019-02-20,1327.8,2.92,16.225,1868.0,12917.5,2698.0,21247.5,2047.5,830.4,88.46,95.2,,28.7
2019-02-21,1332.8,2.8975,15.848,1904.5,12850.0,2674.0,21270.0,2069.75,826.9,88.03,95.2,,28.7
2019-02-22,,2.949,,1912.0,12987.5,2711.0,21537.5,2063.5,845.45,88.16,95.05,,28.65
2019-02-24,,,,,,,,,846.8,,,,
2019-02-25,1328.5,2.947,15.875,1904.5,12967.5,2711.0,21775.0,2080.0,856.8,87.94,93.7,,28.2
2019-02-26,1321.2,2.948,15.879,1908.5,12937.5,2742.5,21615.0,2092.5,863.1,87.7,94.8,,27.8
2019-02-27,1316.1,2.9625,15.766,1919.5,13062.5,2749.5,21557.5,2130.75,871.85,87.47,94.9,,27.9
2019-02-28,1299.2,2.948,15.634,1908.5,13060.0,2757.5,21615.0,2139.75,874.1,87.33,96.05,,27.8
2019-03-01,,2.932,,1915.25,13172.5,2777.5,21610.0,2137.5,862.2,85.98,97.0,,28.0
2019-03-03,,,,,,,,,863.7,,,,
2019-03-04,1284.7,2.909,15.105,1870.5,13280.0,2741.5,21477.5,2106.5,840.6,85.42,98.15,,28.05
2019-03-05,1287.6,2.9335,15.105,1868.75,13647.5,2779.0,21565.0,2104.0,839.1,86.51,98.05,,28.2
2019-03-06,1286.1,2.9185,15.085,1860.5,13637.5,2784.5,21410.0,2104.75,829.7,85.79,97.45,,28.2
2019-03-07,1299.3,2.9105,15.04,1858.5,13220.0,2735.0,21465.0,2103.5,816.5,86.76,97.6,,28.15
2019-03-08,,2.8935,,1866.5,13082.5,2716.0,21370.0,2089.75,818.85,85.15,95.55,,28.0
2019-03-10,,,,,,,,,818.15,,,,
2019-03-11,1298.1,2.901,15.274,1839.0,12912.5,2749.0,21022.5,2082.0,820.65,84.53,94.55,,28.0
2019-03-12,1309.3,2.9285,15.413,1865.75,13122.5,2842.0,21270.0,2088.25,835.9,85.31,95.05,526.0,28.0
2019-03-13,1295.1,2.9355,15.456,1897.5,13187.5,2836.0,21150.0,2125.25,842.05,85.01,94.5,528.0,27.85
2019-03-14,1302.9,2.8915,15.171,1895.25,12907.5,2820.25,21192.5,2108.0,825.4,85.98,94.6,531.0,27.5
2019-03-15,,2.906,,1889.5,12932.5,2782.75,21112.5,2064.25,831.8,86.12,93.85,533.0,27.35
2019-03-17,,,,,,,,,830.55,,,,
2019-03-18,1306.5,2.909,15.322,1912.75,13012.5,2775.5,21155.0,2033.5,836.2,86.28,93.8,532.5,27.05
2019-03-19,1301.7,2.923,15.372,1946.0,13152.5,2815.5,21327.5,2035.0,851.7,86.23,93.45,535.0,27.0
2019-03-20,1307.3,2.921,15.318,1938.0,13340.0,2877.5,21367.5,2048.0,868.5,85.41,93.55,534.5,26.5
2019-03-21,1312.3,2.906,15.437,1900.0,13027.5,2836.75,21467.5,2048.75,860.35,85.65,93.5,535.0,26.1
2019-03-22,,2.8425,,1903.25,12975.0,2820.25,21407.5,2037.5,847.95,85.89,93.3,536.0,26.0
2019-03-24,,,,,,,,,849.95,,,,
2019-03-25,1315.0,2.8565,15.567,1881.0,12957.5,2840.25,21405.0,2013.75,866.6,85.82,93.55,535.0,25.75
2019-03-26,1310.4,2.854,15.429,1886.5,13102.5,2878.0,21350.0,1996.75,865.3,85.8,93.2,533.0,25.75
2019-03-27,1295.3,2.863,15.298,1909.5,13052.5,2883.5,21360.0,2020.25,859.9,85.72,93.5,534.0,25.6
2019-03-28,1298.5,2.877,15.019,1901.75,12875.0,2868.0,21437.5,2014.0,849.25,85.64,92.95,533.0,25.15
2019-03-29,,2.9395,,1911.0,12995.0,2911.25,21422.5,2015.75,853.4,85.7,92.75,532.19,25.0
2019-03-31,,,,,,,,,856.3,,,,
2019-04-01,1295.4,2.9285,15.148,1896.0,13105.0,2897.75,21432.5,2012.25,855.7,87.52,82.5,528.0,25.35
2019-04-02,1295.3,2.9105,15.111,1885.0,13162.5,2870.0,21215.0,1990.25,856.0,89.5,81.1,525.0,25.6
2019-04-03,1294.3,2.9525,15.153,1891.25,13360.0,2933.0,21207.5,2012.25,875.5,92.15,79.0,525.0,25.65
2019-04-04,1295.6,2.915,15.135,1890.0,13165.0,2914.25,21142.5,1999.5,902.05,92.53,77.7,523.0,25.75
2019-04-05,,2.9,,1884.5,13057.5,2919.0,20835.0,1986.25,905.65,91.81,78.85,523.0,25.75
2019-04-07,,,,,,,,,908.75,,,,
2019-04-08,1308.3,2.937,15.263,1864.0,13200.0,2899.0,20842.5,1990.75,910.05,93.63,80.4,525.0,25.9
2019-04-09,1313.9,2.9385,15.259,1871.0,13232.5,2854.25,20870.0,1983.0,891.6,92.72,81.2,523.0,25.85
2019-04-10,1293.3,2.9305,15.29,1857.5,13185.0,2879.0,20797.5,1951.5,907.95,92.6,82.2,526.0,25.85
2019-04-11,1295.2,2.892,14.911,1853.75,12965.0,2870.5,20597.5,1922.25,897.4,93.6,84.15,526.0,25.85
2019-04-12,,2.9495,,1856.5,13012.5,2923.5,20677.5,1931.5,895.35,93.79,84.2,525.0,25.85
2019-04-14,,,,,,,,,896.4,,,,
2019-04-15,1277.2,2.9385,15.021,1858.0,12995.0,2897.5,20602.5,1948.5,891.65,93.97,84.35,530.0,25.85
2019-04-16,1276.8,2.9345,14.956,1855.75,12925.0,2810.25,20510.0,1925.5,885.2,93.44,84.1,530.0,25.95
2019-04-17,1276.0,2.97,14.979,1850.0,12890.0,2809.5,20370.0,1938.25,892.7,92.96,84.6,529.5,25.95
2019-04-18,,2.923,,1867.5,12657.5,2794.25,20227.5,1942.25,907.4,92.91,84.45,531.0,25.9
2019-04-19,,2.918,,,,,,,907.0,,,,
2019-04-21,,,,,,,,,907.1,,,,
2019-04-22,1273.2,2.905,15.016,,,,,,904.85,93.2,84.45,,25.8
2019-04-23,1279.4,2.898,14.829,1864.5,12410.0,2749.75,19812.5,1926.0,893.1,93.29,84.6,529.0,25.8
2019-04-24,1279.7,2.9135,14.956,1870.75,12430.0,2747.75,19692.5,1924.0,888.6,92.95,84.65,528.5,25.7
2019-04-25,1288.8,2.865,14.92,1855.75,12327.5,2747.5,19820.0,1930.25,890.65,93.14,85.45,528.5,25.65
2019-04-26,,2.8915,,1835.5,12432.5,2763.5,19930.0,1950.5,902.8,93.16,85.2,528.5,25.2
2019-04-28,,,,,,,,,904.1,,,,
2019-04-29,1285.7,2.897,14.933,1825.0,12420.0,2797.25,19710.0,1965.75,901.6,93.17,86.9,528.5,25.3
2019-04-30,1284.2,2.904,14.984,1793.0,12235.0,2824.5,19707.5,1927.25,891.4,93.24,87.3,528.19,25.2
2019-05-01,1272.0,2.8015,14.729,1810.75,12167.5,2758.25,19572.5,1859.0,872.2,93.65,87.2,529.0,25.25
2019-05-02,1281.3,2.7795,14.617,1810.5,12162.5,2736.75,19337.5,1879.25,853.65,93.6,87.2,529.0,25.25
2019-05-03,,2.819,,1789.5,12202.5,2770.75,19220.0,1888.0,874.7,93.81,87.6,529.0,25.1
2019-05-05,,,,,,,,,864.8,,,,
2019-05-06,1285.6,2.8295,14.927,,,,,,884.95,93.51,86.95,,25.05
2019-05-07,1281.4,2.7855,14.926,1808.75,12025.0,2697.0,19417.5,1869.0,873.15,94.75,87.0,528.0,25.05
2019-05-08,1285.2,2.7745,14.862,1789.25,11937.5,2647.5,19430.0,1881.5,864.4,94.19,87.2,528.0,25.1
2019-05-09,1287.4,2.7715,14.773,1791.0,11820.0,2637.5,19352.5,1844.0,854.0,94.24,86.25,525.0,25.0
2019-05-10,,2.7745,,1800.25,11962.5,2639.5,19502.5,1819.0,867.75,95.08,86.15,525.0,24.75
2019-05-12,,,,,,,,,858.9,,,,
2019-05-13,1296.3,2.719,14.777,1800.0,11770.0,2577.0,19362.5,1789.0,860.85,94.38,85.55,523.0,24.7
2019-05-14,1297.8,2.725,14.812,1845.25,11930.0,2591.75,19777.5,1812.5,859.7,93.88,84.8,523.0,24.65
2019-05-15,1286.2,2.743,14.812,1856.0,12145.0,2633.25,19705.0,1816.75,846.8,94.82,84.45,523.0,24.65
2019-05-16,1275.7,2.748,14.539,1860.5,12130.0,2633.5,19447.5,1832.0,835.3,96.13,84.15,523.0,24.65
2019-05-17,,2.7385,,1837.5,12005.0,2596.75,19460.0,1821.5,819.55,96.34,84.1,522.0,24.65
2019-05-19,,,,,,,,,822.45,,,,
2019-05-20,1273.2,2.726,14.445,1797.25,11987.5,2573.5,19445.0,1801.5,816.5,96.38,83.85,520.0,24.65
2019-05-21,1274.2,2.715,14.41,1796.0,12087.5,2582.75,19427.5,1808.75,817.5,96.56,83.85,520.0,24.65
2019-05-22,1285.4,2.678,14.449,1779.25,11957.5,2545.75,19335.0,1807.5,803.5,97.04,84.0,519.0,24.6
2019-05-23,1283.6,2.6805,14.613,1797.5,11890.0,2525.75,19325.0,1814.0,801.15,97.31,83.75,519.0,24.3
2019-05-24,,2.6995,,1800.25,12395.0,2555.5,19320.0,1828.0,805.5,98.14,83.65,517.0,24.25
2019-05-26,,2.701,,,,,,,806.7,,,,
2019-05-27,,2.713,,,,,,,813.1,,83.65,,
2019-05-28,1281.0,2.696,14.32,1806.25,12142.5,2559.75,19127.5,1813.0,800.2,98.38,83.3,519.0,24.2
2019-05-29,1292.4,2.664,14.411,1793.75,12042.5,2540.0,18745.0,1824.75,792.2,98.59,83.45,516.0,24.2
2019-05-30,1311.1,2.6565,14.53,1780.75,12097.5,2557.5,18772.5,1799.25,791.65,98.72,83.4,516.0,24.05
2019-05-31,,2.6405,,1793.25,11990.0,2523.25,18742.5,1804.0,792.8,98.76,83.4,515.81,24.0
2019-06-02,,,,,,,,,794.75,,,,
2019-06-03,1328.7,2.651,14.78,1774.0,11882.5,2475.5,19172.5,1812.5,823.05,96.28,73.25,498.0,24.05
2019-06-04,1333.6,2.67,14.808,1782.5,11802.5,2472.75,19102.5,1844.5,820.75,98.39,73.35,495.0,24.05
2019-06-05,1342.7,2.6245,14.826,1766.75,11715.0,2459.25,19055.0,1855.5,806.65,98.32,72.85,493.0,24.2
2019-06-06,1346.1,2.6515,14.941,1770.75,11667.5,2510.75,19292.5,1885.5,803.25,97.76,73.0,491.5,24.45
2019-06-07,,2.6295,,1758.25,11625.0,2483.5,19292.5,1839.5,806.15,97.78,72.8,491.0,24.7
2019-06-09,,,,,,,,,809.55,,,,
2019-06-10,1331.2,2.6625,14.674,1768.5,11627.5,2475.25,19230.0,1881.5,807.75,99.26,73.5,491.0,24.95
2019-06-11,1336.8,2.673,14.774,1771.75,11902.5,2520.0,19195.0,1909.25,815.2,102.76,74.15,491.0,24.95
2019-06-12,1343.7,2.655,14.786,1782.75,11847.5,2512.0,19272.5,1891.25,811.35,102.99,71.95,491.0,25.1
2019-06-13,1344.5,2.658,14.926,1779.0,11850.0,2476.25,19355.0,1892.5,812.7,106.29,71.85,489.0,25.0
2019-06-14,,2.631,,1756.5,11917.5,2455.25,19285.0,1873.25,803.6,104.33,71.4,494.0,24.55
2019-06-16,,,,,,,,,801.7,,,,
2019-06-17,1350.7,2.6455,14.863,1749.25,11765.0,2472.5,18915.0,1883.5,792.65,104.17,71.15,489.0,24.45
2019-06-18,1348.8,2.7025,15.029,1781.0,11952.5,2513.75,19187.5,1916.75,803.4,105.79,70.8,487.0,24.5
2019-06-19,1396.9,2.6805,14.994,1786.25,12130.0,2464.25,18930.0,1901.0,812.55,106.2,70.6,487.0,24.45
2019-06-20,1400.1,2.7125,15.529,1783.25,12322.5,2464.0,19145.0,1904.75,810.25,107.21,70.5,487.0,24.5
2019-06-21,,2.7055,,1769.0,12112.5,2433.5,18982.5,1907.25,809.45,107.54,71.3,493.5,24.7
2019-06-23,,,,,,,,,817.95,,,,
2019-06-24,1418.7,2.7065,15.418,1794.0,12190.0,2490.25,19050.0,1913.0,820.05,108.99,70.6,491.0,24.65
2019-06-25,1415.4,2.7365,15.342,1815.25,12300.0,2534.0,19017.5,1934.0,811.25,107.93,70.95,490.0,24.8
2019-06-26,1412.0,2.7155,15.335,1821.0,12507.5,2501.75,18882.5,1923.25,821.45,109.19,70.9,490.0,24.7
2019-06-27,1413.7,2.7165,15.294,1790.25,12732.5,2488.75,18860.0,1939.0,821.95,108.72,71.0,491.0,24.7
2019-06-28,,2.7135,,1800.25,12675.0,2492.25,18825.0,1933.25,839.6,109.18,70.9,491.95,24.65
2019-06-30,,,,,,,,,834.4,,,,
2019-07-01,1408.0,2.688,15.193,1792.75,12317.5,2460.75,18880.0,1915.25,835.75,119.45,68.0,517.0,24.6
2019-07-02,1420.9,2.664,15.238,1779.75,12102.5,2468.75,17662.5,1887.25,837.75,123.19,70.0,519.0,24.5
2019-07-03,1400.1,2.683,15.336,1787.5,12365.0,2448.5,18207.5,1879.25,843.85,123.16,72.75,516.0,24.5
2019-07-04,,2.68,,1804.5,12375.0,2426.5,18410.0,1879.5,840.35,,77.0,512.0,
2019-07-05,,2.661,,1800.5,12462.5,2410.0,18345.0,1878.25,813.8,117.1,76.2,512.0,24.55
2019-07-07,,,,,,,,,812.35,,,,
2019-07-08,1400.5,2.659,15.05,1806.25,12712.5,2382.0,18477.5,1892.25,816.6,119.17,75.2,512.0,24.8
2019-07-09,1412.5,2.625,15.147,1820.0,12752.5,2368.25,18250.0,1937.75,813.6,121.35,74.9,510.0,24.8
2019-07-10,1406.7,2.694,15.226,1848.5,13015.0,2406.5,18197.5,1959.0,831.4,120.84,75.45,506.0,24.8
2019-07-11,1412.2,2.6875,15.146,1823.5,13112.5,2394.0,18290.0,1965.5,827.4,120.32,75.05,507.0,24.8
2019-07-12,,2.694,,1818.25,13570.0,2436.0,18217.5,1978.75,834.25,120.25,74.6,506.0,24.95
2019-07-14,,,,,,,,,834.7,,,,
2019-07-15,1411.2,2.711,15.365,1839.75,13665.0,2441.0,17940.0,1980.75,845.7,121.18,74.35,511.0,25.8
2019-07-16,1423.3,2.7,15.678,1850.0,13950.0,2466.75,17927.5,1980.0,844.2,121.19,73.3,507.0,26.15
2019-07-17,1428.1,2.716,15.971,1848.0,14372.5,2473.5,17932.5,2006.25,848.85,121.14,74.3,507.0,25.95
2019-07-18,1426.7,2.71,16.198,1855.0,14945.0,2456.0,17847.5,2038.25,854.3,120.87,73.85,508.0,25.75
2019-07-19,,2.7525,,1848.75,14645.0,2424.25,17785.0,2044.5,849.45,120.99,74.1,509.0,25.3
2019-07-21,,,,,,,,,850.7,,,,
2019-07-22,1421.7,2.722,16.411,1815.25,14237.5,2427.5,17900.0,2007.0,850.9,120.01,74.5,508.0,25.3
2019-07-23,1423.6,2.7,16.476,1814.75,14220.0,2444.25,17692.5,2036.5,859.9,120.42,73.85,508.0,25.55
2019-07-24,1414.7,2.712,16.626,1824.25,14530.0,2454.75,17967.5,2075.25,880.95,120.25,74.2,505.5,25.7
2019-07-25,1419.3,2.7035,16.411,1824.25,14020.0,2426.75,17790.0,2097.75,871.3,120.09,74.4,507.0,25.65
2019-07-26,,2.685,,1801.0,14137.5,2440.75,17667.5,2072.25,868.6,120.11,74.25,507.0,25.6
2019-07-28,,,,,,,,,870.1,,,,
2019-07-29,1441.8,2.7175,16.44,1808.75,14345.0,2461.0,17595.0,2054.5,883.1,120.02,71.6,506.0,25.65
2019-07-30,1437.8,2.683,16.601,1800.25,14307.5,2444.5,17482.5,1999.75,878.8,120.09,69.65,506.0,25.45
2019-07-31,1432.4,2.6715,16.444,1795.75,14552.5,2439.75,17352.5,2015.0,868.6,120.02,69.45,506.7,25.35
2019-08-01,1457.5,2.6705,16.217,1776.25,14472.5,2394.75,17347.5,1981.75,856.85,112.02,69.45,505.0,25.35
2019-08-02,,2.5775,,1765.0,14482.5,2353.25,17095.0,1952.25,848.2,106.51,69.15,497.5,25.4
2019-08-04,,,,,,,,,848.95,,,,
2019-08-05,1484.2,2.549,16.433,1757.0,14857.5,2320.75,16877.5,1960.5,860.5,100.34,68.9,497.5,25.35
2019-08-06,1519.6,2.5615,16.485,1752.0,14962.5,2305.75,17030.0,1992.0,855.55,99.51,68.05,489.0,25.35
2019-08-07,1509.5,2.575,17.237,1736.75,15460.0,2275.25,16750.0,2018.75,868.85,96.56,67.75,485.0,25.35
2019-08-08,1508.5,2.6105,16.976,1769.75,15822.5,2304.0,16885.0,2074.75,870.7,97.37,67.8,487.0,25.35
2019-08-09,,2.5925,,1762.5,15647.5,2238.0,16860.0,2062.5,864.35,93.61,67.85,488.0,25.35
2019-08-11,,,,,,,,,864.5,,,,
2019-08-12,1514.1,2.588,17.116,1760.75,15687.5,2273.0,16872.5,2054.75,862.15,95.01,67.3,490.0,25.35
2019-08-13,1527.8,2.6335,17.028,1775.75,15767.5,2330.0,17112.5,2069.25,857.8,95.11,67.15,485.0,25.35
2019-08-14,1531.2,2.5955,17.326,1765.75,15895.0,2270.75,17107.5,2050.0,848.65,95.71,66.85,485.0,25.35
2019-08-15,1523.6,2.5985,17.254,1772.25,16190.0,2262.75,17045.0,2058.5,842.75,93.76,66.35,485.0,25.35
2019-08-16,,2.5985,,1782.0,16172.5,2266.5,16640.0,2035.0,851.4,93.61,66.3,485.0,25.2
2019-08-18,,,,,,,,,851.9,,,,
2019-08-19,1515.7,2.605,16.985,1784.75,15937.5,2257.0,16412.5,2056.0,853.1,94.36,66.35,484.0,25.2
2019-08-20,1515.7,2.5815,17.194,1782.0,15812.5,2233.0,16457.5,2061.0,850.15,94.02,65.95,485.0,25.2
2019-08-21,1508.5,2.589,17.197,1780.0,15770.0,2286.5,16217.5,2077.5,855.95,92.01,65.45,480.0,25.25
2019-08-22,1537.6,2.5615,17.086,1766.5,15640.0,2241.0,16142.5,2065.25,860.8,92.73,65.35,481.0,25.3
2019-08-23,,2.5345,,1770.5,15665.0,2245.0,15887.5,2063.5,860.25,92.88,65.75,482.0,25.3
2019-08-25,,,,,,,,,864.1,,,,
2019-08-26,1551.8,2.5465,17.685,,,,,,858.75,92.45,65.75,,25.3
2019-08-27,1549.1,2.55,18.199,1760.75,15650.0,2279.0,15755.0,2094.5,870.3,92.06,65.4,482.0,25.3
2019-08-28,1536.9,2.559,18.364,1744.75,16280.0,2267.75,15775.0,2065.0,901.8,91.63,65.6,481.0,25.3
2019-08-29,1529.4,2.5735,18.274,1751.25,16410.0,2255.25,15775.0,2053.5,920.75,91.16,65.3,481.0,25.3
2019-08-30,,2.547,,1751.0,17900.0,2219.0,16282.5,2028.25,936.6,90.91,65.75,480.35,25.3
2019-09-01,,2.552,,,,,,,940.45,,,,
2019-09-02,,2.532,,1746.75,17970.0,2241.25,16562.5,2024.75,933.25,,65.05,460.0,
2019-09-03,1560.4,2.5235,19.186,1750.5,17892.5,2209.75,16715.0,1996.75,964.5,89.55,66.5,456.5,25.3
2019-09-04,1525.5,2.59,19.493,1772.5,18090.0,2314.0,17200.0,2049.75,991.3,91.57,66.35,458.5,25.3
2019-09-05,1515.5,2.6365,18.752,1781.5,17482.5,2332.5,17402.5,2053.5,962.2,90.72,66.9,449.0,25.3
2019-09-06,,2.6285,,1788.5,17942.5,2322.0,17375.0,2080.0,953.3,89.44,66.25,457.0,25.25
2019-09-08,,,,,,,,,950.45,,,,
2019-09-09,1499.2,2.6215,18.116,1797.0,18102.5,2305.75,17265.0,2097.25,946.1,91.23,65.55,459.0,25.2
2019-09-10,1503.2,2.6225,18.131,1818.5,17955.0,2343.5,17422.5,2091.0,934.85,91.37,65.8,462.0,25.25
2019-09-11,1507.4,2.609,18.116,1822.5,17857.5,2353.5,17592.5,2085.0,948.15,92.34,65.35,462.0,25.15
2019-09-12,1499.5,2.635,18.125,1799.25,17995.0,2341.25,17172.5,2086.75,952.25,94.14,65.5,462.0,24.95
2019-09-13,,2.6935,,1804.75,17750.0,2391.0,16705.0,2109.75,950.65,94.77,65.7,462.0,24.95
2019-09-15,,,,,,,,,958.75,,,,
2019-09-16,1513.4,2.634,17.974,1788.0,17285.0,2356.0,17035.0,2096.0,938.2,94.37,66.15,463.0,25.25
2019-09-17,1515.8,2.6215,18.088,1792.0,17050.0,2341.5,16772.5,2057.25,940.5,94.03,65.6,463.0,25.55
2019-09-18,1506.2,2.6075,17.869,1785.5,17192.5,2322.75,16840.0,2081.75,925.3,93.97,65.35,456.5,25.7
2019-09-19,1515.1,2.603,17.835,1806.0,17297.5,2317.5,16537.5,2092.5,940.25,93.46,65.55,456.0,25.75
2019-09-20,,2.6015,,1803.0,17390.0,2293.25,16682.5,2114.5,947.3,93.38,65.45,456.0,25.75
2019-09-22,,,,,,,,,950.9,,,,
2019-09-23,1540.2,2.6065,18.661,1785.0,17470.0,2331.5,16530.0,2086.0,959.25,93.49,65.35,457.0,25.8
2019-09-24,1512.3,2.6015,18.579,1762.5,17180.0,2282.0,16500.0,2057.0,957.05,93.21,65.2,458.0,25.75
2019-09-25,1515.2,2.606,18.024,1752.0,17325.0,2290.0,16530.0,2107.0,928.3,92.97,65.4,459.0,25.7
2019-09-26,1506.4,2.571,17.864,1737.0,17210.0,2302.0,16300.0,2093.0,932.8,92.95,65.15,458.0,25.7
2019-09-27,,2.5975,,1735.0,17205.0,2303.5,16130.0,2069.0,929.6,92.89,65.55,458.0,25.65
2019-09-29,,,,,,,,,938.9,,,,
2019-09-30,1489.0,2.5785,16.998,1721.5,17050.0,2378.0,15925.0,2135.0,892.15,92.91,70.05,459.48,25.55
2019-10-01,1507.9,2.5605,17.302,1740.0,17220.0,2305.0,16250.0,2096.0,884.35,92.16,67.4,445.5,25.7
2019-10-02,1513.8,2.5705,17.683,1705.0,17485.0,2318.0,16550.0,2100.0,893.9,92.26,66.25,446.0,25.45
2019-10-03,1512.9,2.5535,17.676,1718.0,17625.0,2295.0,16475.0,2129.0,894.45,92.26,64.8,450.0,25.4
2019-10-04,,2.5625,,1719.0,17790.0,2300.0,16475.0,2160.0,885.45,92.18,65.2,450.0,25.35
2019-10-06,,,,,,,,,884.9,,,,
2019-10-07,1503.9,2.577,17.54,1746.0,17725.0,2289.0,16330.0,2189.0,881.85,92.55,66.45,443.0,25.3
2019-10-08,1512.8,2.5685,17.7,1751.5,17570.0,2298.0,16395.0,2145.0,899.05,93.53,66.9,446.0,25.0
2019-10-09,1500.9,2.568,17.81,1744.0,17360.0,2291.0,16445.0,2130.0,895.95,91.59,67.45,446.0,25.0
2019-10-10,1488.7,2.6135,17.602,1753.0,17625.0,2388.0,16450.0,2159.0,904.25,93.01,67.4,440.5,25.0
2019-10-11,,2.628,,1722.0,17550.0,2419.0,16525.0,2182.0,901.0,92.86,66.4,441.0,24.95
2019-10-13,,,,,,,,,897.65,,,,
2019-10-14,1483.5,2.634,17.71,1720.0,16550.0,2420.0,16520.0,2131.0,898.6,92.23,66.52,440.0,24.9
2019-10-15,1494.0,2.614,17.384,1728.0,16995.0,2438.0,16680.0,2148.5,888.55,92.62,66.9,444.0,24.9
2019-10-16,1498.3,2.5895,17.427,1728.0,16450.0,2434.0,16875.0,2160.0,889.85,91.4,67.3,442.0,24.9
2019-10-17,1494.1,2.5975,17.612,1727.0,16270.0,2439.0,17150.0,2189.0,891.7,90.01,67.55,441.0,24.95
2019-10-18,,2.636,,1738.0,16230.0,2454.0,16950.0,2181.0,896.5,90.76,67.5,441.0,24.9
2019-10-20,,,,,,,,,895.45,,,,
2019-10-21,1487.5,2.6465,17.602,1729.0,16100.0,2473.0,16775.0,2211.0,891.6,90.58,67.6,440.0,24.75
2019-10-22,1495.7,2.633,17.5,1719.0,16500.0,2467.5,16850.0,2218.0,896.7,90.53,67.45,440.0,24.6
2019-10-23,1504.7,2.6715,17.58,1730.0,16590.0,2468.0,16550.0,2224.0,922.2,90.45,67.0,438.0,24.4
2019-10-24,1505.3,2.668,17.804,1724.0,16860.0,2491.0,16775.0,2226.0,927.2,90.11,67.25,438.0,24.4
2019-10-25,,2.6755,,1728.0,16775.0,2510.0,16675.0,2224.0,930.55,90.22,67.65,438.0,24.2
2019-10-27,,,,,,,,,930.95,,,,
2019-10-28,1490.7,2.683,17.876,1737.0,16640.0,2543.5,16725.0,2236.0,920.35,90.23,66.85,440.0,24.05
2019-10-29,1496.7,2.6915,17.831,1754.0,16830.0,2544.0,16850.0,2265.0,924.6,90.03,66.95,438.0,23.95
2019-10-30,1514.8,2.6905,17.921,1760.0,16780.0,2529.0,16800.0,2208.0,928.05,89.8,66.95,438.5,24.0
2019-10-31,1511.4,2.6425,18.124,1755.0,16645.0,2482.5,16525.0,2158.0,936.3,89.55,66.9,438.41,23.9
2019-11-01,,2.6575,,1786.0,16775.0,2520.0,16525.0,2163.0,954.65,83.55,67.25,430.0,24.1
2019-11-03,,,,,,,,,954.7,,,,
2019-11-04,1483.7,2.6755,18.123,1815.0,16380.0,2539.0,16425.0,2162.0,939.3,82.85,67.35,431.0,24.15
2019-11-05,1493.1,2.705,17.623,1811.0,16280.0,2498.0,16455.0,2151.0,932.25,82.85,67.15,433.0,24.25
2019-11-06,1466.4,2.6695,17.654,1810.0,16245.0,2475.0,16565.0,2118.0,932.3,82.98,66.55,440.0,24.45
2019-11-07,1462.9,2.732,17.065,1813.0,16200.0,2485.0,16575.0,2113.0,914.2,82.55,66.45,438.0,24.65
2019-11-08,,2.686,,1807.5,16190.0,2482.0,16700.0,2107.0,889.7,80.36,66.8,437.0,24.7
2019-11-10,,,,,,,,,891.55,,,,
2019-11-11,1453.7,2.668,16.852,1779.0,15565.0,2496.5,16575.0,2090.0,877.2,80.3,66.95,432.0,24.65
2019-11-12,1463.3,2.65,16.74,1778.0,15660.0,2472.0,16340.0,2059.0,874.05,81.36,66.55,432.0,24.65
2019-11-13,1473.4,2.6435,16.963,1765.0,15380.0,2422.0,16000.0,2035.0,876.1,81.26,66.7,435.0,24.8
2019-11-14,1468.5,2.6265,17.078,1741.0,15150.0,2396.0,16200.0,2017.0,882.85,82.52,66.7,438.0,25.0
2019-11-15,,2.6425,,1755.0,14975.0,2380.0,16100.0,1997.0,892.4,82.8,67.15,441.5,25.0
2019-11-17,,,,,,,,,893.25,,,,
2019-11-18,1474.3,2.6245,17.051,1738.0,14845.0,2344.0,16060.0,1953.5,897.1,82.93,67.5,441.0,25.4
2019-11-19,1474.2,2.659,17.169,1731.0,14690.0,2344.0,16000.0,1993.0,912.4,83.19,67.4,443.0,25.8
2019-11-20,1463.6,2.652,17.166,1741.0,14360.0,2313.0,16030.0,1987.0,919.8,83.35,67.45,443.0,26.0
2019-11-21,1463.6,2.6275,17.116,1734.0,14485.0,2293.0,16400.0,1958.0,917.5,83.55,67.55,443.0,26.05
2019-11-22,,2.6515,,1739.0,14635.0,2305.0,16350.0,1966.0,893.75,83.79,67.9,444.0,26.0
2019-11-24,,,,,,,,,894.55,,,,
2019-11-25,1460.3,2.6535,16.939,1736.0,14480.0,2281.0,16470.0,1935.0,898.45,84.29,66.75,444.0,26.0
2019-11-26,1460.8,2.686,17.096,1753.0,14595.0,2299.0,16325.0,1943.0,909.8,84.35,67.4,444.0,26.1
2019-11-27,1472.7,2.6905,17.009,1764.0,14380.0,2297.0,16400.0,1943.0,899.5,84.42,67.75,444.0,26.15
2019-11-28,,2.67,,1752.0,14010.0,2278.0,16420.0,1944.5,895.55,,67.45,444.0,
2019-11-29,,2.656,,1770.0,13670.0,2273.5,16495.0,1936.5,898.1,84.68,67.85,442.57,26.15
2019-12-01,,,,,,,,,899.25,,,,
2019-12-02,1484.4,2.6455,16.916,1790.0,13715.0,2243.0,16490.0,1906.0,900.4,88.11,67.6,461.0,26.0
2019-12-03,1480.2,2.618,17.204,1766.0,13375.0,2202.0,16750.0,1900.0,912.0,87.65,67.4,460.0,26.1
2019-12-04,1483.1,2.6545,16.881,1758.0,13120.0,2246.0,16750.0,1922.0,900.05,88.27,66.8,459.0,26.1
2019-12-05,1465.1,2.6585,17.019,1747.0,13275.0,2234.0,16800.0,1905.0,898.7,88.34,66.55,459.0,25.95
2019-12-06,,2.7205,,1765.0,13475.0,2238.0,17075.0,1892.0,897.9,88.56,66.4,459.0,25.95
2019-12-08,,,,,,,,,898.1,,,,
2019-12-09,1468.1,2.754,16.6,1757.0,13340.0,2239.0,17125.0,1893.0,896.25,92.04,66.2,462.0,26.0
2019-12-10,1475.0,2.7615,16.664,1755.0,13405.0,2227.5,17390.0,1907.0,918.65,91.36,66.0,464.0,26.0
2019-12-11,1472.3,2.7855,16.81,1760.0,13850.0,2222.0,17290.0,1937.0,941.4,92.05,66.1,465.0,26.05
2019-12-12,1481.2,2.7925,16.912,1775.0,14100.0,2263.0,17250.0,1938.0,945.5,92.04,66.5,470.0,25.8
2019-12-13,,2.7775,,1768.0,14170.0,2253.0,17225.0,1910.0,930.6,92.27,66.3,470.0,25.7
2019-12-15,,,,,,,,,928.55,,,,
2019-12-16,1480.6,2.809,17.077,1778.0,14200.0,2291.0,17175.0,1887.5,931.15,92.1,66.45,472.0,25.7
2019-12-17,1478.7,2.8125,17.036,1764.0,13960.0,2281.5,17325.0,1888.0,929.05,92.09,65.9,472.0,25.45
2019-12-18,1484.4,2.811,17.01,1777.0,13870.0,2301.0,17295.0,1926.0,935.8,91.99,66.2,472.0,25.5
2019-12-19,1480.9,2.8265,17.116,1797.0,14170.0,2325.0,17375.0,1919.0,936.4,92.0,66.45,473.0,25.45
2019-12-20,,2.805,,1800.0,14525.0,2341.0,17340.0,1938.5,912.15,91.74,66.35,473.0,25.25
2019-12-22,,,,,,,,,918.85,,,,
2019-12-23,1504.8,2.8095,17.463,1804.0,14350.0,2291.0,17300.0,1916.0,932.5,91.72,65.8,472.0,25.05
2019-12-24,,2.8265,,1814.0,14340.0,2274.0,17125.0,1947.0,945.6,91.7,66.5,472.0,25.1
2019-12-25,,2.838,,,,,,,943.0,,,,
2019-12-26,1518.1,2.8475,17.956,,,,,,949.1,91.61,66.5,,25.05
2019-12-27,,2.8275,,1825.0,14210.0,2305.0,17120.0,1939.0,947.35,91.55,66.55,474.0,25.05
2019-12-29,,,,,,,,,956.0,,,,
2019-12-30,1523.1,2.8335,18.001,1827.0,14315.0,2306.0,17000.0,1942.0,964.75,91.52,67.7,476.0,24.9
2019-12-31,,2.797,17.921,1810.0,14025.0,2272.0,17175.0,1927.0,971.9,91.53,67.7,470.76,25.05
2020-01-01,,2.806,,,,,,,975.5,,,,
2020-01-02,1552.4,2.825,18.046,1804.5,14260.0,2310.0,17190.0,1919.0,986.9,92.58,67.9,491.0,25.05
2020-01-03,1552.4,2.787,,1824.0,13755.0,2306.0,16800.0,1919.0,988.55,93.41,67.5,493.0,25.05
2020-01-05,,,,,,,,,989.3,,,,
2020-01-06,1568.8,2.79,18.179,1833.0,13820.0,2324.5,16850.0,1920.0,969.35,93.85,67.25,488.0,25.0
2020-01-07,1574.3,2.7935,18.393,1816.0,13935.0,2346.0,17005.0,1906.0,977.75,93.73,67.15,488.0,24.8
2020-01-08,1560.2,2.812,18.167,1800.0,14050.0,2403.0,17140.0,1901.0,961.0,94.61,67.1,491.0,24.65
2020-01-09,1554.3,2.802,17.936,1803.5,14085.0,2377.0,17250.0,1929.0,973.6,93.57,68.95,491.0,24.6
2020-01-10,1560.1,2.8135,,1806.0,14190.0,2378.0,17225.0,1932.0,984.3,93.56,70.9,497.0,24.6
2020-01-12,,,,,,,,,981.75,,,,
2020-01-13,1550.6,2.861,17.996,1798.0,14095.0,2378.0,17375.0,1916.0,980.6,94.03,72.25,495.0,24.6
2020-01-14,1544.6,2.8735,17.742,1809.0,13870.0,2373.5,17430.0,1948.0,989.25,94.83,70.8,498.0,24.6
2020-01-15,1554.0,2.866,17.988,1801.0,14320.0,2385.0,17450.0,1999.0,1031.5,94.59,70.5,493.0,24.6
2020-01-16,1550.5,2.847,17.939,1812.0,13775.0,2422.0,17670.0,2002.0,1015.3,94.55,70.45,497.0,24.55
2020-01-17,1560.3,2.8455,,1805.0,13910.0,2429.5,17810.0,1976.0,1027.05,94.81,70.0,498.0,24.6
2020-01-19,,2.851,,,,,,,1030.5,,,,
2020-01-20,1557.9,2.844,,1812.0,14020.0,2444.0,17850.0,1961.0,1026.3,,69.9,499.0,
2020-01-21,1557.9,2.7935,17.808,1824.5,13665.0,2454.5,17575.0,1961.0,1000.8,94.8,69.05,499.0,24.55
2020-01-22,1556.7,2.765,17.828,1811.0,13640.0,2396.0,17425.0,1986.0,1022.6,94.76,67.9,492.0,24.55
2020-01-23,1565.4,2.726,17.829,1795.0,13350.0,2344.0,17030.0,1967.0,1009.05,94.4,69.1,492.0,24.45
2020-01-24,1571.9,2.684,,1781.0,12950.0,2341.0,16850.0,1940.0,1010.25,94.35,69.1,494.5,24.45
2020-01-26,,,,,,,,,1004.05,,,,
2020-01-27,1577.4,2.5965,18.056,1764.0,12615.0,2240.0,16270.0,1892.0,991.3,94.01,69.1,493.0,24.4
2020-01-28,1569.8,2.5795,17.458,1752.0,12550.0,2230.0,16325.0,1890.0,990.7,93.6,68.35,483.0,24.5
2020-01-29,1570.4,2.554,17.487,1737.0,12550.0,2211.0,16200.0,1834.0,982.5,93.34,68.6,485.0,24.5
2020-01-30,1586.5,2.5275,18.032,1731.0,12620.0,2188.0,16025.0,1825.0,981.85,92.9,68.65,492.0,24.65
2020-01-31,1584.9,2.52,,1722.0,12850.0,2200.0,16375.0,1879.0,962.65,92.44,68.5,494.29,24.8
2020-02-02,,,,,,,,,968.25,,,,
2020-02-03,1579.5,2.5105,17.712,1686.5,12725.0,2146.0,16205.0,1825.0,971.3,78.33,66.3,472.5,24.8
2020-02-04,1552.7,2.5455,17.6,1686.0,12830.0,2166.5,16325.0,1825.0,966.65,81.63,68.55,467.0,24.85
2020-02-05,1560.1,2.5785,17.643,1717.0,13160.0,2213.0,16570.0,1820.0,984.2,79.87,69.3,470.0,24.85
2020-02-06,1567.2,2.5965,17.857,1737.0,13060.0,2207.0,16700.0,1844.0,968.9,80.96,69.7,470.0,24.85
2020-02-07,1570.6,2.557,,1726.0,12770.0,2145.0,16175.0,1817.0,970.15,81.65,68.5,470.0,24.85
2020-02-09,,,,,,,,,970.0,,,,
2020-02-10,1576.6,2.5545,17.826,1702.0,12885.0,2134.0,16325.0,1796.0,965.45,81.25,68.1,467.0,24.6
2020-02-11,1567.2,2.5875,17.638,1734.0,13110.0,2148.0,16475.0,1850.0,971.75,83.36,68.95,467.0,24.6
2020-02-12,1568.8,2.6055,17.537,1737.0,13100.0,2148.0,16500.0,1854.0,963.95,84.47,68.9,465.0,24.5
2020-02-13,1576.3,2.6175,17.66,1748.0,13285.0,2175.0,16590.0,1892.0,972.0,85.14,69.1,465.0,24.5
2020-02-14,1583.8,2.604,,1722.0,13015.0,2149.0,16525.0,1873.0,967.4,84.86,69.45,465.0,24.55
2020-02-16,,2.607,,,,,,,969.35,,,,
2020-02-17,1603.6,2.62,,1721.0,13110.0,2172.0,16600.0,1873.0,973.1,,69.1,465.0,
2020-02-18,1601.0,2.6085,18.192,1720.0,12820.0,2145.0,16500.0,1898.0,995.8,85.43,68.4,465.0,24.6
2020-02-19,1608.8,2.6105,18.359,1720.0,12830.0,2128.0,16525.0,1883.0,1010.85,85.7,68.2,459.0,24.6
2020-02-20,1617.4,2.5925,18.367,1711.0,12670.0,2112.0,16575.0,1867.5,986.05,86.15,68.6,465.0,24.55
2020-02-21,1645.1,2.6125,,1713.5,12530.0,2115.0,16630.0,1831.0,976.75,86.42,67.9,463.0,24.55
2020-02-23,,,,,,,,,977.45,,,,
2020-02-24,1673.5,2.5815,18.923,1699.0,12430.0,2046.0,16550.0,1820.0,966.15,86.56,68.0,463.0,24.6
2020-02-25,1647.0,2.5805,18.229,1703.0,12450.0,2029.0,16725.0,1858.0,935.7,86.73,67.9,466.0,24.85
2020-02-26,1640.4,2.5735,17.874,1696.0,12550.0,2046.0,16680.0,1817.0,911.4,86.67,67.75,466.0,24.85
2020-02-27,1642.5,2.5715,17.735,1690.0,12375.0,2012.0,16345.0,1808.5,903.65,86.58,67.9,466.0,24.85
2020-02-28,1566.7,2.54,,1694.5,12255.0,2021.5,16290.0,1848.0,866.35,86.46,67.4,464.7,24.9
2020-03-01,,,,,,,,,852.95,,,,
2020-03-02,1594.8,2.595,16.739,1717.0,12700.0,2023.0,16625.0,1847.0,868.8,87.1,66.35,458.0,24.75
2020-03-03,1644.4,2.573,17.188,1722.0,12560.0,1975.5,16750.0,1841.5,878.25,87.14,66.2,458.0,24.75
2020-03-04,1643.0,2.586,17.246,1726.0,12680.0,1982.0,16925.0,1820.0,875.7,89.63,65.75,456.0,24.6
2020-03-05,1668.0,2.573,17.393,1720.0,12890.0,2011.0,17025.0,1835.0,872.95,90.12,66.4,456.0,24.45
2020-03-06,1672.4,2.5605,,1685.0,12840.0,1984.0,16875.0,1853.0,904.35,89.18,65.9,456.0,24.35
2020-03-08,,,,,,,,,899.7,,,,
2020-03-09,1675.7,2.5105,17.054,1687.0,12650.0,1979.0,16700.0,1799.0,872.2,88.07,65.15,455.0,24.4
2020-03-10,1660.3,2.5215,16.955,1697.0,12680.0,1976.0,16875.0,1795.0,873.5,90.15,65.3,455.0,24.2
2020-03-11,1642.3,2.502,16.776,1675.0,12420.0,1987.0,16700.0,1765.0,863.2,89.59,65.65,455.0,24.25
2020-03-12,1590.3,2.4725,16.005,1656.0,11830.0,1938.0,16100.0,1773.0,762.65,89.48,65.4,455.0,24.1
2020-03-13,1516.7,2.464,,1680.5,12320.0,1985.0,15950.0,1744.0,763.3,90.13,65.8,455.0,23.95
2020-03-15,,,,,,,,,757.9,,,,
2020-03-16,1486.5,2.3925,12.816,1675.0,11935.0,1942.0,15300.0,1727.0,666.15,89.99,65.55,455.0,23.9
2020-03-17,1525.8,2.3135,12.495,1651.5,11780.0,1871.0,14250.0,1619.0,669.0,89.95,66.05,455.0,24.0
2020-03-18,1477.9,2.151,11.772,1650.0,11395.0,1846.0,13575.0,1679.5,642.1,90.44,66.1,455.0,24.0
2020-03-19,1479.3,2.1855,12.134,1630.0,11250.0,1847.0,13900.0,1625.5,595.2,89.97,66.15,455.0,24.0
2020-03-20,1484.6,2.1715,,1582.0,11225.0,1848.0,13950.0,1659.0,611.4,89.57,66.3,455.0,24.0
2020-03-22,,,,,,,,,606.0,,,,
2020-03-23,1567.6,2.1005,13.261,1561.0,10880.0,1818.5,13250.0,1613.5,665.15,88.55,66.05,455.0,24.15
2020-03-24,1660.8,2.18,14.257,1547.5,11258.0,1815.5,13400.0,1585.5,734.6,88.46,66.5,450.0,25.35
2020-03-25,1633.4,2.204,14.873,1537.5,11289.0,1836.0,14299.0,1644.5,733.6,88.77,66.35,446.0,25.35
2020-03-26,1651.2,2.178,14.676,1536.0,11211.0,1860.0,14268.0,1685.0,741.15,88.6,66.5,446.0,26.35
2020-03-27,1625.0,2.172,,1545.5,11355.0,1878.0,14260.0,1704.5,738.4,88.49,66.65,446.0,26.7
2020-03-29,,,,,,,,,741.9,,,,
2020-03-30,1637.1,2.1605,14.156,1530.5,11320.0,1872.0,14500.0,1704.0,723.7,88.22,69.0,446.0,27.2
2020-03-31,1589.3,2.232,14.18,1526.0,11484.0,1905.5,14602.0,1741.5,718.65,88.02,67.85,444.73,27.4
2020-04-01,1584.1,2.179,14.008,1499.5,11261.0,1870.5,14345.0,1719.5,719.1,80.34,66.7,378.0,27.45
2020-04-02,1630.7,2.222,14.678,1491.0,11313.0,1887.5,14375.0,1698.5,729.15,81.73,66.2,378.0,27.55
2020-04-03,1637.6,2.1955,,1481.5,11239.0,1882.0,14123.0,1656.5,724.6,82.38,66.05,380.0,27.75
2020-04-05,,,,,,,,,724.7,,,,
2020-04-06,1684.0,2.221,15.193,1472.0,11289.0,1904.5,14280.0,1674.0,746.45,82.49,64.15,380.0,27.75
2020-04-07,1672.6,2.277,15.504,1477.5,11471.0,1924.0,14621.0,1736.5,738.7,81.9,63.8,380.0,28.95
2020-04-08,1674.1,2.2665,15.229,1465.5,11507.0,1923.0,14397.0,1718.5,736.45,82.87,62.65,380.0,29.25
2020-04-09,1739.9,2.268,,1479.5,11672.0,1901.0,14958.0,1722.5,751.5,83.35,63.6,380.0,29.55
2020-04-10,,2.27,,,,,,,751.8,,,,
2020-04-12,,,,,,,,,749.0,,,,
2020-04-13,1749.8,2.3125,15.561,,,,,,754.3,83.84,63.6,,29.75
2020-04-14,1759.1,2.338,16.154,1503.5,11889.0,1922.5,15457.0,1695.5,819.2,84.25,62.75,380.0,30.95
2020-04-15,1729.6,2.304,15.529,1507.5,11773.0,1931.0,15093.0,1701.0,801.45,84.22,62.25,412.0,31.7
2020-04-16,1722.7,2.302,15.646,1512.5,11764.0,1938.0,14960.0,1694.0,805.5,84.04,61.9,409.0,32.35
2020-04-17,1690.8,2.354,,1507.0,12042.0,1958.0,15070.0,1674.5,791.25,84.17,62.0,405.0,31.65
2020-04-19,,,,,,,,,786.45,,,,
2020-04-20,1703.4,2.328,15.638,1503.0,12514.0,1947.0,15215.0,1689.0,788.6,84.43,61.5,399.5,31.75
2020-04-21,1678.3,2.249,14.9,1490.5,12197.0,1911.0,14760.0,1665.5,757.9,83.92,61.25,394.0,31.75
2020-04-22,1727.4,2.3015,15.359,1515.0,12015.0,1895.5,14860.0,1667.5,768.9,84.13,61.15,394.5,31.9
2020-04-23,1733.4,2.3145,15.381,1510.0,12169.0,1872.5,15000.0,1647.0,791.3,84.04,60.95,395.0,32.05
2020-04-24,1724.2,2.3375,,1514.0,12246.0,1883.0,14890.0,1616.5,781.25,83.98,61.1,399.0,32.1
2020-04-26,,,,,,,,,780.1,,,,
2020-04-27,1712.6,2.3475,15.299,1507.0,12244.0,1905.0,15460.0,1635.5,776.65,83.96,50.5,399.0,32.25
2020-04-28,1710.6,2.348,15.26,1504.5,12294.0,1930.5,15345.0,1643.0,794.3,83.88,51.25,402.0,33.4
2020-04-29,1713.4,2.3705,15.315,1506.0,12315.0,1946.5,15305.0,1651.5,810.65,83.83,51.25,400.0,33.55
2020-04-30,1694.2,2.344,14.973,1494.5,12192.0,1939.5,15197.0,1635.5,805.5,83.84,52.35,402.05,33.5
2020-05-01,1700.9,2.312,,1487.0,11955.0,1913.5,15000.0,1629.0,778.6,82.5,51.25,397.5,34.15
2020-05-03,,,,,,,,,768.35,,,,
2020-05-04,1713.3,2.3125,14.796,1483.0,11812.0,1899.5,15085.0,1630.0,780.3,82.15,50.6,397.5,34.15
2020-05-05,1710.6,2.3325,15.11,1484.5,12002.0,1918.0,15200.0,1632.0,781.55,83.06,50.5,397.5,34.15
2020-05-06,1688.5,2.347,15.015,1479.5,12303.0,1975.0,15200.0,1630.0,764.75,83.29,51.2,402.0,34.15
2020-05-07,1725.8,2.3805,15.59,1485.0,12330.0,2003.5,15225.0,1644.0,781.5,85.93,51.15,404.5,34.0
2020-05-08,1713.9,2.406,,,,,,,791.05,86.84,51.15,,33.9
2020-05-10,,,,,,,,,796.2,,,,
2020-05-11,1698.0,2.38,15.68,1497.5,12354.0,2028.5,15240.0,1671.5,781.0,86.69,51.7,409.5,33.8
2020-05-12,1706.8,2.359,15.709,1477.5,12324.0,2005.0,15220.0,1638.0,768.2,87.81,52.0,409.0,33.7
2020-05-13,1716.4,2.346,15.671,1480.0,12254.0,1975.0,15170.0,1599.5,776.45,88.35,52.4,407.0,33.55
2020-05-14,1740.9,2.346,16.156,1475.0,12072.0,1957.0,15030.0,1619.0,785.6,88.74,51.75,405.0,33.45
2020-05-15,1756.3,2.3305,,1462.0,11855.0,1961.5,14965.0,1600.0,821.45,89.5,50.95,405.0,33.55
2020-05-17,,,,,,,,,841.3,,,,
2020-05-18,1734.4,2.404,17.468,1496.0,12250.0,2024.0,15282.0,1664.5,862.5,91.49,51.4,405.0,33.55
2020-05-19,1745.6,2.418,17.901,1492.0,12453.0,2033.5,15360.0,1682.5,893.55,90.65,51.8,407.0,33.6
2020-05-20,1752.1,2.46,18.031,1512.5,12667.0,2036.5,15459.0,1697.0,931.75,91.13,52.05,415.5,33.9
2020-05-21,1721.9,2.432,17.364,1521.0,12778.0,1983.5,15500.0,1656.0,869.3,91.2,51.9,414.0,34.05
2020-05-22,1735.5,2.3865,,1506.5,12250.0,1985.5,15355.0,1645.5,886.6,91.42,51.95,413.0,34.1
2020-05-24,,2.397,,,,,,,885.5,,,,
2020-05-25,1705.6,2.406,,,,,,,895.1,,51.95,,
2020-05-26,1705.6,2.4185,17.595,1519.5,12341.0,1982.0,15429.0,1686.5,869.9,91.64,52.4,410.5,34.3
2020-05-27,1710.7,2.382,17.757,1525.0,12116.0,1920.5,15300.0,1638.0,879.3,91.81,52.5,410.5,34.05
2020-05-28,1719.8,2.4215,18.009,1537.0,12246.0,1934.5,15515.0,1631.0,863.45,92.05,52.25,411.0,34.2
2020-05-29,1742.9,2.4345,,1548.0,12324.0,1988.0,15405.0,1673.5,873.1,92.54,52.0,411.22,34.05
2020-05-31,,,,,,,,,877.2,,,,
2020-06-01,1743.3,2.478,18.869,1537.0,12626.0,2022.0,15690.0,1679.5,900.3,99.16,55.65,436.0,33.6
2020-06-02,1728.9,2.4985,18.315,1547.0,12853.0,2019.5,16009.0,1719.5,872.7,100.67,55.55,438.0,33.5
2020-06-03,1701.0,2.495,18.013,1568.5,12867.0,2021.5,16001.0,1722.0,858.15,100.4,55.8,432.5,33.45
2020-06-04,1721.8,2.4965,18.116,1570.5,12773.0,2033.0,16070.0,1741.0,866.15,98.85,55.2,427.5,33.2
2020-06-05,1678.5,2.563,,1591.5,12991.0,2052.5,16550.0,1775.5,834.5,100.26,55.6,427.5,33.1
2020-06-07,,,,,,,,,835.8,,,,
2020-06-08,1699.9,2.574,17.995,1605.0,13064.0,2042.0,16665.0,1759.5,864.05,103.41,54.85,433.0,33.05
2020-06-09,1717.0,2.607,17.896,1605.5,12913.0,2017.5,16922.0,1764.5,859.95,102.98,53.7,438.5,33.2
2020-06-10,1715.5,2.6655,17.884,1627.5,13007.0,2020.5,17190.0,1751.5,850.0,102.89,53.05,438.5,33.2
2020-06-11,1734.7,2.5955,17.97,1601.5,12656.0,2007.0,16918.0,1740.5,812.55,102.75,52.9,433.0,33.2
2020-06-12,1732.0,2.6105,,1585.0,12665.0,1977.0,17120.0,1757.5,820.4,103.59,53.0,438.0,33.05
2020-06-14,,,,,,,,,816.8,,,,
2020-06-15,1721.8,2.5785,17.484,1577.0,12741.0,1982.5,16845.0,1738.0,831.05,103.07,53.4,436.0,32.85
2020-06-16,1731.5,2.577,17.735,1597.5,13024.0,1995.5,16920.0,1761.5,841.25,103.46,53.35,437.5,33.0
2020-06-17,1730.3,2.601,17.86,1607.5,12871.0,2019.5,16990.0,1794.0,833.8,103.18,53.35,434.0,32.8
2020-06-18,1726.0,2.6015,17.601,1606.5,12894.0,2052.0,16885.0,1810.0,814.7,103.05,52.95,432.0,33.05
2020-06-19,1747.1,2.621,,1592.0,12769.0,2082.0,16885.0,1778.5,824.6,103.04,53.1,434.0,32.85
2020-06-21,,,,,,,,,826.75,,,,
2020-06-22,1758.4,2.6575,17.992,1603.0,12647.0,2087.5,16859.0,1777.5,844.5,102.93,53.1,433.0,32.85
2020-06-23,1774.1,2.664,18.155,1595.0,12721.0,2040.0,16896.0,1747.0,843.85,102.85,53.0,434.5,32.85
2020-06-24,1768.1,2.654,17.734,1576.0,12547.0,2036.5,16655.0,1762.0,796.95,103.12,52.85,436.0,32.85
2020-06-25,1763.1,2.6725,17.968,1570.0,12440.0,2050.0,16580.0,1786.0,809.4,103.08,53.25,432.0,32.9
2020-06-26,1773.3,2.6715,,1601.5,12684.0,2038.5,16815.0,1786.0,804.0,103.23,53.5,435.0,32.85
2020-06-28,,,,,,,,,815.5,,,,
2020-06-29,1781.2,2.6925,18.064,1609.0,12806.0,2061.5,16775.0,1801.5,832.3,103.06,52.7,434.0,32.9
2020-06-30,1800.5,2.7285,18.637,1619.5,12805.0,2047.5,16722.0,1774.0,852.6,102.95,52.15,435.55,32.55
2020-07-01,1779.9,2.734,18.218,1621.0,12847.0,2041.5,16750.0,1772.0,836.45,98.01,51.6,438.0,32.55
2020-07-02,1790.0,2.7485,18.322,1621.0,12947.0,2044.5,16830.0,1782.0,827.65,98.94,52.6,438.5,32.65
2020-07-03,1793.5,2.699,,1614.0,12996.0,2026.0,16840.0,1780.0,825.8,,52.45,438.5,
2020-07-05,,,,,,,,,826.75,,,,
2020-07-06,1793.5,2.7745,18.582,1634.5,13336.0,2063.0,17010.0,1797.0,842.6,101.54,52.65,438.5,32.75
2020-07-07,1809.9,2.797,18.699,1634.0,13469.0,2070.0,16970.0,1828.5,861.6,103.04,53.0,438.0,32.75
2020-07-08,1820.6,2.824,19.161,1665.0,13493.0,2131.0,17075.0,1813.0,881.7,105.03,52.55,440.0,32.8
2020-07-09,1803.8,2.8385,18.962,1664.0,13249.0,2156.0,17340.0,1838.5,853.55,104.61,52.4,446.0,33.0
2020-07-10,1801.9,2.8975,,1688.5,13515.0,2193.5,17310.0,1854.5,841.5,105.59,52.4,443.0,32.8
2020-07-12,,,,,,,,,844.8,,,,
2020-07-13,1814.1,2.955,19.788,1690.0,13711.0,2261.5,17435.0,1881.5,849.9,106.93,52.2,446.0,32.8
2020-07-14,1813.4,2.9325,19.53,1688.5,13585.0,2194.5,17310.0,1849.0,843.85,107.45,52.5,454.5,32.7
2020-07-15,1813.8,2.885,19.761,1683.5,13528.0,2200.5,17280.0,1844.5,846.35,107.57,52.6,454.0,32.7
2020-07-16,1800.3,2.9015,19.573,1670.5,13459.0,2225.5,17370.0,1848.5,833.7,107.2,52.35,456.5,32.6
2020-07-17,1810.0,2.9045,,1661.5,13220.0,2182.5,17330.0,1815.0,850.9,107.22,52.2,458.0,32.5
2020-07-19,,,,,,,,,851.8,,,,
2020-07-20,1817.4,2.9155,20.192,1664.5,13236.0,2200.5,17360.0,1840.5,862.8,107.18,52.0,462.0,32.5
2020-07-21,1843.9,2.958,21.557,1696.5,13466.0,2245.0,17565.0,1848.0,926.85,107.58,52.05,461.5,32.6
2020-07-22,1865.1,2.9245,23.144,1691.0,13136.0,2213.0,17581.0,1805.5,962.4,108.04,52.1,457.5,32.65
2020-07-23,1890.0,2.9385,22.988,1701.0,13689.0,2239.5,17813.0,1826.0,949.55,107.78,51.95,463.0,31.65
2020-07-24,1897.5,2.8925,,1700.0,13656.0,2218.0,17657.0,1818.0,955.35,107.69,52.0,457.5,31.65
2020-07-26,,,,,,,,,966.15,,,,
2020-07-27,1931.0,2.8975,24.501,1708.0,13719.0,2237.0,18035.0,1850.5,995.9,107.46,52.25,458.0,31.9
2020-07-28,1944.6,2.9175,24.3,1724.0,13660.0,2246.5,17993.0,1868.0,987.65,107.72,51.8,459.5,31.7
2020-07-29,1953.4,2.919,24.321,1725.0,13876.0,2297.0,17930.0,1873.0,959.35,107.88,51.8,461.5,31.7
2020-07-30,1949.5,2.922,23.45,1720.0,13726.0,2286.5,17805.0,1873.0,920.55,108.05,51.9,460.0,31.6
2020-07-31,1968.0,2.877,,1713.5,13786.0,2318.5,17897.0,1879.5,919.7,108.9,51.95,457.62,31.35
2020-08-03,1969.5,2.9205,24.505,1752.0,13945.0,2324.0,18013.0,1869.0,938.0,114.21,52.6,497.5,31.4
2020-08-04,2004.2,2.903,26.091,1770.0,14113.0,2339.5,17770.0,1881.5,961.0,115.55,52.45,500.0,32.3
2020-08-05,2032.9,2.925,26.953,1767.0,14419.0,2409.0,17885.0,1933.0,994.9,116.27,51.6,499.0,32.25
2020-08-06,2054.6,2.919,28.47,1777.5,14478.0,2412.0,17840.0,1966.0,1020.8,118.89,50.2,500.0,32.25
2020-08-07,2014.3,2.802,,1771.0,14380.0,2404.0,17771.0,1915.5,977.4,118.07,51.2,503.0,32.25
2020-08-10,2027.3,2.8705,29.311,1786.0,14286.0,2397.0,17716.0,1899.0,1009.4,118.34,50.5,506.5,32.25
2020-08-11,1935.7,2.884,26.1,1786.0,14350.0,2410.0,17690.0,1960.5,978.4,119.28,49.9,502.5,32.2
2020-08-12,1937.5,2.899,26.023,1787.0,14258.0,2401.0,17580.0,1957.5,966.1,120.19,49.5,501.0,32.1
2020-08-13,1959.3,2.816,27.762,1763.5,14101.0,2375.0,17500.0,1943.5,989.9,119.86,49.9,501.5,32.0
2020-08-14,1938.8,2.868,,1746.0,14366.0,2367.5,17600.0,1950.5,965.8,120.14,50.4,501.5,31.6
2020-08-17,1987.1,2.909,27.717,1756.0,14599.0,2442.0,17321.0,1971.0,974.5,120.46,50.45,500.5,31.45
2020-08-18,2001.6,2.9805,28.115,1773.5,14675.0,2458.5,17600.0,1988.0,982.1,122.75,50.45,503.5,31.2
2020-08-19,1960.5,3.028,27.385,1793.5,14725.0,2505.0,17640.0,2012.0,962.7,122.47,50.25,504.5,31.0
2020-08-20,1935.4,2.981,27.192,1789.5,14647.0,2489.0,17570.0,1995.0,933.7,123.74,50.1,504.0,31.05
2020-08-21,1936.0,2.924,,1765.0,14691.0,2456.0,17570.0,1972.5,932.8,122.79,49.8,505.5,30.8
2020-08-24,1928.6,2.9325,26.661,1770.5,14926.0,2445.5,17310.0,1979.5,931.7,122.57,49.7,505.5,30.85
2020-08-25,1912.5,2.9415,26.328,1775.5,14976.0,2482.0,17360.0,1993.5,941.4,122.34,49.75,504.0,30.8
2020-08-26,1941.7,2.9685,27.514,1780.0,15159.0,2467.0,17550.0,1977.5,947.3,122.46,49.7,503.5,30.8
2020-08-27,1922.3,2.9755,27.09,1781.0,15191.0,2485.5,17810.0,1982.0,930.1,122.39,49.8,502.0,30.75
2020-08-28,1966.8,3.012,,1800.0,15367.0,2515.0,17850.0,1972.5,949.1,122.45,49.75,501.0,30.6
2020-08-31,1970.5,3.0555,28.53,,,,,,947.4,122.53,51.95,,30.95
2020-09-01,1970.8,3.0225,28.575,1816.5,15534.0,2553.0,18186.0,1972.0,961.4,123.68,51.4,519.0,
2020-09-02,1936.9,3.015,27.343,1786.0,15706.0,2533.5,18348.0,1938.0,912.3,126.06,50.6,521.0,
2020-09-03,1930.2,2.9695,26.828,1780.0,15095.0,2514.0,18225.0,1944.0,897.0,128.38,49.7,525.0,
2020-09-04,1926.2,3.056,,1786.5,15293.0,2483.0,18250.0,1972.0,905.3,127.53,49.0,527.0,
2020-09-06,,3.0745,,,,,,,903.0,,,,
2020-09-07,1943.2,3.0697,,1797.5,15186.0,2509.5,18330.0,1971.0,912.35,,48.5,524.5,
2020-09-08,1935.1,3.02,26.947,1792.0,14888.0,2417.0,18046.0,1903.5,917.5,128.03,48.75,518.0,
2020-09-09,1946.8,3.046,27.041,1784.0,14921.0,2423.0,18015.0,1894.5,930.7,126.78,48.8,517.5,
2020-09-10,1956.0,2.9925,27.249,1789.5,14832.0,2416.5,18000.0,1882.5,947.2,126.77,49.75,516.0,
2020-09-11,1939.5,3.036,,1775.0,15094.0,2471.0,18102.0,1889.5,946.0,127.43,50.75,517.5,
2020-09-14,1954.7,3.065,27.31,1800.5,15274.0,2480.5,18155.0,1927.0,965.4,128.86,50.75,518.0,
2020-09-15,1958.0,3.061,27.429,1789.5,15198.0,2496.5,18209.0,1908.0,989.1,128.01,51.0,508.0,
2020-09-16,1962.0,3.0585,27.443,1795.5,15226.0,2528.0,18275.0,1894.0,980.4,126.01,51.5,509.5,
2020-09-17,1941.3,3.0685,27.066,1781.0,15084.0,2514.0,18190.0,1910.0,938.7,126.59,51.9,509.0,
2020-09-18,1953.2,3.114,,1792.5,14904.0,2538.0,18115.0,1913.0,946.1,127.09,52.05,514.0,
2020-09-21,1902.1,3.0315,24.356,1779.5,14541.0,2458.5,18100.0,1888.5,884.7,126.01,52.45,505.0,
2020-09-22,1899.3,3.06,24.488,1776.5,14606.0,2464.5,18250.0,1884.0,866.2,125.73,52.7,506.0,
2020-09-23,1860.5,2.9925,23.069,1754.5,14431.0,2404.0,17850.0,1877.0,850.8,124.79,52.75,510.5,
2020-09-24,1868.9,2.9675,23.162,1740.0,14262.0,2370.0,17281.0,1856.0,845.3,123.97,52.8,509.0,
2020-09-25,1857.8,2.9715,,1748.5,14264.0,2369.0,17185.0,1834.5,849.2,123.81,52.8,508.5,
2020-09-28,1872.8,2.988,23.572,1775.0,14504.0,2432.0,17344.0,1834.0,888.2,124.21,59.0,509.5,
2020-09-29,1898.7,2.99,24.445,1783.0,14456.0,2424.5,17459.0,1844.5,897.7,124.02,58.65,508.0,29.9
2020-09-30,1891.3,3.0325,23.494,1765.0,14517.0,2403.0,17494.0,1824.5,909.2,123.98,58.6,511.14,29.9
2020-10-01,1912.3,2.8655,24.254,1739.5,14343.0,2326.5,17302.0,1807.5,906.0,121.43,58.6,496.0,29.9
2020-10-02,1903.8,2.9775,,1768.0,14418.0,2327.0,17815.0,1771.5,891.4,120.6,57.55,491.5,29.85
2020-10-05,1916.1,2.963,24.56,1776.0,14644.0,2326.5,18070.0,1756.5,904.7,121.03,58.1,493.0,29.85
2020-10-06,1904.8,2.9635,23.921,1765.0,14520.0,2363.0,18180.0,1780.5,870.3,121.84,58.1,495.5,29.85
2020-10-07,1886.8,3.033,23.896,1783.5,14604.0,2357.0,18110.0,1802.5,866.8,121.91,58.0,498.0,29.8
2020-10-08,1891.0,3.042,23.876,1804.5,14662.0,2365.0,18137.0,1792.0,864.0,122.46,58.0,498.5,
2020-10-09,1921.9,3.0825,,1841.5,15221.0,2434.0,18270.0,1808.5,894.3,123.49,57.4,506.5,
2020-10-12,1924.3,3.064,25.271,1855.5,15162.0,2440.0,18245.0,1845.5,876.3,123.25,56.85,506.5,
2020-10-13,1890.2,3.0445,24.129,1858.0,15040.0,2417.0,18255.0,1801.5,873.3,122.43,54.7,506.0,
2020-10-14,1903.1,3.0505,24.395,1852.0,15341.0,2417.0,18300.0,1795.5,863.4,121.48,55.4,505.0,
2020-10-15,1904.9,3.0855,24.224,1852.0,15422.0,2425.5,18355.0,1772.5,861.3,121.13,55.7,504.5,
2020-10-16,1902.4,3.0675,,1870.5,15652.0,2436.0,18320.0,1752.0,869.3,121.44,56.3,505.0,
2020-10-19,1907.7,3.086,24.698,1853.5,15684.0,2491.0,18640.0,1759.0,863.5,121.53,57.3,504.5,
2020-10-20,1911.6,3.148,24.98,1834.5,16023.0,2529.5,18670.0,1765.5,877.3,121.51,57.8,505.0,
2020-10-21,1925.7,3.1985,25.241,1843.5,15886.0,2568.5,18745.0,1810.5,893.9,121.56,57.75,506.5,
2020-10-22,1901.6,3.1535,24.709,1846.5,15817.0,2578.5,18685.0,1811.0,884.0,121.34,58.0,506.0,
2020-10-23,1902.3,3.129,,1842.5,15712.0,2558.5,18405.0,1786.0,906.7,121.02,58.0,506.5,
2020-10-26,1903.1,3.0895,24.42,1827.5,15657.0,2539.5,18050.0,1780.5,877.4,120.75,58.0,508.5,
2020-10-27,1909.2,3.0935,24.57,1822.0,15906.0,2545.0,18072.0,1777.0,886.8,120.63,58.15,508.0,29.4
2020-10-28,1876.5,3.064,23.359,1809.5,15733.0,2529.0,17929.0,1793.5,875.0,120.45,58.2,508.5,29.4
2020-10-29,1868.0,3.06,23.408,1803.0,15532.0,2531.5,17822.0,1840.5,853.8,120.28,58.2,509.0,29.35
2020-10-30,1879.9,3.0515,,1848.5,15156.0,2523.0,17725.0,1820.0,852.4,120.19,58.2,507.82,29.4
2020-11-02,1892.5,3.081,24.073,1866.0,15160.0,2540.5,17770.0,1798.0,863.3,117.69,59.9,527.0,29.85
2020-11-03,1910.4,3.0935,24.374,1905.5,15363.0,2566.5,18075.0,1810.0,877.8,116.47,60.55,523.0,29.55
2020-11-04,1896.2,3.1095,23.933,1908.5,15346.0,2593.5,18190.0,1842.0,873.2,116.84,60.6,524.0,29.6
2020-11-05,1946.8,3.1135,25.232,1897.5,15561.0,2615.5,18240.0,1847.5,902.8,116.92,61.45,531.0,29.65
2020-11-06,1951.7,3.157,,1901.5,15362.0,2634.5,18360.0,1842.5,902.8,117.63,61.65,538.5,29.85
2020-11-09,1854.4,3.1595,23.736,1893.5,15754.0,2641.5,18285.0,1833.0,870.4,119.84,62.05,546.5,29.5
2020-11-10,1876.4,3.1595,24.502,1908.0,15903.0,2645.0,18280.0,1850.0,896.3,120.3,62.3,538.0,29.5
2020-11-11,1861.6,3.1375,24.306,1918.0,15971.0,2624.0,18200.0,1874.5,871.8,121.59,62.3,546.0,29.45
2020-11-12,1873.3,3.148,24.35,1930.0,15936.0,2626.0,18300.0,1899.0,887.6,121.0,62.3,552.0,29.35
2020-11-13,1886.2,3.1805,,1932.0,15892.0,2629.0,18400.0,1893.0,900.0,120.8,62.25,557.0,29.15
2020-11-16,1887.8,3.225,24.837,1951.0,15894.0,2679.5,18755.0,1911.5,931.3,121.22,62.3,561.5,29.15
2020-11-17,1885.1,3.203,24.686,1977.5,15939.0,2689.5,19025.0,1940.5,940.8,122.0,62.4,562.0,29.0
2020-11-18,1873.9,3.2035,24.48,1998.0,15809.0,2747.0,18845.0,1948.5,953.7,122.29,62.45,555.5,29.0
2020-11-19,1861.5,3.2085,24.085,1992.5,15834.0,2759.0,18730.0,1978.5,954.5,122.84,62.65,549.5,28.95
2020-11-20,1872.4,3.2975,,1993.0,16151.0,2793.5,18795.0,2014.5,961.1,123.35,63.35,553.5,28.75
2020-11-23,1837.8,3.265,23.675,1973.5,15935.0,2729.5,18640.0,2010.5,935.9,123.18,63.4,552.5,29.3
2020-11-24,1804.6,3.3075,23.33,1986.5,16242.0,2757.0,18693.0,2022.5,962.8,123.4,63.5,551.0,29.15
2020-11-25,1805.5,3.318,23.387,1970.0,16058.0,2754.5,18736.0,2030.5,971.3,123.63,63.75,552.5,29.15
2020-11-26,1788.1,3.3478,,1976.0,16272.0,2760.5,18810.0,2034.0,965.05,,63.85,553.0,
2020-11-27,1784.8,3.412,,1998.5,16455.0,2795.0,18911.0,2099.0,970.3,124.25,63.9,549.0,29.2
2020-11-30,1778.0,3.4335,22.583,2045.0,16033.0,2790.5,18621.0,2070.0,970.5,124.62,70.3,549.14,29.15
2020-12-01,1816.6,3.48,24.08,2064.5,16278.0,2770.0,18895.0,2087.0,1008.3,130.81,70.05,596.5,30.15
2020-12-02,1827.6,3.4845,24.066,2055.0,16000.0,2747.5,18790.0,2058.0,1016.1,134.56,71.4,601.5,29.55
2020-12-03,1838.4,3.4865,24.12,2028.0,15954.0,2756.0,18895.0,2032.5,1042.0,135.66,73.55,604.0,29.5
2020-12-04,1837.5,3.521,,2044.0,16399.0,2757.0,18955.0,2027.5,1076.4,141.53,74.25,612.0,29.6
2020-12-07,1863.3,3.514,24.776,2017.0,16373.0,2786.5,19120.0,2076.0,1053.5,144.34,76.3,620.0,29.7
2020-12-08,1872.3,3.4965,24.711,1990.0,16398.0,2799.5,19175.0,2099.5,1041.0,145.04,75.95,621.5,29.75
2020-12-09,1836.1,3.5105,23.963,2035.0,16703.0,2855.5,19442.0,2109.0,1022.4,146.28,76.6,627.5,29.75
2020-12-10,1835.2,3.5725,24.073,2060.0,17430.0,2867.0,19465.0,2088.5,1031.7,150.7,77.5,632.0,29.75
2020-12-11,1841.4,3.526,,2022.5,17284.0,2795.0,19425.0,2062.5,1026.3,152.02,77.7,626.0,29.75
2020-12-14,1829.8,3.524,24.022,2047.0,17590.0,2836.0,19750.0,2029.0,1020.2,149.6,78.75,623.5,30.0
2020-12-15,1853.2,3.542,24.614,2029.5,17577.0,2814.5,19695.0,2052.0,1044.1,150.31,79.5,627.5,30.1
2020-12-16,1857.0,3.5575,25.018,2035.0,17411.0,2832.0,19925.0,2049.0,1040.7,150.75,79.25,628.5,30.1
2020-12-17,1887.9,3.6,26.15,2053.0,17442.9,2856.0,20000.0,2040.5,1055.8,151.37,79.5,628.5,30.1
2020-12-18,1886.5,3.63,,2056.5,17435.4,2872.5,20059.0,2039.5,1049.0,152.49,80.0,631.0,30.1
2020-12-21,1880.3,3.5755,26.34,2020.5,17285.5,2834.5,19950.0,1959.5,1021.7,155.11,79.85,634.0,30.25
2020-12-22,1867.7,3.519,25.5,1995.5,16655.8,2775.0,20000.0,1964.5,1015.8,154.49,80.0,635.0,30.3
2020-12-23,1875.6,3.555,25.885,2006.0,16805.7,2819.0,20033.0,1972.5,1023.9,154.5,79.85,638.0,30.35
2020-12-24,1880.7,3.5615,,2030.0,17020.6,2842.5,20185.0,1970.5,1035.0,155.02,79.85,638.5,30.35
2020-12-28,1877.9,3.57,26.51,,,,,,1049.1,155.35,85.35,,30.0
2020-12-29,1880.5,3.5535,26.183,1991.0,16828.2,2762.0,20386.0,1984.5,1060.7,155.57,84.2,637.0,30.7
2020-12-30,1893.4,3.549,26.573,1999.5,16705.8,2784.5,20335.0,1996.0,1078.5,155.7,81.6,638.0,30.7
2020-12-31,1895.1,3.519,,1979.5,16525.9,2751.0,20325.0,1994.0,1079.2,155.84,80.5,637.68,30.7
2021-01-01,,3.52,,,,,,,1079.5,,,,
2021-01-04,1946.6,3.5545,27.364,2031.5,17305.5,2792.0,21049.0,2051.5,1071.5,163.93,81.2,673.0,30.85
2021-01-05,1954.4,3.6395,27.64,2040.5,17672.8,2813.0,21185.0,2081.0,1119.6,166.08,80.35,677.0,30.65
2021-01-06,1908.6,3.6505,27.042,2038.5,17705.2,2860.0,21105.0,2062.5,1110.2,166.76,79.45,683.5,30.65
2021-01-07,1913.6,3.696,27.261,2036.5,18025.1,2888.0,21110.0,2035.0,1124.6,169.31,81.05,686.0,30.65
2021-01-08,1835.4,3.6735,,2021.5,17455.4,2813.5,21000.0,2001.5,1071.3,169.52,84.3,676.5,30.6
2021-01-11,1850.8,3.5645,25.284,2009.5,17135.6,2767.5,20700.0,1966.5,1044.6,168.99,84.5,656.0,30.6
2021-01-12,1844.2,3.6055,25.435,2019.5,17600.3,2778.0,20925.0,2021.0,1067.8,169.33,86.5,654.0,30.6
2021-01-13,1854.9,3.617,25.572,2013.0,17610.3,2773.5,21035.0,2051.0,1110.7,169.51,87.3,651.5,30.6
2021-01-14,1851.4,3.6645,25.802,2005.5,18299.9,2757.0,21007.0,2030.0,1126.4,169.8,87.25,655.0,30.6
2021-01-15,1829.9,3.602,,1991.0,17965.1,2699.0,21100.0,1997.5,1089.9,169.97,87.4,644.0,30.45
2021-01-17,,3.576,,,,,,,1072.3,,,,
2021-01-18,1840.2,3.6168,,1972.0,18035.0,2682.5,21235.0,1996.5,1098.1,,86.4,650.5,
2021-01-19,1840.2,3.6335,25.32,1964.0,18125.4,2686.0,21165.0,2015.0,1092.0,170.03,85.0,646.5,30.45
2021-01-20,1866.5,3.6415,25.766,1980.5,18130.9,2728.0,21633.0,2044.0,1116.4,169.85,85.5,645.0,30.45
2021-01-21,1865.9,3.6475,25.854,1997.5,18316.0,2709.0,22001.0,2040.5,1128.0,169.98,85.5,648.0,30.4
2021-01-22,1856.2,3.626,,1994.5,18141.9,2715.0,21960.0,2046.5,1111.6,169.82,85.9,648.5,30.35
2021-01-25,1855.2,3.6295,25.484,2012.0,18233.3,2705.5,22450.0,2047.0,1104.7,169.78,85.95,648.5,30.35
2021-01-26,1850.9,3.6195,25.538,2020.0,18031.8,2656.5,22850.0,2078.0,1107.4,169.52,86.0,649.0,30.4
2021-01-27,1844.9,3.5575,25.389,1992.0,17755.3,2583.5,22805.0,2045.0,1079.0,169.26,86.2,649.5,30.25
2021-01-28,1839.4,3.58,25.945,1984.5,17765.8,2592.5,22995.0,2032.5,1076.5,168.63,86.3,650.5,30.1
2021-01-29,1849.0,3.558,,1977.5,17616.6,2579.5,22779.0,2024.0,1083.4,168.13,86.2,649.4,30.1
2021-02-01,1862.2,3.5455,29.441,1969.0,17827.8,2570.5,23103.0,2036.5,1140.3,154.74,85.65,619.5,30.15
2021-02-02,1832.4,3.5245,26.426,1972.5,17663.6,2569.5,22990.0,2015.5,1097.8,148.42,85.0,615.0,30.0
2021-02-03,1833.8,3.5655,26.914,1973.5,17549.3,2615.0,22940.0,2035.0,1116.9,150.81,83.75,622.0,30.05
2021-02-04,1790.3,3.555,26.261,1993.5,17554.8,2627.0,22825.0,2044.0,1105.2,155.33,84.4,638.5,29.9
2021-02-05,1811.9,3.627,,2015.5,18039.5,2665.5,23123.0,2052.5,1136.1,153.9,86.65,645.0,29.85
2021-02-08,1833.0,3.6665,27.589,2028.0,18123.5,2651.0,23069.0,2073.5,1177.3,156.1,87.5,639.5,29.85
2021-02-09,1836.2,3.719,27.427,2054.0,18311.2,2695.5,23195.0,2078.5,1196.6,158.15,87.3,649.0,29.9
2021-02-10,1841.6,3.773,27.108,2079.0,18646.2,2725.0,23325.0,2095.5,1249.7,159.74,87.6,643.0,29.9
2021-02-11,1825.6,3.7735,27.072,2079.5,18536.9,2789.5,23300.0,2102.5,1249.8,160.08,87.4,641.5,29.9
2021-02-12,1822.0,3.7875,,2089.5,18542.5,2834.0,23650.0,2118.5,1261.5,159.65,87.45,654.5,29.85
2021-02-14,,3.8003,,,,,,,1271.45,,,,
2021-02-15,1799.0,3.8218,,2083.5,18539.1,2842.5,24385.0,2123.5,1318.75,,87.05,658.5,
2021-02-16,1797.9,3.8345,27.341,2086.5,18764.3,2827.5,24250.0,2106.5,1282.9,161.0,86.55,660.5,29.75
2021-02-17,1771.8,3.8235,27.335,2115.0,18714.9,2816.0,24570.0,2110.5,1261.4,161.99,86.0,656.5,29.7
2021-02-18,1774.0,3.905,27.098,2137.5,19142.4,2855.5,24925.0,2117.0,1278.3,164.59,85.75,656.5,29.1
2021-02-19,1776.3,4.077,,2131.5,19594.9,2881.0,26215.0,2164.5,1297.1,164.07,86.0,649.0,29.2
2021-02-22,1807.2,4.1465,28.111,2166.5,19441.8,2899.0,26615.0,2152.0,1286.4,163.87,85.75,648.0,29.15
2021-02-23,1804.8,4.185,27.717,2147.0,19332.5,2854.5,26520.0,2121.5,1244.1,164.16,85.5,645.0,28.75
2021-02-24,1796.6,4.3015,27.894,2184.5,19797.5,2846.5,26700.0,2124.0,1259.2,164.53,85.5,646.0,28.75
2021-02-25,1775.4,4.2635,27.685,2235.0,18834.2,2890.0,26840.0,2158.5,1235.7,165.02,85.5,649.0,28.6
2021-02-26,1728.8,4.0925,,2154.5,18490.1,2792.5,25664.0,2052.5,1189.3,165.61,85.1,649.05,28.45
2021-03-01,1723.0,4.113,26.678,2129.5,18591.6,2816.0,23460.0,2072.0,1195.1,171.74,85.6,694.0,28.15
2021-03-02,1733.6,4.222,26.879,2211.5,18652.1,2851.0,24300.0,2080.0,1218.6,173.16,87.5,697.0,28.0
2021-03-03,1715.8,4.142,26.387,2200.0,17204.0,2787.0,24100.0,2051.0,1186.6,174.12,87.95,712.0,27.75
2021-03-04,1700.7,3.9785,25.461,2153.5,15810.7,2748.5,23575.0,2015.0,1139.9,174.94,87.5,703.0,27.75
2021-03-05,1698.5,4.0755,,2176.0,16305.8,2773.5,24444.0,2002.0,1132.9,173.12,87.75,696.0,27.75
2021-03-08,1678.0,4.093,25.269,2171.0,16302.2,2782.0,24325.0,1978.5,1156.6,173.56,88.0,700.5,27.85
2021-03-09,1716.9,4.0085,26.183,2168.5,16082.8,2777.5,24435.0,1965.5,1180.0,168.43,88.5,692.0,27.7
2021-03-10,1721.8,4.0325,26.13,2168.0,16053.3,2764.0,25125.0,1946.5,1206.6,168.44,89.0,686.0,27.7
2021-03-11,1722.6,4.139,26.193,2178.0,16248.7,2823.0,25900.0,1942.5,1207.0,171.28,89.0,705.0,27.7
2021-03-12,1719.8,4.14,,2171.0,15940.6,2804.0,25600.0,1962.5,1204.4,168.26,90.0,705.0,27.7
2021-03-15,1729.2,4.1405,26.288,2218.0,16136.5,2858.5,25310.0,1963.5,1213.9,168.26,90.5,716.0,27.75
2021-03-16,1730.9,4.0715,26.003,2202.5,16067.1,2810.0,25000.0,1934.5,1223.4,168.26,90.5,721.0,29.35
2021-03-17,1727.1,4.119,26.058,2227.5,16127.4,2827.0,25740.0,1920.5,1203.6,168.21,90.75,723.0,30.05
2021-03-18,1732.5,4.108,26.351,2216.0,15958.3,2792.0,25835.0,1923.0,1221.6,168.21,91.0,724.0,29.95
2021-03-19,1741.7,4.113,,2265.5,16203.2,2837.0,25675.0,1958.5,1204.1,168.0,92.75,733.0,29.9
2021-03-22,1738.1,4.1395,25.769,2272.0,16389.2,2866.0,25800.0,1972.5,1188.1,167.37,94.0,727.5,30.05
2021-03-23,1725.1,4.0795,25.227,2219.5,15995.5,2838.5,25910.0,1949.0,1178.8,167.01,94.5,723.5,30.05
2021-03-24,1733.2,4.064,25.231,2258.0,16105.7,2800.5,25315.0,1939.5,1184.8,167.34,94.5,724.5,30.05
2021-03-25,1725.1,3.978,25.047,2246.0,16111.2,2771.0,25200.0,1920.5,1158.5,167.05,94.5,726.0,30.1
2021-03-26,1732.3,4.068,,2298.0,16326.2,2830.5,25575.0,1952.5,1181.7,166.89,93.95,727.5,30.5
2021-03-29,1712.2,4.0345,24.771,2266.0,16138.0,2829.5,25350.0,1956.5,1183.4,166.97,93.0,731.5,30.85
2021-03-30,1685.1,3.982,24.157,2231.0,15834.0,2810.0,25310.0,1971.0,1160.6,166.99,93.85,729.0,31.25
2021-03-31,1714.4,4.0,24.552,2212.0,16064.0,2818.5,25388.0,1974.5,1191.5,166.9,96.25,725.35,31.35
2021-04-01,1727.3,3.994,,2225.5,16154.3,2774.5,25123.0,1963.5,1208.6,163.68,96.5,802.0,31.3
2021-04-05,1727.7,4.1395,24.801,,,,,,1209.8,163.89,96.5,,31.3
2021-04-06,1742.0,4.118,25.247,2268.0,16660.7,2824.0,25815.0,1967.0,1240.5,166.98,94.85,819.0,31.15
2021-04-07,1740.5,4.0575,25.267,2260.0,16556.4,2832.5,25790.0,1993.5,1231.9,169.24,94.7,818.0,31.1
2021-04-08,1757.1,4.099,25.604,2282.5,16751.6,2854.5,25795.0,1983.0,1235.4,170.45,93.8,823.0,30.85
2021-04-09,1743.8,4.0445,,2264.0,16572.3,2829.5,25755.0,1978.5,1209.3,170.32,93.1,817.5,30.7
2021-04-12,1731.6,4.0225,24.882,2262.0,16099.5,2758.0,25567.0,1976.0,1174.8,171.03,93.3,825.0,30.2
2021-04-13,1746.5,4.0365,25.442,2293.0,16010.1,2785.5,25645.0,1986.5,1157.1,171.04,93.45,843.5,29.95
2021-04-14,1735.3,4.1315,25.539,2323.5,16305.1,2823.0,26217.0,1996.0,1177.4,171.42,93.4,843.5,30.05
2021-04-15,1765.8,4.223,25.979,2339.0,16260.6,2864.5,26359.0,2016.0,1200.2,173.01,93.5,853.0,29.8
2021-04-16,1779.3,4.172,,2315.0,16091.4,2856.0,26616.0,2046.0,1208.7,174.89,94.3,854.5,29.65
2021-04-19,1769.7,4.243,25.852,2330.0,16057.8,2846.0,26718.0,2056.5,1206.5,174.72,94.35,854.5,29.55
2021-04-20,1777.6,4.219,25.854,2309.5,15918.4,2814.0,26822.0,2030.0,1196.3,178.54,94.0,874.0,29.35
2021-04-21,1792.7,4.2845,26.586,2364.5,16163.6,2815.0,26939.0,2023.5,1214.7,176.2,93.75,872.0,29.25
2021-04-22,1781.5,4.278,26.2,2363.0,15924.3,2822.5,26785.0,2049.0,1208.5,176.35,93.95,868.0,29.05
2021-04-23,1777.3,4.34,,2364.5,16309.3,2852.0,26780.0,2058.0,1233.1,176.96,93.0,871.5,28.85
2021-04-26,1779.4,4.443,26.228,2403.5,16605.4,2915.0,27050.0,2078.5,1245.2,177.58,93.1,862.0,29.0
2021-04-27,1778.2,4.487,26.43,2396.0,16915.5,2925.5,27150.0,2090.0,1249.5,178.99,93.1,864.0,29.15
2021-04-28,1773.5,4.498,26.102,2399.5,17320.5,2919.5,28539.0,2102.5,1212.2,178.8,92.9,864.0,29.15
2021-04-29,1768.3,4.4865,26.085,2417.0,17221.1,2919.0,28475.0,2116.5,1201.1,179.31,92.9,865.5,29.25
2021-04-30,1767.7,4.468,,2397.0,17521.3,2926.0,28690.0,2152.0,1208.7,179.63,93.3,863.81,29.35
2021-05-03,1791.8,4.5285,26.96,,,,,,1233.6,185.04,92.8,,29.4
2021-05-04,1776.0,4.5215,26.558,2428.0,17593.2,2968.0,28990.0,2198.5,1235.3,189.72,93.0,947.5,30.95
2021-05-05,1784.3,4.524,26.522,2444.5,17818.5,2933.0,29686.0,2175.0,1232.3,190.41,93.8,950.0,30.75
2021-05-06,1815.7,4.6025,27.477,2488.5,17844.0,2943.5,30125.0,2218.0,1260.9,197.68,96.05,950.0,30.75
2021-05-07,1831.3,4.7485,,2540.0,17999.4,3015.0,29815.0,2236.5,1257.9,204.35,96.15,950.0,30.7
2021-05-10,1837.6,4.716,27.492,2531.0,17651.2,2991.5,29770.0,2212.5,1269.0,215.48,97.6,950.0,30.85
2021-05-11,1836.1,4.762,27.667,2521.0,17926.5,3009.0,29842.0,2222.0,1244.8,215.29,98.7,1005.0,31.1
2021-05-12,1822.8,4.736,27.244,2480.5,17697.2,2969.0,29660.0,2187.0,1229.2,218.38,100.0,1024.5,31.1
2021-05-13,1824.0,4.6905,27.059,2451.5,17278.0,2920.0,29206.0,2148.5,1209.7,212.05,101.0,1025.0,31.1
2021-05-14,1838.1,4.6545,,2463.0,17588.3,2938.0,29515.0,2155.0,1226.1,210.08,99.0,1018.5,31.1
2021-05-17,1867.6,4.7115,28.274,2499.0,,3014.0,29895.0,2207.5,1247.9,214.99,98.35,992.0,31.05
2021-05-18,1868.0,4.7255,28.333,2478.0,17964.7,3057.0,30455.0,2228.5,1228.7,213.23,99.1,993.5,31.1
2021-05-19,1881.5,4.5765,28.025,2415.0,17291.1,2939.0,29615.0,2174.5,1205.0,211.96,99.1,983.0,31.1
2021-05-20,1881.9,4.568,28.067,2396.0,17046.9,2959.5,29750.0,2217.0,1208.5,211.15,99.75,991.0,31.25
2021-05-21,1876.7,4.481,,2370.0,16672.8,2971.0,29530.0,2188.0,1173.4,209.13,101.0,988.5,31.25
2021-05-24,1884.5,4.5255,27.905,2387.0,17083.0,2948.5,29465.0,2141.5,1181.6,208.2,103.25,968.0,31.2
2021-05-25,1898.0,4.5065,28.056,2372.0,17028.4,2982.5,29469.0,2158.5,1201.0,207.01,105.0,966.0,31.2
2021-05-26,1901.2,4.5295,27.877,2402.0,17238.4,2968.5,29525.0,2177.0,1201.6,206.89,105.1,960.0,31.3
2021-05-27,1896.9,4.666,27.955,2481.0,17972.6,3061.0,29910.0,2202.5,1183.4,206.37,105.5,962.0,31.35
2021-05-28,1904.0,4.681,,2483.0,18132.7,3060.0,30740.0,2193.5,1186.6,205.73,106.0,963.0,31.5
2021-05-30,,4.6937,,,,,,,1187.45,,,,
2021-05-31,1905.0,4.681,,,,,,,1193.4,,118.9,,
2021-06-01,1903.7,4.6565,28.119,2469.0,18054.1,3064.0,30723.0,2219.5,1203.8,204.9,120.5,919.0,31.5
2021-06-02,1908.7,4.595,28.22,2444.0,18139.3,3082.5,30845.0,2219.5,1196.7,204.96,119.95,919.0,31.55
2021-06-03,1872.1,4.4665,27.492,2405.0,17870.0,2984.5,29986.0,2173.0,1166.6,208.0,119.0,919.0,31.75
2021-06-04,1890.8,4.5315,,2455.0,17940.2,3010.5,30865.0,2136.0,1168.5,206.29,119.75,919.0,31.75
2021-06-07,1897.6,4.5295,28.033,2426.0,17891.3,2999.5,30525.0,2153.0,1178.8,202.41,121.6,919.0,32.35
2021-06-08,1893.1,4.559,27.747,2452.5,17936.5,3016.5,31223.0,2183.5,1166.4,207.84,122.75,919.0,32.2
2021-06-09,1894.2,4.5345,28.017,2458.5,18084.2,3019.0,31209.0,2199.0,1155.7,210.19,123.7,919.0,32.3
2021-06-10,1895.2,4.489,28.047,2476.0,18141.9,2995.0,31195.0,2174.5,1150.1,211.91,126.0,919.0,32.35
2021-06-11,1878.4,4.5415,,2464.5,18262.1,3044.5,31570.0,2205.0,1155.0,213.13,127.0,917.0,32.7
2021-06-14,1864.6,4.531,28.054,2494.0,18412.9,3044.5,31651.0,2211.0,1169.2,214.05,125.55,917.0,32.5
2021-06-15,1855.2,4.3375,27.71,2467.0,17534.3,3029.0,31463.0,2175.5,1152.7,213.96,125.0,913.0,32.35
2021-06-16,1860.2,4.3885,27.828,2469.5,17499.6,3024.0,31215.0,2202.5,1145.9,213.53,125.25,910.0,32.35
2021-06-17,1774.5,4.1825,25.873,2400.0,17140.4,2911.5,30600.0,2130.0,1059.1,214.69,126.0,910.0,32.4
2021-06-18,1768.4,4.1615,,2385.0,17120.7,2822.5,29862.0,2157.5,1045.2,214.21,125.0,910.0,32.4
2021-06-21,1782.3,4.1845,26.043,2403.5,17431.3,2837.0,30079.0,2156.5,1054.1,212.75,125.5,910.0,32.6
2021-06-22,1776.5,4.2245,25.876,2425.0,17716.3,2861.5,30399.0,2174.5,1072.9,213.45,127.25,910.0,32.55
2021-06-23,1782.5,4.3265,26.132,2439.5,18031.3,2893.0,30400.0,2192.0,1089.5,213.8,127.5,910.0,32.55
2021-06-24,1775.8,4.307,26.069,2440.0,18421.2,2916.0,30634.0,2220.5,1096.1,213.75,127.5,905.0,32.6
2021-06-25,1777.0,4.2905,,2486.0,18536.4,2907.5,30774.0,2220.0,1105.7,214.17,127.7,905.0,32.4
2021-06-28,1779.8,4.28,26.239,2490.0,18232.7,2905.0,31152.0,2233.0,1099.2,215.26,128.55,905.0,32.25
2021-06-29,1763.6,4.2645,25.901,2551.5,18357.9,2950.5,31354.0,2305.0,1070.6,214.36,131.0,905.0,32.4
2021-06-30,1771.6,4.289,26.194,2523.5,18188.3,2974.5,31255.0,2274.0,1072.9,214.55,134.7,903.0,32.45
2021-07-01,1776.8,4.236,26.1,2512.0,18063.7,2938.5,31294.0,2269.0,1080.9,213.59,137.75,873.0,32.55
2021-07-02,1783.3,4.276,,2562.0,18278.6,2935.0,31520.0,2300.0,1087.7,212.46,139.25,873.0,32.8
2021-07-05,1794.2,4.344,,2556.0,18394.1,2945.5,31665.0,2286.5,1101.9,,143.4,882.0,
2021-07-06,1794.2,4.251,26.174,2530.0,17979.9,2934.5,31669.0,2293.5,1084.0,217.58,140.75,890.0,32.8
2021-07-07,1802.1,4.3225,26.129,2499.5,18259.8,2958.5,31690.0,2290.0,1081.9,218.11,139.55,890.0,32.7
2021-07-08,1800.2,4.2645,25.987,2442.0,18329.9,2933.5,31685.0,2297.0,1074.5,216.32,142.25,899.0,32.7
2021-07-09,1810.6,4.3455,,2501.5,18709.6,2977.0,31680.0,2330.5,1095.7,215.78,143.0,899.5,32.6
2021-07-12,1805.9,4.316,26.239,2489.5,18625.4,2949.5,32094.0,2332.5,1123.0,217.33,142.25,899.5,32.55
2021-07-13,1809.9,4.307,26.14,2535.5,18685.5,2934.5,32381.0,2311.0,1111.2,218.26,144.6,899.5,32.55
2021-07-14,1825.0,4.2675,26.271,2525.0,18525.9,2925.5,32661.0,2299.0,1128.1,217.94,144.5,899.5,32.55
2021-07-15,1829.0,4.323,26.394,2518.0,18696.0,2968.5,33130.0,2329.5,1137.7,218.68,146.0,902.0,32.55
2021-07-16,1815.0,4.323,,2488.5,19040.7,3003.0,33600.0,2320.0,1108.5,219.77,148.1,902.0,32.5
2021-07-19,1809.2,4.2015,25.144,2425.5,18352.3,2977.0,33380.0,2285.0,1071.4,219.5,150.0,899.0,32.35
2021-07-20,1811.4,4.263,24.995,2465.5,18612.2,2962.0,33505.0,2328.0,1065.2,219.36,149.7,910.0,32.4
2021-07-21,1803.4,4.272,25.255,2453.5,18557.5,2929.0,33425.0,2336.5,1075.3,218.37,149.75,917.0,32.55
2021-07-22,1805.4,4.3375,25.381,2483.0,18837.4,2938.5,34100.0,2399.5,1090.6,213.81,149.75,913.0,32.55
2021-07-23,1801.8,4.4,,2502.5,19441.9,2963.0,34500.0,2375.0,1061.4,216.03,149.75,912.0,32.55
2021-07-26,1799.2,4.585,25.318,2519.0,19677.3,3011.0,34785.0,2372.5,1070.0,215.16,149.75,910.0,32.55
2021-07-27,1799.8,4.5445,24.649,2490.0,19288.0,2982.5,34375.0,2338.5,1049.5,214.99,149.75,909.0,32.55
2021-07-28,1799.7,4.482,24.877,2537.0,19488.0,2979.5,34400.0,2343.5,1058.1,214.44,150.1,909.0,32.55
2021-07-29,1832.3,4.5075,25.799,2591.5,19857.8,2998.0,34898.0,2365.5,1070.6,213.52,150.0,905.5,32.55
2021-07-30,1813.5,4.4655,,2590.0,19538.4,3027.0,34649.0,2382.0,1051.5,211.99,149.75,904.62,32.4
2021-08-02,1818.7,4.418,25.59,2615.0,19424.2,3050.5,34830.0,2402.0,1058.9,181.21,152.55,950.0,32.3
2021-08-03,1810.7,4.3755,25.595,2586.0,19324.6,2969.5,34637.0,2398.0,1049.9,181.01,152.75,914.5,32.3
2021-08-04,1811.2,4.3215,25.474,2566.5,19214.9,2973.5,34630.0,2380.0,1024.1,182.51,154.4,940.5,32.25
2021-08-05,1805.7,4.334,25.303,2588.0,19355.0,3028.5,34625.0,2362.0,1008.4,171.91,157.25,938.5,32.1
2021-08-06,1760.3,4.339,,2578.0,19170.4,2983.5,34750.0,2274.5,974.9,172.01,160.95,938.5,32.1
2021-08-09,1723.8,4.282,23.279,2549.0,18546.7,2951.5,34600.0,2258.5,973.6,173.52,167.05,935.0,31.7
2021-08-10,1729.0,4.346,23.402,2574.5,18851.7,3000.0,35084.0,2288.5,989.2,168.59,167.1,934.0,31.7
2021-08-11,1750.8,4.36,23.496,2585.5,19376.4,3043.5,35631.0,2318.5,1017.9,169.06,169.4,927.5,31.7
2021-08-12,1749.3,4.35,23.122,2582.5,19616.4,2992.5,35270.0,2307.0,1020.1,167.94,171.25,930.0,31.1
2021-08-13,1775.5,4.3825,,2600.0,19646.6,3033.5,35324.0,2334.0,1028.2,167.95,172.75,930.0,30.65
2021-08-16,1787.2,4.32,23.799,2602.0,19512.4,3031.0,35680.0,2311.5,1023.1,166.96,173.4,930.0,30.35
2021-08-17,1785.5,4.2015,23.666,2599.5,19182.9,3015.0,35798.0,2323.0,996.2,167.34,171.45,929.5,30.45
2021-08-18,1782.1,4.117,23.43,2555.0,18893.4,2985.0,35383.0,2289.5,998.6,159.59,171.0,929.5,30.95
2021-08-19,1780.6,4.0405,23.239,2545.5,18364.1,2951.5,33118.0,2260.0,972.8,160.38,170.9,929.5,32.15
2021-08-20,1781.4,4.1255,,2546.5,18389.3,2928.5,32237.0,2251.0,995.7,160.54,167.75,929.5,32.55
2021-08-23,1803.6,4.221,23.666,2602.0,18844.6,2929.0,32200.0,2285.0,1015.9,159.4,170.0,921.0,33.3
2021-08-24,1805.9,4.26,23.909,2615.0,19009.7,3018.0,32836.0,2293.5,1013.0,160.07,170.0,921.0,33.45
2021-08-25,1788.2,4.27,23.795,2617.5,19129.8,3026.0,32915.0,2318.0,996.5,159.92,170.75,920.0,33.45
2021-08-26,1792.4,4.252,23.567,2619.5,18780.3,3002.0,33350.0,2292.5,978.5,159.63,171.0,920.0,33.45
2021-08-27,1816.6,4.3235,,2649.5,18990.4,3002.0,33600.0,2295.5,1007.4,159.68,170.95,920.0,33.6
2021-08-30,1809.8,4.371,23.992,,,,,,1004.9,159.58,171.35,,33.7
2021-08-31,1815.8,4.37,23.991,2718.0,19580.9,3003.5,33907.0,2256.0,1016.9,159.25,174.25,919.9,34.6
2021-09-01,1813.8,4.274,24.201,2690.0,19346.3,2981.5,33550.0,2273.5,1002.4,143.08,174.6,912.0,35.65
2021-09-02,1809.4,4.2995,23.9,2695.0,19451.4,2979.0,33500.0,2312.5,996.9,140.54,177.5,912.0,37.2
2021-09-03,1831.5,4.331,,2727.0,19881.4,2996.5,33055.0,2310.5,1024.5,144.83,179.0,914.5,38.7
2021-09-05,,4.3325,,,,,,,1019.7,,,,
2021-09-06,1798.5,4.332,,2773.0,19642.3,3007.5,32890.0,2275.0,1018.3,,178.0,921.5,
2021-09-07,1796.3,4.2795,24.357,2757.0,19527.6,3044.0,32093.0,2274.0,998.9,138.99,177.2,930.0,40.05
2021-09-08,1791.2,4.2325,24.036,2794.0,19667.7,3062.0,32215.0,2278.5,979.1,135.56,177.35,915.0,40.25
2021-09-09,1797.8,4.284,24.156,2839.5,20157.6,3075.5,33300.0,2298.5,977.5,133.82,177.5,917.5,40.4
2021-09-10,1789.9,4.45,,2924.0,20372.7,3119.0,33583.0,2318.0,959.6,133.18,177.6,920.0,42.4
2021-09-13,1792.3,4.365,23.775,2896.5,19723.9,3084.5,33498.0,2293.0,960.2,129.66,177.5,920.0,44.15
2021-09-14,1805.0,4.319,23.863,2831.0,19729.6,3052.0,33408.0,2272.5,941.1,128.11,177.45,906.0,44.9
2021-09-15,1792.6,4.404,23.779,2893.0,20072.7,3075.5,34046.0,2235.0,932.9,124.16,177.5,903.5,48.55
2021-09-16,1754.6,4.28,22.774,2879.5,19514.7,3082.0,34050.0,2208.5,925.6,119.96,176.0,902.0,49.65
2021-09-17,1749.4,4.2445,,2885.5,19515.5,3088.0,34140.0,2181.0,932.6,123.0,177.5,909.0,50.8
2021-09-20,1761.8,4.1135,22.185,2863.0,19035.1,3014.0,33910.0,2156.0,899.4,117.01,177.5,900.0,49.9
2021-09-21,1776.1,4.126,22.593,2846.0,18940.3,2978.0,33820.0,2134.0,950.8,119.01,179.5,903.5,49.75
2021-09-22,1776.7,4.252,22.89,2935.0,19237.8,3025.5,34997.0,2113.5,999.8,120.73,180.5,903.5,49.4
2021-09-23,1747.7,4.231,22.663,2949.5,19525.1,3091.0,35460.0,2120.5,995.4,120.45,185.9,913.5,48.05
2021-09-24,1749.7,4.2845,,2915.5,19309.8,3128.5,36539.0,2153.5,976.3,120.1,181.5,914.0,44.3
2021-09-27,1750.0,4.291,22.685,2883.5,18970.7,3067.5,35100.0,2162.5,977.8,120.23,204.75,912.0,43.05
2021-09-28,1735.9,4.2485,22.46,2944.5,18560.0,3079.0,35803.0,2169.0,961.3,119.89,207.7,909.5,
2021-09-29,1722.2,4.199,21.485,2911.5,18340.1,3054.0,35450.0,2140.0,947.0,119.7,210.5,909.5,
2021-09-30,1756.3,4.089,22.047,2858.5,18020.0,2988.0,33921.0,2092.5,962.4,119.65,218.0,909.14,
2021-10-01,1757.7,4.1885,,2857.0,18091.3,2982.5,33835.0,2140.5,973.6,115.76,228.0,895.0,
2021-10-04,1766.9,4.2385,22.644,2916.0,18054.4,3016.0,34450.0,2148.0,961.6,117.76,240.0,908.0,
2021-10-05,1760.2,4.1925,22.608,2921.0,18140.6,3046.5,35079.0,2152.0,959.8,117.85,269.5,918.0,
2021-10-06,1761.2,4.1475,22.532,2897.0,18100.3,3014.5,35165.0,2151.0,977.2,117.68,242.0,910.0,
2021-10-07,1758.6,4.2435,22.658,2946.0,18352.6,3049.5,35285.0,2173.5,985.3,118.1,231.9,911.0,
2021-10-08,1756.8,4.2755,,2966.0,19195.7,3151.0,36156.0,2221.0,1028.2,122.86,238.6,918.0,
2021-10-11,1755.1,4.3665,22.665,3064.0,19135.5,3230.0,36382.0,2227.5,1006.9,130.24,244.5,920.0,
2021-10-12,1758.7,4.3255,22.514,3068.0,18940.6,3263.0,36473.0,2211.5,1011.7,126.42,242.35,915.0,
2021-10-13,1794.1,4.516,23.17,3068.0,18948.1,3401.5,36386.0,2245.5,1024.2,122.29,243.35,915.0,
2021-10-14,1797.3,4.6315,23.477,3117.0,19344.5,3528.5,36923.0,2300.0,1052.3,122.83,245.0,908.0,
2021-10-15,1767.7,4.7295,,3171.5,19926.3,3794.5,37200.0,2337.5,1058.9,123.19,240.0,908.0,
2021-10-18,1765.1,4.7255,23.264,3167.5,20028.0,3696.5,37814.0,2378.0,1037.9,123.4,239.35,908.0,
2021-10-19,1769.9,4.703,23.883,3112.0,20016.0,3508.0,37710.0,2376.0,1047.1,123.3,229.9,908.0,
2021-10-20,1784.4,4.7345,24.445,3069.5,21071.4,3563.5,38215.0,2417.5,1052.3,123.49,231.5,910.0,
2021-10-21,1781.3,4.5585,24.17,2910.5,19916.0,3429.5,37250.0,2400.0,1049.7,122.89,228.5,910.0,
2021-10-22,1795.7,4.498,,2868.0,19732.1,3447.5,37350.0,2423.0,1052.1,122.5,230.0,910.0,
2021-10-25,1806.2,4.528,24.592,2875.5,20280.8,3459.5,37457.0,2438.5,1063.8,122.06,226.0,904.5,
2021-10-26,1792.5,4.486,24.088,2829.0,20137.9,3425.0,37422.0,2422.5,1032.9,122.47,223.35,907.0,
2021-10-27,1797.8,4.3895,24.191,2686.0,19436.3,3335.0,35390.0,2384.5,1019.3,122.36,223.35,907.0,
2021-10-28,1802.6,4.4275,24.139,2746.5,19561.2,3372.0,35858.0,2422.0,1025.3,121.94,223.7,907.0,
2021-10-29,1783.9,4.359,,2716.5,19567.2,3378.5,36888.0,2384.0,1021.7,121.23,223.45,905.48,
2021-11-01,1795.8,4.379,24.091,2719.5,19613.2,3357.5,36970.0,2379.0,1068.1,102.58,145.0,852.0,
2021-11-02,1789.4,4.3515,23.524,2692.5,19536.2,3342.5,36642.0,2363.0,1040.3,99.4,140.9,816.5,
2021-11-03,1763.9,4.309,23.251,2656.0,19107.5,3307.0,37110.0,2374.5,1023.3,99.35,157.5,802.0,
2021-11-04,1793.5,4.309,23.93,2554.5,19192.4,3240.5,36452.0,2348.0,1030.3,97.17,154.25,792.0,
2021-11-05,1816.8,4.3355,,2556.5,19372.3,3228.5,37060.0,2351.5,1036.9,94.43,155.4,790.5,
2021-11-08,1828.0,4.3945,24.561,2605.0,19577.2,3271.0,37350.0,2365.0,1061.1,94.36,163.0,795.0,
2021-11-09,1830.8,4.3725,24.337,2556.5,19405.3,3281.5,37408.0,2339.5,1062.4,91.98,160.65,782.0,
2021-11-10,1848.3,4.323,24.791,2578.0,19573.2,3292.0,37280.0,2338.5,1077.9,92.19,152.3,782.0,
2021-11-11,1863.9,4.398,25.32,2660.0,19748.1,3279.0,37708.0,2366.0,1095.5,93.63,151.5,787.0,
2021-11-12,1868.5,4.447,,2700.0,19920.0,3267.5,37845.0,2360.5,1090.1,93.4,150.0,780.0,
2021-11-15,1866.6,4.4005,25.124,2657.0,19559.2,3217.0,37500.0,2326.5,1097.8,92.36,149.35,779.0,
2021-11-16,1854.1,4.3545,24.963,2574.5,19401.3,3223.0,37650.0,2307.0,1075.6,92.01,150.4,772.5,
2021-11-17,1870.2,4.268,25.185,2616.5,19304.4,3192.0,37975.0,2254.0,1070.1,92.76,150.15,768.5,
2021-11-18,1861.4,4.305,24.919,2616.0,19610.2,3159.0,38453.0,2215.0,1057.5,92.01,152.5,758.0,
2021-11-19,1851.6,4.4,,2679.5,20062.0,3238.0,38429.0,2215.5,1037.6,92.78,152.5,780.0,
2021-11-22,1806.3,4.3975,24.318,2689.5,20257.8,3348.5,38817.0,2259.5,1016.7,93.39,154.0,784.5,
2021-11-23,1783.8,4.4235,23.452,2668.5,20343.8,3301.0,38870.0,2253.0,966.1,93.99,157.0,789.0,
2021-11-24,1784.3,4.4645,23.514,2704.0,20814.5,3322.0,39960.0,2263.5,977.4,94.33,159.0,796.5,
2021-11-25,1785.5,4.44,,2717.5,20709.6,3300.5,39709.0,2270.5,990.9,,158.0,792.0,
2021-11-26,1785.5,4.2875,,2615.0,20014.0,3194.0,38652.0,2269.0,954.9,94.44,157.5,788.0,
2021-11-29,1783.8,4.3415,22.836,2630.0,20148.9,3198.0,39129.0,2270.5,966.4,94.71,159.3,785.5,
2021-11-30,1775.1,4.2805,22.799,2625.0,19884.0,3200.5,39020.0,2275.5,929.2,94.97,152.0,785.76,
2021-12-01,1783.0,4.247,22.324,2664.5,19906.0,3202.5,39086.0,2301.5,936.6,103.17,157.45,765.0,
2021-12-02,1761.6,4.2995,22.304,2600.0,19908.0,3146.0,38984.0,2256.5,934.0,101.82,158.5,755.0,
2021-12-03,1782.9,4.266,,2623.0,19999.0,3161.5,39335.0,2210.5,927.1,101.49,155.25,756.5,
2021-12-06,1778.5,4.3375,22.252,2588.0,19802.1,3162.5,38734.0,2196.0,937.4,103.74,151.25,762.5,
2021-12-07,1783.6,4.339,22.512,2628.5,20136.9,3226.5,38935.0,2186.0,951.0,108.04,154.1,783.0,
2021-12-08,1784.5,4.3925,22.422,2627.0,20223.9,3310.0,39236.0,2284.0,957.0,106.77,158.7,780.0,
2021-12-09,1775.7,4.332,22.001,2626.5,19871.1,3310.0,39500.0,2284.5,938.6,106.49,160.1,770.0,
2021-12-10,1783.8,4.285,,2606.5,19809.1,3328.5,39400.0,2284.0,935.1,105.0,163.75,764.5,
2021-12-13,1787.3,4.2815,22.315,2654.0,19684.2,3325.0,38745.0,2298.0,924.9,108.51,164.25,770.0,
2021-12-14,1771.3,4.255,21.909,2628.5,19497.3,3304.5,38601.0,2284.5,911.0,107.04,164.75,770.0,
2021-12-15,1763.6,4.1805,21.53,2597.0,19116.5,3271.5,37962.0,2284.0,894.1,109.22,164.75,766.5,
2021-12-16,1797.4,4.3025,22.471,2667.0,19601.2,3422.0,38692.0,2308.0,927.1,111.19,168.5,770.0,
2021-12-17,1804.1,4.2925,,2724.5,19632.2,3387.0,38410.0,2307.5,932.9,111.64,168.0,768.0,
2021-12-20,1793.8,4.29,22.281,2671.0,19309.4,3354.5,38195.0,2293.5,922.6,113.79,168.15,763.5,
2021-12-21,1788.0,4.3425,22.513,2754.0,19609.2,3427.5,38685.0,2295.5,924.4,113.64,169.0,766.5,
2021-12-22,1801.5,4.389,22.804,2824.5,19919.0,3531.5,38725.0,2319.5,963.7,112.54,169.5,761.0,
2021-12-23,1811.0,4.3895,,2846.0,20054.0,3527.0,38899.0,2272.5,972.2,112.54,169.4,759.0,
2021-12-24,,4.405,,2837.0,20029.0,3519.0,39260.0,2278.0,,,168.9,761.0,
2021-12-27,1808.0,4.4695,22.981,,,,,,971.0,112.99,170.1,,
2021-12-28,1810.1,4.4295,23.113,,,,,,979.8,112.29,171.0,,
2021-12-29,1804.8,4.41,22.85,2810.5,,3513.0,39143.0,2286.5,969.7,112.34,171.1,764.0,
2021-12-30,1814.1,4.3925,23.06,2818.0,,3532.5,39197.0,2297.0,964.6,112.24,170.1,764.0,
2021-12-31,1828.6,4.4635,,2807.5,,3534.0,38860.0,2304.0,966.2,112.5,169.6,763.91,
2022-01-03,1800.1,4.4215,22.81,,,,,,954.0,120.4,157.5,,
2022-01-04,1814.6,4.475,23.056,2839.0,21050.4,3604.0,39195.0,2298.0,971.2,120.91,174.1,760.0,
2022-01-05,1825.1,4.4135,23.17,2922.0,20630.6,3588.0,39293.0,2287.5,1001.9,124.14,179.9,758.5,
2022-01-06,1789.2,4.3545,22.19,2921.5,20365.8,3550.0,39150.0,2307.0,960.7,125.94,196.5,751.0,
2022-01-07,1797.4,4.41,,2914.5,20713.6,3533.0,39826.0,2278.0,956.5,126.21,195.9,746.5,
2022-01-10,1798.8,4.352,22.462,2931.5,20755.6,3477.0,39918.0,2277.5,933.6,124.48,196.5,740.0,
2022-01-11,1818.5,4.429,22.812,2970.0,21797.0,3556.0,40449.0,2300.0,973.2,126.75,197.1,743.5,
2022-01-12,1827.3,4.5765,23.207,2982.5,21947.9,3552.0,41402.0,2346.0,980.1,128.66,203.0,751.0,
2022-01-13,1821.4,4.546,23.162,2952.0,22152.8,3563.5,40511.0,2358.0,972.2,127.84,211.5,745.0,
2022-01-14,1816.5,4.4205,,2976.5,22148.8,3521.0,40351.0,2355.5,964.6,126.24,216.75,746.5,
2022-01-16,,4.4435,,,,,,,966.85,,,,
2022-01-17,1812.4,4.4335,,2997.0,22087.8,3508.0,41300.0,2356.5,970.9,,220.5,744.5,
2022-01-18,1812.4,4.3825,23.492,3024.5,22034.9,3567.0,42292.0,2323.0,979.5,127.48,221.0,745.0,
2022-01-19,1843.2,4.47,24.231,3050.5,23147.3,3581.5,42896.0,2363.0,1028.4,127.41,223.1,744.5,
2022-01-20,1842.6,4.5825,24.716,3111.0,23844.9,3649.5,43497.0,2349.5,1050.8,129.09,225.65,753.0,
2022-01-21,1831.8,4.524,,3040.5,24109.7,3635.0,43955.0,2371.0,1035.1,129.49,224.6,755.0,
2022-01-24,1841.7,4.4125,23.8,3028.5,22488.6,3595.5,42555.0,2358.0,1020.3,128.74,225.25,746.0,45.05
2022-01-25,1852.5,4.45,23.896,3092.0,22348.7,3572.5,41370.0,2334.5,1025.5,129.94,227.3,750.0,45.05
2022-01-26,1829.7,4.515,23.807,3094.0,22769.5,3610.0,42208.0,2322.0,1045.9,129.4,227.8,751.0,45.05
2022-01-27,1793.1,4.4235,22.676,3098.5,22437.6,3630.5,41895.0,2312.5,1021.8,129.96,227.6,749.5,45.05
2022-01-28,1785.8,4.3125,,3082.5,22206.8,3609.5,41684.0,2265.0,1006.4,130.81,227.65,750.0,44.85
2022-01-31,1796.0,4.3265,22.419,3021.0,22297.7,3586.0,43023.0,2244.5,1019.9,131.15,222.75,749.29,44.0
2022-02-01,1800.8,4.4315,22.618,3032.5,22771.5,3602.5,42763.0,2234.5,1022.6,138.79,218.1,770.0,43.9
2022-02-02,1809.5,4.4935,22.73,2986.0,22786.5,3610.0,43050.0,2241.0,1043.2,139.98,220.1,770.0,43.8
2022-02-03,1803.2,4.472,22.397,3050.0,22817.4,3596.5,42902.0,2191.5,1030.3,145.95,221.0,778.0,44.0
2022-02-04,1806.8,4.49,,3074.0,22962.4,3612.5,43021.0,2187.5,1024.6,145.45,227.3,792.0,43.95
2022-02-07,1820.8,4.4675,23.098,3132.0,23386.1,3625.0,42944.0,2195.5,1020.7,150.11,236.0,794.0,43.9
2022-02-08,1826.8,4.4645,23.221,3183.0,22678.5,3593.0,42930.0,2205.0,1036.9,148.83,239.25,806.0,43.55
2022-02-09,1835.6,4.602,23.362,3266.0,23277.2,3644.5,43110.0,2243.5,1038.1,147.64,239.25,794.0,43.3
2022-02-10,1836.4,4.658,23.545,3250.5,23368.1,3703.0,44192.0,2279.0,1043.0,151.57,239.1,813.5,43.6
2022-02-11,1841.1,4.5085,,3136.5,22995.3,3626.5,43549.0,2279.0,1019.6,150.87,245.0,825.5,43.95
2022-02-14,1868.3,4.507,23.877,3214.5,23147.3,3574.5,43267.0,2287.5,1028.7,146.76,240.0,832.0,44.0
2022-02-15,1855.1,4.5345,23.369,3208.0,23261.2,3582.0,43408.0,2308.5,1020.2,144.89,239.0,796.0,44.05
2022-02-16,1870.5,4.5395,23.633,3256.0,23405.6,3584.0,43699.0,2338.0,1062.9,142.23,235.5,795.0,44.05
2022-02-17,1901.0,4.5265,23.903,3268.0,23910.8,3606.0,43843.0,2346.0,1091.9,143.88,232.4,804.5,44.05
2022-02-18,1898.8,4.524,,3262.5,24167.7,3575.5,44140.0,2348.5,1077.4,141.11,232.35,796.5,44.05
2022-02-20,,4.5205,,,,,,,1079.2,,,,
2022-02-21,1907.4,4.4805,,3279.5,24321.1,3558.0,44152.0,2334.0,1086.55,,233.85,803.0,
2022-02-22,1906.4,4.5145,24.331,3303.0,24522.0,3605.0,44383.0,2341.5,1086.2,143.26,236.25,800.5,44.0
2022-02-23,1909.4,4.4855,24.574,3292.5,24455.0,3571.5,44935.0,2335.5,1092.4,142.96,237.7,798.5,44.05
2022-02-24,1925.4,4.458,24.697,3394.5,23930.8,3641.0,45189.0,2343.5,1062.4,142.66,239.5,795.5,45.05
2022-02-25,,4.485,,3357.5,24212.7,3621.5,44470.0,2368.5,1051.1,141.76,238.6,797.5,46.65
2022-02-28,1900.7,4.4545,24.366,3368.5,24092.7,3666.0,45224.0,2387.0,1039.8,141.99,274.5,797.67,48.95
2022-03-01,1943.8,4.5965,25.541,3478.0,25218.1,3746.0,45785.0,2409.0,1052.9,143.45,313.0,867.5,50.35
2022-03-02,1922.3,4.6655,25.19,3569.0,26032.0,3861.0,45628.0,2400.5,1068.2,146.07,440.0,889.5,51.6
2022-03-03,1935.9,4.7815,25.212,3716.5,27263.0,3920.5,46412.0,2408.0,1080.9,151.11,370.0,889.5,51.6
2022-03-04,,4.9375,,3849.0,29297.9,4051.0,47540.0,2459.0,1116.6,152.28,418.75,889.5,51.25
2022-03-07,1995.9,4.731,25.72,3740.0,49779.3,4112.5,46735.0,2448.5,1116.0,158.82,422.65,889.5,51.5
2022-03-08,2043.3,4.71,26.895,3498.0,61714.4,4135.5,48650.0,2497.0,1151.4,160.96,423.15,897.5,53.15
2022-03-09,1988.2,4.5725,25.816,3341.0,,3940.0,44205.0,2405.5,1105.8,157.59,420.65,897.5,54.05
2022-03-10,2000.4,4.6525,26.256,3427.5,,3863.0,43749.0,2356.0,1092.8,156.95,373.35,868.0,60.4
2022-03-11,,4.6255,,3483.0,61714.4,3815.0,44100.0,2325.5,1086.1,155.36,368.65,865.0,60.0
2022-03-14,1960.8,4.523,25.298,3319.5,,3809.0,42587.0,2268.0,1050.8,150.11,361.75,854.0,57.45
2022-03-15,1929.7,4.513,25.158,3277.5,,3798.0,43101.0,2242.0,1002.6,144.77,346.0,856.5,55.6
2022-03-16,1909.2,4.6005,24.71,3258.5,,3808.5,42277.0,2251.5,1007.8,148.85,340.0,850.0,55.4
2022-03-17,1943.2,4.702,25.616,3384.5,,3825.5,41705.0,2251.0,1030.8,149.65,337.25,855.0,56.35
2022-03-18,,4.7395,,3381.0,,3826.0,42305.0,2252.5,1036.1,150.59,336.0,860.0,57.25
2022-03-21,1929.5,4.7105,25.313,3521.0,,3940.0,41755.0,2258.0,1045.3,150.47,329.4,859.0,57.8
2022-03-22,1921.5,4.7,24.904,3504.5,28290.9,3888.0,41394.0,2275.5,1026.6,149.68,328.9,855.0,59.3
2022-03-23,1937.3,4.7765,25.189,3653.0,,4100.0,42066.0,2370.0,1023.3,149.57,325.35,856.5,59.2
2022-03-24,1962.2,4.7425,25.92,3623.5,,4039.0,42726.0,2308.5,1033.7,149.63,326.65,855.5,59.1
2022-03-25,,4.6985,,3605.0,,4066.5,42283.0,2350.5,1010.7,149.87,327.15,856.0,59.05
2022-03-28,1939.8,4.7255,25.196,3614.0,,4087.5,42556.0,2369.0,993.8,150.14,259.75,853.5,59.2
2022-03-29,1912.2,4.731,24.736,3436.0,,4027.0,42424.0,2379.5,977.0,150.14,253.4,856.0,58.8
2022-03-30,1936.1,4.7525,25.146,3551.0,,4149.0,42493.0,2417.5,1001.2,150.61,260.0,855.0,58.75
2022-03-31,1951.1,4.752,25.158,3491.0,,4173.5,42910.0,2416.0,995.8,150.84,259.0,854.83,58.6
2022-04-01,,4.6905,,3450.0,,4339.0,44767.0,2449.5,988.6,159.85,258.75,879.0,59.3
2022-04-04,1930.6,4.7825,24.636,3447.0,,4369.0,44155.0,2413.0,991.0,161.84,264.0,877.0,60.2
2022-04-05,1924.1,4.7965,24.588,3465.0,,4296.5,44174.0,2428.0,973.1,161.25,281.0,885.0,61.45
2022-04-06,1919.7,4.741,24.509,3441.0,,4274.0,43850.0,2413.5,953.1,160.08,286.5,879.0,61.95
2022-04-07,1934.7,4.704,24.785,3385.0,,4188.0,43600.0,2384.5,958.0,157.29,281.65,879.0,63.5
2022-04-08,,4.7315,,3374.5,,4254.5,43710.0,2394.5,975.6,154.21,291.6,856.0,64.25
2022-04-11,1945.1,4.641,25.022,3248.0,,4290.0,43379.0,2382.0,977.8,155.94,290.65,836.0,64.45
2022-04-12,1973.2,4.7195,25.769,3267.0,,4376.0,42793.0,2394.5,972.4,155.56,309.1,821.0,64.5
2022-04-13,1981.9,4.7215,26.06,3236.0,,4461.5,43324.0,2432.5,989.6,154.67,312.0,849.5,64.5
2022-04-14,,4.732,,3285.5,,4412.0,43043.0,2435.0,994.2,155.69,309.1,844.0,64.5
2022-04-15,,4.7205,,,,,,,991.1,,,,
2022-04-18,1983.6,4.812,26.181,,,,,,1020.5,155.62,309.1,,64.35
2022-04-19,1956.3,4.7295,25.426,3261.0,,4498.5,43090.0,2447.5,988.7,154.58,321.0,851.0,64.05
2022-04-20,1952.9,4.6645,25.303,3269.0,,4418.0,42995.0,2424.0,987.0,154.41,326.35,848.0,64.0
2022-04-21,1945.4,4.7135,24.657,3298.0,,4450.0,42860.0,2401.5,967.8,154.27,331.1,848.0,61.75
2022-04-22,,4.5925,,3245.5,33161.7,4434.5,42165.0,2388.5,927.4,154.13,327.1,847.5,56.6
2022-04-25,1893.3,4.462,23.698,3095.0,32594.0,4168.5,39858.0,2327.0,905.0,152.47,328.6,835.0,53.45
2022-04-26,1901.5,4.4535,23.572,3064.5,33119.8,4183.5,40543.0,2320.0,912.1,152.08,325.0,834.0,54.2
2022-04-27,1885.8,4.467,23.483,3093.5,33502.5,4219.5,40000.0,2281.5,910.4,151.62,326.05,834.5,53.4
2022-04-28,1891.3,4.4335,23.181,3031.5,32967.8,4136.5,40045.0,2255.0,913.3,151.19,326.95,838.5,53.05
2022-04-29,,4.4085,,3052.5,31864.4,4107.0,40259.0,2260.5,940.5,150.77,326.6,840.75,53.1
2022-05-02,1863.6,4.268,22.584,,,,,,933.8,144.08,299.8,,54.35
2022-05-03,1870.6,4.283,22.665,2911.0,,3961.5,40280.0,2251.0,959.2,144.08,326.6,798.0,54.35
2022-05-04,1868.8,4.338,22.402,2953.0,,3965.0,40616.0,2281.5,979.6,142.9,360.35,801.5,54.55
2022-05-05,1875.7,4.2915,22.443,2916.0,,3904.5,40500.0,2277.0,973.4,144.9,374.35,804.5,55.15
2022-05-06,,4.267,,2842.0,,3772.0,39340.0,2231.0,956.2,136.91,379.5,785.0,55.35
2022-05-09,1858.6,4.1935,21.82,2755.0,,3615.0,37119.0,2153.5,937.6,133.31,377.0,762.5,55.1
2022-05-10,1841.0,4.1545,21.424,2753.5,,3597.5,35527.0,2114.0,946.2,131.9,377.45,755.0,54.15
2022-05-11,1853.7,4.209,21.575,2778.0,,3668.5,35772.0,2118.0,988.6,134.26,385.85,755.0,
2022-05-12,1824.6,4.1005,20.773,2742.0,,3530.0,33757.0,2092.0,931.6,131.98,391.5,745.0,
2022-05-13,,4.175,,2788.0,,3489.5,33370.0,2059.0,931.5,132.33,392.85,746.0,
2022-05-16,1814.0,4.1915,21.551,2832.0,,3563.5,33866.0,2095.0,926.9,132.96,402.5,746.0,
2022-05-17,1818.9,4.239,21.75,2890.5,,3661.5,34065.0,2101.5,944.0,132.61,413.65,762.0,
2022-05-18,1815.9,4.1785,21.544,2857.5,,3620.0,33019.0,2054.0,925.0,130.81,412.0,752.0,
2022-05-19,1841.2,4.283,21.908,2906.5,,3714.5,34230.0,2063.0,953.5,131.92,412.1,745.0,
2022-05-20,,4.275,,2946.0,,3707.0,34665.0,2160.0,940.9,133.66,417.25,745.5,
2022-05-23,1847.8,4.3455,21.723,2956.0,27441.8,3786.0,34614.0,2192.0,951.2,133.99,416.0,747.0,
2022-05-24,1865.4,4.305,22.063,2901.5,26415.4,3790.5,34110.0,2168.5,944.4,133.31,408.0,742.0,
2022-05-25,1846.3,4.2545,21.87,2874.0,26635.3,3750.5,34066.0,2103.5,930.8,133.27,404.65,744.0,
2022-05-26,1847.6,4.259,21.965,2865.0,26992.1,3735.5,33630.0,2127.5,938.1,132.98,403.0,746.0,
2022-05-27,,4.3065,,2871.5,28255.4,3843.5,34106.0,2159.0,945.1,133.17,406.65,745.0,
2022-05-29,,4.3232,,,,,,,,,,,
2022-05-30,,4.334,,2888.5,29249.8,3900.5,34585.0,2175.0,948.2,,401.0,744.5,
2022-05-31,1845.2,4.299,21.737,2787.0,28129.5,3913.5,34670.0,2182.0,969.3,133.51,427.0,744.79,48.45
2022-06-01,1845.8,4.3295,21.962,2726.0,28032.5,3864.5,34929.0,2169.0,997.7,136.95,412.0,740.0,49.25
2022-06-02,1868.4,4.555,22.33,,,,,,1029.2,142.35,412.5,,49.8
2022-06-03,,4.4765,,,28032.5,,,,1017.8,144.02,412.5,,50.7
2022-06-06,1840.8,4.439,22.147,2782.5,29696.6,3873.0,35608.0,2214.5,1031.5,144.81,415.25,744.0,51.3
2022-06-07,1849.2,4.4395,22.233,2778.5,29403.3,3797.0,36073.0,2223.5,1014.9,145.88,397.0,747.0,51.55
2022-06-08,1853.6,4.4545,22.148,2819.0,28692.1,3821.5,37100.0,2232.5,1013.6,145.34,395.4,740.0,52.3
2022-06-09,1850.1,4.386,21.864,2761.0,27808.6,3762.0,36740.0,2196.0,977.9,143.63,396.0,736.0,52.85
2022-06-10,,4.3025,,2680.0,27169.5,3692.5,35265.0,2148.0,972.9,141.51,392.35,736.0,52.4
2022-06-13,1829.2,4.2195,21.305,2628.0,25870.7,3613.5,32895.0,2098.0,935.4,140.34,390.35,736.0,50.9
2022-06-14,1810.5,4.1665,21.0,2570.0,25238.6,3596.5,31093.0,2075.5,913.2,140.09,383.5,736.0,49.75
2022-06-15,1816.3,4.1735,21.463,2592.5,25789.8,3643.0,32444.0,2077.0,925.5,137.17,386.35,736.0,49.45
2022-06-16,1846.6,4.118,21.928,2504.5,25347.0,3577.5,32000.0,2101.0,951.3,137.85,387.35,716.0,48.95
2022-06-17,,4.022,,2498.0,25670.9,3523.5,31184.0,2061.5,930.8,135.69,389.35,695.0,47.85
2022-06-19,,4.0375,,,,,,,932.75,,,,
2022-06-20,,4.011,,2527.0,25790.8,3517.5,30800.0,2068.5,930.3,,392.75,688.0,
2022-06-21,1835.4,4.0445,21.813,2533.5,25927.7,3592.0,31339.0,2065.5,939.4,133.47,390.0,692.0,47.45
2022-06-22,1835.2,3.947,21.465,2479.5,24527.5,3536.5,29054.0,2020.5,926.1,127.92,392.0,684.5,48.35
2022-06-23,1826.3,3.7425,21.056,2477.5,23981.8,3491.5,26985.0,1947.5,903.7,131.45,397.5,680.5,48.0
2022-06-24,,3.744,,2456.0,22252.7,3350.0,24590.0,1915.0,903.3,129.71,397.0,677.5,48.45
2022-06-27,1821.0,3.764,21.178,2495.5,23018.3,3318.0,26991.0,2003.5,900.3,130.93,392.45,692.5,49.35
2022-06-28,1817.5,3.7785,20.839,2491.0,23245.2,3333.0,26800.0,1971.0,908.3,131.01,393.5,692.0,50.1
2022-06-29,1817.5,3.7805,20.738,2471.0,23638.0,3360.0,26774.0,1932.5,909.9,130.46,380.0,689.5,50.65
2022-06-30,1807.3,3.71,20.352,2445.5,22705.5,3157.0,26451.0,1907.5,895.3,130.0,385.95,688.82,50.85
2022-07-01,,3.604,,2444.0,21851.0,3029.0,26650.0,1934.5,871.3,114.45,388.0,656.0,51.25
2022-07-03,,3.6115,,,,,,,872.0,,,,
2022-07-04,,3.584,,2464.0,22527.6,3118.0,26600.0,1957.5,875.1,,396.45,652.0,
2022-07-05,1763.9,3.415,19.121,2392.0,22685.5,2992.0,26000.0,1939.0,850.7,113.61,397.6,652.0,51.05
2022-07-06,1736.5,3.408,19.159,2409.5,21950.9,2998.0,24712.0,1969.0,840.9,112.38,399.7,636.0,49.25
2022-07-07,1739.7,3.572,19.188,2442.5,21495.2,3110.0,25984.0,1971.0,865.8,115.14,410.0,638.0,48.6
2022-07-08,,3.522,,2436.5,21653.1,3099.0,25364.0,1917.5,882.8,113.74,413.75,638.0,48.5
2022-07-11,1731.7,3.4305,19.132,2380.0,21829.0,3049.5,26263.0,1942.0,863.4,109.97,419.0,634.0,48.4
2022-07-12,1724.8,3.288,18.958,2365.0,21325.2,3019.5,25574.0,1938.5,830.8,109.68,426.0,619.5,47.7
2022-07-13,1735.5,3.3225,19.194,2363.0,21138.4,2933.5,25364.0,1954.0,840.5,111.05,430.0,615.0,47.5
2022-07-14,1705.8,3.2115,18.225,2328.0,19178.4,2866.5,24318.0,1833.5,820.0,106.01,416.35,604.5,46.7
2022-07-15,,3.234,,2344.0,19376.3,2931.5,24850.0,1944.0,833.6,104.3,406.55,595.5,46.65
2022-07-18,1710.2,3.346,18.84,2435.0,20634.6,2992.5,24719.0,1998.5,858.7,106.69,396.05,595.5,46.65
2022-07-19,1710.7,3.291,18.713,2386.0,20685.6,2948.5,24810.0,1986.5,861.6,104.76,399.65,595.5,46.7
2022-07-20,1700.2,3.325,18.668,2425.0,21168.3,3001.5,24691.0,2032.5,849.2,104.51,408.6,595.5,46.7
2022-07-21,1713.4,3.2985,18.719,2440.0,21415.2,2953.5,24841.0,2012.0,859.1,105.27,403.4,595.5,46.95
2022-07-22,,3.3495,,2469.0,22210.8,2993.5,24947.0,2017.5,867.6,105.39,409.2,595.5,46.95
2022-07-25,1719.1,3.3545,18.328,2415.0,22087.8,2989.5,24630.0,2004.0,870.5,105.42,410.25,595.5,47.3
2022-07-26,1717.7,3.3845,18.535,2437.0,21612.1,3034.5,24470.0,2023.0,865.4,106.01,414.0,593.5,47.5
2022-07-27,1719.1,3.43,18.6,2427.0,21684.1,3037.5,24344.0,2013.0,878.2,106.24,411.5,594.5,48.25
2022-07-28,1754.4,3.481,19.918,2456.0,21803.0,3160.0,24353.0,1997.0,876.8,106.89,411.4,598.0,49.35
2022-07-29,,3.575,,2488.5,23848.9,3308.5,25047.0,2034.5,889.8,107.22,407.9,598.25,49.65
2022-08-01,1772.7,3.547,20.412,2430.5,23975.3,3328.0,24900.0,2054.0,901.6,114.35,405.0,623.0,49.65
2022-08-02,1774.8,3.5225,20.189,2414.5,22432.6,3312.0,24249.0,2050.0,905.0,113.36,403.5,627.0,49.55
2022-08-03,1760.9,3.472,19.947,2378.0,22450.6,3277.0,24245.0,2025.0,888.5,110.11,393.5,621.0,49.4
2022-08-04,1791.2,3.488,20.173,2403.0,22187.3,3450.5,24545.0,2045.5,924.9,107.03,385.0,612.5,48.95
2022-08-05,,3.559,,2416.0,22232.7,3488.5,24455.0,2070.0,924.7,109.2,361.0,611.0,48.85
2022-08-08,1789.6,3.593,20.664,2445.5,21583.1,3445.5,24300.0,2163.0,938.4,110.38,371.0,618.0,48.85
2022-08-09,1796.8,3.5925,20.531,2490.5,21475.2,3536.5,24426.0,2165.5,933.0,109.85,384.5,615.5,48.85
2022-08-10,1798.5,3.6555,20.79,2489.5,22370.7,3608.5,24541.0,2173.5,946.1,109.63,398.65,611.5,48.85
2022-08-11,1792.1,3.7115,20.394,2520.5,23656.0,3686.5,25385.0,2199.0,959.4,110.41,401.0,614.0,48.85
2022-08-12,,3.6735,,2434.5,23044.3,3589.0,25177.0,2184.0,959.4,109.71,407.65,606.0,48.85
2022-08-15,1783.3,3.6215,20.317,2390.0,21993.9,3563.5,24721.0,2178.0,933.6,107.6,407.5,600.0,48.7
2022-08-16,1774.9,3.6265,20.128,2392.0,22513.6,3672.0,24600.0,2163.5,931.3,107.37,405.0,595.0,48.7
2022-08-17,1761.9,3.587,19.776,2411.0,21916.9,3513.5,24660.0,2117.5,919.3,105.51,413.9,596.5,48.85
2022-08-18,1756.5,3.6335,19.508,2403.0,21700.0,3472.5,24595.0,2072.5,904.9,106.05,413.9,597.0,49.2
2022-08-19,,3.6685,,2386.0,21996.9,3487.5,24795.0,2042.0,888.0,105.64,416.25,595.5,49.2
2022-08-22,1734.4,3.653,18.918,2390.5,22359.7,3497.0,24465.0,2013.5,868.0,105.52,418.35,593.5,49.1
2022-08-23,1747.3,3.696,19.064,2424.0,21811.0,3484.5,24505.0,1976.0,876.4,105.57,417.6,595.0,49.15
2022-08-24,1747.8,3.648,18.942,2430.0,21368.2,3513.5,24280.0,1973.0,866.8,105.55,412.6,592.5,49.4
2022-08-25,1757.8,3.6985,19.147,2433.5,21846.0,3548.0,24310.0,1976.0,873.9,105.35,417.5,595.5,49.4
2022-08-26,,3.697,,2493.5,21628.1,3565.5,24750.0,1985.5,854.1,105.49,417.4,600.0,49.4
2022-08-29,1736.7,3.6085,18.602,,21628.1,,,,852.8,105.28,422.75,,49.8
2022-08-30,1726.9,3.5495,18.244,2391.0,21395.2,3482.0,23652.0,1987.5,833.6,104.92,414.55,593.0,51.35
2022-08-31,1716.9,3.519,17.849,2359.0,21341.2,3459.5,22793.0,1950.0,828.5,104.76,425.0,592.64,53.3
2022-09-01,1699.6,3.4085,17.632,2295.0,20398.8,3259.5,21060.0,1901.0,807.0,96.29,427.35,584.5,53.6
2022-09-02,,3.417,,2295.5,20605.6,3135.5,21155.0,1888.5,819.5,95.55,435.0,576.5,52.55
2022-09-04,,3.3887,,,,,,,815.45,,,,
2022-09-05,,3.4535,,2285.5,21542.1,3197.5,21625.0,1875.5,831.85,,457.8,572.0,
2022-09-06,1703.4,3.4645,17.868,2260.5,21503.2,3166.5,21206.0,1893.0,834.5,97.44,450.25,574.5,51.95
2022-09-07,1718.2,3.434,18.22,2235.0,21573.1,3123.5,20851.0,1902.0,847.1,97.19,439.0,567.0,52.1
2022-09-08,1710.6,3.5305,18.402,2276.5,21815.5,3154.0,21342.0,,865.7,98.37,440.35,,52.1
2022-09-09,,3.573,,2286.0,22964.3,3167.5,21165.0,1917.0,876.5,100.21,435.25,583.0,52.75
2022-09-12,1730.8,3.6155,19.816,2283.0,24391.6,3196.5,21461.0,1949.0,903.5,101.41,437.5,582.0,52.9
2022-09-13,1707.1,3.566,19.449,2313.0,24073.7,3227.0,21380.0,1952.5,882.8,101.43,439.35,582.0,52.25
2022-09-14,1698.2,3.5295,19.525,2270.5,24356.6,3229.5,21177.0,1962.5,904.2,100.43,444.2,575.5,51.35
2022-09-15,1666.8,3.501,19.227,2307.5,23187.2,3186.5,20810.0,1916.5,902.2,100.39,445.5,575.0,51.0
2022-09-16,,3.531,,2277.0,24347.6,3153.5,21137.0,1889.0,897.8,99.26,439.0,575.0,48.9
2022-09-19,1667.6,3.5255,19.319,2251.0,24550.5,3140.5,20945.0,1884.5,914.8,98.99,439.05,575.0,48.9
2022-09-20,1661.0,3.516,19.146,2245.5,24922.3,3128.5,21181.0,1880.5,917.9,98.8,441.3,567.5,49.15
2022-09-21,1665.8,3.4805,19.447,2202.5,24781.3,3098.5,21170.0,1837.0,913.1,98.65,444.5,568.0,49.6
2022-09-22,1671.4,3.482,19.587,2228.5,24297.6,3106.5,21650.0,1851.5,906.0,98.83,435.65,565.0,50.3
2022-09-23,,3.357,,2165.0,23354.1,3008.0,20243.0,1804.0,861.1,98.89,435.2,566.5,49.85
2022-09-26,1623.6,3.305,18.453,2139.5,22111.8,2924.0,20640.0,1754.5,851.0,99.01,438.0,564.5,49.4
2022-09-27,1626.5,3.295,18.302,2114.0,21652.1,2861.5,20680.0,1748.5,846.8,98.71,437.65,566.5,49.2
2022-09-28,1660.3,3.3725,18.841,2124.0,22023.9,2853.0,20728.0,1836.5,870.1,98.52,436.0,562.0,49.2
2022-09-29,1663.6,3.418,18.712,2197.0,22426.6,2929.5,20523.0,1876.0,864.8,98.42,435.75,567.0,49.05
2022-09-30,,3.4125,,2162.0,21271.3,2968.0,20634.0,1908.0,863.7,98.31,433.7,567.32,49.0
2022-10-03,1697.2,3.41,20.589,2219.5,21261.3,2960.5,20059.0,1861.5,904.7,94.22,401.5,561.0,49.2
2022-10-04,1725.5,3.49,21.099,2348.0,21932.9,3047.0,20207.0,1936.5,938.3,95.21,404.0,571.0,49.25
2022-10-05,1715.6,3.5005,20.544,2352.0,22586.6,3044.0,20290.0,2036.5,919.2,95.26,396.25,566.5,49.15
2022-10-06,1715.5,3.446,20.66,2347.0,22634.5,3120.5,20161.0,2058.5,926.4,95.46,400.0,568.5,48.95
2022-10-07,,3.3865,,2299.0,22363.7,2991.5,19425.0,2070.5,922.5,95.62,385.8,570.5,48.6
2022-10-10,1670.1,3.4305,19.615,2260.0,22393.7,2964.0,20085.0,1989.5,900.4,97.35,386.5,570.0,48.8
2022-10-11,1680.9,3.462,19.487,2236.0,22019.9,2928.5,20260.0,2015.5,903.7,96.97,391.15,559.0,49.5
2022-10-12,1672.3,3.425,18.938,2305.0,22575.6,2908.5,19820.0,2030.5,885.6,96.13,403.0,547.0,49.5
2022-10-13,1671.8,3.4405,18.918,2359.5,22318.7,2901.0,20100.0,2043.5,901.0,95.4,393.5,546.5,50.2
2022-10-14,,3.4235,,2306.0,21796.0,2941.0,19930.0,2040.5,899.5,95.93,392.5,555.0,50.6
2022-10-17,1658.9,3.4155,18.719,2229.0,21593.1,2866.5,19645.0,2026.0,918.2,94.93,392.15,549.0,51.0
2022-10-18,1650.7,3.362,18.6,2193.0,21893.9,2863.5,19450.0,2013.5,911.9,95.21,387.85,546.0,51.5
2022-10-19,1629.0,3.318,18.359,2170.5,21988.9,2899.0,19338.0,1984.5,885.7,94.86,391.0,545.0,52.25
2022-10-20,1631.8,3.4105,18.689,2209.5,22119.8,2964.0,19348.0,1977.5,919.7,94.76,391.95,548.5,52.65
2022-10-21,,3.4745,,2206.0,22125.8,2928.0,18484.0,1893.5,938.5,94.86,390.0,550.0,53.05
2022-10-24,1649.2,3.4305,19.189,2175.0,22202.8,2958.0,18450.0,1888.0,931.2,94.51,390.0,548.5,53.35
2022-10-25,1653.3,3.397,19.349,2215.0,22427.6,2905.0,18477.0,1870.0,924.3,94.61,388.15,548.5,53.35
2022-10-26,1664.4,3.545,19.486,2335.0,22600.5,2948.5,18682.0,1889.5,967.1,93.56,386.5,548.5,53.35
2022-10-27,1660.3,3.5195,19.494,2287.5,22216.8,2942.0,18690.0,1865.0,972.0,92.81,385.6,546.0,53.35
2022-10-28,,3.426,,2211.5,22023.9,2821.5,18101.0,1986.5,949.1,93.01,385.7,546.0,53.05
2022-10-31,1640.7,3.372,19.184,2222.0,21953.9,2697.0,17631.0,1973.0,930.1,92.43,356.3,547.8,52.8
2022-11-01,1649.7,3.4685,19.728,2242.5,23390.1,2743.5,17970.0,1980.5,950.5,80.03,359.0,528.0,52.65
2022-11-02,1650.0,3.4655,19.654,2251.0,23945.8,2748.5,18010.0,1988.5,950.9,82.1,361.0,529.0,52.4
2022-11-03,1630.9,3.4275,19.485,2264.0,22737.5,2720.0,17762.0,1995.5,924.1,83.37,351.0,521.0,51.1
2022-11-04,,3.684,,2355.5,23731.9,2874.0,18872.0,1996.5,960.5,85.16,349.5,537.0,50.6
2022-11-07,1680.5,3.607,20.981,2337.0,23352.1,2886.0,18939.0,2036.5,989.4,87.14,344.9,531.0,50.0
2022-11-08,1716.0,3.684,21.567,2372.0,23754.9,2931.0,19659.0,2054.0,1014.5,85.33,339.0,520.0,50.25
2022-11-09,1713.7,3.7005,21.381,2319.0,24679.4,2853.5,19817.0,2077.0,997.3,87.51,324.75,520.0,50.6
2022-11-10,1753.7,3.758,21.772,2327.0,26102.6,2884.0,20324.0,2098.0,1055.0,88.19,324.25,514.0,50.7
2022-11-11,,3.9125,,2463.5,27372.9,3024.5,21315.0,2161.5,1038.1,90.79,326.8,520.0,50.75
2022-11-14,1776.9,3.835,22.178,2452.5,29031.0,3131.5,22029.0,2190.0,1029.6,92.09,330.35,525.0,50.75
2022-11-15,1776.8,3.8215,21.593,2435.0,29808.6,3111.5,23386.0,2218.0,1019.9,92.29,341.0,528.0,50.6
2022-11-16,1775.8,3.7755,21.604,2412.0,26683.3,3053.5,23635.0,2170.5,1013.8,92.34,332.55,528.0,50.65
2022-11-17,1763.0,3.693,21.054,2391.0,25318.1,2987.0,22584.0,2150.5,990.9,93.09,334.6,526.0,50.7
2022-11-18,,3.6395,,2430.0,25578.9,3031.0,22664.0,2154.0,983.7,92.89,343.45,526.0,50.7
2022-11-21,1739.6,3.577,20.952,2379.0,25100.7,2906.0,21159.0,2101.0,987.0,91.54,351.0,525.0,50.5
2022-11-22,1739.9,3.6175,21.13,2429.0,26171.6,2914.5,22194.0,2093.5,995.4,91.45,347.15,526.0,50.4
2022-11-23,1745.6,3.621,21.436,2397.0,26056.6,2906.5,22028.0,2107.5,997.6,91.94,346.45,524.0,50.35
2022-11-24,,3.6395,,2367.5,26142.6,2918.0,22238.0,2130.0,996.9,,347.35,525.0,
2022-11-25,,3.6325,,2362.5,25543.9,2920.5,22231.0,2117.0,989.4,92.74,349.4,525.0,50.35
2022-11-28,1740.3,3.616,21.002,2362.5,25555.9,2937.0,22354.0,2113.5,999.9,93.04,379.0,525.0,50.35
2022-11-29,1756.3,3.6405,21.392,2379.5,26810.2,2934.5,22788.0,2134.5,1010.5,92.9,387.4,527.0,50.35
2022-11-30,1753.2,3.7395,21.727,2477.5,26775.2,3037.5,22921.0,2193.0,1040.2,93.25,398.5,525.59,49.95
2022-12-01,1808.2,3.819,22.786,2485.0,27399.9,3079.5,23331.0,2173.5,1056.6,103.1,385.0,562.0,49.8
2022-12-02,,3.852,,2545.5,28172.5,3079.0,23255.0,2202.5,1028.9,107.44,391.0,564.0,49.2
2022-12-05,1774.3,3.795,22.324,2522.5,28408.4,3126.0,24446.0,2238.5,1009.9,107.68,400.5,573.0,48.35
2022-12-06,1775.5,3.818,22.256,2508.5,28963.0,3156.0,24814.0,2220.5,998.0,108.49,408.8,572.0,48.3
2022-12-07,1791.0,3.861,22.837,2485.5,30778.0,3183.0,24306.0,2212.0,1014.3,107.09,405.65,567.5,48.15
2022-12-08,1794.2,3.885,23.157,2503.0,29429.8,3236.5,24625.0,2212.0,1017.4,109.49,395.5,572.0,48.5
2022-12-09,,3.8795,,2480.5,28722.2,3240.5,24290.0,2199.5,1038.2,110.48,402.5,578.0,48.7
2022-12-12,1785.0,3.8015,23.314,2414.0,29263.9,3269.5,23950.0,2180.5,1010.8,109.47,400.25,578.0,48.7
2022-12-13,1818.3,3.8425,23.909,2461.0,28251.4,3318.5,24644.0,2205.5,1041.8,109.23,404.5,578.0,48.35
2022-12-14,1811.5,3.8785,24.049,2444.0,28448.3,3238.5,24275.0,2181.0,1042.1,109.26,404.0,578.0,48.35
2022-12-15,1780.6,3.7645,23.229,2384.0,28256.4,3160.0,23600.0,2153.0,1016.9,110.5,401.9,578.0,48.15
2022-12-16,,3.763,,2375.0,28409.3,3018.0,23535.0,2151.5,1004.4,110.27,403.0,578.0,48.15
2022-12-19,1791.0,3.7845,23.117,2361.0,27121.1,3012.0,23307.0,2160.0,993.9,109.56,401.35,573.5,48.1
2022-12-20,1818.6,3.7995,24.183,2372.5,27974.6,3082.5,23913.0,2180.0,1020.9,109.86,400.05,573.5,48.1
2022-12-21,1818.5,3.811,24.121,2391.5,29710.6,3009.5,24060.0,2212.5,1010.3,110.74,401.4,573.5,48.1
2022-12-22,1788.5,3.7575,23.561,2406.0,29276.4,2948.0,23930.0,2216.5,990.5,110.43,400.65,574.5,48.1
2022-12-23,,3.8085,,2389.5,29641.7,2965.0,23934.0,2273.5,1032.6,110.48,401.1,572.5,48.1
2022-12-26,,3.8575,24.055,,,,,,1036.0,,,,
2022-12-27,1816.3,3.84,24.142,,,,,,1032.7,110.64,400.5,,49.0
2022-12-28,1808.8,3.842,23.756,2381.0,30193.4,3005.5,24734.0,2218.0,1019.8,110.8,402.1,570.0,49.0
2022-12-29,1826.0,3.824,24.25,2405.0,30074.4,2984.5,24915.0,2272.5,1065.0,110.98,404.15,571.0,49.0
2022-12-30,,3.8105,,2378.0,30418.2,2972.5,24808.0,2293.0,1082.9,111.28,404.15,571.16,49.0
2023-01-02,,3.8403,24.328,,,,,,1085.75,,,,
2023-01-03,1846.1,3.7665,24.236,2311.0,31274.8,3002.0,25473.0,2280.0,1093.3,117.79,393.1,610.0,48.9
2023-01-04,1859.0,3.7405,23.964,2266.5,29187.4,2992.0,25095.0,2268.0,1092.3,115.35,394.55,610.0,48.95
2023-01-05,1840.6,3.821,23.424,2255.5,27845.7,3005.0,24861.0,2217.5,1069.6,114.97,397.5,614.0,48.95
2023-01-06,,3.911,,2295.5,28835.1,3023.5,25270.0,2200.5,1104.3,116.57,396.15,616.0,49.0
2023-01-09,1877.8,4.0265,23.871,2438.5,27323.9,3205.5,25861.0,2251.5,1098.6,117.41,393.85,621.0,49.95
2023-01-10,1876.5,4.0775,23.665,2463.5,27262.0,3160.5,25860.0,2200.0,1088.5,119.66,390.45,623.5,50.35
2023-01-11,1878.9,4.166,23.481,2510.0,25920.7,3207.0,26813.0,2192.0,1084.3,121.02,370.0,625.0,50.45
2023-01-12,1898.8,4.1965,24.004,2548.5,27750.7,3235.5,27409.0,2198.0,1084.3,121.26,377.5,622.5,50.5
2023-01-13,,4.216,,2595.0,26977.1,3324.0,28756.0,2251.0,1072.5,122.33,370.25,625.0,50.5
2023-01-15,,4.206,24.415,,,,,,1074.45,,,,
2023-01-16,,4.1433,,2621.0,27396.9,3304.5,28466.0,2218.0,1071.8,,368.75,625.0,
2023-01-17,1909.9,4.223,24.068,2618.5,26524.4,3295.0,28416.0,2224.5,1046.9,120.95,369.25,624.5,49.6
2023-01-18,1907.0,4.2345,23.647,2638.0,28055.5,3405.0,29100.0,2183.0,1043.7,121.19,368.0,625.0,49.1
2023-01-19,1923.9,4.2315,23.87,2587.5,29185.9,3457.5,28800.0,2142.5,1041.1,121.79,363.5,625.0,48.95
2023-01-20,,4.2515,,2610.5,28519.3,3420.5,29536.0,2089.0,1047.8,122.16,350.95,625.0,48.9
2023-01-23,1928.6,4.2565,23.554,2636.5,28399.9,3420.5,29503.0,2055.0,1056.3,121.94,360.0,623.0,49.0
2023-01-24,1935.4,4.2485,23.749,2650.5,28782.1,3429.0,29960.0,2126.0,1066.8,121.97,359.6,624.5,49.1
2023-01-25,1942.6,4.2445,23.941,2658.5,29146.9,3450.0,30850.0,2160.5,1046.1,121.93,354.0,625.0,49.2
2023-01-26,1930.0,4.2675,24.02,2639.0,29408.8,3486.5,32262.0,2204.5,1023.0,122.49,355.6,620.0,50.35
2023-01-27,,4.2225,,2627.0,28912.1,3413.5,30838.0,2183.0,1016.8,122.7,358.1,623.0,50.7
2023-01-30,1930.2,4.2065,23.821,2589.5,29664.7,3446.0,29809.0,2159.5,1027.3,123.08,265.35,620.5,50.85
2023-01-31,1936.6,4.2295,23.93,2644.0,30259.3,3389.0,29490.0,2136.5,1027.4,123.37,251.75,619.42,50.85
2023-02-01,1934.3,4.117,23.703,2631.5,28974.0,3349.5,28813.0,2138.5,1008.4,126.33,247.0,646.5,50.85
2023-02-02,1922.2,4.098,23.715,2617.0,29904.5,3382.5,29377.0,2133.0,1038.2,123.95,244.65,642.5,51.25
2023-02-03,,4.0635,,2569.5,28505.3,3241.5,28379.0,2099.5,987.1,125.26,236.0,643.0,51.25
2023-02-06,1871.2,4.043,22.337,2533.5,27074.1,3131.0,26880.0,2100.0,980.6,124.34,252.0,636.0,50.95
2023-02-07,1876.5,4.088,22.277,2524.5,27429.9,3136.5,27071.0,2098.0,992.1,122.75,255.65,623.0,50.75
2023-02-08,1882.2,4.043,22.52,2481.0,27392.9,3132.0,27619.0,2120.5,993.1,123.21,239.35,630.5,50.55
2023-02-09,1870.0,4.103,22.241,2499.0,28990.0,3123.0,27745.0,2126.0,970.2,124.65,225.5,635.0,50.45
2023-02-10,,4.0245,,2440.5,27564.8,3042.5,27349.0,2078.5,956.9,125.14,226.1,643.0,50.55
2023-02-13,1855.1,4.0655,21.942,2412.5,26435.4,3097.5,27528.0,2097.0,963.0,123.76,221.0,644.0,50.6
2023-02-14,1857.0,4.0835,21.961,2408.0,26453.4,3082.5,26817.0,2095.0,945.3,124.2,219.5,645.5,50.8
2023-02-15,1837.0,4.0165,21.659,2384.5,25974.7,3018.5,26658.0,2052.5,923.9,124.34,219.9,644.0,51.05
2023-02-16,1843.4,4.125,21.81,2394.0,26610.3,3003.5,27004.0,2029.5,936.0,124.69,214.0,645.0,51.6
2023-02-17,,4.106,,2387.5,25620.9,3058.0,25856.0,2065.0,926.9,124.94,209.35,644.0,51.8
2023-02-19,,4.1195,21.598,,,,,,918.55,,,,
2023-02-20,,4.1807,,2457.5,27021.1,3126.0,26700.0,2154.5,929.0,,205.65,644.0,
2023-02-21,1834.2,4.2165,21.97,2467.5,26834.2,3135.5,27526.0,2141.5,954.0,126.34,208.5,640.5,51.8
2023-02-22,1833.3,4.186,21.748,2418.0,26503.4,3057.0,26848.0,2103.5,958.7,125.77,209.65,641.5,51.8
2023-02-23,1818.8,4.0555,21.376,2396.0,25244.1,3034.5,26171.0,2056.0,951.2,125.92,210.1,644.5,51.8
2023-02-24,,3.9545,,2335.5,24362.6,2964.0,25651.0,2071.0,908.2,125.85,209.2,636.5,51.7
2023-02-27,1824.9,4.011,20.793,2363.0,25328.0,2988.5,25478.0,2111.5,948.1,125.74,196.5,637.0,51.05
2023-02-28,1836.7,4.0895,21.071,2373.0,24848.3,3000.5,24963.0,2104.0,961.6,125.75,192.85,638.8,
2023-03-01,1845.4,4.16,21.095,2431.5,25058.2,3115.5,25334.0,2141.5,967.8,126.8,193.5,646.5,
2023-03-02,1840.5,4.076,20.901,2399.5,24184.7,3048.0,24570.0,2125.5,969.2,127.02,193.0,647.0,
2023-03-03,,4.067,,2405.0,24593.4,3077.5,24750.0,2119.5,985.0,126.64,188.9,665.0,
2023-03-06,1854.6,4.0885,21.135,2382.0,24432.5,3032.5,24555.0,2122.5,983.6,125.5,181.75,660.0,
2023-03-07,1820.0,3.975,20.199,2350.0,24129.7,2954.0,24177.0,2087.5,941.7,127.33,179.25,663.0,
2023-03-08,1818.6,4.027,20.151,2354.0,23724.9,2975.0,23742.0,2092.0,945.9,127.37,179.5,670.0,
2023-03-09,1834.6,4.039,20.165,2328.0,,2974.0,23351.0,2084.0,954.3,129.48,180.0,675.0,
2023-03-10,,4.0305,,2313.0,,2937.0,22912.0,2077.0,965.5,129.44,185.25,670.0,
2023-03-13,1916.5,4.0535,21.923,2333.5,,2946.5,23210.0,2082.0,1007.6,130.49,182.9,671.0,
2023-03-14,1910.9,4.003,22.04,2352.5,,2909.5,22950.0,2085.5,1001.3,130.04,180.0,664.0,
2023-03-15,1931.3,3.843,21.882,2277.0,,2866.0,22464.0,2069.0,973.4,130.09,175.0,657.0,
2023-03-16,1923.0,3.8645,21.692,2267.5,,2857.5,22218.0,2066.5,978.8,128.91,174.0,658.5,
2023-03-17,,3.8925,,2274.0,,2895.0,22510.0,2089.5,980.9,130.0,173.0,660.0,
2023-03-20,1982.8,3.9515,22.646,2274.5,,2885.5,22750.0,2118.0,997.4,128.26,172.25,652.0,
2023-03-21,1941.1,3.994,22.425,2266.5,,2864.5,23039.0,2094.5,981.4,128.01,174.0,652.0,
2023-03-22,1949.6,4.0445,22.786,2286.5,,2866.0,23395.0,2116.0,988.1,127.73,176.55,646.0,
2023-03-23,1995.9,4.1235,23.256,2326.0,,2907.0,24348.0,2126.0,997.0,126.66,176.65,651.5,
2023-03-24,,4.075,,2337.0,,2891.5,24830.0,2125.5,990.3,126.01,175.35,649.0,
2023-03-27,1953.8,4.0785,23.145,2363.5,,2912.0,25421.0,2133.0,982.5,126.01,176.25,650.5,
2023-03-28,1973.5,4.0855,23.42,2389.0,,2936.5,25770.0,2135.0,971.9,126.01,176.5,650.5,
2023-03-29,1966.9,4.0865,23.466,2380.0,,2968.0,25814.0,2138.5,985.5,126.01,176.6,651.5,
2023-03-30,1988.5,4.0955,24.076,2386.0,,2932.0,25916.0,2138.5,996.9,126.01,176.75,653.0,
2023-03-31,,4.0985,,2413.0,,2922.5,25835.0,2107.0,1003.1,127.06,177.25,650.74,
2023-04-03,1991.3,4.0495,24.118,2397.5,,2898.5,26040.0,2115.5,996.4,122.19,200.0,633.0,
2023-04-04,2029.4,3.975,25.201,2370.5,,2831.5,24995.0,2117.0,1029.0,120.24,192.65,640.0,
2023-04-05,2026.8,3.989,25.143,2333.5,,2789.5,24247.0,2110.5,1007.4,119.67,198.0,632.0,
2023-04-06,,4.0175,,2333.5,,2779.0,24308.0,2095.5,1016.8,119.16,193.75,626.0,
2023-04-10,1994.8,3.9795,25.02,,,,,,1002.9,119.75,193.75,,
2023-04-11,2010.0,4.0225,25.296,2302.5,,2757.5,23733.0,2087.0,1005.1,121.05,194.15,626.0,
2023-04-12,2015.7,4.0805,25.563,2325.0,,2785.0,24022.0,2129.0,1027.5,120.5,194.6,620.0,
2023-04-13,2045.8,4.119,26.035,2367.0,,2837.0,24442.0,2146.5,1065.5,119.92,190.75,622.0,
2023-04-14,,4.1035,,2385.5,,2856.5,24853.0,2170.0,1054.0,119.11,188.0,624.5,
2023-04-17,1997.6,4.0675,25.197,2378.5,,2832.0,27367.0,2113.0,1059.6,120.01,187.0,625.0,
2023-04-18,2010.3,4.094,25.368,2437.0,,2871.0,27843.0,2145.0,1097.3,120.34,188.3,627.5,
2023-04-19,1998.0,4.079,25.471,2445.0,,2790.0,27082.0,2156.0,1105.7,120.26,192.5,623.0,
2023-04-20,2009.8,4.0295,25.478,2421.0,,2770.0,26940.0,2153.0,1107.6,119.31,191.75,618.0,
2023-04-21,,3.983,,2396.5,,2719.0,26594.0,2161.0,1138.7,117.21,190.35,618.0,
2023-04-24,1990.6,3.961,25.411,2381.0,,2670.0,26646.0,2143.0,1097.7,116.76,190.0,612.0,
2023-04-25,1995.1,3.8585,24.978,2335.5,,2600.0,25584.0,2106.5,1098.2,117.6,189.05,617.0,
2023-04-26,1986.9,3.8605,24.972,2327.0,,2645.0,25754.0,2105.0,1106.0,116.71,190.15,619.0,
2023-04-27,1999.0,3.884,25.209,2319.0,,2621.0,25883.0,2099.5,1098.7,116.21,189.95,617.0,
2023-04-28,,3.8905,,2356.0,,2647.5,26088.0,2148.0,1095.6,116.14,189.7,617.11,
2023-05-01,1992.2,3.934,25.23,,,,,,1070.8,103.61,185.15,,
2023-05-02,2023.3,3.8625,25.619,2366.5,,2609.5,26491.0,2172.5,1083.9,106.01,187.55,571.5,
2023-05-03,2037.0,3.845,25.681,2321.0,,2630.0,26777.0,2131.0,1067.5,105.48,180.6,571.5,
2023-05-04,2055.7,3.863,26.227,2287.0,,2622.5,25600.0,2101.5,1056.3,103.87,170.65,565.0,
2023-05-05,,3.883,,2318.5,,2686.5,26064.0,2117.5,1073.8,103.55,169.65,568.0,
2023-05-08,2033.2,3.9295,25.834,,,,,,1091.9,107.4,169.65,,
2023-05-09,2042.9,3.9015,25.898,2320.0,,2674.0,25995.0,2137.0,1119.9,106.05,169.0,575.0,
2023-05-10,2037.1,3.841,25.658,2268.0,,2623.5,25846.0,2136.5,1123.1,106.85,166.95,571.0,
2023-05-11,2020.5,3.71,24.424,2211.0,,2548.0,25308.0,2107.5,1109.1,104.8,163.0,573.0,
2023-05-12,,3.7285,,2231.5,,2549.0,24836.0,2076.0,1072.0,105.16,164.9,575.0,
2023-05-15,2022.7,3.751,24.291,2259.5,,2532.0,24994.0,2072.5,1079.0,106.77,163.75,577.0,
2023-05-16,1993.0,3.667,23.893,2259.5,,2492.0,24524.0,2045.5,1070.5,106.84,163.8,576.0,
2023-05-17,1984.9,3.7545,23.897,2296.5,,2524.0,24802.0,2055.5,1086.4,107.38,165.25,574.0,
2023-05-18,1959.8,3.6895,23.633,2283.5,20877.5,2459.0,25014.0,2055.5,1062.6,107.27,159.35,570.0,
2023-05-19,,3.732,,2283.5,21454.2,2479.0,25451.0,2093.5,1079.9,107.1,162.25,572.0,
2023-05-22,1977.2,3.685,23.861,2263.5,21306.3,2431.5,24950.0,2087.5,1081.8,107.16,160.35,572.0,
2023-05-23,1974.5,3.6545,23.624,2227.0,20898.5,2372.5,24320.0,2073.0,1062.8,106.54,160.0,571.5,
2023-05-24,1964.6,3.5615,23.24,2205.0,20733.6,2313.0,23965.0,2049.0,1034.7,105.56,160.25,575.0,
2023-05-25,1943.7,3.588,22.91,2231.0,21071.4,2272.0,24607.0,2074.0,1031.7,105.6,160.0,574.0,
2023-05-26,,3.682,,2237.5,21045.4,2343.5,24846.0,2078.5,1020.0,105.41,160.0,574.5,
2023-05-28,,3.675,23.413,,,,,,1027.75,,,,
2023-05-29,,3.6717,,,,,,,1033.1,,140.65,,
2023-05-30,1968.1,3.6695,23.353,2224.0,20983.4,2302.5,25561.0,2064.0,1028.1,105.2,135.1,566.5,
2023-05-31,1973.1,3.6455,23.696,2246.0,20565.7,2248.5,25454.0,2012.5,1004.8,105.07,135.0,565.77,
2023-06-01,1986.5,3.7185,24.096,2282.5,21368.2,2267.0,25437.0,1999.0,1016.2,104.5,130.15,539.5,
2023-06-02,,3.7345,,2263.5,20985.4,2306.5,25651.0,2031.5,1009.9,106.33,131.0,544.0,
2023-06-05,1965.7,3.774,23.743,2244.0,20806.5,2288.5,25565.0,2028.0,1041.3,107.38,137.75,550.0,
2023-06-06,1972.9,3.7745,23.779,2210.0,21010.4,2319.0,25618.0,2026.0,1043.5,108.59,134.45,552.0,
2023-06-07,1949.9,3.7605,23.638,2219.0,21426.2,2398.5,25650.0,2044.5,1029.9,109.18,136.0,545.0,
2023-06-08,1969.9,3.7995,24.455,2254.5,21038.4,2408.5,25817.0,2037.5,1019.4,111.43,136.25,540.0,
2023-06-09,,3.7945,,2268.0,21162.3,2404.5,26502.0,2056.0,1017.8,112.96,135.7,540.0,
2023-06-12,1960.9,3.7595,24.165,2228.0,20907.5,2349.5,25901.0,2073.0,1000.3,111.14,134.0,534.0,
2023-06-13,1949.9,3.8355,23.929,2232.0,21985.9,2381.5,26065.0,2080.5,986.7,112.45,132.25,551.0,
2023-06-14,1960.1,3.8725,24.212,2253.5,22629.5,2486.5,26762.0,2117.5,984.3,112.75,132.0,560.0,
2023-06-15,1961.8,3.9,24.044,2249.5,22950.4,2480.5,27225.0,2130.5,996.3,112.93,135.95,557.5,
2023-06-16,,3.8935,,2271.0,22887.9,2478.0,26951.0,2141.0,992.0,113.02,128.45,557.5,
2023-06-18,,3.8738,24.198,,,,,,985.2,,,,
2023-06-19,,3.8643,,2241.0,22464.6,2437.0,26900.0,2133.5,979.9,,128.35,545.0,
2023-06-20,1938.9,3.889,23.334,2230.0,21922.9,2359.5,26847.0,2144.5,971.9,113.08,126.55,547.0,
2023-06-21,1936.1,3.91,22.911,2223.0,21252.3,2416.0,27311.0,2172.0,952.9,112.85,124.15,542.0,
2023-06-22,1915.0,3.896,22.567,2201.0,21116.4,2456.0,27079.0,2163.5,929.1,112.85,125.75,542.0,
2023-06-23,,3.809,,2174.5,21343.2,2364.5,26476.0,2123.0,926.9,112.65,125.5,542.0,
2023-06-26,1925.1,3.794,22.923,2148.5,20356.8,2328.0,25635.0,2069.5,932.9,112.46,125.5,536.0,
2023-06-27,1915.1,3.7795,23.049,2195.0,20771.6,2386.5,26283.0,2096.5,934.0,112.6,127.9,542.0,
2023-06-28,1913.4,3.736,22.981,2173.5,20011.0,2349.5,26047.0,2071.0,924.7,112.64,127.9,540.0,
2023-06-29,1917.9,3.699,22.798,2160.0,20564.7,2341.5,26098.0,2051.0,906.8,112.62,127.9,542.5,
2023-06-30,,3.7595,,2151.5,20342.8,2388.0,26787.0,2099.5,913.2,112.57,128.05,544.0,
2023-07-03,1929.5,3.794,23.112,2157.5,20590.7,2365.0,27377.0,2092.0,916.0,110.87,148.05,545.0,
2023-07-04,,3.7843,,2167.5,20488.7,2411.0,27320.0,2093.0,926.4,,143.15,547.0,
2023-07-05,1927.1,3.7685,23.402,2142.5,21173.3,2357.5,27633.0,2066.0,925.0,111.84,144.8,547.0,
2023-07-06,1915.4,3.7345,22.89,2129.0,21148.3,2363.5,28530.0,2050.5,909.7,112.27,139.65,555.0,
2023-07-07,,3.782,,2145.5,20770.6,2362.0,28342.0,2052.5,918.5,110.54,138.0,543.0,
2023-07-10,1931.0,3.7845,23.345,2147.0,20915.5,2353.0,27950.0,2062.5,934.8,109.21,133.7,542.0,
2023-07-11,1937.1,3.766,23.281,2168.5,20665.6,2356.0,27956.0,2052.0,932.4,109.34,131.0,544.5,
2023-07-12,1961.7,3.853,24.31,2236.0,21580.1,2425.5,29069.0,2085.5,956.6,110.61,129.05,548.5,
2023-07-13,1963.8,3.94,24.949,2278.0,21211.3,2479.0,28809.0,2127.0,983.4,110.95,128.0,545.0,
2023-07-14,,3.933,,2276.5,21582.1,2439.0,28543.0,2122.5,984.3,112.38,131.65,548.0,
2023-07-17,1956.4,3.844,25.018,2255.0,20876.5,2410.0,28363.0,2099.5,987.5,111.81,131.1,548.0,
2023-07-18,1980.8,3.8295,25.256,2203.5,21113.4,2395.0,28540.0,2096.0,994.4,112.17,134.35,548.0,
2023-07-19,1980.8,3.814,25.387,2190.5,20876.5,2359.5,28114.0,2085.5,984.8,112.08,132.0,543.5,
2023-07-20,1970.9,3.8345,24.962,2201.0,21276.3,2383.5,28715.0,2107.0,964.1,112.43,132.0,545.5,
2023-07-21,,3.818,,2204.5,20763.6,2372.0,28494.0,2139.5,972.2,112.47,133.0,548.5,
2023-07-24,1962.2,3.8555,24.581,2209.0,21395.2,2417.0,28601.0,2175.0,969.5,112.51,133.1,546.5,
2023-07-25,1963.7,3.9155,24.824,2240.0,22384.6,2488.0,28899.0,2179.5,976.6,112.72,134.0,552.0,
2023-07-26,1970.1,3.902,24.97,2213.0,21470.7,2473.5,29010.0,2152.0,972.0,112.89,134.0,554.5,
2023-07-27,1945.7,3.8755,24.367,2205.0,21643.6,2454.0,28680.0,2158.0,945.0,112.9,134.0,547.0,
2023-07-28,,3.9355,,2222.0,22224.7,2497.5,28740.0,2158.5,951.3,112.69,134.45,549.5,
2023-07-31,1979.6,4.014,25.092,2282.5,22274.7,2565.0,28637.0,2149.0,965.6,112.46,137.3,575.0,
2023-08-01,1949.7,3.9165,24.445,2255.5,22194.8,2569.0,27724.0,2147.0,947.5,108.32,134.35,578.0,
2023-08-02,1946.0,3.8535,23.991,2209.0,21513.6,2482.5,27418.0,2146.5,937.8,107.41,133.5,569.0,
2023-08-03,1939.9,3.91,23.816,2230.0,21648.6,2485.0,28023.0,2157.0,929.8,104.26,136.85,555.5,
2023-08-04,,3.8785,,2232.5,21231.3,2504.0,27700.0,2127.5,936.5,105.18,137.0,561.0,
2023-08-07,1940.7,3.848,23.352,2230.0,21493.7,2496.5,27756.0,2138.0,934.8,104.73,141.1,559.0,
2023-08-08,1930.8,3.782,22.922,2200.5,20611.0,2456.0,27300.0,2125.0,911.4,104.41,142.5,558.0,
2023-08-09,1921.9,3.798,22.841,2195.0,20318.0,2479.5,27259.0,2127.0,899.8,104.7,142.5,559.0,
2023-08-10,1920.1,3.7805,22.929,2204.0,20181.0,2457.0,26885.0,2136.5,921.6,104.6,143.0,557.5,
2023-08-11,,3.7375,,2175.5,19958.0,2397.5,26457.0,2109.0,921.5,105.37,144.0,554.5,
2023-08-14,1915.6,3.7395,22.813,2146.0,19789.0,2349.5,25325.0,2096.0,913.2,104.63,146.5,553.0,
2023-08-15,1906.9,3.6855,22.759,2142.5,,2314.5,25186.0,2121.5,899.1,104.8,147.15,553.0,
2023-08-16,1900.2,3.6765,22.637,2143.0,19634.0,2283.5,25066.0,2120.5,897.8,104.81,147.5,555.5,
2023-08-17,1887.2,3.711,22.821,2145.5,20105.0,2298.0,25305.0,2141.5,902.0,105.64,147.0,556.5,
2023-08-18,,3.726,,2137.0,19967.0,2300.0,25260.0,2149.5,920.9,106.1,149.5,550.5,
2023-08-21,1895.7,3.7385,23.443,2144.0,19924.5,2317.5,25702.0,2165.0,919.7,106.48,149.25,549.5,
2023-08-22,1898.6,3.7755,23.553,2177.0,20323.0,2332.0,26112.0,2152.5,931.2,106.77,150.0,550.0,
2023-08-23,1920.5,3.824,24.495,2179.5,20772.0,2371.0,26125.0,2187.5,943.9,107.47,150.0,551.0,
2023-08-24,1919.1,3.782,24.343,2157.5,20661.0,2394.0,25870.0,2183.0,949.2,107.82,149.0,553.5,
2023-08-25,,3.774,,2150.5,20641.0,2382.5,25497.0,2161.0,954.4,108.21,149.4,553.0,
2023-08-28,1918.5,3.777,24.369,,,,,,978.4,108.31,159.75,,
2023-08-29,1936.4,3.818,24.901,2168.5,20515.0,2440.0,25395.0,2191.5,989.2,108.65,159.5,553.0,
2023-08-30,1954.0,3.831,24.978,2201.5,20452.25,2435.0,25475.0,2182.5,990.2,108.99,156.0,556.5,
2023-08-31,1947.0,3.809,24.692,2208.0,20113.0,2430.5,25396.0,2218.0,981.2,109.4,156.0,555.0,
2023-09-01,,3.841,,2237.0,20917.0,2485.5,25806.0,2248.5,975.5,118.19,156.25,554.5,
2023-09-03,,3.855,24.532,,,,,,969.1,,,,
2023-09-04,,3.832,,2212.5,20868.0,2479.5,26372.0,2223.0,959.55,,156.55,561.0,
2023-09-05,1934.3,3.838,23.762,2193.0,20868.0,2472.5,26445.0,2233.5,940.8,117.13,160.5,562.0,
2023-09-06,1925.8,3.7755,23.397,2193.5,20404.0,2463.0,26270.0,2225.5,922.7,118.97,160.0,555.5,
2023-09-07,1924.1,3.752,23.134,2196.0,20288.0,2479.5,26085.0,2229.5,917.0,117.4,157.65,553.0,
2023-09-08,,3.7065,,2183.5,19846.0,2443.5,25573.0,2227.5,902.0,116.9,156.25,544.0,
2023-09-11,1929.2,3.7965,23.282,2205.5,20274.0,2509.5,25803.0,2249.0,909.7,118.23,158.0,547.0,
2023-09-12,1917.2,3.7785,23.301,2196.5,19703.5,2479.0,25524.0,2219.5,920.2,120.33,159.0,546.5,
2023-09-13,1914.4,3.78,23.08,2217.5,19873.0,2526.0,25688.0,2217.5,912.5,120.53,162.25,543.5,
2023-09-14,1914.4,3.8075,22.902,2224.5,20100.0,2570.0,25895.0,2245.0,917.6,120.56,160.15,543.5,
2023-09-15,,3.7875,,2190.0,19676.0,2520.5,25703.0,2261.0,935.5,121.29,160.5,543.5,
2023-09-18,1935.2,3.7645,23.399,2220.0,19875.51,2542.0,26183.0,2247.5,943.2,122.2,160.75,538.5,
2023-09-19,1935.3,3.734,23.351,2215.5,19952.76,2497.5,26106.0,2220.0,953.4,122.16,160.75,538.0,
2023-09-20,1948.6,3.762,23.728,2256.0,19537.76,2555.5,26132.0,2214.0,949.6,121.83,160.75,539.0,
2023-09-21,1921.2,3.6835,23.582,2212.0,19119.01,2514.0,25613.0,2183.5,931.6,121.69,160.5,540.5,
2023-09-22,,3.682,,2240.5,19358.01,2562.0,26251.0,2214.0,940.0,121.33,160.0,540.5,
2023-09-25,1918.2,3.6595,23.277,2233.5,19085.01,2532.0,25888.0,2181.0,923.6,121.18,160.0,541.5,
2023-09-26,1901.6,3.6355,23.086,2243.5,18878.76,2511.0,26012.0,2186.5,914.2,120.93,160.35,541.0,
2023-09-27,1872.3,3.6295,22.609,2238.0,18996.01,2476.5,25650.0,2153.0,895.5,120.84,160.35,542.5,
2023-09-28,1869.5,3.708,22.741,2277.5,18930.26,2620.5,25324.0,2195.5,915.1,120.84,159.75,542.0,
2023-09-29,,3.7375,,2347.0,18655.76,2649.5,23944.0,2171.0,915.9,120.79,160.1,547.5,
2023-10-02,1838.2,3.6415,21.421,2321.0,18798.26,2600.5,23496.0,2146.0,886.8,120.14,154.5,542.0,73.25
2023-10-03,1832.6,3.621,21.377,2290.0,18645.76,2502.0,23854.0,2118.0,879.6,118.44,149.65,543.0,72.1
2023-10-04,1826.1,3.589,21.146,2246.5,18588.76,2493.0,23926.0,2117.5,874.2,118.03,144.65,545.0,70.45
2023-10-05,1823.2,3.552,21.019,2232.0,18368.51,2476.5,24139.0,2135.5,862.5,117.42,139.0,544.0,70.45
2023-10-06,,3.6275,,2239.5,18493.01,2509.0,24644.0,2143.5,881.5,117.74,138.5,549.5,69.8
2023-10-09,1855.7,3.646,21.924,2241.5,18902.26,2513.0,25140.0,2130.5,888.8,118.18,141.35,532.0,69.15
2023-10-10,1866.7,3.634,21.953,2212.5,18606.26,2472.0,24714.0,2102.0,890.2,117.4,141.9,532.0,69.05
2023-10-11,1878.4,3.612,22.133,2214.0,18389.01,2476.5,24919.0,2093.5,893.0,118.31,140.5,528.5,69.25
2023-10-12,1874.2,3.591,21.959,2200.0,18649.78,2449.5,24812.0,2054.0,875.8,117.42,142.65,532.0,69.65
2023-10-13,,3.571,,2199.5,18532.03,2446.0,25087.0,2042.0,884.2,118.57,143.85,526.0,69.65
2023-10-16,1925.1,3.582,22.765,2180.5,18532.03,2446.0,25242.0,2073.0,899.4,119.25,143.75,527.5,69.3
2023-10-17,1926.4,3.5785,23.024,2177.0,18553.28,2421.0,25370.0,2078.0,906.2,119.31,142.25,534.0,69.55
2023-10-18,1958.8,3.587,23.099,2182.0,18527.78,2436.5,25548.0,2101.5,894.3,119.01,140.0,531.0,70.35
2023-10-19,1971.2,3.601,23.031,2185.0,18492.28,2414.5,25205.0,2097.5,898.2,119.04,136.5,532.0,71.1
2023-10-20,,3.563,,2181.5,18591.28,2438.0,24985.0,2099.5,905.1,118.65,138.0,527.5,72.5
2023-10-23,1978.2,3.5865,23.21,2176.0,18196.78,2420.0,24890.0,2102.5,905.0,118.45,138.35,526.0,72.8
2023-10-24,1976.8,3.624,23.116,2191.0,18290.53,2442.5,25091.0,2109.5,891.9,118.19,136.5,531.0,73.4
2023-10-25,1985.5,3.591,23.007,2219.0,18186.53,2480.0,25211.0,2085.0,912.4,118.48,133.5,531.0,73.85
2023-10-26,1987.9,3.5845,22.908,2197.5,18014.03,2435.0,24801.0,2094.0,909.0,118.45,135.7,531.0,74.25
2023-10-27,,3.646,,2220.0,18307.78,2471.5,24902.0,2123.0,905.8,118.55,135.2,534.5,74.4
2023-10-30,2005.6,3.6735,23.519,2266.5,,2465.5,25014.0,2121.5,946.7,118.7,131.0,534.0,74.5
2023-10-31,1994.3,3.6635,23.075,2251.5,18074.73,2429.5,24079.0,2085.0,951.2,118.91,121.1,550.0,74.6
2023-11-01,1987.5,3.6655,22.912,2236.5,17929.73,2500.0,23908.0,2104.0,936.8,122.33,119.65,555.0,74.65
2023-11-02,1993.5,3.6875,22.971,2227.5,17905.23,2478.0,23962.0,2123.0,936.7,125.57,120.0,551.5,74.5
2023-11-03,,3.697,,2254.0,18141.23,2524.5,24356.0,2171.5,950.6,126.15,122.5,547.0,74.35
2023-11-06,1988.6,3.7345,23.355,2287.5,18373.23,2573.0,24665.0,2180.5,924.6,126.63,119.0,555.0,74.15
2023-11-07,1973.5,3.698,22.709,2265.0,17910.73,2568.0,24559.0,2188.5,904.9,125.95,120.1,550.0,73.7
2023-11-08,1957.8,3.6585,22.846,2263.5,17995.98,2610.0,24892.0,2190.5,878.3,127.26,122.5,555.0,73.05
2023-11-09,1969.8,3.6625,23.023,2242.5,17737.98,2602.5,24839.0,2190.0,869.6,127.38,123.0,550.0,72.95
2023-11-10,,3.608,,2215.0,17174.48,2562.0,24603.0,2180.0,852.8,128.07,123.25,550.0,73.35
2023-11-13,1950.2,3.6835,22.477,2223.5,17340.73,2553.0,24923.0,2170.0,871.0,128.34,122.0,548.5,74.25
2023-11-14,1966.5,3.7025,23.249,2231.0,17408.98,2600.5,25206.0,2201.5,899.3,128.78,122.5,548.5,74.35
2023-11-15,1964.3,3.736,23.659,2232.5,17425.98,2656.0,25326.0,2246.0,908.3,129.25,123.25,548.5,74.3
2023-11-16,1987.3,3.7195,24.053,2215.5,17064.98,2576.0,25193.0,2283.0,909.3,129.42,123.1,547.0,76.35
2023-11-17,,3.753,,2207.0,17094.28,2555.0,24852.0,2294.0,908.3,128.95,123.25,547.0,78.0
2023-11-20,1980.3,3.8225,23.732,2245.5,16894.78,2563.5,24878.0,2275.0,933.6,129.31,122.5,545.5,79.5
2023-11-21,2001.6,3.827,23.989,2258.5,16941.78,2546.0,24991.0,2271.0,952.1,129.55,122.3,545.5,81.0
2023-11-22,1992.8,3.7815,23.808,2218.5,16452.78,2495.0,24663.0,2221.5,937.6,129.84,122.15,550.0,80.75
2023-11-23,,3.7743,,2224.5,16551.03,2537.5,24476.0,2214.0,923.6,,122.15,550.0,
2023-11-24,,3.8055,,2216.0,16113.03,2553.5,23884.0,2196.5,943.8,130.16,122.0,550.0,80.75
2023-11-27,2012.4,3.7745,24.803,2210.5,16018.78,2539.0,22979.0,2162.0,930.4,130.42,127.5,546.0,80.7
2023-11-28,2040.0,3.8185,25.066,2217.0,16748.78,2537.5,23322.0,2155.0,955.7,130.4,127.45,547.0,81.05
2023-11-29,2057.5,3.816,25.342,2214.0,17181.53,2501.0,23501.0,2147.0,948.6,130.38,127.85,547.0,81.15
2023-11-30,2047.6,3.842,25.541,2193.0,16644.53,2475.5,23246.0,2123.0,942.9,130.46,132.15,567.0,80.6
2023-12-01,,3.9205,,2209.0,16903.28,2509.5,23748.0,2119.0,943.6,130.46,133.5,566.0,81.75
2023-12-04,2032.9,3.826,24.786,2182.0,16646.28,2453.0,24064.0,2093.5,932.6,130.46,134.45,556.0,81.5
2023-12-05,2026.9,3.776,24.43,2160.0,16245.78,2421.5,23991.0,2051.5,914.1,130.77,134.15,556.0,81.75
2023-12-06,2038.4,3.726,24.112,2148.5,16172.28,2428.5,24585.0,2029.0,901.2,132.92,140.45,562.0,82.1
2023-12-07,2036.9,3.79,23.942,2132.5,16599.78,2406.5,24675.0,2018.0,919.7,134.4,148.75,565.0,82.1
2023-12-08,,3.824,,2134.0,16755.03,2399.5,24567.0,2025.5,927.3,135.45,151.0,575.0,82.7
2023-12-11,1984.3,3.778,22.953,2117.0,16519.03,2407.0,24359.0,2057.0,923.2,135.16,152.5,567.0,83.15
2023-12-12,1983.9,3.7865,22.906,2121.0,16469.53,2430.5,24580.0,2037.5,937.6,135.66,146.25,567.0,85.35
2023-12-13,1988.1,3.785,22.815,2140.0,16364.53,2426.5,24690.0,2034.0,929.5,135.03,146.25,569.0,85.35
2023-12-14,2035.2,3.89,24.273,2210.0,16924.03,2493.0,25367.0,2069.0,975.9,135.22,145.5,568.0,85.35
2023-12-15,,3.8875,,2247.5,17022.78,2532.0,25175.0,2081.5,961.2,135.08,145.25,565.0,86.85
2023-12-18,2030.9,3.849,23.994,2283.0,16420.53,2539.0,24820.0,2058.0,963.0,134.61,144.75,561.0,87.35
2023-12-19,2042.6,3.8945,24.206,2262.5,16639.53,2581.5,25137.0,2064.5,974.4,134.65,145.25,561.0,88.3
2023-12-20,2038.1,3.9025,24.516,2241.0,16758.03,2573.0,25203.0,2082.5,983.0,134.85,144.25,561.0,90.15
2023-12-21,2041.8,3.9105,24.468,2244.0,16821.53,2547.0,25153.0,2066.0,979.0,135.31,145.25,560.5,90.3
2023-12-22,,3.8975,,2326.0,16568.53,2601.0,24866.0,2063.0,993.7,135.52,145.5,561.0,91.55
2023-12-25,,3.9082,24.51,,,,,,990.8,,,,
2023-12-26,2060.4,3.894,24.285,,,,,,995.6,135.75,145.5,,91.6
2023-12-27,2083.4,3.953,24.526,2387.0,16862.53,2641.5,25644.0,2086.5,1013.5,136.07,146.0,554.0,91.6
2023-12-28,2083.5,3.9245,24.372,2378.0,16647.28,2641.0,25680.0,2086.5,1023.2,136.16,145.45,562.0,91.6
2023-12-29,,3.8905,,2384.0,16618.78,2658.0,25415.0,2068.5,1009.2,136.37,146.4,576.0,91.6
2024-01-01,,3.8988,24.05,,,,,,1006.15,,,,
2024-01-02,2073.4,3.8805,23.953,2335.5,16512.53,2621.0,25184.0,2064.0,998.3,136.37,127.75,583.5,92.0
2024-01-03,2042.8,3.8615,23.157,2312.5,16373.03,2585.5,25294.0,2046.0,987.1,144.16,128.5,586.0,92.1
2024-01-04,2050.0,3.844,23.187,2281.0,16081.78,2538.0,24834.0,2041.5,966.3,142.95,130.9,586.0,92.45
2024-01-05,,3.806,,2273.5,16292.53,2562.5,24622.0,2076.0,971.8,141.45,131.55,582.0,92.45
2024-01-08,2033.5,3.81,23.31,2236.5,16206.03,2509.0,24500.0,2063.0,959.4,140.87,132.0,579.0,92.45
2024-01-09,2033.0,3.7585,23.091,2249.5,16173.53,2503.5,24240.0,2051.5,943.5,140.52,135.65,575.0,93.5
2024-01-10,2027.8,3.781,23.066,2232.5,16349.78,2495.5,24435.0,2083.5,929.6,138.16,133.5,570.5,94.4
2024-01-11,2019.2,3.7765,22.705,2235.0,16399.03,2502.5,24554.0,2095.5,919.6,138.85,130.75,572.0,95.2
2024-01-12,,3.7405,,2219.5,16258.28,2514.0,24631.0,2091.0,921.1,137.22,130.85,568.5,102.75
2024-01-14,,3.7503,23.323,,,,,,917.8,,,,
2024-01-15,,3.7782,,2204.5,16115.53,2558.5,24781.0,2108.5,921.35,,129.85,568.0,
2024-01-16,2030.2,3.7665,23.093,2214.0,16175.28,2547.0,25175.0,2104.0,904.4,136.75,129.5,573.5,105.75
2024-01-17,2006.5,3.733,22.669,2178.0,16045.03,2466.0,25233.0,2064.0,889.6,135.79,129.5,571.0,105.75
2024-01-18,2021.6,3.745,22.807,2163.5,16109.28,2462.5,25357.0,2076.5,912.0,136.08,128.9,569.5,105.75
2024-01-19,,3.7865,,2166.0,15997.28,2462.0,25298.0,2105.5,907.0,135.88,128.0,569.5,106.0
2024-01-22,2022.2,3.7635,22.296,2159.0,15973.53,2456.5,25617.0,2124.5,903.0,135.42,127.45,569.5,106.0
2024-01-23,2025.8,3.7935,22.462,2228.0,16241.28,2519.5,26239.0,2167.5,905.5,135.48,127.3,573.0,105.5
2024-01-24,2016.0,3.886,22.889,2229.5,16629.03,2584.5,26509.0,2162.0,914.9,135.49,127.2,573.5,104.4
2024-01-25,2017.8,3.869,22.927,2238.5,16718.28,2580.0,26648.0,2151.0,894.5,135.54,126.8,569.5,102.0
2024-01-26,,3.852,,2274.5,16543.78,2577.5,26664.0,2164.0,921.3,135.55,127.1,569.5,100.2
2024-01-29,2025.4,3.879,23.251,2264.5,16408.03,2552.0,26329.0,2172.0,938.3,135.55,116.4,572.0,99.65
2024-01-30,2041.1,3.9215,23.343,2274.5,16461.53,2564.5,26005.0,2177.0,939.7,135.61,119.55,568.5,100.55
2024-01-31,2057.4,3.917,23.282,2280.0,16215.53,2527.5,26233.0,2158.5,940.4,135.13,116.5,577.0,101.3
2024-02-01,2061.2,3.8665,23.347,2247.0,16190.53,2478.0,25803.0,2151.5,930.9,132.67,116.0,572.5,104.35
2024-02-02,,3.836,,2233.5,16187.78,2451.0,25550.0,2145.0,910.5,128.63,116.75,564.0,106.3
2024-02-05,2032.9,3.788,22.534,2212.5,15884.53,2420.0,24836.0,2114.0,912.3,128.94,119.0,566.0,105.65
2024-02-06,2041.5,3.7965,22.588,2230.5,15850.78,2432.5,25187.0,2114.0,919.5,127.39,119.0,564.0,103.55
2024-02-07,2041.8,3.7505,22.471,2222.0,15920.53,2400.5,25487.0,2099.5,895.9,127.03,120.5,568.0,102.55
2024-02-08,2038.1,3.7145,22.749,2221.5,16059.03,2327.5,25895.0,2054.5,902.8,129.07,120.6,569.0,100.9
2024-02-09,,3.6925,,2216.0,15878.53,2300.5,26367.0,2032.0,887.5,128.75,120.6,566.5,100.75
2024-02-12,2023.4,3.7335,22.878,2227.0,16008.78,2320.0,27299.0,2024.0,905.8,128.87,120.0,569.0,103.25
2024-02-13,1997.7,3.718,22.266,2225.5,16222.53,2314.5,27571.0,1998.0,887.7,129.02,120.5,569.0,103.4
2024-02-14,1994.7,3.7075,22.495,2235.5,16272.53,2312.5,27465.0,2016.0,905.3,129.1,119.75,569.0,102.75
2024-02-15,2005.3,3.7635,23.061,2224.5,16177.78,2354.5,27293.0,2042.0,912.8,129.17,119.25,569.0,102.35
2024-02-16,,3.8435,,2218.0,16320.03,2385.0,26970.0,2064.0,921.3,129.29,119.25,571.0,101.8
2024-02-18,,3.8167,23.453,,,,,,913.2,,,,
2024-02-19,,3.811,,2197.0,16318.78,2401.5,26434.0,2043.0,905.65,,119.6,565.5,
2024-02-20,2030.0,3.87,23.25,2193.5,16411.53,2379.0,26421.0,2048.0,922.3,127.92,119.6,562.0,101.25
2024-02-21,2024.5,3.8805,22.989,2219.5,16769.78,2394.5,26296.0,2077.5,898.2,127.3,119.4,562.5,99.25
2024-02-22,2020.8,3.9065,22.899,2198.0,17344.78,2386.5,26170.0,2087.5,914.0,127.82,119.4,562.5,98.75
2024-02-23,,3.891,,2180.0,17498.03,2405.0,26382.0,2095.5,918.1,126.85,119.4,565.5,96.5
2024-02-26,2029.1,3.8255,22.638,2180.0,17043.28,2424.5,26076.0,2097.0,890.2,126.11,127.75,570.0,94.85
2024-02-27,2034.4,3.841,22.651,2191.5,17488.78,2422.0,26360.0,2090.5,902.1,125.84,129.2,565.0,95.6
2024-02-28,2042.7,3.8405,22.636,2190.5,17655.78,2414.5,26561.0,2083.0,894.0,125.36,129.5,565.0,94.7
2024-02-29,2054.7,3.847,22.885,2228.0,17823.78,2426.0,26556.0,2059.0,892.8,124.86,131.0,553.0,94.7
2024-03-01,,3.8615,,2245.0,17716.53,2417.0,26489.0,2034.5,897.2,113.89,132.0,550.0,94.2
2024-03-04,2126.3,3.857,23.991,2234.0,17878.03,2449.0,26833.0,2052.5,913.3,116.94,136.0,545.5,93.4
2024-03-05,2141.9,3.847,23.984,2228.5,17601.03,2455.0,26824.0,2046.5,896.6,116.21,137.45,546.5,92.55
2024-03-06,2158.2,3.875,24.493,2235.0,17553.03,2494.5,27192.0,2065.5,923.6,116.96,136.75,547.5,92.2
2024-03-07,2165.2,3.926,24.578,2253.0,17835.53,2535.0,27607.0,2108.0,932.8,117.96,135.5,552.0,91.45
2024-03-08,,3.8915,,2240.0,17984.78,2527.5,27630.0,2104.5,924.2,117.05,134.4,547.5,91.3
2024-03-11,2188.6,3.9285,24.715,2259.0,18331.78,2567.0,27634.0,2126.0,949.6,113.0,133.0,537.0,90.8
2024-03-12,2166.1,3.932,24.394,2265.0,18505.28,2561.0,27520.0,2144.0,937.4,113.15,130.65,539.0,89.1
2024-03-13,2180.8,4.06,25.156,2264.0,18317.53,2576.0,28065.0,2169.0,954.2,111.77,131.1,536.5,84.1
2024-03-14,2167.5,4.0455,25.06,2251.5,18108.28,2548.0,28258.0,2158.0,944.6,110.94,131.5,537.5,83.7
2024-03-15,,4.1245,,2274.5,17929.28,2561.0,28674.0,2129.5,952.3,109.61,131.0,538.0,85.5
2024-03-18,2164.3,4.13,25.265,2277.5,17871.28,2532.0,28700.0,2090.0,929.9,110.47,129.75,537.5,85.85
2024-03-19,2159.7,4.0745,25.135,2269.0,17399.28,2505.5,27445.0,2093.0,910.4,110.71,129.4,537.5,85.85
2024-03-20,2161.0,4.0515,25.104,2273.0,17555.53,2508.5,27230.0,2064.0,908.3,110.29,128.9,540.5,87.0
2024-03-21,2184.7,4.0585,25.007,2301.5,17523.03,2524.5,27872.0,2050.5,922.0,110.94,128.25,539.5,89.2
2024-03-22,,4.0075,,2309.0,17183.78,2484.0,27727.0,2036.5,907.6,110.64,127.7,537.0,89.3
2024-03-25,2176.4,4.016,24.891,2326.0,16982.53,2495.5,27580.0,2034.5,919.0,110.67,128.95,537.0,88.9
2024-03-26,2177.2,4.0085,24.623,2303.5,16683.53,2442.0,27446.0,2020.0,917.9,110.28,128.9,537.0,89.35
2024-03-27,2201.4,4.0175,24.879,2298.5,16641.78,2437.0,27524.0,2003.0,909.7,109.84,129.0,535.0,89.0
2024-03-28,,4.025,,2337.0,16698.03,2439.0,27451.0,2055.0,921.1,109.53,129.1,532.0,88.45
2024-03-29,,4.0115,,,,,,,923.0,,,,
2024-04-01,2245.9,4.0665,25.203,,,,,,911.4,102.33,132.0,,87.65
2024-04-02,2270.3,4.089,26.057,2380.0,16980.03,2479.5,27897.0,2020.5,934.3,102.91,132.25,524.0,87.6
2024-04-03,2303.3,4.211,27.195,2429.0,17264.03,2548.0,28395.0,2082.0,946.5,100.41,129.65,523.0,89.05
2024-04-04,2296.9,4.266,27.385,2444.5,17596.53,2645.5,28643.0,2139.0,952.6,99.89,128.2,523.0,89.4
2024-04-05,,4.253,,2450.5,17696.53,2638.5,28795.0,2123.5,940.6,99.97,129.1,522.0,89.4
2024-04-08,2339.0,4.288,27.956,2460.5,17754.78,2664.0,29848.0,2144.0,974.5,102.68,128.2,522.0,88.8
2024-04-09,2350.6,4.295,28.134,2460.0,18217.53,2709.5,31159.0,2161.0,984.1,104.33,127.75,519.0,88.8
2024-04-10,2336.6,4.289,28.204,2456.0,18432.53,2735.5,32007.0,2175.0,976.4,104.02,128.0,517.0,88.3
2024-04-11,2360.8,4.2665,28.401,2454.0,17685.78,2758.5,31689.0,2143.0,988.0,104.71,128.75,517.0,88.25
2024-04-12,,4.276,,2494.0,17672.53,2828.5,32353.0,2176.5,1001.7,106.05,129.25,525.0,89.65
2024-04-15,2370.9,4.3925,28.866,2555.0,17901.53,2774.5,32230.0,2185.0,981.0,106.05,129.75,527.5,90.1
2024-04-16,2395.5,4.3205,28.526,2561.5,17722.53,2771.0,31820.0,2148.0,975.2,106.07,129.25,526.5,89.35
2024-04-17,2376.2,4.352,28.553,2587.0,18061.28,2839.0,32775.0,2155.5,954.2,107.3,129.6,525.0,89.3
2024-04-18,2385.8,4.4535,28.532,2614.5,18451.28,2812.5,33979.0,2180.0,954.5,107.95,129.6,524.0,89.3
2024-04-19,,4.514,,2669.0,19368.53,2852.0,35582.0,2218.5,943.8,108.25,130.6,520.0,89.3
2024-04-22,2334.6,4.4935,27.397,2670.5,19575.78,2832.0,34478.0,2170.0,931.3,108.62,129.5,525.0,89.45
2024-04-23,2329.9,4.4495,27.511,2579.0,19005.53,2792.5,31938.0,2184.5,922.8,108.76,129.75,528.0,89.9
2024-04-24,2326.0,4.4765,27.496,2603.0,18810.28,2805.0,31836.0,2196.5,915.8,109.23,129.0,527.0,88.8
2024-04-25,2330.3,4.5315,27.502,2563.5,19084.53,2848.0,32872.0,2207.5,920.5,109.68,129.25,535.0,86.1
2024-04-26,,4.569,,2569.5,19154.78,2844.0,32411.0,2207.5,922.1,110.16,129.75,533.5,87.35
2024-04-29,2357.7,4.6765,27.66,2590.0,19187.28,2943.5,32566.0,2230.5,972.4,110.54,137.4,531.0,87.7
2024-04-30,2302.9,4.5645,26.654,2591.5,19156.28,2926.0,31216.0,2217.0,960.0,110.91,142.25,544.5,90.25
2024-05-01,2311.0,4.546,26.748,2577.5,18829.03,2881.0,30603.0,2180.0,966.2,117.21,147.0,544.0,92.3
2024-05-02,2309.6,4.4845,26.829,2528.0,18682.03,2886.0,30970.0,2180.0,974.1,118.08,147.75,547.5,91.75
2024-05-03,,4.557,,2551.5,19147.78,2903.0,31983.0,2215.0,976.8,118.03,145.15,545.0,92.4
2024-05-06,2331.2,4.615,27.614,,,,,,976.2,119.56,145.3,,92.25
2024-05-07,2324.2,4.6055,27.544,2569.5,19032.53,2960.0,32593.0,2243.5,998.9,118.69,146.4,539.5,93.5
2024-05-08,2322.3,4.5425,27.601,2549.0,18791.78,2905.5,31999.0,2229.0,995.3,116.59,145.25,536.0,93.75
2024-05-09,2340.3,4.585,28.365,2561.5,19005.28,2909.5,32584.0,2233.5,1001.5,116.96,144.95,534.0,93.25
2024-05-10,,4.6625,,2529.5,19018.03,2930.5,32093.0,2222.5,1017.3,116.93,144.4,532.0,92.25
2024-05-13,2343.0,4.766,28.443,2542.0,19071.03,2997.5,32918.0,2250.5,1020.5,117.31,142.1,535.0,91.1
2024-05-14,2359.9,4.895,28.702,2551.0,18953.53,3003.5,33366.0,2259.0,1053.6,116.65,142.65,526.5,91.1
2024-05-15,2394.9,4.9245,29.729,2598.5,19462.28,2976.0,33410.0,2270.0,1080.4,116.3,143.0,525.0,90.9
2024-05-16,2385.5,4.877,29.876,2586.5,19955.78,2960.0,33729.0,2294.0,1082.2,116.85,143.5,529.5,90.65
2024-05-17,,5.05,,2612.0,21037.28,3031.0,34251.0,2283.5,1100.5,117.02,141.5,531.0,90.95
2024-05-20,2438.5,5.079,32.426,2630.0,21310.53,3114.0,34468.0,2340.5,1075.2,117.24,141.0,533.0,91.35
2024-05-21,2425.9,5.106,32.078,2725.5,21176.28,3139.5,34324.0,2336.5,1072.7,117.57,142.05,538.0,92.05
2024-05-22,2392.9,4.8485,31.496,2636.5,20363.78,3062.5,33510.0,2314.0,1062.1,117.64,142.4,536.5,92.1
2024-05-23,2337.2,4.7925,30.455,2621.5,20080.03,3062.5,33451.0,2306.0,1042.8,117.53,142.75,532.5,91.75
2024-05-24,,4.7535,,2662.0,20219.78,3057.0,33229.0,2298.0,1050.6,117.66,142.8,537.0,91.65
2024-05-26,,4.7672,30.715,,,,,,1038.55,,,,
2024-05-27,,4.8232,,,,,,,1064.85,,142.8,,
2024-05-28,2356.5,4.855,32.137,2729.5,20453.53,3100.0,33928.0,2343.5,1079.2,117.68,142.4,534.5,90.55
2024-05-29,2341.2,4.791,32.373,2767.5,20420.78,3103.0,34109.0,2319.5,1052.6,117.74,142.4,538.5,90.3
2024-05-30,2354.7,4.6595,31.68,2703.5,20017.28,3071.5,33111.0,2277.0,1050.5,117.62,142.4,535.0,89.9
2024-05-31,,4.6035,,2652.5,19541.53,2969.5,33042.0,2273.0,1053.9,117.52,142.4,533.5,88.6
2024-06-03,2357.5,4.6655,30.942,2661.5,19398.53,2943.0,32350.0,2288.0,1035.7,110.1,140.2,527.5,89.85
2024-06-04,2335.7,4.5375,29.772,2663.5,18783.53,2935.0,31932.0,2243.0,1008.7,107.69,137.95,523.0,89.65
2024-06-05,2363.6,4.5865,30.229,2622.0,18502.78,2864.0,31321.0,2229.5,1013.4,107.02,136.0,520.5,88.9
2024-06-06,2378.9,4.667,31.532,2647.5,18520.53,2910.0,32198.0,2241.5,1024.9,108.5,134.35,527.0,87.25
2024-06-07,,4.477,,2578.0,18077.03,2767.0,31452.0,2199.5,984.4,108.48,131.45,527.5,87.4
2024-06-10,2315.1,4.5395,30.03,2572.0,18004.53,2850.5,32001.0,2207.0,990.4,107.38,131.85,525.0,84.3
2024-06-11,2314.6,4.4935,29.386,2533.5,17948.53,2771.0,31913.0,2156.5,972.4,106.27,131.25,517.0,82.75
2024-06-12,2342.7,4.555,30.422,2575.5,17933.28,2894.0,33365.0,2173.0,984.8,106.42,132.95,525.0,84.5
2024-06-13,2305.9,4.472,29.216,2557.0,17668.28,2860.0,32794.0,2166.0,967.7,107.12,134.7,519.5,86.0
2024-06-14,,4.4705,,2517.5,17539.28,2767.5,32318.0,2139.5,970.9,107.33,133.15,517.0,86.65
2024-06-17,2316.9,4.4275,29.545,2501.5,17320.78,2815.5,32148.0,2156.5,983.5,107.05,133.9,516.5,86.15
2024-06-18,2334.8,4.447,29.717,2486.5,17234.28,2838.0,32144.0,2192.5,990.1,107.11,133.9,516.5,86.25
2024-06-19,,4.5023,,2499.0,17247.78,2869.0,32384.0,2198.5,981.3,,134.1,517.5,
2024-06-20,2357.0,4.521,30.981,2521.5,17298.53,2873.5,33086.0,2216.5,996.7,107.15,133.9,519.0,85.05
2024-06-21,,4.4265,,2513.5,17102.28,2844.0,32671.0,2191.0,1008.1,106.96,132.05,513.0,84.5
2024-06-24,2332.4,4.425,29.685,2503.0,17142.53,2846.0,32746.0,2183.0,1013.8,106.55,132.95,518.0,83.6
2024-06-25,2318.4,4.3655,29.028,2496.0,17125.78,2871.0,32251.0,2209.5,999.0,106.46,134.1,518.5,83.2
2024-06-26,2301.0,4.3635,29.091,2512.0,17019.28,2941.0,32012.0,2195.0,1034.4,106.56,132.0,519.5,83.55
2024-06-27,2336.6,4.3485,29.256,2492.5,17189.28,2929.5,32208.0,2180.5,1006.2,106.51,132.75,519.5,84.55
2024-06-28,,4.3915,,2524.5,17143.03,2937.5,32739.0,2224.0,1014.1,106.51,133.45,521.5,85.75
2024-07-01,2338.9,4.418,29.613,2515.5,17346.03,2928.5,32900.0,2218.5,988.7,108.0,132.1,525.0,85.7
2024-07-02,2333.4,4.419,29.658,2522.5,16958.53,2922.5,32922.0,2202.5,1009.2,110.32,132.25,522.0,85.65
2024-07-03,2369.4,4.5335,30.842,2548.0,17326.53,2991.0,33363.0,2222.0,1013.4,113.06,135.0,527.0,85.65
2024-07-04,,4.561,,2522.5,17183.03,2986.5,33158.0,2226.5,1015.05,,136.5,529.0,
2024-07-05,,4.652,,2535.5,17273.53,3001.0,33874.0,2237.0,1046.0,111.31,135.75,527.0,85.65
2024-07-08,2363.5,4.618,30.913,2531.5,17342.78,2955.5,34218.0,2231.5,1013.5,110.02,135.05,517.5,85.65
2024-07-09,2367.9,4.5775,31.056,2496.5,17056.28,2930.5,34350.0,2194.0,999.0,110.51,135.25,515.0,85.65
2024-07-10,2379.7,4.6085,31.014,2483.5,16751.28,2965.5,35007.0,2179.5,1006.7,108.74,133.75,514.5,85.85
2024-07-11,2421.9,4.5065,31.671,2476.5,16769.53,2959.0,34666.0,2198.0,1014.4,109.58,133.75,507.5,86.15
2024-07-12,,4.593,,2481.0,16822.28,2943.0,33695.0,2210.0,1013.3,109.58,133.85,509.0,86.15
2024-07-15,2428.9,4.5265,30.936,2461.5,16664.53,2955.0,33246.0,2188.0,1011.0,109.67,134.95,509.5,86.25
2024-07-16,2467.8,4.4495,31.458,2406.0,16634.53,2885.0,33171.0,2184.0,1011.5,109.39,134.4,508.5,85.6
2024-07-17,2459.9,4.4085,30.377,2402.0,16422.03,2847.5,32950.0,2190.5,1008.1,108.94,134.75,506.5,85.2
2024-07-18,2456.4,4.2795,30.224,2385.0,16371.03,2809.0,31604.0,2157.0,986.0,108.73,135.0,507.0,84.7
2024-07-19,,4.2365,,2351.5,16176.28,2776.5,31050.0,2128.0,973.9,108.45,135.1,504.5,84.35
2024-07-22,2394.7,4.1975,29.321,2299.5,16115.03,2726.5,29888.0,2083.0,956.6,108.16,135.0,503.5,83.45
2024-07-23,2407.3,4.1605,29.331,2295.0,15984.78,2688.5,29418.0,2059.5,955.8,107.79,134.7,498.5,83.3
2024-07-24,2415.7,4.109,29.316,2300.5,15772.78,2685.0,29790.0,2044.0,969.6,107.47,134.75,503.5,82.75
2024-07-25,2353.5,4.1255,27.975,2270.5,15719.28,2681.0,29416.0,2028.5,945.7,107.14,134.75,503.5,82.25
2024-07-26,,4.124,,2289.0,15727.78,2669.0,29571.0,2067.5,944.4,106.86,134.8,503.5,82.45
2024-07-29,2377.8,4.0845,27.866,2250.5,15832.53,2637.0,29296.0,2067.5,957.6,106.59,140.1,503.0,82.3
2024-07-30,2417.6,4.098,28.685,2224.5,15986.53,2629.0,28779.0,2035.0,982.7,106.25,139.25,501.0,82.6
2024-07-31,2438.5,4.1875,29.073,2290.5,16398.03,2675.5,30056.0,2083.5,998.3,105.94,140.1,493.5,84.45
2024-08-01,2445.9,4.095,28.607,2296.0,16136.78,2707.0,29894.0,2062.0,982.2,102.83,142.55,484.5,85.05
2024-08-02,,4.115,,2263.5,16258.28,2653.0,30188.0,2023.0,978.4,104.0,144.1,490.0,82.6
2024-08-05,2411.8,4.0105,27.338,2250.0,16105.53,2633.5,29484.0,1930.5,926.0,104.18,143.7,495.5,81.85
2024-08-06,2398.9,4.036,27.341,2296.0,16316.28,2601.0,29651.0,1954.0,931.0,102.86,145.5,490.0,81.65
2024-08-07,2400.0,3.9635,27.069,2288.0,16134.78,2581.5,29991.0,1967.5,939.8,101.71,145.0,484.5,81.7
2024-08-08,2430.3,3.97,27.733,2274.0,16093.03,2646.0,30494.0,1965.0,949.8,100.75,145.5,482.0,81.6
2024-08-09,,4.002,,2301.5,16197.28,2736.5,31304.0,2038.0,940.2,101.26,146.0,482.0,81.55
2024-08-12,2469.9,4.075,28.134,2305.5,16188.28,2743.0,31568.0,2047.5,956.7,100.67,146.75,480.0,81.5
2024-08-13,2473.9,4.056,27.916,2332.0,16298.53,2688.5,31199.0,1990.5,955.4,100.44,146.9,477.0,81.55
2024-08-14,2446.2,4.046,27.469,2335.5,16137.03,2715.0,31430.0,2009.0,939.9,99.2,145.75,473.5,81.55
2024-08-15,2458.6,4.153,28.548,2363.5,16239.03,2782.0,31968.0,2034.5,974.3,98.55,150.0,471.0,81.25
2024-08-16,,4.149,,2365.5,16348.53,2762.5,31903.0,2036.5,972.2,97.81,146.75,465.0,81.2
2024-08-19,2506.8,4.1885,29.44,2445.5,16695.53,2787.0,32575.0,2039.0,973.0,98.1,146.5,465.0,81.2
2024-08-20,2516.1,4.168,29.659,2502.0,16773.53,2805.0,32276.0,2053.5,966.0,97.99,146.0,467.0,80.6
2024-08-21,2512.8,4.197,29.676,2487.0,16761.03,2850.5,32695.0,2085.5,983.0,98.38,145.9,465.0,80.05
2024-08-22,2482.1,4.1545,29.185,2480.0,16488.28,2858.0,32316.0,2053.0,963.9,98.19,146.75,467.0,79.85
2024-08-23,,4.211,,2542.0,16638.03,2912.0,32912.0,2117.0,976.4,98.05,145.2,466.0,82.4
2024-08-26,2520.2,4.235,30.155,,,,,,983.2,98.3,145.7,,80.15
2024-08-27,2517.7,4.2575,30.125,2549.5,17055.28,2943.0,33244.0,2124.0,973.4,98.45,146.0,466.0,78.85
2024-08-28,2502.6,4.1725,29.34,2496.0,16882.53,2881.0,32605.0,2085.0,942.0,98.51,145.0,469.0,79.25
2024-08-29,2536.7,4.1985,29.827,2457.5,16924.28,2878.0,32345.0,2035.5,956.7,98.63,145.0,467.0,79.5
2024-08-30,,4.189,,2447.0,16641.53,2897.0,32346.0,2053.0,942.6,98.7,146.2,473.5,79.25
2024-09-01,,4.2188,29.25,,,,,,931.85,,,,
2024-09-02,,4.1837,,2424.0,16573.03,2841.0,31384.0,2059.5,930.05,,143.9,466.0,
2024-09-03,2499.7,4.0715,28.208,2407.5,16389.78,2846.0,30745.0,2049.5,920.2,100.55,142.0,461.5,79.6
2024-09-04,2502.7,4.058,28.421,2396.5,16082.28,2795.5,30499.0,2020.0,918.8,92.93,139.5,459.0,79.6
2024-09-05,2519.7,4.1155,28.96,2378.5,16042.1,2737.5,30771.0,1995.0,940.7,91.3,141.0,454.5,79.85
2024-09-06,,4.0525,,2342.0,15740.3,2717.5,31024.0,1963.0,929.1,91.61,141.5,455.0,79.95
2024-09-09,2509.3,4.123,28.521,2350.5,,2731.0,30818.0,1953.0,956.9,91.76,141.65,453.0,79.55
2024-09-10,2519.5,4.0765,28.484,2336.5,,2712.0,30550.0,1955.0,954.6,91.28,138.75,449.0,79.5
2024-09-11,2519.0,4.12,28.793,2370.5,16064.0,2770.0,30944.0,1988.5,966.3,92.3,139.0,452.0,79.65
2024-09-12,2557.1,4.172,29.967,2415.5,16027.0,2856.0,31406.0,2027.0,992.0,93.06,138.15,455.0,80.05
2024-09-13,,4.213,,2471.0,15887.0,2904.5,31805.0,2043.5,1016.4,92.26,137.9,452.0,79.65
2024-09-16,2585.2,4.2505,30.99,2528.5,16287.0,2946.0,31929.0,2038.5,997.5,91.94,137.25,450.5,79.5
2024-09-17,2568.9,4.2495,30.834,2524.0,16098.0,2926.0,31855.0,2018.0,992.1,91.98,139.65,450.0,79.5
2024-09-18,2574.9,4.273,30.542,2536.5,16188.0,2886.0,31594.0,2037.5,984.1,91.57,139.0,450.0,79.5
2024-09-19,2590.9,4.321,31.281,2539.5,16295.0,2929.5,31823.0,2074.5,1003.8,92.03,139.5,454.0,79.45
2024-09-20,,4.316,,2485.0,16426.0,2874.0,32127.0,2055.0,992.0,91.93,139.5,452.5,79.45
2024-09-23,2628.6,4.3195,30.94,2494.5,16507.0,2885.0,32295.0,2057.5,973.1,91.6,139.5,449.5,79.35
2024-09-24,2653.0,4.462,32.28,2556.0,16695.0,3009.5,32689.0,2085.0,998.5,91.88,139.5,451.5,80.45
2024-09-25,2660.7,4.4605,31.87,2538.5,16752.0,2997.5,32102.0,2096.5,1001.3,92.25,139.75,452.0,80.75
2024-09-26,2670.4,4.61,32.195,2611.5,16763.0,3099.0,32435.0,2137.0,1020.2,92.54,139.6,452.5,81.2
2024-09-27,,4.5995,,2646.5,16984.0,3089.5,32913.0,2119.5,1022.0,92.98,139.75,453.5,82.0
2024-09-30,2647.9,4.553,31.458,2611.5,17475.0,3091.0,33458.0,2096.0,991.1,93.83,145.1,523.5,81.75
2024-10-01,2678.5,4.589,31.742,2648.0,17655.0,3146.5,33879.0,2108.5,1001.0,108.74,141.65,523.5,81.9
2024-10-02,2658.1,4.649,31.92,2678.5,18187.0,3173.5,33893.0,2151.0,1016.8,109.29,140.25,524.5,82.15
2024-10-03,2667.4,4.553,32.464,2629.0,17797.0,3124.0,33709.0,2142.5,1005.6,108.31,140.8,527.0,82.2
2024-10-04,,4.574,,2653.0,17850.0,3166.0,33805.0,2149.5,1001.7,108.84,148.2,523.0,82.5
2024-10-07,2654.0,4.5665,32.004,2658.0,17933.0,3174.5,33905.0,2148.5,987.1,112.39,148.5,542.0,82.85
2024-10-08,2623.5,4.4565,30.6,2571.0,17715.0,3091.0,32867.0,2103.0,962.0,106.3,147.8,525.0,83.25
2024-10-09,2614.1,4.3995,30.67,2541.0,17452.0,3020.0,32485.0,2062.0,957.3,106.53,145.45,517.0,83.55
2024-10-10,2627.4,4.4275,31.24,2586.0,17513.0,3086.5,32817.0,2066.5,976.2,105.81,148.0,510.0,83.5
2024-10-11,,4.4935,,2632.5,17862.0,3154.0,33212.0,2097.0,994.4,106.44,146.7,511.0,83.2
2024-10-14,2653.7,4.406,31.316,2594.0,17644.0,3082.5,32445.0,2065.0,1004.1,107.11,148.2,510.0,82.95
2024-10-15,2667.0,4.3375,31.756,2570.5,17409.0,3053.0,32396.0,2079.0,996.6,106.63,146.05,508.0,82.95
2024-10-16,2679.3,4.3675,31.974,2584.0,17332.0,3052.5,32150.0,2084.0,1002.6,106.2,145.95,505.5,83.15
2024-10-17,2695.5,4.325,31.774,2553.5,17011.0,3052.0,31218.0,2069.5,1005.8,105.36,145.75,498.5,83.3
2024-10-18,,4.3845,,2612.0,16931.0,3089.5,31313.0,2072.0,1024.5,105.37,145.4,500.0,83.15
2024-10-21,2726.8,4.3595,34.078,2595.5,16628.0,3075.5,31016.0,2056.5,1016.8,105.23,145.6,500.5,82.6
2024-10-22,2747.4,4.3805,35.041,2633.5,16464.0,3137.5,30907.0,2069.0,1041.4,104.94,144.7,500.0,82.6
2024-10-23,2717.1,4.3365,33.839,2669.5,16232.0,3144.0,30906.0,2063.0,1029.7,104.62,145.25,497.0,82.6
2024-10-24,2736.5,4.3515,33.795,2650.0,16260.0,3174.5,31135.0,2074.5,1033.6,104.4,145.5,499.0,82.0
2024-10-25,,4.3705,,2677.5,16104.0,3102.0,31325.0,2046.0,1036.7,104.23,144.9,501.0,81.05
2024-10-28,2743.6,4.3625,34.001,2645.5,15974.0,3139.0,31429.0,2030.5,1046.8,104.15,144.5,502.0,80.5
2024-10-29,2768.8,4.3605,34.441,2659.0,15865.0,3122.0,31084.0,2004.0,1059.3,104.09,145.25,506.0,80.3
2024-10-30,2800.8,4.36,34.234,2616.0,15780.0,3086.5,30950.0,2004.0,1030.8,104.08,145.0,498.5,80.1
2024-10-31,2749.3,4.3515,32.953,2617.5,15700.0,3029.0,31213.0,2019.5,1008.8,103.78,144.05,495.5,79.75
2024-11-01,,4.382,,2600.0,15940.0,3069.5,31724.0,2053.5,1012.0,102.49,143.95,500.0,78.75
2024-11-04,2746.2,4.4375,32.765,2620.0,16077.0,3035.5,32150.0,2033.0,999.6,103.91,143.9,505.0,78.2
2024-11-05,2749.7,4.481,32.934,2660.0,16125.0,3103.5,32349.0,2028.0,1015.8,105.09,142.9,502.5,77.35
2024-11-06,2676.3,4.2595,31.485,2615.5,16172.0,2973.0,31347.0,2048.0,1001.9,104.01,141.1,497.5,77.2
2024-11-07,2705.8,4.44,32.013,2694.5,16593.0,3052.0,31817.0,2038.0,1008.3,105.22,142.2,500.0,76.6
2024-11-08,,4.3185,,2620.5,16287.0,2979.5,31648.0,2024.0,987.3,103.82,143.35,494.0,76.55
2024-11-11,2617.7,4.243,30.768,2586.5,16055.0,2979.0,31279.0,2022.0,978.3,103.1,142.25,488.0,76.65
2024-11-12,2606.3,4.154,30.915,2563.0,15945.0,2938.0,30208.0,2024.0,957.0,102.96,142.25,490.0,77.5
2024-11-13,2586.5,4.102,30.817,2530.5,15727.0,2981.0,29663.0,2008.5,952.5,102.88,141.5,480.0,78.2
2024-11-14,2572.9,4.105,30.724,2516.5,15688.0,2942.5,28932.0,1960.0,952.8,102.22,141.5,488.5,78.9
2024-11-15,,4.076,,2649.5,15463.0,2947.5,28742.0,1957.0,954.0,101.63,141.75,485.5,81.85
2024-11-18,2614.6,4.1335,31.379,2607.5,15694.0,2951.5,29023.0,1991.0,983.4,101.76,141.75,482.5,81.75
2024-11-19,2631.0,4.153,31.417,2644.5,15770.0,2951.0,28880.0,2001.0,987.4,101.89,141.25,485.0,80.4
2024-11-20,2651.7,4.164,31.159,2644.0,15831.0,2987.5,29026.0,2021.0,974.8,101.95,141.5,486.5,79.7
2024-11-21,2674.9,4.138,31.099,2631.5,15661.0,2990.0,28750.0,1999.0,979.3,102.02,141.5,484.5,78.6
2024-11-22,,4.102,,2624.0,15827.0,2966.5,28914.0,2022.0,983.9,101.95,141.25,488.0,77.8
2024-11-25,2618.5,4.1215,30.396,2652.0,16185.0,3020.0,28976.0,2029.0,953.8,102.01,141.0,488.0,77.2
2024-11-26,2621.3,4.075,30.567,2612.5,15956.0,3075.5,28904.0,2021.0,935.0,102.06,141.0,488.0,77.8
2024-11-27,2652.3,4.117,30.455,2595.5,15881.0,3131.5,27950.0,2056.5,941.7,102.17,140.7,488.0,77.65
2024-11-28,,,,2599.0,16077.0,3054.0,28192.0,2057.0,,,140.7,488.0,
2024-11-29,,4.1225,,2594.0,15958.0,3103.0,28913.0,2072.5,963.8,102.44,141.5,488.5,77.5
2024-12-02,2646.5,4.1135,30.742,2590.0,15719.0,3076.5,28573.0,2076.0,960.3,105.32,135.0,495.0,77.8
2024-12-03,2655.9,4.1845,31.363,2609.5,16035.0,3095.5,28824.0,2079.5,970.0,106.08,134.8,493.0,77.8
2024-12-04,2664.3,4.183,31.786,2646.5,16034.0,3099.0,29034.0,2086.5,963.4,106.29,133.4,490.0,77.85
2024-12-05,2636.1,4.1745,31.406,2639.0,15924.0,3118.5,29165.0,2098.5,951.7,106.29,133.25,487.5,77.8
2024-12-06,,4.1785,,2603.5,15971.0,3071.5,29151.0,2071.5,944.4,,133.25,485.0,77.1
2024-12-09,2673.3,4.258,32.481,2588.0,15970.0,3126.0,29918.0,2067.5,964.8,106.34,133.75,490.0,76.9
2024-12-10,2705.6,4.2535,32.612,2608.5,15750.0,3135.0,29776.0,2064.5,960.4,105.63,133.45,488.0,76.8
2024-12-11,2741.5,4.245,32.823,2601.0,15800.0,3125.5,29957.0,2043.0,964.9,105.52,133.75,485.5,76.65
2024-12-12,2695.1,4.225,31.482,2599.5,16148.0,3075.0,29534.0,2005.5,955.3,105.49,132.5,484.0,76.6
2024-12-13,,4.177,,2605.0,15833.0,3095.5,29097.0,2010.0,937.8,105.31,130.75,482.5,76.6
2024-12-16,2657.0,4.1705,30.927,2566.5,15643.0,3056.0,29246.0,2000.5,955.1,105.41,129.25,480.0,75.7
2024-12-17,2649.6,4.125,30.796,2542.5,15483.0,3035.5,29047.0,1985.5,956.1,105.58,129.0,479.0,74.8
2024-12-18,2640.8,4.1355,30.61,2528.5,15540.0,2995.0,29116.0,1981.5,945.9,104.73,128.25,476.0,74.45
2024-12-19,2596.0,4.0555,29.282,2507.0,15053.0,2967.0,28399.0,1971.5,933.9,104.08,127.1,477.5,73.85
2024-12-20,,4.079,,2534.5,15302.0,2971.5,28689.0,1980.0,941.3,103.84,127.4,476.0,73.3
2024-12-23,2615.5,4.0635,30.06,2527.0,15392.0,2984.5,28542.0,1986.0,951.5,103.84,126.75,471.5,72.25
2024-12-24,,4.089,,2565.0,15455.0,3049.0,28818.0,1984.0,964.8,104.08,126.75,476.0,71.4
2024-12-26,2640.3,4.108,30.234,,,,,,965.1,104.08,126.75,,70.0
2024-12-27,,4.1005,,2558.0,15297.0,3031.5,28810.0,1969.5,930.5,103.9,126.75,473.0,70.35
2024-12-30,2618.1,4.093,29.412,2551.0,15450.0,3019.0,29295.0,1947.5,919.8,103.78,124.55,475.5,71.35
2024-12-31,,4.0265,,2551.5,15292.0,2978.5,29083.0,1952.0,910.5,103.61,125.25,472.5,73.0
2025-01-02,2669.0,4.026,29.9,2529.0,15029.0,2927.0,28557.0,1934.5,922.4,100.61,124.6,465.0,74.6
2025-01-03,,4.0735,,2493.5,15137.0,2888.0,29108.0,1923.0,948.3,99.44,123.5,464.0,75.0
2025-01-06,2647.4,4.1615,30.583,2490.0,15199.0,2901.5,29289.0,1945.5,942.8,99.44,119.75,464.0,74.95
2025-01-07,2665.4,4.1955,30.686,2517.5,15380.0,2875.5,29944.0,1956.0,976.7,97.84,118.3,460.0,74.75
2025-01-08,2672.4,4.2585,30.69,2498.5,15415.0,2825.0,30079.0,1939.0,983.7,97.74,117.45,456.0,72.7
2025-01-09,2690.8,4.3095,31.015,2539.0,15465.0,2848.0,29852.0,1927.5,984.4,98.09,115.75,453.0,73.2
2025-01-10,,4.304,,2571.5,15618.0,2868.0,29886.0,1975.0,996.1,98.09,113.5,456.0,73.55
2025-01-13,2678.6,4.3255,30.309,2578.5,15855.0,2865.5,29866.0,1958.5,975.1,98.72,114.5,458.0,73.75
2025-01-14,2682.3,4.3425,30.351,2560.0,15910.0,2862.5,29771.0,1966.0,949.4,99.99,115.4,464.0,73.75
2025-01-15,2717.8,4.389,31.531,2601.5,15792.0,2863.0,29592.0,1935.0,945.5,100.2,114.45,466.5,73.75
2025-01-16,2750.9,4.441,31.725,2635.0,15910.0,2876.0,29576.0,1975.0,948.4,100.49,114.7,467.0,73.8
2025-01-17,,4.3685,,2682.0,16038.0,2946.0,29775.0,1970.0,965.5,101.21,117.25,470.5,73.95
2025-01-20,,,,2691.0,16010.0,2960.0,30390.0,1974.0,,,118.15,470.5,
2025-01-21,2785.6,4.341,31.496,2652.0,16038.0,2911.0,30233.0,1969.0,970.8,101.21,117.75,472.0,74.0
2025-01-22,2797.4,4.301,31.42,2635.0,15737.0,2895.0,30272.0,1967.0,971.1,101.4,116.75,465.0,73.5
2025-01-23,2778.3,4.3055,30.712,2631.0,15623.0,2846.0,29899.0,1952.0,964.4,101.34,116.5,462.5,73.5
2025-01-24,,4.2965,,2637.0,15555.0,2828.0,30156.0,1940.0,966.2,101.34,116.35,466.5,71.8
2025-01-27,2752.4,4.208,30.283,2612.0,15552.0,2830.5,29643.0,1946.0,954.1,101.34,114.55,465.0,68.7
2025-01-28,2781.0,4.2245,30.755,2576.55,15575.0,2772.5,29533.0,1938.08,953.5,101.3,115.05,465.0,69.2
2025-01-29,2781.5,4.2605,31.264,2621.95,15413.0,2788.5,29983.0,1969.68,971.6,101.33,114.8,465.0,70.75
2025-01-30,2845.2,4.3075,32.493,2617.45,15369.0,2788.5,30127.0,1969.43,1027.0,101.33,114.85,463.0,71.2
2025-01-31,,4.279,,2595.3,15188.0,2750.5,29974.0,1955.58,1043.7,101.59,115.5,481.0,71.35
2025-02-03,2857.1,4.3055,32.526,2626.2,15077.0,2806.5,29796.0,1945.28,1002.5,105.02,115.65,479.0,72.8
2025-02-04,2875.8,4.3535,33.022,2632.25,15293.0,2813.5,30149.0,1970.98,1012.4,105.4,112.5,479.5,71.1
2025-02-05,2893.0,4.444,32.976,2625.65,15554.0,2791.5,30695.0,2002.98,1025.8,104.81,111.25,468.5,70.35
2025-02-06,2876.7,4.461,32.626,2622.9,15818.0,2823.5,30885.0,1991.38,1022.3,106.23,108.95,469.0,69.95
2025-02-07,,4.589,,2637.75,15740.0,2849.5,30966.0,1998.23,1020.8,106.37,107.25,464.5,69.65
2025-02-10,2934.4,4.707,32.491,2666.6,15530.0,2850.5,31003.0,2001.38,1032.3,106.97,105.65,466.0,68.4
2025-02-11,2932.6,4.601,32.322,2639.05,15280.0,2829.5,30964.0,1978.78,1035.7,106.32,104.75,462.5,67.35
2025-02-12,2928.7,4.7045,32.785,2629.3,15427.38,2870.5,31421.0,1977.88,1048.5,107.26,104.5,464.5,67.7
2025-02-13,2945.4,4.778,32.726,2610.65,15383.88,2840.5,31850.0,1991.48,1043.2,106.77,104.3,461.5,67.5
2025-02-14,,4.6645,,2638.95,15487.63,2847.5,32592.0,1985.68,1019.2,106.83,102.75,461.0,66.45
2025-02-17,,,,2650.15,15495.13,2875.5,32570.0,1993.38,,,102.0,458.5,
2025-02-18,2949.0,4.6425,33.373,2670.45,15355.63,2894.5,32674.0,1995.63,1006.1,106.74,100.85,465.0,64.3
2025-02-19,2936.1,4.614,33.043,2683.9,15420.13,2876.5,32624.01,1995.63,986.2,106.76,103.5,466.0,64.8
2025-02-20,2956.1,4.666,33.486,2728.8,15622.63,2916.5,33320.0,1995.98,997.2,107.0,103.5,467.0,64.9
2025-02-21,,4.6155,,2675.1,15493.63,2928.5,33637.0,2008.93,987.7,107.13,102.0,467.5,64.7
2025-02-24,2949.7,4.5635,32.763,2656.3,15413.38,2850.3,33224.0,1988.33,970.6,107.19,102.25,466.5,64.7
2025-02-25,2906.0,4.5035,31.976,2639.75,15336.63,2808.4,32794.0,2005.03,969.4,107.17,102.0,462.5,65.75
2025-02-26,2917.8,4.5615,32.419,2632.3,15565.63,2821.5,32404.0,2010.08,976.6,107.15,102.4,463.0,65.5
2025-02-27,2895.9,4.6185,32.11,2636.0,15792.75,2814.5,31604.0,2011.03,964.4,107.07,102.4,462.5,65.55
2025-02-28,,4.548,,2608.05,15461.88,2800.73,31173.0,1994.63,944.1,106.9,102.05,466.5,65.55
2025-03-03,2901.1,4.607,32.31,2617.45,15914.13,2849.0,31432.0,1996.88,977.9,100.81,101.4,467.5,65.45
2025-03-04,2920.6,4.5565,32.381,2618.25,15945.63,2818.75,31426.0,2009.83,976.5,101.61,101.5,467.5,64.7
2025-03-05,2926.0,4.794,33.134,2665.4,15848.38,2881.5,31565.0,2029.58,979.6,100.72,104.1,467.5,64.6
2025-03-06,2926.6,4.8075,33.338,2705.55,16244.88,2932.35,32485.0,2046.73,984.7,101.24,104.7,469.5,64.65
2025-03-07,,4.71,,2696.05,16401.38,2882.35,32446.5,2019.83,972.2,101.29,103.25,467.5,63.65
2025-03-10,2899.4,4.6665,32.53,2690.0,16428.5,2848.68,32565.0,2045.45,971.4,100.99,104.6,464.0,64.4
2025-03-11,2920.9,4.766,33.147,2705.0,16484.13,2917.5,33077.0,2051.3,984.1,101.05,104.9,459.5,63.95
2025-03-12,2946.8,4.8495,33.743,2699.0,16632.75,2938.23,33374.0,2082.5,999.3,101.44,101.5,462.5,63.55
2025-03-13,2991.3,4.9255,34.306,2702.9,16438.88,2950.33,35966.5,2073.1,1010.0,102.16,101.05,463.5,63.65
2025-03-14,,4.896,,2682.0,16520.13,2979.13,35337.0,2074.98,1016.0,102.85,100.75,471.5,63.8
2025-03-17,3034.1,4.959,34.308,2690.5,16375.38,2960.18,35167.0,2079.45,1029.3,102.32,98.75,463.5,63.8
2025-03-18,3068.9,5.0165,34.818,2655.2,16236.75,2956.83,35192.0,2094.0,1026.8,102.42,97.1,462.0,64.3
2025-03-19,3069.1,5.1,34.205,2669.2,16371.0,2925.18,34940.0,2085.73,1013.1,102.11,97.5,462.5,65.05
2025-03-20,3071.3,5.112,33.991,2656.55,16273.75,2929.83,35297.99,2057.38,996.5,102.15,97.75,467.5,65.5
2025-03-21,,5.1135,,2626.2,16108.0,2930.13,34444.0,2030.15,983.0,102.0,97.0,462.0,65.05
2025-03-24,3044.0,5.0925,33.45,2614.25,16000.38,2944.5,34339.0,2044.45,969.2,102.21,96.9,462.0,64.55
2025-03-25,3039.6,5.185,34.023,2607.6,16230.0,2971.83,35109.0,2084.65,979.7,102.18,96.4,462.0,64.25
2025-03-26,3037.3,5.2185,34.054,2606.5,16230.75,2955.93,35245.0,2090.5,974.1,102.25,96.75,462.0,64.3
2025-03-27,3075.8,5.0985,34.905,2561.85,16214.38,2897.93,35415.5,2042.78,989.4,102.36,96.75,462.0,64.35
2025-03-28,,5.13,,2550.85,16395.0,2855.5,36415.0,2028.03,989.9,102.43,96.55,459.5,64.35
2025-03-31,3150.3,5.034,34.611,2536.75,15885.5,2855.4,36815.0,2016.93,1022.7,102.51,103.0,459.5,64.6
2025-04-01,3146.0,5.035,34.309,2504.45,16059.25,2823.45,37743.0,1992.4,999.3,102.21,102.65,461.0,64.9
2025-04-02,3166.2,5.0405,34.65,2490.35,15937.75,2787.5,38080.51,1970.75,989.3,104.25,101.0,465.5,65.2
2025-04-03,3121.7,4.8285,31.97,2456.05,15721.5,2715.1,37564.96,1956.9,951.4,104.18,99.4,465.5,65.15
2025-04-04,,4.402,,2378.05,14676.25,2661.4,35623.0,1907.05,910.0,102.64,97.0,465.0,64.9
2025-04-07,2973.6,4.186,29.604,2379.55,14452.63,2635.78,34147.5,1879.1,902.7,100.85,97.5,465.0,64.4
2025-04-08,2990.2,4.144,29.686,2339.6,14208.13,2564.7,32653.0,1870.65,908.2,99.25,98.0,463.5,64.4
2025-04-09,3079.4,4.1925,30.415,2342.57,14097.0,2562.35,29724.0,1850.85,916.8,99.05,96.5,463.5,64.4
2025-04-10,3177.5,4.3365,30.759,2369.0,14680.13,2626.5,30533.0,1889.08,928.9,99.89,96.25,468.5,64.4
2025-04-11,,4.523,,2401.85,15063.13,2657.15,30990.0,1917.23,941.2,99.95,94.85,467.0,64.4
2025-04-14,3226.3,4.6255,32.167,2386.05,15301.38,2638.65,31094.0,1920.13,953.9,100.08,95.5,463.5,64.4
2025-04-15,3240.4,4.626,32.297,2372.9,15512.63,2614.2,30899.0,1907.13,966.4,100.19,95.5,460.0,64.4
2025-04-16,3346.4,4.6855,32.98,2388.6,15654.38,2589.4,30635.0,1909.73,976.4,100.08,94.25,463.5,65.05
2025-04-17,,4.739,,2383.15,15712.88,2591.8,30494.0,1926.53,973.1,100.05,95.05,463.5,65.05
2025-04-21,3425.3,4.78,32.521,,,,,,963.6,99.92,95.05,,65.25
2025-04-22,3419.4,4.928,32.905,2394.55,15680.63,2607.5,31001.0,1922.08,959.0,99.88,93.9,457.0,65.3
2025-04-23,3294.1,4.895,33.547,2439.4,15537.75,2644.25,31188.99,1950.83,975.4,100.09,93.7,460.5,65.65
2025-04-24,3348.6,4.9105,33.503,2459.9,15822.5,2699.65,31673.0,1964.18,976.8,99.98,93.8,458.5,66.15
2025-04-25,,4.895,,2437.4,15482.88,2650.6,31868.01,1950.28,969.8,99.92,93.75,460.0,66.7
2025-04-28,3333.0,4.8645,33.165,2435.3,15637.63,2640.7,31901.0,1974.08,993.1,99.91,95.6,463.0,67.1
2025-04-29,3333.6,4.8725,33.577,2467.85,15564.0,2649.3,31795.0,1978.88,985.5,99.86,97.25,460.0,67.5
2025-04-30,3319.1,4.609,32.828,2397.5,15342.5,2585.0,31193.0,1958.43,969.4,99.76,97.5,453.0,68.0
2025-05-01,3222.2,4.628,32.469,2412.1,15218.63,2575.05,29603.0,1957.18,967.1,99.25,97.5,453.0,68.75
2025-05-02,,4.673,,2440.4,15529.88,2611.8,30487.02,1936.33,966.1,98.19,98.0,455.0,69.8
2025-05-05,3322.3,4.699,32.474,,,,,,960.8,97.41,98.5,,70.2
2025-05-06,3422.8,4.778,33.381,2424.45,15664.38,2631.85,31817.0,1919.33,992.1,98.63,99.4,457.0,70.2
2025-05-07,3391.9,4.6595,32.791,2380.05,15519.88,2617.9,31461.0,1958.73,983.2,99.33,98.75,458.5,70.1
2025-05-08,3306.0,4.604,32.617,2408.75,15560.38,2628.0,31698.93,1952.73,979.5,98.23,98.5,453.0,69.9
2025-05-09,,4.653,,2421.1,15799.88,2655.9,31821.99,1981.98,1001.6,98.55,98.9,452.0,70.25
2025-05-12,3228.0,4.621,32.624,2470.9,15536.25,2678.0,32564.0,1975.65,975.6,99.75,99.75,454.0,71.25
2025-05-13,3247.8,4.723,33.1,2490.95,15682.63,2716.45,32686.0,1990.13,992.2,99.51,99.9,460.0,71.6
2025-05-14,3188.3,4.6505,32.444,2523.2,15786.13,2759.55,32729.01,1992.83,981.2,100.75,99.0,466.0,71.6
2025-05-15,3226.6,4.6835,32.68,2500.6,15766.88,2728.65,32837.0,2005.03,995.4,100.42,99.0,464.0,71.6
2025-05-16,,4.5935,,2479.9,15561.13,2690.85,32726.0,2001.68,990.2,100.08,99.0,456.5,71.6
2025-05-19,3261.4,4.6705,32.507,2439.15,15501.63,2673.95,32833.0,1966.33,1005.9,100.0,99.25,454.0,71.3
2025-05-20,3312.6,4.654,33.174,2482.95,15446.38,2716.6,33038.0,1979.88,1055.4,100.05,100.55,454.0,71.25
2025-05-21,3341.9,4.672,33.646,2477.25,15611.13,2690.5,32779.0,1975.68,1084.4,100.05,100.45,453.5,71.05
2025-05-22,3323.6,4.6795,33.219,2460.2,15496.88,2705.3,32278.0,1971.88,1080.7,99.89,100.1,453.0,70.5
2025-05-23,,4.8365,,2472.4,15590.63,2708.0,32709.0,1996.68,1088.4,99.81,100.4,453.0,71.55
2025-05-25,3370.27,4.8518,33.595,,,,,,1092.6,,,,
2025-05-26,,4.8333,,,,,,,1086.1,,100.4,,
2025-05-27,3313.7,4.715,33.311,2483.45,15371.88,2705.85,32478.0,1986.98,1079.3,99.48,100.9,453.0,72.0
2025-05-28,3308.3,4.6505,33.16,2470.55,15057.13,2688.6,31561.0,1987.93,1074.6,99.39,100.9,452.0,71.95
2025-05-29,3343.9,4.6755,33.423,2450.35,15353.38,2674.75,31134.0,1964.88,1084.7,99.27,100.9,453.0,71.65
2025-05-30,,4.6775,,2446.4,15233.88,2636.2,30304.0,1967.93,1060.2,99.12,100.8,446.5,71.85
2025-06-02,3397.2,4.8585,34.694,2474.55,15451.25,2697.75,30584.0,1983.35,1065.5,95.95,105.35,443.0,71.9
2025-06-03,3377.1,4.834,34.633,2472.6,15429.38,2703.5,31279.0,1985.93,1073.9,95.3,104.25,444.5,71.9
2025-06-04,3399.2,4.8865,34.648,2489.6,15355.38,2701.85,31934.0,1984.73,1093.6,96.26,104.45,445.0,71.4
2025-06-05,3375.1,4.933,35.805,2479.2,15476.38,2689.0,32523.0,1984.98,1140.2,95.7,105.0,443.0,70.5
2025-06-06,,4.848,,2453.4,15440.13,2667.0,32373.0,1982.88,1170.0,96.18,104.85,446.0,70.5
2025-06-09,3354.9,4.925,36.796,2480.65,15372.88,2652.5,32724.0,1992.28,1215.6,95.62,105.25,445.5,70.5
2025-06-10,3343.4,4.9,36.642,2492.35,15282.75,2657.3,32706.0,1986.98,1213.8,95.47,103.65,445.0,70.05
2025-06-11,3343.7,4.8145,36.261,2517.95,15155.63,2654.6,32570.98,1989.4,1260.0,95.78,104.45,445.0,70.05
2025-06-12,3402.4,4.8355,36.295,2521.7,15106.88,2644.75,32563.9,1996.53,1276.3,95.46,104.6,441.5,69.75
2025-06-13,,4.8145,,2506.05,15151.88,2627.0,32603.5,1997.03,1214.8,95.38,105.25,442.0,69.75
2025-06-16,3417.3,4.836,36.448,2518.4,15026.13,2661.4,32553.0,2009.88,1254.9,95.23,106.0,444.0,76.2
2025-06-17,3406.9,4.809,37.151,2547.7,14898.88,2639.25,32216.01,1981.68,1263.9,94.86,106.4,442.5,74.5
2025-06-18,3408.1,4.853,36.913,2545.0,15039.75,2640.8,32324.0,1995.68,1314.9,94.71,106.7,441.0,74.8
2025-06-19,,4.8135,,2527.25,15003.38,2645.0,32041.0,1993.73,1295.85,,107.0,439.0,
2025-06-20,,4.8335,,2556.5,14965.63,2640.75,32815.99,1992.63,1267.0,94.77,106.6,445.0,75.9
2025-06-23,3380.6,4.843,36.153,2589.95,14797.25,2686.85,32786.0,2009.0,1287.2,94.75,107.25,445.0,77.55
2025-06-24,3320.0,4.867,35.701,2575.85,14911.13,2690.15,32371.32,2021.18,1307.9,94.63,106.6,445.5,77.9
2025-06-25,3329.0,4.913,36.085,2571.1,15056.13,2709.35,33258.0,2037.83,1332.7,94.52,106.6,445.5,78.5
2025-06-26,3333.9,5.0925,36.757,2592.35,15191.25,2776.55,33870.0,2046.88,1405.7,94.48,106.35,445.5,78.5
2025-06-27,,5.123,,2598.85,15212.63,2782.55,33882.01,2044.63,1348.5,94.49,106.5,444.0,79.05
2025-06-30,3307.7,5.0825,36.172,2601.65,15196.13,2752.7,33843.5,2047.78,1339.6,94.47,109.9,443.5,78.75
2025-07-01,3349.8,5.0995,36.397,2602.1,15175.38,2716.65,33632.01,2045.38,1355.3,93.41,111.8,443.5,78.05
2025-07-02,3359.7,5.1975,36.727,2623.2,15305.13,2755.6,33696.0,2061.77,1429.0,95.13,112.5,454.5,77.8
2025-07-03,3342.9,5.1415,37.084,2608.15,15375.88,2745.5,33821.0,2067.93,1379.7,96.24,111.25,447.5,77.4
2025-07-04,,5.0625,,2595.65,15281.88,2728.65,33737.0,2064.73,1407.1,,109.95,446.0,
2025-07-07,3342.8,5.026,36.904,2569.65,15134.13,2686.45,33315.0,2038.38,1369.7,95.22,109.5,446.0,75.95
2025-07-08,3316.9,5.6855,36.749,2594.55,15022.13,2730.45,33401.0,2060.57,1387.6,95.55,109.6,448.0,74.45
2025-07-09,3321.0,5.4865,36.63,2605.2,14983.88,2745.5,33311.0,2060.93,1380.5,95.32,110.25,449.0,73.3
2025-07-10,3325.7,5.591,37.305,2609.25,15266.38,2781.95,33585.21,2042.53,1407.4,96.76,111.0,449.5,71.5
2025-07-11,,5.6045,,2603.7,15139.88,2737.5,33666.21,2028.48,1464.1,96.71,112.0,448.5,71.75
2025-07-14,3359.1,5.5505,38.742,2596.15,15012.5,2727.75,33525.0,2005.45,1411.5,96.76,111.1,448.5,72.3
2025-07-15,3336.7,5.5775,38.11,2582.45,15161.5,2698.15,33267.0,1999.7,1407.1,96.5,110.0,445.0,72.3
2025-07-16,3359.1,5.526,38.119,2577.9,14984.38,2705.2,32752.0,1979.05,1429.2,97.06,110.0,445.5,72.3
2025-07-17,3345.3,5.5125,38.303,2588.25,15080.75,2740.3,33017.0,1976.2,1465.9,97.18,110.5,450.0,71.7
2025-07-18,,5.6045,,2635.9,15190.25,2824.35,33507.0,2013.9,1450.8,97.22,110.4,449.0,71.0
2025-07-21,3462.9,5.6375,39.334,2644.95,15482.38,2844.75,33856.0,2014.33,1489.1,97.84,109.85,452.0,71.25
2025-07-22,3501.8,5.7215,39.555,2657.25,15494.88,2856.5,33979.0,2014.5,1476.1,98.11,110.1,458.0,71.4
2025-07-23,3455.1,5.8195,39.503,2645.65,15544.63,2865.5,34998.0,2033.03,1448.0,98.27,109.9,457.5,72.55
2025-07-24,3431.1,5.8015,39.224,2652.05,15412.88,2842.8,34741.0,2021.83,1434.8,98.58,110.1,457.0,72.3
2025-07-25,,5.785,,2635.85,15186.5,2831.6,34101.0,2019.8,1416.8,98.55,110.2,460.0,71.65
2025-07-28,3354.0,5.5975,38.043,2634.35,15232.5,2815.55,33703.0,2020.15,1414.2,98.67,115.5,456.0,71.3
2025-07-29,3368.3,5.607,38.101,2608.0,15258.0,2817.5,33713.5,2018.6,1413.6,98.98,115.5,455.5,71.25
2025-07-30,3352.8,5.586,37.739,2607.2,15020.75,2796.25,33356.99,1995.6,1374.9,99.07,115.05,456.5,71.25
2025-07-31,3348.6,4.3545,36.712,2565.55,14916.88,2766.15,32689.0,1973.43,1299.1,99.12,115.15,476.5,71.6
2025-08-01,,4.4355,,2573.35,14978.63,2732.85,33395.5,1974.78,1316.9,99.57,114.9,468.5,71.45
2025-08-04,3426.4,4.4375,37.328,2564.6,15062.88,2752.15,33182.0,1959.18,1340.8,100.77,114.95,477.0,71.45
2025-08-05,3434.7,4.386,37.823,2567.75,15025.88,2760.45,33214.0,1978.28,1330.6,101.36,114.8,480.0,71.45
2025-08-06,3433.4,4.413,37.902,2624.35,15103.88,2795.85,33311.0,1999.23,1339.9,100.92,114.5,477.0,72.35
2025-08-07,3453.7,4.3985,38.294,2608.85,15102.88,2817.05,33681.0,2007.43,1354.2,101.21,113.75,476.0,72.35
2025-08-08,,4.4715,,2615.75,15107.63,2832.1,33559.0,2006.73,1339.6,101.22,113.2,475.0,71.95
2025-08-11,3404.7,4.44,37.787,2584.5,15279.63,2813.5,33752.01,2000.88,1343.5,101.96,112.25,475.0,72.2
2025-08-12,3399.0,4.5255,38.002,2628.3,15293.63,2851.5,33851.0,2015.28,1353.7,102.41,111.7,479.5,72.3
2025-08-13,3408.3,4.4975,38.602,2610.7,15228.13,2827.5,33692.0,1988.08,1342.8,102.03,111.8,476.0,72.7
2025-08-14,3383.2,4.4795,38.069,2624.25,15026.88,2842.0,33429.0,1991.38,1361.5,101.83,110.9,474.0,72.75
2025-08-15,,4.4925,,2603.6,15145.38,2795.0,33744.0,1983.38,1345.2,101.59,110.85,473.0,73.0
2025-08-18,3378.0,4.536,38.029,2585.75,15131.13,2781.5,33741.0,1976.63,1337.0,101.62,111.0,472.5,73.4
2025-08-19,3358.7,4.4885,37.332,2565.1,14998.63,2769.1,33890.0,1973.98,1312.8,101.57,111.1,468.0,73.4
2025-08-20,3388.5,4.5105,37.773,2582.6,15010.38,2788.5,33677.0,1984.78,1341.6,101.52,111.5,470.0,73.4
2025-08-21,3381.6,4.5115,38.079,2592.85,14916.13,2768.05,33432.0,1973.55,1352.7,101.57,110.6,471.0,73.25
2025-08-22,,4.5275,,2622.55,14997.63,2807.02,33821.0,1995.48,1356.5,101.42,111.3,473.5,74.05
2025-08-25,3404.9,4.5265,39.051,,,,,,1332.3,101.6,111.3,,74.6
2025-08-26,3420.1,4.51,38.955,2638.2,15265.88,2808.05,34262.0,1989.43,1342.9,101.53,111.55,473.0,74.8
2025-08-27,3435.7,4.4715,39.056,2605.4,15100.38,2763.45,34633.0,1985.43,1341.7,101.59,111.55,473.0,74.7
2025-08-28,3474.3,4.539,39.703,2609.55,15268.13,2790.0,34854.0,1984.18,1361.7,101.71,111.55,479.5,75.05
2025-08-29,,4.5905,,2620.15,15403.88,2826.7,35103.0,1997.58,1370.5,101.81,111.5,473.0,76.65
2025-08-31,3512.0,4.5853,40.662,,,,,,1366.8,,,,
2025-09-01,,4.5825,,2617.4,15418.5,2835.7,35000.0,2005.63,1430.2,,109.9,470.0,
2025-09-02,3592.2,4.641,41.592,2621.25,15217.0,2868.5,34758.01,1997.7,1412.2,102.53,108.8,470.0,76.6
2025-09-03,3635.5,4.63,42.06,2617.3,15274.25,2869.27,34664.0,1995.28,1455.1,103.24,108.5,470.0,76.55
2025-09-04,3606.7,4.5585,41.417,2591.75,15181.13,2839.6,34553.5,1988.68,1376.6,104.53,107.0,471.0,76.7
2025-09-05,,4.551,,2606.15,15267.13,2863.6,34287.0,1986.13,1386.7,104.49,107.55,471.0,76.2
2025-09-08,3677.4,4.5595,41.902,2614.4,15187.38,2875.95,34237.05,1990.53,1385.7,104.93,105.8,475.0,76.95
2025-09-09,3682.2,4.5695,41.341,2629.45,15107.38,2862.4,34005.0,1976.33,1372.1,106.08,103.85,475.0,76.75
2025-09-10,3682.0,4.618,41.6,2628.2,15156.88,2890.4,34573.0,1987.78,1397.8,105.8,102.45,470.0,76.4
2025-09-11,3673.6,4.658,42.149,2678.85,15202.88,2901.25,34683.0,1994.93,1399.8,105.18,100.9,472.5,76.4
2025-09-12,,4.652,,2699.9,15357.38,2948.8,34925.02,2018.43,1411.7,105.43,100.7,472.5,75.7
2025-09-15,3719.0,4.7175,42.962,2703.7,15389.63,2977.8,34579.0,2002.93,1417.2,105.31,101.5,475.5,75.25
2025-09-16,3725.1,4.694,42.917,2714.55,15397.88,2981.8,34806.99,2008.98,1402.5,105.42,101.75,477.0,76.3
2025-09-17,3717.8,4.632,42.152,2684.05,15382.88,2939.95,34259.99,2013.38,1376.6,105.3,102.9,477.0,76.55
2025-09-18,3678.3,4.6005,42.118,2696.5,15232.63,2912.35,33646.0,2008.38,1400.2,105.24,103.35,475.5,76.55
2025-09-19,,4.6275,,2672.7,15243.88,2894.3,34127.59,2003.48,1416.5,105.44,103.35,475.5,76.9
2025-09-22,3761.6,4.6075,44.044,2650.35,15197.13,2901.65,33952.0,2001.98,1445.3,105.49,103.9,478.0,77.9
2025-09-23,3801.8,4.6195,44.437,2642.15,15335.38,2891.5,34254.0,2008.28,1527.5,105.49,103.6,473.5,80.35
2025-09-24,3753.4,4.7885,44.02,2656.0,15413.13,2933.3,34268.0,2005.18,1507.8,105.54,103.6,476.5,82.15
2025-09-25,3756.5,4.7325,44.933,2661.15,15252.88,2928.1,34420.0,2019.43,1555.3,105.54,103.85,477.5,83.45
2025-09-26,,4.746,,2652.6,15150.38,2893.45,34483.0,2004.68,1598.8,105.44,103.75,473.5,82.5
2025-09-29,3855.2,4.892,47.016,2679.15,15302.38,2945.05,35544.99,1999.33,1632.3,105.35,106.75,474.0,82.0
2025-09-30,3873.2,4.8565,46.64,2681.95,15217.13,2953.9,35483.0,1990.73,1605.7,105.29,106.2,472.5,81.95
2025-10-01,3897.5,4.8825,47.679,2697.25,15173.63,2992.2,36082.75,2013.08,1590.7,104.02,105.55,471.0,83.1
2025-10-02,3868.1,4.9495,46.369,2689.35,15299.13,3020.55,37008.0,2024.73,1586.0,104.1,104.85,469.0,81.2
2025-10-03,,5.109,,2711.25,15445.0,3029.65,37560.0,2016.78,1642.1,104.36,105.0,471.0,81.0
2025-10-05,,,47.157,,,,,,,,,,
2025-10-06,3976.3,5.038,47.515,2720.25,15453.13,3006.9,36829.0,2006.48,1659.3,104.48,104.75,471.0,81.15
2025-10-07,4004.4,5.0975,48.994,2743.9,15470.88,3044.55,36560.0,2012.43,1649.8,104.22,104.8,469.5,79.75
2025-10-08,4070.5,5.0945,47.157,2759.05,15343.63,3003.6,36346.0,2005.48,1700.8,104.29,104.75,471.0,78.9
2025-10-09,3972.6,5.123,47.247,2785.95,15468.88,3017.6,37006.0,2031.18,1656.4,104.86,104.5,468.5,77.0
2025-10-10,,4.894,,2749.55,15220.13,2995.85,36113.01,2017.45,1623.0,105.74,104.55,470.5,78.9
2025-10-13,4133.0,5.144,50.622,2769.8,15171.88,3022.45,35695.01,1991.18,1691.8,106.53,104.4,469.0,79.15
2025-10-14,4163.4,5.023,51.378,2746.1,15115.13,2946.65,35136.0,1982.88,1676.5,105.25,103.8,460.5,79.5
2025-10-15,4201.6,5.0145,53.296,2747.05,15168.13,2941.85,35332.99,1987.18,1687.9,105.55,105.85,454.0,79.9
2025-10-16,4304.6,4.999,50.104,2799.2,15260.63,2972.7,35713.0,1968.38,1755.1,105.56,104.6,460.0,79.9
2025-10-17,,4.9695,,2774.55,15111.38,2940.45,34962.0,1970.93,1619.5,105.35,103.45,462.0,78.0
2025-10-20,4359.4,5.036,47.704,2773.75,15217.13,2971.85,35232.0,1989.88,1652.2,105.5,104.0,459.0,76.9
2025-10-21,4109.1,4.966,47.681,2781.2,15164.13,2993.9,35349.0,1993.03,1519.3,105.53,104.0,460.0,76.3
2025-10-22,4065.4,4.9955,48.704,2809.8,15152.38,3029.33,35399.0,1995.13,1552.5,105.55,103.7,461.0,76.4
2025-10-23,4145.6,5.1105,48.586,2863.05,15337.13,3021.95,35822.0,2015.18,1592.3,105.55,104.2,460.5,76.5
2025-10-24,,5.1225,,2859.9,15336.38,3023.6,35900.0,2020.53,1599.1,105.41,104.1,460.0,76.9
2025-10-27,4005.5,5.146,47.324,2876.15,15264.88,3060.15,36035.0,2028.9,1580.9,105.57,104.25,462.5,77.65
2025-10-28,3968.7,5.145,47.913,2899.7,15279.13,3062.52,36199.0,2028.53,1580.1,105.56,104.25,461.5,78.9
2025-10-29,3986.2,5.237,48.616,2884.6,15369.25,3080.73,,2025.43,1595.0,105.66,103.9,461.5,81.35
2025-10-30,4015.9,5.104,48.16,2872.55,15203.13,3039.98,35809.0,2027.3,1614.3,105.73,104.15,,82.15
2025-10-31,,5.089,,2892.55,15218.88,3054.88,36136.0,2026.43,1575.4,105.83,104.15,,82.4
2025-11-03,4014.0,5.069,47.291,2912.95,15108.38,3107.1,36122.0,2030.63,1581.4,105.84,109.6,,80.8
2025-11-04,3960.5,4.9485,48.022,2862.0,15066.63,3084.5,35879.0,2025.48,1550.7,104.52,110.85,,79.65
2025-11-05,3992.9,4.986,47.95,2863.2,15001.13,3058.1,35685.0,2022.83,1562.6,104.73,109.95,,78.95
2025-11-06,3991.0,4.9675,48.143,2844.15,15039.38,3052.85,35870.0,2039.78,1537.6,105.08,110.65,,78.2
2025-11-07,,4.957,,2856.95,15048.63,3066.55,35832.0,2052.43,1549.1,103.34,110.45,,77.45
2025-11-09,,,50.311,,,,,,,,,,
2025-11-10,4122.0,5.106,50.744,2882.8,15093.38,3085.77,36034.0,2062.5,1600.5,103.97,109.45,,77.9
2025-11-11,4116.3,5.066,53.457,2878.55,15011.63,3068.5,36682.0,2064.82,1598.3,103.56,107.85,,78.05
2025-11-12,4213.6,5.1055,53.17,2892.6,15006.38,3076.2,37435.0,2093.68,1631.4,104.17,109.5,,77.8
2025-11-13,4194.5,5.102,50.686,2879.15,14940.88,3048.9,37232.0,2076.93,1613.9,104.05,109.55,,77.75
2025-11-14,,5.063,,2860.0,14846.38,3018.55,36752.0,2069.73,1565.2,103.95,110.6,,77.2
2025-11-16,,,50.711,,,,,,,,,,
2025-11-17,4109.8,5.0865,50.521,2815.8,14644.63,2991.6,36861.0,2042.43,1555.7,104.42,110.2,,76.3
2025-11-18,4101.7,5.0505,50.854,2788.9,14615.38,2989.45,36888.0,2025.78,1555.2,104.31,111.5,,76.3
2025-11-19,4118.2,5.097,50.301,2813.25,14637.63,2985.95,37033.0,2017.13,1556.8,104.26,111.0,,76.1
2025-11-20,4095.7,5.0485,49.913,2812.7,14439.88,3011.25,37148.0,2011.63,1517.2,104.24,111.0,,76.2
2025-11-21,,5.096,,2805.7,14526.13,2992.8,36984.0,1990.48,1524.2,104.26,110.9,,75.85
2025-11-23,,,50.326,,,,,,,,,,
2025-11-24,4113.1,5.026,50.965,2814.85,14677.88,3002.1,37478.0,1985.38,1552.6,104.42,111.15,,75.85
2025-11-25,4159.8,5.0625,53.607,2811.9,14864.13,3003.9,37657.0,1981.58,1566.0,104.51,111.15,,76.15
2025-11-26,4202.3,5.194,57.163,2871.65,14793.88,3055.2,38126.0,1975.03,1592.8,104.63,111.15,,76.35
2025-11-27,,5.1677,,2833.25,14805.63,3020.4,38121.0,1985.03,1627.15,,111.0,,
2025-11-28,,5.272,,2873.6,14809.38,3060.2,39244.0,1980.38,1692.6,104.84,111.1,,76.45
2025-11-30,,,59.142,,,,,,,,,,
2025-12-01,4274.8,5.303,58.703,2892.55,14864.13,3101.45,39216.0,2001.48,1686.1,106.94,108.35,,76.4
2025-12-02,4220.8,5.243,58.62,2862.45,14774.88,3063.1,39065.0,1996.98,1658.6,107.35,108.8,,76.25
2025-12-03,4232.5,5.389,57.491,2901.5,14871.38,3068.75,40835.0,2000.58,1670.8,107.77,108.5,,76.25
2025-12-04,4243.0,5.3735,59.053,2901.75,14860.88,3089.85,40393.0,2015.48,1669.2,107.88,108.5,,76.4
2025-12-05,,5.462,,2909.2,14910.38,3097.2,40093.0,2005.43,1669.0,107.24,110.25,,76.55
2025-12-07,,,58.405,,,,,,,,,,
2025-12-08,4217.7,5.4445,60.84,2888.8,14862.63,3120.4,39875.0,1998.43,1669.0,106.42,110.5,,76.5
2025-12-09,4236.2,5.32,61.029,2856.63,14714.63,3092.4,39864.0,1977.83,1708.6,106.29,110.1,,76.5
2025-12-10,4224.7,5.3535,64.592,2871.8,14636.38,3081.8,40019.0,1979.43,1655.7,106.66,109.4,,77.05
2025-12-11,4313.0,5.5015,62.007,2903.85,14614.38,3211.1,41783.0,1985.48,1713.2,106.21,108.75,,77.55
2025-12-12,,5.359,,2877.0,14569.38,3130.6,41337.0,1969.53,1762.5,106.05,108.5,,77.9
2025-12-15,4335.2,5.412,63.323,2873.9,14259.63,3088.75,40952.0,1946.78,1815.9,106.1,108.6,,78.4
2025-12-16,4332.3,5.359,66.901,2881.7,14235.38,3034.7,41031.0,1944.38,1875.5,106.36,108.6,,78.3
2025-12-17,4373.9,5.4355,65.219,2902.4,14343.13,3065.2,42257.0,1959.18,1938.1,106.61,108.6,,78.9
2025-12-18,4364.5,5.4375,67.489,2916.1,14542.88,3063.9,42892.0,1961.18,1960.9,106.9,108.3,,79.0
2025-12-19,,5.51,,2958.9,14760.63,3078.25,43232.0,1986.88,2018.6,106.92,108.4,,80.25
2025-12-21,,,68.565,,,,,,,,,,
2025-12-22,4469.4,5.5095,71.137,2942.95,15251.88,3080.45,42942.0,1970.98,2123.4,106.94,108.25,,81.4
2025-12-23,4505.7,5.552,71.685,2947.45,15706.0,3100.3,42797.0,1986.95,2328.7,106.95,108.25,,81.15
2025-12-24,,5.575,,2956.95,15631.38,3090.8,,1998.78,2274.0,106.94,108.25,,81.25
2025-12-25,4527.5,5.6892,77.196,,,,,,2350.6,,,,
2025-12-26,,5.8395,,,,,,,2491.1,106.99,109.05,,81.4
2025-12-28,,,70.46,,,,,,,,,,
2025-12-29,4327.0,5.537,77.919,2951.15,15737.63,3087.48,40713.0,2007.98,2131.7,107.08,107.95,,81.95
2025-12-30,4386.3,5.7815,70.603,2987.15,16775.63,3132.05,41929.0,2015.43,2255.1,107.13,106.65,,81.85
2025-12-31,,5.682,,2995.95,16681.88,3121.7,,2005.18,2044.2,107.13,107.5,,81.65
2026-01-01,4361.55,5.756,71.015,,,,,,2120.35,,,,
2026-01-02,4329.6,5.6915,,3023.1,16755.75,3130.1,40358.0,2003.5,2137.0,107.17,106.55,,81.65
2026-01-04,,,76.657,,,,,,,,,,
2026-01-05,4451.5,5.9755,81.039,3087.4,17207.5,3206.85,42406.0,2024.25,2285.2,106.13,106.2,,82.0
2026-01-06,4496.1,6.0625,79.25,3133.85,18532.5,3249.45,44441.0,2069.45,2452.4,106.79,107.25,,82.05
2026-01-07,4462.5,5.8605,,3086.55,17799.5,3175.05,44252.0,2059.25,2268.6,108.48,106.9,,81.8
2026-01-08,4460.7,5.7965,,3089.05,17048.0,3133.85,43694.0,2022.45,2267.5,107.65,107.4,,81.95
2026-01-09,4500.9,5.9025,,3147.85,17715.75,3155.45,45515.0,2045.7,2296.7,108.03,107.3,,82.75
2026-01-11,,,88.537,,,,,,,,,,
2026-01-12,4614.7,6.0315,,3189.8,17910.63,3202.8,47870.0,2047.43,2380.6,108.25,107.1,,82.85
2026-01-13,4599.1,6.016,,3190.4,17631.88,3212.05,49456.0,2058.23,2353.3,107.9,107.65,,83.1
2026-01-14,4635.7,6.0555,,3186.5,18741.5,3279.95,53361.0,2084.35,2385.8,107.68,109.0,,83.4
2026-01-15,4623.7,5.9915,,3170.25,18459.63,3314.2,51921.0,2095.07,2409.9,107.39,108.4,,84.95
2026-01-16,4595.4,5.831,,3140.7,17671.38,3208.95,47947.0,2040.23,2322.7,107.15,108.85,,85.25
2026-01-18,4680.64,5.8993,101.333,,,,,,2373.8,,,,
2026-01-19,4671.15,5.8965,93.82,3166.4,18094.13,3229.5,49180.0,2062.77,2376.75,,109.1,,
2026-01-20,4800.8,5.8125,94.636,3117.8,17716.88,3178.9,49342.0,2033.08,2450.5,106.54,109.95,,85.25
2026-01-21,4873.1,5.768,92.637,3119.58,17936.63,3167.8,51308.0,2025.63,2495.3,106.46,109.35,,85.25
2026-01-22,4949.4,5.779,96.372,3140.9,18008.0,3229.35,51743.0,2030.83,2572.2,106.42,109.55,,86.2
2026-01-23,5017.0,5.9475,101.333,3175.35,18562.13,3279.25,56636.0,2034.23,2734.8,106.36,109.0,,88.4
2026-01-26,5102.4,5.991,115.148,3199.35,18547.38,3354.65,54079.0,2038.98,2871.2,106.15,108.65,,89.25
2026-01-27,5101.4,5.8335,105.592,3210.35,18103.88,3360.9,54719.0,2025.73,2531.6,106.03,108.8,,91.15
2026-01-28,5321.0,5.898,113.162,3267.0,18364.63,3384.6,55796.0,2025.28,2622.2,105.85,109.1,,98.3
2026-01-29,5354.8,6.2035,114.429,3230.5,18280.63,3431.75,54924.0,2017.03,2618.3,105.77,108.6,,101.55
2026-01-30,4745.1,5.924,78.531,3117.65,17697.63,3393.63,51768.0,2001.8,2121.6,105.62,108.9,,99.25
2026-02-02,4652.6,5.8255,77.009,3054.2,16997.0,3321.2,46321.0,1973.25,2104.1,102.66,116.0,,96.5
2026-02-03,4935.0,6.0865,83.301,3105.15,17357.5,3328.5,49903.0,1964.45,2208.8,102.16,114.7,,91.8
2026-02-04,4950.8,5.85,84.396,3052.15,17304.0,3315.3,48346.0,1968.6,2176.7,102.17,116.1,,87.55
2026-02-05,4889.5,5.821,76.714,3035.1,17049.0,3307.7,46293.0,1960.55,2070.6,101.03,116.0,,85.7
2026-02-06,4979.8,5.882,76.895,3111.65,17122.63,3365.05,46541.0,1964.23,2099.4,100.11,115.6,,85.25
2026-02-09,5079.4,5.9625,82.234,3129.55,17389.88,3384.0,48929.0,1975.38,2116.5,100.63,115.75,,86.25
2026-02-10,5031.0,5.9135,80.384,3101.5,17554.88,3392.6,49107.0,1978.03,2100.5,100.84,114.6,,88.0
2026-02-11,5098.5,5.9655,83.92,3119.85,18002.38,3417.55,49474.0,1996.68,2145.7,100.59,114.9,,88.9
2026-02-12,4948.4,5.7855,75.682,3097.15,17273.38,3368.45,49468.0,1982.68,2021.7,100.37,116.1,,89.5
2026-02-13,5046.3,5.803,77.964,3095.75,17008.88,3347.35,46576.0,1964.03,2077.1,99.66,116.7,,89.5
2026-02-15,5039.06,5.7778,76.287,,,,,,2061.4,,,,
2026-02-16,5010.11,5.7593,76.27,3045.3,17053.38,3290.55,,1953.03,2049.65,,116.25,,
2026-02-17,4905.9,5.704,73.54,3040.3,16781.38,3284.85,,1946.78,2018.3,99.74,117.05,,88.8
2026-02-18,5009.5,5.863,77.598,3084.5,17386.38,3374.15,,1969.63,2112.9,99.74,116.8,,88.85
2026-02-19,4997.4,5.7985,77.634,3071.85,17256.13,3341.1,,1956.23,2062.3,99.61,116.15,,89.3
2026-02-20,5080.9,5.8995,82.343,3101.9,17343.13,3377.95,46497.0,1969.23,2169.7,99.33,116.2,,89.4
2026-02-23,5207.5,5.8105,86.889,3092.75,17246.63,3348.4,47680.0,1954.48,2146.4,99.27,116.5,,88.9
2026-02-24,5157.8,5.961,87.807,3110.9,17974.13,3394.65,50270.0,1961.28,2181.1,99.15,117.0,,88.95
2026-02-25,5208.0,6.0155,91.307,3175.4,18050.75,3388.75,53688.0,1997.45,2325.6,99.07,116.2,,88.2
2026-02-26,5194.2,6.005,87.584,3148.1,17720.75,3372.8,54404.0,1983.35,2239.6,99.03,115.8,,88.05
2026-02-27,5247.9,6.0595,93.291,3146.9,17678.5,3319.75,57722.0,1966.55,2373.5,99.06,115.8,,86.55
2026-03-02,5311.6,5.948,88.853,3194.45,17238.63,3322.15,53675.0,1965.28,2314.9,99.81,125.85,,86.45
2026-03-03,5123.7,5.826,83.473,3277.5,17085.75,3273.0,48693.0,1942.48,2075.5,99.57,135.0,,86.2
2026-03-04,5134.7,5.9075,83.184,3333.5,17593.38,3321.15,50942.0,1960.98,2154.0,100.06,131.65,,86.15
2026-03-05,5078.7,5.8045,82.181,3279.95,17168.38,3236.6,49799.0,1942.48,2129.3,100.89,134.25,,86.15
2026-03-06,5158.7,5.807,84.311,3425.9,17485.63,3302.05,49930.0,1950.73,2141.7,101.91,133.8,,85.95
2026-03-09,5103.7,5.8485,84.523,3384.45,17385.25,3325.5,50533.0,1930.45,2168.9,102.9,137.65,,85.9
2026-03-10,5242.1,5.952,89.592,3393.0,17587.63,3345.7,50329.0,1945.33,2234.3,103.22,131.55,,85.9
2026-03-11,5179.1,5.8915,85.535,3446.0,17661.63,3309.05,49538.0,1938.63,2204.3,103.53,133.1,,85.9
2026-03-12,5125.8,5.868,85.112,3519.35,17716.63,3316.5,49445.0,1938.83,2165.5,104.72,135.0,,85.7
2026-03-13,5061.7,5.757,81.343,3420.0,17236.0,3290.3,47090.0,1894.98,2042.1,105.14,134.8,,85.65
2026-03-16,5039.4,5.8315,80.682,3391.2,17437.25,3270.45,48269.0,1905.9,2094.9,105.34,132.3,,86.15
2026-03-17,5045.6,5.767,79.921,3369.6,17236.88,3231.65,46625.0,1927.98,2136.5,105.77,131.1,,86.5
2026-03-18,4932.9,5.594,77.592,3415.18,17154.13,3141.45,44961.0,1916.73,2056.6,105.54,132.8,,85.5
2026-03-19,4640.5,5.469,71.215,3242.0,16947.63,3071.25,43401.0,1899.33,1943.7,105.64,135.45,,84.65
2026-03-20,4609.6,5.3745,69.664,3194.95,16993.88,3073.4,43154.0,1900.63,1970.5,105.89,135.35,,84.4
2026-03-23,4439.5,5.4725,69.355,3227.5,17101.13,3092.7,43784.0,1895.03,1863.7,106.0,135.25,,83.5
2026-03-24,4434.1,5.455,69.569,3239.5,16928.88,3044.15,44093.0,1900.73,1892.6,106.1,136.5,,83.9
2026-03-25,4585.5,5.561,72.641,3245.5,17390.13,3095.15,44768.0,1913.33,1925.8,106.02,133.05,,84.3
2026-03-26,4409.0,5.477,67.934,3248.95,17225.63,3087.25,,1897.68,1838.9,106.14,135.1,,84.3
2026-03-27,4520.75,5.462,69.732,3275.2,17195.88,3118.55,,1903.83,1848.15,106.22,133.95,,84.05
