date,ipca__IPCA - Peso mensal - Índice geral,ipca__IPCA - Variação acumulada em 12 meses - Índice geral,ipca__IPCA - Variação acumulada no ano - Índice geral,ipca__IPCA - Variação mensal - Índice geral,ipca_grupos__INPC - Peso mensal - 1.Alimentação e bebidas,ipca_grupos__INPC - Peso mensal - 2.Habitação,ipca_grupos__INPC - Peso mensal - 3.Artigos de residência,ipca_grupos__INPC - Peso mensal - 4.Vestuário,ipca_grupos__INPC - Peso mensal - 5.Transportes,ipca_grupos__INPC - Peso mensal - 6.Saúde e cuidados pessoais,ipca_grupos__INPC - Peso mensal - 7.Despesas pessoais,ipca_grupos__INPC - Peso mensal - 8.Educação,ipca_grupos__INPC - Peso mensal - 9.Comunicação,ipca_grupos__INPC - Peso mensal - Índice geral,ipca_grupos__INPC - Variação acumulada em 12 meses - 1.Alimentação e bebidas,ipca_grupos__INPC - Variação acumulada em 12 meses - 2.Habitação,ipca_grupos__INPC - Variação acumulada em 12 meses - 3.Artigos de residência,ipca_grupos__INPC - Variação acumulada em 12 meses - 4.Vestuário,ipca_grupos__INPC - Variação acumulada em 12 meses - 5.Transportes,ipca_grupos__INPC - Variação acumulada em 12 meses - 6.Saúde e cuidados pessoais,ipca_grupos__INPC - Variação acumulada em 12 meses - 7.Despesas pessoais,ipca_grupos__INPC - Variação acumulada em 12 meses - 8.Educação,ipca_grupos__INPC - Variação acumulada em 12 meses - 9.Comunicação,ipca_grupos__INPC - Variação acumulada em 12 meses - Índice geral,ipca_grupos__INPC - Variação acumulada no ano - 1.Alimentação e bebidas,ipca_grupos__INPC - Variação acumulada no ano - 2.Habitação,ipca_grupos__INPC - Variação acumulada no ano - 3.Artigos de residência,ipca_grupos__INPC - Variação acumulada no ano - 4.Vestuário,ipca_grupos__INPC - Variação acumulada no ano - 5.Transportes,ipca_grupos__INPC - Variação acumulada no ano - 6.Saúde e cuidados pessoais,ipca_grupos__INPC - Variação acumulada no ano - 7.Despesas pessoais,ipca_grupos__INPC - Variação acumulada no ano - 8.Educação,ipca_grupos__INPC - Variação acumulada no ano - 9.Comunicação,ipca_grupos__INPC - Variação acumulada no ano - Índice geral,ipca_grupos__INPC - Variação mensal - 1.Alimentação e bebidas,ipca_grupos__INPC - Variação mensal - 2.Habitação,ipca_grupos__INPC - Variação mensal - 3.Artigos de residência,ipca_grupos__INPC - Variação mensal - 4.Vestuário,ipca_grupos__INPC - Variação mensal - 5.Transportes,ipca_grupos__INPC - Variação mensal - 6.Saúde e cuidados pessoais,ipca_grupos__INPC - Variação mensal - 7.Despesas pessoais,ipca_grupos__INPC - Variação mensal - 8.Educação,ipca_grupos__INPC - Variação mensal - 9.Comunicação,ipca_grupos__INPC - Variação mensal - Índice geral,ipp__IPP - Número-índice (dezembro de 2018 = 100) - B Indústrias Extrativas,ipp__IPP - Número-índice (dezembro de 2018 = 100) - C Indústrias de Transformação,ipp__IPP - Número-índice (dezembro de 2018 = 100) - Indústria Geral,ipp__IPP - Variação acumulada no ano (em relação a dezembro do ano anterior) - B Indústrias Extrativas,ipp__IPP - Variação acumulada no ano (em relação a dezembro do ano anterior) - C Indústrias de Transformação,ipp__IPP - Variação acumulada no ano (em relação a dezembro do ano anterior) - Indústria Geral,ipp__IPP - Variação mês/mesmo mês do ano anterior (M/M-12) - B Indústrias Extrativas,ipp__IPP - Variação mês/mesmo mês do ano anterior (M/M-12) - C Indústrias de Transformação,ipp__IPP - Variação mês/mesmo mês do ano anterior (M/M-12) - Indústria Geral,ipp__IPP - Variação mês/mês imediatamente anterior (M/M-1) - B Indústrias Extrativas,ipp__IPP - Variação mês/mês imediatamente anterior (M/M-1) - C Indústrias de Transformação,ipp__IPP - Variação mês/mês imediatamente anterior (M/M-1) - Indústria Geral,sinapi__Custo médio m² - componente material - moeda corrente,sinapi__Custo médio m² - componente mão-de-obra - moeda corrente,sinapi__Custo médio m² - moeda corrente,sinapi__Custo médio m² - variação percentual em doze meses,sinapi__Custo médio m² - variação percentual no ano,sinapi__Custo médio m² - variação percentual no mês,"desocupacao__Taxa de desocupação, na semana de referência, das pessoas de 14 anos ou mais de idade","rendimento_medio__Rendimento médio mensal nominal das pessoas de 14 anos ou mais de idade ocupadas na semana de referência com rendimento de trabalho, habitualmente recebido em todos os trabalhos","rendimento_medio__Rendimento médio mensal real das pessoas de 14 anos ou mais de idade ocupadas na semana de referência com rendimento de trabalho, habitualmente recebido em todos os trabalhos",producao_fisica_industrial__PIMPF - Número-índice (2022=100) - 1 Indústria geral,producao_fisica_industrial__PIMPF - Número-índice (2022=100) - 2 Indústrias extrativas,producao_fisica_industrial__PIMPF - Número-índice (2022=100) - 3 Indústrias de transformação,producao_fisica_industrial__PIMPF - Número-índice com ajuste sazonal (2022=100) - 1 Indústria geral,producao_fisica_industrial__PIMPF - Número-índice com ajuste sazonal (2022=100) - 2 Indústrias extrativas,producao_fisica_industrial__PIMPF - Número-índice com ajuste sazonal (2022=100) - 3 Indústrias de transformação,producao_fisica_industrial__PIMPF - Variação acumulada em 12 meses (em relação ao período anterior de 12 meses) - 1 Indústria geral,producao_fisica_industrial__PIMPF - Variação acumulada em 12 meses (em relação ao período anterior de 12 meses) - 2 Indústrias extrativas,producao_fisica_industrial__PIMPF - Variação acumulada em 12 meses (em relação ao período anterior de 12 meses) - 3 Indústrias de transformação,producao_fisica_industrial__PIMPF - Variação acumulada no ano (em relação ao mesmo período do ano anterior) - 1 Indústria geral,producao_fisica_industrial__PIMPF - Variação acumulada no ano (em relação ao mesmo período do ano anterior) - 2 Indústrias extrativas,producao_fisica_industrial__PIMPF - Variação acumulada no ano (em relação ao mesmo período do ano anterior) - 3 Indústrias de transformação,producao_fisica_industrial__PIMPF - Variação mês/mesmo mês do ano anterior (M/M-12) - 1 Indústria geral,producao_fisica_industrial__PIMPF - Variação mês/mesmo mês do ano anterior (M/M-12) - 2 Indústrias extrativas,producao_fisica_industrial__PIMPF - Variação mês/mesmo mês do ano anterior (M/M-12) - 3 Indústrias de transformação,"producao_fisica_industrial__PIMPF - Variação mês/mês imediatamente anterior, com ajuste sazonal (M/M-1) - 1 Indústria geral","producao_fisica_industrial__PIMPF - Variação mês/mês imediatamente anterior, com ajuste sazonal (M/M-1) - 2 Indústrias extrativas","producao_fisica_industrial__PIMPF - Variação mês/mês imediatamente anterior, com ajuste sazonal (M/M-1) - 3 Indústrias de transformação",producao_fisica_grupos__PIMPF - Número-índice (2022=100) - 10.1 Abate e fabricação de produtos de carne,producao_fisica_grupos__PIMPF - Número-índice (2022=100) - 10.2 Preservação do pescado e fabricação de produtos do pescado,"producao_fisica_grupos__PIMPF - Número-índice (2022=100) - 10.3 Fabricação de conservas de frutas, legumes e outros vegetais","producao_fisica_grupos__PIMPF - Número-índice (2022=100) - 13.2 Tecelagem, exceto malha",producao_fisica_grupos__PIMPF - Número-índice (2022=100) - 14.2 Fabricação de artigos de malharia e tricotagem,producao_fisica_grupos__PIMPF - Número-índice (2022=100) - 15.1 Curtimento e outras preparações de couro,"producao_fisica_grupos__PIMPF - Número-índice (2022=100) - 17.2 Fabricação de papel, cartolina e papel-cartão",producao_fisica_grupos__PIMPF - Número-índice (2022=100) - 18.1 Atividade de impressão,producao_fisica_grupos__PIMPF - Número-índice (2022=100) - 19.3 Fabricação de biocombustíveis,producao_fisica_grupos__PIMPF - Variação acumulada em 12 meses (em relação ao período anterior de 12 meses) - 10.1 Abate e fabricação de produtos de carne,producao_fisica_grupos__PIMPF - Variação acumulada em 12 meses (em relação ao período anterior de 12 meses) - 10.2 Preservação do pescado e fabricação de produtos do pescado,"producao_fisica_grupos__PIMPF - Variação acumulada em 12 meses (em relação ao período anterior de 12 meses) - 10.3 Fabricação de conservas de frutas, legumes e outros vegetais","producao_fisica_grupos__PIMPF - Variação acumulada em 12 meses (em relação ao período anterior de 12 meses) - 13.2 Tecelagem, exceto malha",producao_fisica_grupos__PIMPF - Variação acumulada em 12 meses (em relação ao período anterior de 12 meses) - 14.2 Fabricação de artigos de malharia e tricotagem,producao_fisica_grupos__PIMPF - Variação acumulada em 12 meses (em relação ao período anterior de 12 meses) - 15.1 Curtimento e outras preparações de couro,"producao_fisica_grupos__PIMPF - Variação acumulada em 12 meses (em relação ao período anterior de 12 meses) - 17.2 Fabricação de papel, cartolina e papel-cartão",producao_fisica_grupos__PIMPF - Variação acumulada em 12 meses (em relação ao período anterior de 12 meses) - 18.1 Atividade de impressão,producao_fisica_grupos__PIMPF - Variação acumulada em 12 meses (em relação ao período anterior de 12 meses) - 19.3 Fabricação de biocombustíveis,producao_fisica_grupos__PIMPF - Variação acumulada no ano (em relação ao mesmo período do ano anterior) - 10.1 Abate e fabricação de produtos de carne,producao_fisica_grupos__PIMPF - Variação acumulada no ano (em relação ao mesmo período do ano anterior) - 10.2 Preservação do pescado e fabricação de produtos do pescado,"producao_fisica_grupos__PIMPF - Variação acumulada no ano (em relação ao mesmo período do ano anterior) - 10.3 Fabricação de conservas de frutas, legumes e outros vegetais","producao_fisica_grupos__PIMPF - Variação acumulada no ano (em relação ao mesmo período do ano anterior) - 13.2 Tecelagem, exceto malha",producao_fisica_grupos__PIMPF - Variação acumulada no ano (em relação ao mesmo período do ano anterior) - 14.2 Fabricação de artigos de malharia e tricotagem,producao_fisica_grupos__PIMPF - Variação acumulada no ano (em relação ao mesmo período do ano anterior) - 15.1 Curtimento e outras preparações de couro,"producao_fisica_grupos__PIMPF - Variação acumulada no ano (em relação ao mesmo período do ano anterior) - 17.2 Fabricação de papel, cartolina e papel-cartão",producao_fisica_grupos__PIMPF - Variação acumulada no ano (em relação ao mesmo período do ano anterior) - 18.1 Atividade de impressão,producao_fisica_grupos__PIMPF - Variação acumulada no ano (em relação ao mesmo período do ano anterior) - 19.3 Fabricação de biocombustíveis,producao_fisica_grupos__PIMPF - Variação mês/mesmo mês do ano anterior (M/M-12) - 10.1 Abate e fabricação de produtos de carne,producao_fisica_grupos__PIMPF - Variação mês/mesmo mês do ano anterior (M/M-12) - 10.2 Preservação do pescado e fabricação de produtos do pescado,"producao_fisica_grupos__PIMPF - Variação mês/mesmo mês do ano anterior (M/M-12) - 10.3 Fabricação de conservas de frutas, legumes e outros vegetais","producao_fisica_grupos__PIMPF - Variação mês/mesmo mês do ano anterior (M/M-12) - 13.2 Tecelagem, exceto malha",producao_fisica_grupos__PIMPF - Variação mês/mesmo mês do ano anterior (M/M-12) - 14.2 Fabricação de artigos de malharia e tricotagem,producao_fisica_grupos__PIMPF - Variação mês/mesmo mês do ano anterior (M/M-12) - 15.1 Curtimento e outras preparações de couro,"producao_fisica_grupos__PIMPF - Variação mês/mesmo mês do ano anterior (M/M-12) - 17.2 Fabricação de papel, cartolina e papel-cartão",producao_fisica_grupos__PIMPF - Variação mês/mesmo mês do ano anterior (M/M-12) - 18.1 Atividade de impressão,producao_fisica_grupos__PIMPF - Variação mês/mesmo mês do ano anterior (M/M-12) - 19.3 Fabricação de biocombustíveis,servicos_pms__PMS - Número-índice (2022=100) - Índice de volume de serviços - Total,servicos_pms__PMS - Número-índice com ajuste sazonal (2022=100) - Índice de volume de serviços - Total,servicos_pms__PMS - Variação acumulada em 12 meses (em relação ao período anterior de 12 meses) - Índice de volume de serviços - Total,servicos_pms__PMS - Variação acumulada no ano (em relação ao mesmo período do ano anterior) - Índice de volume de serviços - Total,servicos_pms__PMS - Variação mês/mesmo mês do ano anterior (M/M-12) - Índice de volume de serviços - Total,"servicos_pms__PMS - Variação mês/mês imediatamente anterior, com ajuste sazonal (M/M-1) - Índice de volume de serviços - Total"
2002-01-01,,,,,,,,,,,,,,,,,,,,,,,,,,,,,,,,,,,,,,,,,,,,,,,,,,,,,,,,,,,,,,,,,,84.35985,72.33534,85.14812,90.77069,74.88133,91.80819,,,,,,,,,,0.0,0.0,0.0,85.84461,142.75274,85.97044,166.97879,54.77557,210.23552,90.06893,,14.51161,,,,,,,,,,,,,,,,,,,,,,,,,,,,,,,,,
2002-02-01,,,,,,,,,,,,,,,,,,,,,,,,,,,,,,,,,,,,,,,,,,,,,,,,,,,,,,,,,,,,,,,,,,81.23882,68.27858,82.08498,92.78353,76.76448,94.30169,,,,,,,,,,2.2,2.5,2.7,78.17946,125.52942,62.45348,170.1256,61.75247,196.57714,82.34512,,10.91447,,,,,,,,,,,,,,,,,,,,,,,,,,,,,,,,,
2002-03-01,,,,,,,,,,,,,,,,,,,,,,,,,,,,,,,,,,,,,,,,,,,,,,,,,,,,,,,,,,,,,,,,,,90.19468,78.50973,90.9636,92.43206,77.79177,93.28841,,,,,,,,,,-0.4,1.3,-1.1,79.43561,155.9608,52.76069,183.23208,72.21552,215.87137,90.05498,,10.4378,,,,,,,,,,,,,,,,,,,,,,,,,,,,,,,,,
2002-04-01,,,,,,,,,,,,,,,,,,,,,,,,,,,,,,,,,,,,,,,,,,,,,,,,,,,,,,,,,,,,,,,,,,92.75477,77.05576,93.77772,92.60009,77.90561,93.50689,,,,,,,,,,0.2,0.1,0.2,85.15925,152.26254,55.45402,190.2343,76.94453,218.00783,88.15935,,36.09811,,,,,,,,,,,,,,,,,,,,,,,,,,,,,,,,,
2002-05-01,,,,,,,,,,,,,,,,,,,,,,,,,,,,,,,,,,,,,,,,,,,,,,,,,,,,,,,,,,,,,,,,,,93.74586,79.04382,94.70631,92.58055,76.44172,93.42069,,,,,,,,,,0.0,-1.9,-0.1,86.95027,172.23313,59.62023,181.99018,79.5271,216.15979,86.90364,,118.72356,,,,,,,,,,,,,,,,,,,,,,,,,,,,,,,,,
2002-06-01,,,,,,,,,,,,,,,,,,,,,,,,,,,,,,,,,,,,,,,,,,,,,,,,,,,,,,,,,,,,,,,,,,90.30861,78.72606,91.07112,92.81642,78.61607,93.76629,,,,,,,,,,0.3,2.8,0.4,84.53301,132.5385,110.0981,177.83151,72.48321,208.32559,86.90905,,146.48566,,,,,,,,,,,,,,,,,,,,,,,,,,,,,,,,,
2002-07-01,,,,,,,,,,,,,,,,,,,,,,,,,,,,,,,,,,,,,,,,,,,,,,,,,,,,,,,,,,,,,,,,,,97.02905,81.56119,98.03895,93.23444,78.82241,94.12404,,,,,,,,,,0.5,0.3,0.4,92.05244,156.24257,221.19643,188.04901,75.71996,229.06239,84.68656,,153.04954,,,,,,,,,,,,,,,,,,,,,,,,,,,,,,,,,
2002-08-01,,,,,,,,,,,,,,,,,,,,,,,,,,,,,,,,,,,,,,,,,,,,,,,,,,,,,,,,,,,,,,,,,,97.40784,82.0684,98.40978,92.24708,77.6533,93.39324,,,,,,,,,,-1.1,-1.5,-0.8,90.06451,195.51454,251.07446,190.86766,81.80219,223.62413,91.65266,,154.59298,,,,,,,,,,,,,,,,,,,,,,,,,,,,,,,,,
2002-09-01,,,,,,,,,,,,,,,,,,,,,,,,,,,,,,,,,,,,,,,,,,,,,,,,,,,,,,,,,,,,,,,,,,95.68385,77.66715,96.85399,92.76659,77.80059,93.62397,,,,,,,,,,0.6,0.2,0.2,86.95041,127.71316,245.70542,182.0385,76.32568,199.71272,85.1143,,142.09184,,,,,,,,,,,,,,,,,,,,,,,,,,,,,,,,,
2002-10-01,,,,,,,,,,,,,,,,,,,,,,,,,,,,,,,,,,,,,,,,,,,,,,,,,,,,,,,,,,,,,,,,,,103.92059,81.81241,105.35167,93.14386,78.93658,94.04238,,,,,,,,,,0.4,1.5,0.4,92.54197,135.60277,275.51764,213.1035,73.7496,178.20891,92.15076,,141.28301,,,,,,,,,,,,,,,,,,,,,,,,,,,,,,,,,
2002-11-01,,,,,,,,,,,,,,,,,,,,,,,,,,,,,,,,,,,,,,,,,,,,,,,,,,,,,,,,,,,,,,,,,,97.7581,77.63629,99.06174,93.03199,78.71432,93.967,,,,,,,,,,-0.1,-0.3,-0.1,85.76956,132.64417,234.50691,207.01557,66.48561,171.7597,85.64348,,73.17902,,,,,,,,,,,,,,,,,,,,,,,,,,,,,,,,,
2002-12-01,,,,,,,,,,,,,,,,,,,,,,,,,,,,,,,,,,,,,,,,,,,,,,,,,,,,,,,,,,,,,,,,,,86.94687,74.07857,87.78926,92.78292,75.85775,93.86935,,,,,,,,,,-0.3,-3.6,-0.1,83.49295,86.04612,171.95694,165.24522,42.52938,167.70157,89.95774,,34.00227,,,,,,,,,,,,,,,,,,,,,,,,,,,,,,,,,
2003-01-01,,,,,,,,,,,,,,,,,,,,,,,,,,,,,,,,,,,,,,,,,,,,,,,,,,,,,,,,,,,,,,,,,,86.21006,79.43513,86.66795,93.06762,81.81102,93.68679,,,,2.2,9.8,1.8,2.2,9.8,1.8,0.3,7.8,-0.2,88.29657,81.39689,110.75741,168.99708,53.23385,174.6893,91.66309,,21.65291,,,,,,,,,,2.9,-43.0,28.8,1.2,-2.8,-16.9,1.8,,49.2,2.9,-43.0,28.8,1.2,-2.8,-16.9,1.8,,49.2,,,,,,
2003-02-01,,,,,,,,,,,,,,,,,,,,,,,,,,,,,,,,,,,,,,,,,,,,,,,,,,,,,,,,,,,,,,,,,,83.64805,73.60926,84.31084,92.66131,82.271,93.43298,,,,2.6,8.8,2.2,3.0,7.8,2.7,-0.4,0.6,-0.3,83.12403,122.28905,72.99411,169.3415,69.86938,160.6228,83.39351,,10.11952,,,,,,,,,,4.5,-24.1,23.8,0.4,5.6,-17.6,1.5,,25.0,6.3,-2.6,16.9,-0.5,13.1,-18.3,1.3,,-7.3,,,,,,
2003-03-01,,,,,,,,,,,,,,,,,,,,,,,,,,,,,,,,,,,,,,,,,,,,,,,,,,,,,,,,,,,,,,,,,,90.21116,83.28259,90.68017,92.43346,81.89892,93.38984,,,,1.7,7.9,1.3,0.0,6.1,-0.3,-0.2,-0.5,0.0,85.15574,147.33153,54.10583,183.45464,59.65158,176.11137,93.6797,,4.64779,,,,,,,,,,5.4,-17.3,18.2,0.3,-3.2,-17.9,2.4,,1.6,7.2,-5.5,2.5,0.1,-17.4,-18.4,4.0,,-55.5,,,,,,
2003-04-01,,,,,,,,,,,,,,,,,,,,,,,,,,,,,,,,,,,,,,,,,,,,,,,,,,,,,,,,,,,,,,,,,,89.17615,80.03548,89.78428,92.31059,81.45225,92.98445,,,,0.2,6.8,-0.2,-3.9,3.9,-4.3,-0.1,-0.5,-0.4,82.96663,164.27307,54.69991,173.24699,65.38096,178.17125,93.08197,,57.24057,,,,,,,,,,3.3,-10.6,14.0,-2.2,-6.6,-18.0,3.2,,30.2,-2.6,7.9,-1.4,-8.9,-15.0,-18.3,5.6,,58.6,,,,,,
2003-05-01,,,,,,,,,,,,,,,,,,,,,,,,,,,,,,,,,,,,,,,,,,,,,,,,,,,,,,,,,,,,,,,,,,92.85332,84.70589,93.40012,90.90866,81.27953,91.54902,,,,0.0,6.9,-0.4,-1.0,7.2,-1.4,-1.5,-0.2,-1.5,88.44475,125.10677,57.87322,173.80175,73.09687,179.04801,91.70971,,117.33742,,,,,,,,,,3.0,-14.5,10.8,-2.7,-6.9,-17.8,3.7,,10.7,1.7,-27.4,-2.9,-4.5,-8.1,-17.2,5.5,,-1.2,,,,,,
2003-06-01,,,,,,,,,,,,,,,,,,,,,,,,,,,,,,,,,,,,,,,,,,,,,,,,,,,,,,,,,,,,,,,,,,88.90555,76.78432,89.70153,91.43901,76.72827,92.31123,,,,-0.3,5.3,-0.6,-1.6,-2.5,-1.5,0.6,-5.6,0.8,81.47827,187.9067,72.1675,168.1036,73.28713,156.71266,94.74989,,147.59435,,,,,,,,,,1.9,-6.0,-0.9,-3.1,-5.5,-19.0,4.5,,6.4,-3.6,41.8,-34.5,-5.5,1.1,-24.8,9.0,,0.8,,,,,,
2003-07-01,,,,,,,,,,,,,,,,,,,,,,,,,,,,,,,,,,,,,,,,,,,,,,,,,,,,,,,,,,,,,,,,,,94.79223,81.74418,95.64875,90.62373,79.47659,91.3442,,,,-0.6,4.5,-0.9,-2.3,0.2,-2.4,-0.9,3.6,-1.0,86.0868,120.49275,145.89304,176.73289,77.19384,153.79892,96.96909,,162.26426,,,,,,,,,,0.6,-8.6,-12.2,-3.6,-4.4,-21.1,5.9,,6.2,-6.5,-22.9,-34.0,-6.0,1.9,-32.9,14.5,,6.0,,,,,,
2003-08-01,,,,,,,,,,,,,,,,,,,,,,,,,,,,,,,,,,,,,,,,,,,,,,,,,,,,,,,,,,,,,,,,,,95.13301,84.92759,95.8104,91.79164,81.84292,92.51485,,,,-0.8,4.4,-1.1,-2.3,3.5,-2.6,1.3,3.0,1.3,81.70169,139.37147,186.71361,180.6017,73.66101,164.19829,96.17206,,164.26686,,,,,,,,,,-0.7,-11.7,-16.0,-3.8,-5.2,-21.8,5.8,,6.3,-9.3,-28.7,-25.6,-5.4,-10.0,-26.6,4.9,,6.3,,,,,,
2003-09-01,,,,,,,,,,,,,,,,,,,,,,,,,,,,,,,,,,,,,,,,,,,,,,,,,,,,,,,,,,,,,,,,,,99.81096,82.20294,100.95681,94.59381,81.68832,95.38732,,,,-0.2,4.5,-0.5,4.3,5.8,4.2,3.1,-0.2,3.1,85.98708,178.64345,179.52839,184.57515,75.81307,164.31987,91.16379,,169.12277,,,,,,,,,,-0.8,-6.9,-18.3,-3.2,-4.7,-21.4,5.9,,8.6,-1.1,39.9,-26.9,1.4,-0.7,-17.7,7.1,,19.0,,,,,,
2003-10-01,,,,,,,,,,,,,,,,,,,,,,,,,,,,,,,,,,,,,,,,,,,,,,,,,,,,,,,,,,,,,,,,,,104.87061,84.56642,106.18827,95.00593,81.38513,95.80105,,,,-0.1,4.4,-0.3,0.9,3.4,0.8,0.4,-0.4,0.4,91.62074,146.69755,216.45102,198.3622,81.80509,171.58203,94.41916,,164.18774,,,,,,,,,,-0.8,-5.5,-18.9,-3.6,-3.1,-19.9,5.6,,9.7,-1.0,8.2,-21.4,-6.9,10.9,-3.7,2.5,,16.2,,,,,,
2003-11-01,,,,,,,,,,,,,,,,,,,,,,,,,,,,,,,,,,,,,,,,,,,,,,,,,,,,,,,,,,,,,,,,,,98.57643,80.71531,99.7378,95.93339,82.46613,96.91832,,,,0.0,4.4,-0.2,0.8,4.0,0.7,1.0,1.3,1.2,82.51809,71.78142,203.04948,187.48926,72.07242,163.64238,93.09814,,86.69639,,,,,,,,,,-1.1,-8.8,-18.1,-4.2,-2.1,-18.7,5.9,,10.4,-3.8,-45.9,-13.4,-9.4,8.4,-4.7,8.7,,18.5,,,,,,
2003-12-01,,,,,,,,,,,,,,,,,,,,,,,,,,,,,,,,,,,,,,,,,,,,,,,,,,,,,,,,,,,,,,,,,,90.74434,81.65883,91.34955,94.6646,81.85831,95.47988,0.3,4.8,0.1,0.3,4.8,0.1,4.4,10.2,4.1,-1.3,-0.7,-1.5,81.95138,105.94627,174.8605,147.48126,44.23533,155.02406,94.73432,,35.28607,-1.1,-7.2,-16.3,-4.7,-1.8,-18.0,5.8,,10.1,-1.1,-7.2,-16.3,-4.7,-1.8,-18.0,5.8,,10.1,-1.8,23.1,1.7,-10.8,4.0,-7.6,5.3,,3.8,,,,,,
2004-01-01,,,,,,,,,,,,,,,,,,,,,,,,,,,,,,,,,,,,,,,,,,,,,,,,,,,,,,,,,,,,,,,,,,89.48491,79.37047,90.15456,96.36141,81.03457,97.47119,0.4,4.0,0.3,3.8,-0.1,4.0,3.8,-0.1,4.0,1.8,-1.0,2.1,85.07831,160.36349,143.45432,166.27641,59.00509,165.88575,100.02844,,17.47932,-1.7,1.0,-15.6,-4.9,-0.9,-17.1,6.4,,9.0,-3.6,97.0,29.5,-1.6,10.8,-5.0,9.1,,-19.3,-3.6,97.0,29.5,-1.6,10.8,-5.0,9.1,,-19.3,,,,,,
2004-02-01,,,,,,,,,,,,,,,,,,,,,,,,,,,,,,,,,,,,,,,,,,,,,,,,,,,,,,,,,,,,,,,,,,86.27226,76.81952,86.89904,97.85333,82.60776,98.82318,0.5,3.8,0.3,3.5,2.1,3.6,3.1,4.4,3.1,1.5,1.9,1.4,82.61093,152.10333,92.97362,165.76868,57.89241,152.67841,93.07239,,13.04778,-2.2,3.0,-15.0,-5.1,-3.3,-16.2,7.3,,9.4,-2.2,53.4,28.7,-1.9,-5.0,-5.0,10.3,,-3.9,-0.6,24.4,27.4,-2.1,-17.1,-4.9,11.6,,28.9,,,,,,
2004-03-01,,,,,,,,,,,,,,,,,,,,,,,,,,,,,,,,,,,,,,,,,,,,,,,,,,,,,,,,,,,,,,,,,,101.29663,82.81256,102.49825,98.49975,81.61212,99.36291,1.5,3.2,1.4,6.5,1.1,6.8,12.3,-0.6,13.0,0.7,-1.2,0.5,94.25057,179.26724,76.89993,192.83201,68.38496,190.78896,98.10312,,10.6155,-1.9,5.5,-13.9,-4.6,-0.8,-14.1,7.3,,10.5,2.1,40.1,31.7,0.6,1.4,-0.4,8.4,,13.0,10.7,21.7,42.1,5.1,14.6,8.3,4.7,,128.4,,,,,,
2004-04-01,,,,,,,,,,,,,,,,,,,,,,,,,,,,,,,,,,,,,,,,,,,,,,,,,,,,,,,,,,,,,,,,,,95.78715,80.75444,96.76917,99.23895,82.30332,100.37382,2.4,3.0,2.4,6.8,1.1,7.1,7.4,0.9,7.8,0.8,0.8,1.0,88.28772,156.45174,57.84561,177.72436,74.69681,179.44345,94.83006,,24.36986,-1.1,4.3,-13.7,-3.7,1.8,-12.6,7.0,,5.2,3.1,25.8,26.9,1.1,4.8,-0.1,6.7,,-30.1,6.4,-4.8,5.8,2.6,14.2,0.7,1.9,,-57.4,,,,,,
2004-05-01,,,,,,,,,,,,,,,,,,,,,,,,,,,,,,,,,,,,,,,,,,,,,,,,,,,,,,,,,,,,,,,,,,100.60552,82.97995,101.75276,100.11218,79.4402,101.38418,3.2,2.2,3.2,7.1,0.4,7.5,8.3,-2.0,8.9,0.9,-3.5,1.0,94.49566,156.43355,70.50025,190.91742,80.95743,185.29766,99.89698,,82.617,-0.7,9.3,-12.9,-2.6,3.5,-10.8,7.3,,2.1,3.9,25.6,26.0,2.8,6.1,0.6,7.1,,-29.8,6.8,25.0,21.8,9.8,10.8,3.5,8.9,,-29.6,,,,,,
2004-06-01,,,,,,,,,,,,,,,,,,,,,,,,,,,,,,,,,,,,,,,,,,,,,,,,,,,,,,,,,,,,,,,,,,100.36502,84.05209,101.4294,100.50901,83.98712,101.47921,4.3,3.1,4.4,8.1,1.9,8.4,12.9,9.5,13.1,0.4,5.7,0.1,96.50797,139.74948,93.2706,198.48895,98.57015,183.57193,96.97213,,125.22534,1.0,2.7,-9.9,-0.7,6.6,-7.5,6.7,,-0.2,6.2,14.0,26.6,5.3,11.4,3.2,6.3,,-23.8,18.4,-25.6,29.2,18.1,34.5,17.1,2.3,,-15.2,,,,,,
2004-07-01,,,,,,,,,,,,,,,,,,,,,,,,,,,,,,,,,,,,,,,,,,,,,,,,,,,,,,,,,,,,,,,,,,104.98271,87.80299,106.1034,101.19907,84.44698,102.4051,5.5,3.8,5.5,8.5,2.7,8.8,10.8,7.4,10.9,0.7,0.5,0.9,97.30529,139.03991,174.26777,211.78977,92.89532,186.75423,102.62904,,144.96912,2.7,6.1,-4.4,1.4,8.3,-2.7,6.0,,-2.6,7.2,14.2,24.8,7.4,12.9,5.5,6.2,,-19.7,13.0,15.4,19.4,19.8,20.3,21.4,5.8,,-10.7,,,,,,
2004-08-01,,,,,,,,,,,,,,,,,,,,,,,,,,,,,,,,,,,,,,,,,,,,,,,,,,,,,,,,,,,,,,,,,,107.37683,91.35267,108.4255,102.23477,88.61236,103.15362,6.8,4.1,6.9,9.0,3.3,9.4,12.9,7.6,13.2,1.0,4.9,0.7,96.96922,146.24481,196.88878,218.75514,82.85466,189.45351,101.61226,,174.18398,5.0,10.4,-0.2,3.6,10.5,1.3,6.1,,-2.6,8.6,13.0,20.0,9.2,12.8,6.7,6.2,,-13.5,18.7,4.9,5.4,21.1,12.5,15.4,5.7,,6.0,,,,,,
2004-09-01,,,,,,,,,,,,,,,,,,,,,,,,,,,,,,,,,,,,,,,,,,,,,,,,,,,,,,,,,,,,,,,,,,107.36306,87.43,108.65821,102.71669,86.69054,103.80373,7.1,4.2,7.2,8.9,3.7,9.2,7.6,6.4,7.6,0.5,-2.2,0.6,95.74474,155.86953,208.54134,213.14743,84.61493,175.33533,101.29893,,187.66126,6.1,5.5,5.7,4.8,11.7,3.7,6.4,,-3.3,8.9,9.4,19.2,9.9,12.7,6.7,6.7,,-8.7,11.3,-12.7,16.2,15.5,11.6,6.7,11.1,,11.0,,,,,,
2004-10-01,,,,,,,,,,,,,,,,,,,,,,,,,,,,,,,,,,,,,,,,,,,,,,,,,,,,,,,,,,,,,,,,,,108.93971,89.89885,110.17916,102.10512,87.4184,103.09881,7.3,4.4,7.5,8.3,3.9,8.5,3.9,6.3,3.8,-0.6,0.8,-0.7,95.09765,142.24209,205.48225,223.87939,77.69771,176.843,104.84681,,170.02139,6.5,4.5,9.0,6.7,10.1,4.3,7.1,,-4.7,8.4,8.1,14.7,10.3,10.6,6.4,7.2,,-6.7,3.8,-3.0,-5.1,12.9,-5.0,3.1,11.0,,3.6,,,,,,
2004-11-01,,,,,,,,,,,,,,,,,,,,,,,,,,,,,,,,,,,,,,,,,,,,,,,,,,,,,,,,,,,,,,,,,,106.96965,85.5991,108.35531,102.063,86.75253,103.09354,8.0,4.6,8.2,8.3,4.1,8.6,8.5,6.1,8.6,0.0,-0.8,0.0,91.97288,128.7602,201.31196,209.38711,74.38051,178.196,99.2999,,155.79178,7.8,12.2,11.1,8.8,9.6,5.4,7.0,,0.2,8.6,11.5,12.3,10.4,9.9,6.6,7.1,,0.1,11.5,79.4,-0.9,11.7,3.2,8.9,6.7,,79.7,,,,,,
2004-12-01,,,,,,,,,,,,,,,,,,,,,,,,,,,,,,,,,,,,,,,,,,,,,,,,,,,,,,,,,,,,,,,,,,98.73418,87.14522,99.50009,102.77407,87.27189,103.70617,8.4,4.3,8.6,8.4,4.3,8.6,8.8,6.7,8.9,0.7,0.6,0.6,94.21047,107.10913,176.13285,159.10406,51.09094,164.32276,103.70621,,84.34934,9.1,10.8,11.0,10.2,10.2,6.5,7.3,,4.4,9.1,10.8,11.0,10.2,10.2,6.5,7.3,,4.4,15.0,1.1,0.7,7.9,15.5,6.0,9.5,,139.0,,,,,,
2005-01-01,,,,,,,,,,,,,,,,,,,,,,,,,,,,,,,,,,,,,,,,,,,,,,,,,,,,,,,,,,,,,,,,,,94.43859,85.23454,95.05259,103.23662,86.79063,104.39859,8.5,5.0,8.7,5.5,7.4,5.4,5.5,7.4,5.4,0.5,-0.6,0.7,93.53048,136.03787,127.34092,167.58802,52.19547,170.66433,101.70418,,30.0124,10.3,4.1,7.7,10.4,8.6,7.3,6.7,,5.9,9.9,-15.2,-11.2,0.8,-11.5,2.9,1.7,,71.7,9.9,-15.2,-11.2,0.8,-11.5,2.9,1.7,,71.7,,,,,,
2005-02-01,,,,,,,,,,,,,,,,,,,,,,,,,,,,,,,,,,,,,,,,,,,,,,,,,,,,,,,,,,,,,,,,,,89.01654,78.03375,89.74077,101.85234,87.9332,102.90155,8.5,4.7,8.7,4.4,4.5,4.4,3.2,1.6,3.3,-1.3,1.3,-1.4,86.78473,126.21302,82.46987,179.90821,62.13212,150.00676,94.99124,,17.17499,10.8,0.8,5.6,11.3,10.7,7.5,5.9,,6.0,7.5,-16.1,-11.3,4.7,-2.2,0.7,1.9,,54.6,5.1,-17.0,-11.3,8.5,7.3,-1.7,2.1,,31.6,,,,,,
2005-03-01,,,,,,,,,,,,,,,,,,,,,,,,,,,,,,,,,,,,,,,,,,,,,,,,,,,,,,,,,,,,,,,,,,102.59731,88.30164,103.53528,102.82114,88.06293,103.78781,7.5,5.4,7.6,3.2,5.3,3.1,1.3,6.6,1.0,1.0,0.1,0.9,97.23597,158.52588,83.47202,195.69741,78.3492,171.5045,102.68533,,7.83367,10.1,-2.3,4.5,10.9,10.8,5.8,5.9,,5.2,6.0,-14.4,-6.4,3.5,4.0,-3.4,2.8,,33.7,3.2,-11.6,8.5,1.5,14.6,-10.1,4.7,,-26.2,,,,,,
2005-04-01,,,,,,,,,,,,,,,,,,,,,,,,,,,,,,,,,,,,,,,,,,,,,,,,,,,,,,,,,,,,,,,,,,101.36217,91.88625,101.99578,102.86374,93.29713,103.47847,7.4,6.4,7.5,3.9,7.4,3.7,5.8,13.8,5.4,0.0,5.9,-0.3,94.48024,128.35993,68.53163,196.6394,86.31462,175.51152,101.33001,,46.72678,10.1,-3.5,5.0,11.6,10.9,5.5,6.3,,10.3,6.2,-15.3,-2.5,5.3,7.3,-3.1,3.8,,55.3,7.0,-18.0,18.5,10.6,15.6,-2.2,6.9,,91.7,,,,,,
2005-05-01,,,,,,,,,,,,,,,,,,,,,,,,,,,,,,,,,,,,,,,,,,,,,,,,,,,,,,,,,,,,,,,,,,106.16136,97.40822,106.7511,106.41293,94.81151,107.03657,7.2,8.1,7.1,4.3,9.5,4.0,5.5,17.4,4.9,3.5,1.6,3.4,97.11484,124.28443,62.98773,201.07419,88.84187,174.23855,104.95652,,134.38825,9.7,-7.0,3.7,11.2,10.8,4.6,6.0,,18.6,5.5,-16.3,-3.8,5.3,7.9,-3.7,4.1,,59.4,2.8,-20.6,-10.7,5.3,9.7,-6.0,5.1,,62.7,,,,,,
2005-06-01,,,,,,,,,,,,,,,,,,,,,,,,,,,,,,,,,,,,,,,,,,,,,,,,,,,,,,,,,,,,,,,,,,106.49943,96.92843,107.14086,104.17895,96.58223,104.6503,6.6,8.6,6.5,4.6,10.5,4.3,6.1,15.3,5.6,-2.1,1.9,-2.2,100.87158,157.57978,98.22798,205.81044,90.76706,195.18965,98.97884,,149.70466,8.6,-3.3,2.7,9.9,6.7,3.8,6.0,,23.5,5.3,-12.0,-2.2,5.0,4.3,-1.9,3.7,,41.2,4.5,12.8,5.3,3.7,-7.9,6.3,2.1,,19.5,,,,,,
2005-07-01,,,,,,,,,,,,,,,,,,,,,,,,,,,,,,,,,,,,,,,,,,,,,,,,,,,,,,,,,,,,,,,,,,105.46883,97.39026,106.01579,103.57674,94.67668,104.09002,5.7,8.9,5.6,3.9,10.5,3.6,0.5,10.9,-0.1,-0.6,-2.0,-0.5,97.20771,159.30823,142.2022,207.04507,85.40535,190.75415,107.51649,,163.91941,7.4,-3.2,-1.0,8.0,3.9,2.4,5.9,,27.4,4.5,-8.6,-6.2,3.8,2.2,-1.3,3.9,,31.4,-0.1,14.6,-18.4,-2.2,-8.1,2.1,4.8,,13.1,,,,,,
2005-08-01,,,,,,,,,,,,,,,,,,,,,,,,,,,,,,,,,,,,,,,,,,,,,,,,,,,,,,,,,,,,,,,,,,111.39355,98.49883,112.24631,103.69365,94.25723,104.29214,5.0,8.9,4.8,3.9,10.2,3.6,3.7,7.8,3.5,0.1,-0.4,0.2,101.97866,160.72737,190.64551,214.4612,88.56932,187.67328,104.42301,,182.0742,6.4,-2.8,-1.9,5.9,3.5,1.0,5.6,,26.9,4.6,-6.4,-5.5,3.0,2.8,-1.3,3.7,,23.5,5.2,9.9,-3.2,-2.0,6.9,-0.9,2.8,,4.5,,,,,,
2005-09-01,,,,,,,,,,,,,,,,,,,,,,,,,,,,,,,,,,,,,,,,,,,,,,,,,,,,,,,,,,,,,,,,,,107.22933,96.69902,107.93151,102.95444,96.61128,103.55038,4.3,9.3,4.0,3.4,10.2,3.1,-0.1,10.6,-0.7,-0.7,2.5,-0.7,96.3291,156.68826,198.79439,202.64896,81.32232,176.09576,102.23123,,165.03849,5.5,-1.4,-4.2,4.2,2.1,0.5,4.8,,22.6,4.1,-5.6,-5.4,2.0,2.0,-1.1,3.4,,15.0,0.6,0.5,-4.7,-4.9,-3.9,0.4,0.9,,-12.1,,,,,,
2005-10-01,,,,,,,,,,,,,,,,,,,,,,,,,,,,,,,,,,,,,,,,,,,,,,,,,,,,,,,,,,,,,,,,,,109.21963,99.62757,109.86336,102.53807,96.30598,103.11775,4.0,9.7,3.7,3.1,10.3,2.7,0.3,10.8,-0.3,-0.4,-0.3,-0.4,91.09702,175.9377,199.27307,207.26643,71.76447,185.40348,104.48478,,167.90234,4.8,0.8,-3.9,2.3,1.9,0.7,3.8,,21.7,3.3,-2.9,-5.0,0.9,1.0,-0.5,3.0,,12.1,-4.2,23.7,-3.0,-7.4,-7.6,4.8,-0.3,,-1.2,,,,,,
2005-11-01,,,,,,,,,,,,,,,,,,,,,,,,,,,,,,,,,,,,,,,,,,,,,,,,,,,,,,,,,,,,,,,,,,107.68567,94.63481,108.54696,103.45262,96.02705,103.86775,3.3,10.0,2.9,2.9,10.3,2.5,0.7,10.6,0.2,0.9,-0.3,0.7,93.90779,175.91951,188.81183,204.9937,68.73437,191.69447,102.30314,,117.1254,4.0,0.2,-4.6,1.1,1.0,0.7,3.5,,11.0,3.2,0.2,-5.2,0.7,0.3,0.2,3.0,,6.9,2.1,36.6,-6.2,-2.1,-7.6,7.6,3.0,,-24.8,,,,,,
2005-12-01,,,,,,,,,,,,,,,,,,,,,,,,,,,,,,,,,,,,,,,,,,,,,,,,,,,,,,,,,,,,,,,,,,100.94034,95.51433,101.31841,105.19313,94.47432,106.03334,2.8,10.2,2.4,2.8,10.2,2.4,2.2,9.6,1.8,1.7,-1.6,2.1,96.4983,156.85201,154.09532,167.27057,54.95831,178.44375,104.95458,,44.96542,3.1,3.0,-5.9,1.0,0.7,0.9,2.9,,3.1,3.1,3.0,-5.9,1.0,0.7,0.9,2.9,,3.1,2.4,46.4,-12.5,5.1,7.6,8.6,1.2,,-46.7,,,,,,
2006-01-01,,,,,,,,,,,,,,,,,,,,,,,,,,,,,,,,,,,,,,,,,,,,,,,,,,,,,,,,,,,,,,,,,,97.48057,97.09017,97.53989,105.61249,99.68379,105.95037,2.6,10.8,2.2,3.2,13.9,2.6,3.2,13.9,2.6,0.4,5.5,-0.1,96.8106,215.92851,90.16477,182.30225,48.90118,178.49045,104.30402,,21.37911,2.6,9.0,-7.2,1.5,1.1,1.0,2.9,,1.3,3.5,58.7,-29.2,8.8,-6.3,4.6,2.6,,-28.8,3.5,58.7,-29.2,8.8,-6.3,4.6,2.6,,-28.8,,,,,,
2006-02-01,,,,,,,,,,,,,,,,,,,,,,,,,,,,,,,,,,,,,,,,,,,,,,,,,,,,,,,,,,,,,,,,,,93.46685,88.10328,93.83834,106.45377,98.56211,107.06161,2.8,11.6,2.3,4.1,13.4,3.6,5.0,12.9,4.6,0.8,-1.1,1.0,86.92283,168.751,86.64554,187.53504,66.99001,160.49423,96.71061,,8.14038,2.2,13.2,-6.4,1.2,1.2,1.6,2.9,,0.2,1.9,46.7,-15.7,6.4,1.4,5.7,2.2,,-37.4,0.2,33.7,5.1,4.2,7.8,7.0,1.8,,-52.6,,,,,,
2006-03-01,,,,,,,,,,,,,,,,,,,,,,,,,,,,,,,,,,,,,,,,,,,,,,,,,,,,,,,,,,,,,,,,,,107.67339,99.84122,108.20559,105.85743,99.8222,106.07783,3.1,12.2,2.6,4.4,13.3,3.9,4.9,13.1,4.5,-0.6,1.3,-0.9,101.73368,285.73957,81.55013,212.04577,81.66538,195.39431,108.03028,,6.45361,2.4,22.1,-6.9,1.8,0.4,3.7,3.0,,0.3,2.9,59.3,-11.9,7.1,2.5,8.6,3.2,,-34.6,4.6,80.2,-2.3,8.4,4.2,13.9,5.2,,-17.6,,,,,,
2006-04-01,,,,,,,,,,,,,,,,,,,,,,,,,,,,,,,,,,,,,,,,,,,,,,,,,,,,,,,,,,,,,,,,,,99.8282,96.31572,100.08522,106.3191,99.18242,106.90961,2.5,11.4,2.0,2.8,11.0,2.4,-1.5,4.8,-1.9,0.4,-0.6,0.8,81.18287,259.23065,65.7633,194.40659,82.57101,162.36785,105.09807,,56.65434,0.6,32.0,-7.6,0.9,-1.3,3.3,2.7,,-0.7,-1.4,69.3,-10.4,4.9,0.4,4.4,3.4,,-9.0,-14.1,102.0,-4.0,-1.1,-4.3,-7.5,3.7,,21.2,,,,,,
2006-05-01,,,,,,,,,,,,,,,,,,,,,,,,,,,,,,,,,,,,,,,,,,,,,,,,,,,,,,,,,,,,,,,,,,111.1146,103.91566,111.60809,107.12477,100.49741,107.37246,2.4,10.5,2.0,3.2,10.1,2.9,4.7,6.7,4.5,0.8,1.3,0.4,95.61916,254.37281,68.49294,211.34139,90.27659,202.62505,107.00647,,146.3359,0.3,42.5,-6.9,0.9,-1.9,5.2,2.5,,-3.8,-1.5,75.8,-7.6,5.0,0.7,6.8,3.1,,1.2,-1.5,104.7,8.7,5.1,1.6,16.3,2.0,,8.9,,,,,,
2006-06-01,,,,,,,,,,,,,,,,,,,,,,,,,,,,,,,,,,,,,,,,,,,,,,,,,,,,,,,,,,,,,,,,,,106.1607,97.92285,106.71794,105.71898,97.71277,106.24413,1.9,9.2,1.5,2.6,8.4,2.3,-0.3,1.0,-0.4,-1.3,-2.8,-1.1,93.76518,201.71886,105.21097,196.82592,91.73803,201.02809,97.47609,,170.71061,-0.7,43.7,-6.8,0.2,-1.0,4.9,2.2,,-4.0,-2.5,66.8,-4.8,3.3,0.8,6.1,2.3,,6.2,-7.0,28.0,7.1,-4.4,1.1,3.0,-1.5,,14.0,,,,,,
2006-07-01,,,,,,,,,,,,,,,,,,,,,,,,,,,,,,,,,,,,,,,,,,,,,,,,,,,,,,,,,,,,,,,,,,109.25591,103.84325,109.63611,106.56908,99.27815,107.12071,2.1,8.9,1.8,2.8,8.2,2.4,3.6,6.6,3.4,0.8,1.6,0.8,96.68834,215.67379,180.17759,210.91943,89.08395,190.33274,106.55182,,183.90259,-0.8,45.3,-2.7,0.6,0.2,4.6,1.7,,-3.9,-2.2,61.7,1.9,3.1,1.3,5.1,1.8,,8.0,-0.5,35.4,26.7,1.9,4.3,-0.2,-0.9,,12.2,,,,,,
2006-08-01,,,,,,,,,,,,,,,,,,,,,,,,,,,,,,,,,,,,,,,,,,,,,,,,,,,,,,,,,,,,,,,,,,114.86336,104.00713,115.58881,106.39228,100.0618,106.84317,2.1,8.7,1.7,2.8,7.8,2.5,3.1,5.6,3.0,-0.2,0.8,-0.3,100.11416,234.0681,214.93841,218.35894,86.02605,203.32263,108.65625,,192.53513,-1.4,48.4,-0.8,0.9,-0.7,5.5,1.8,,-3.6,-2.1,59.5,4.3,2.9,0.7,5.5,2.1,,7.4,-1.8,45.6,12.7,1.8,-2.9,8.3,4.1,,5.7,,,,,,
2006-09-01,,,,,,,,,,,,,,,,,,,,,,,,,,,,,,,,,,,,,,,,,,,,,,,,,,,,,,,,,,,,,,,,,,108.65657,101.47888,109.14785,105.16715,100.76521,105.90984,2.2,8.2,1.9,2.6,7.5,2.4,1.3,4.9,1.1,-1.2,0.7,-0.9,93.80643,218.73041,207.60307,206.08469,84.56022,193.34291,106.48418,,183.80813,-1.6,52.0,0.3,1.5,0.0,6.3,2.1,,-0.5,-2.2,57.1,4.3,2.8,1.1,6.0,2.3,,8.1,-2.6,39.6,4.4,1.7,4.0,9.8,4.2,,11.4,,,,,,
2006-10-01,,,,,,,,,,,,,,,,,,,,,,,,,,,,,,,,,,,,,,,,,,,,,,,,,,,,,,,,,,,,,,,,,,113.57487,104.45498,114.19037,106.23799,102.90108,106.36739,2.6,7.7,2.3,2.8,7.2,2.5,4.0,4.8,3.9,1.0,2.1,0.4,99.32739,160.78195,206.93417,212.19959,86.47433,195.86375,112.02066,,166.95392,-0.6,48.2,1.2,2.5,2.3,6.3,2.7,,-0.5,-1.1,49.3,4.3,2.7,2.9,6.0,2.8,,6.8,9.0,-8.6,3.8,2.4,20.5,5.6,7.2,,-0.6,,,,,,
2006-11-01,,,,,,,,,,,,,,,,,,,,,,,,,,,,,,,,,,,,,,,,,,,,,,,,,,,,,,,,,,,,,,,,,,111.69618,103.03579,112.28204,107.54837,103.73596,107.85966,2.8,7.5,2.6,2.9,7.4,2.6,3.7,8.9,3.4,1.2,0.8,1.4,94.69755,160.19974,199.47662,198.04418,86.855,198.35494,107.54462,,125.53407,-0.7,43.3,2.6,2.4,4.9,6.0,2.9,,3.2,-0.9,43.1,4.4,2.1,4.8,5.7,3.0,,6.8,0.8,-8.9,5.6,-3.4,26.4,3.5,5.1,,7.2,,,,,,
2006-12-01,,,,,,,,,,,,,,,,,,,,,,,,,,,,,,,,,,,,,,,,,,,,,,,,,,,,,,,,,,,,,,,,,,101.34553,103.15233,101.26767,108.2346,102.79045,108.52989,2.7,7.4,2.4,2.7,7.4,2.4,0.4,8.0,-0.1,0.6,-0.9,0.6,95.61558,127.5048,168.22969,149.59335,61.46325,183.10299,109.23727,,45.37789,-0.9,37.8,4.9,1.2,5.2,5.5,3.1,,6.6,-0.9,37.8,4.9,1.2,5.2,5.5,3.1,,6.6,-0.9,-18.7,9.2,-10.6,11.8,2.6,4.1,,0.9,,,,,,
2007-01-01,,,,,,,,,,,,,,,,,,,,,,,,,,,,,,,,,,,,,,,,,,,,,,,,,,,,,,,,,,,,,,,,,,101.38564,102.13743,101.37432,108.05449,102.9493,108.30993,2.7,6.7,2.5,4.0,5.2,3.9,4.0,5.2,3.9,-0.2,0.2,-0.2,102.80476,158.1438,139.16281,176.28448,59.7657,206.20168,107.45412,,21.01594,-0.7,28.9,10.5,0.4,6.8,6.4,3.2,,7.3,6.2,-26.8,54.3,-3.3,22.2,15.5,3.0,,-1.7,6.2,-26.8,54.3,-3.3,22.2,15.5,3.0,,-1.7,,,,,,
2007-02-01,,,,,,,,,,,,,,,,,,,,,,,,,,,,,,,,,,,,,,,,,,,,,,,,,,,,,,,,,,,,,,,,,,96.22568,93.64766,96.4225,109.36942,104.45294,109.77288,2.6,6.3,2.4,3.5,5.7,3.4,3.0,6.3,2.8,1.2,1.5,1.4,94.29457,174.91883,111.10285,185.11928,67.96382,188.63239,99.73655,,12.23729,-0.1,26.4,11.8,-0.1,6.3,7.2,3.3,,8.5,7.3,-13.4,41.5,-2.3,10.2,16.5,3.1,,12.6,8.5,3.7,28.2,-1.3,1.5,17.5,3.1,,50.3,,,,,,
2007-03-01,,,,,,,,,,,,,,,,,,,,,,,,,,,,,,,,,,,,,,,,,,,,,,,,,,,,,,,,,,,,,,,,,,112.38721,105.43052,112.86589,110.78948,105.07731,111.24903,2.5,5.7,2.4,3.8,5.7,3.7,4.4,5.6,4.3,1.3,0.6,1.3,108.19447,211.56191,85.86526,210.70133,83.48081,205.38854,110.33834,,9.27516,0.1,15.0,12.2,-0.8,6.1,6.4,3.0,,8.8,6.9,-18.8,30.1,-1.7,6.9,12.3,2.7,,18.2,6.4,-26.0,5.3,-0.6,2.2,5.1,2.1,,43.7,,,,,,
2007-04-01,,,,,,,,,,,,,,,,,,,,,,,,,,,,,,,,,,,,,,,,,,,,,,,,,,,,,,,,,,,,,,,,,,105.592,101.65515,105.87783,111.93546,105.32631,112.34263,3.1,5.8,3.0,4.3,5.6,4.2,5.8,5.5,5.8,1.0,0.2,1.0,98.16076,174.44578,72.39373,196.15473,82.24664,175.87796,107.80744,,56.99243,2.8,4.3,12.9,-0.6,6.5,7.7,2.9,,8.0,10.0,-22.7,26.0,-1.0,4.8,11.4,2.7,,7.4,20.9,-32.7,10.1,0.9,-0.4,8.3,2.6,,0.6,,,,,,
2007-05-01,,,,,,,,,,,,,,,,,,,,,,,,,,,,,,,,,,,,,,,,,,,,,,,,,,,,,,,,,,,,,,,,,,116.40273,107.27663,117.01963,112.19106,104.90594,112.57345,3.1,5.5,3.0,4.4,5.1,4.4,4.8,3.2,4.8,0.2,-0.4,0.2,104.93952,202.28287,76.95065,216.38156,92.00503,187.03077,107.1835,,155.35415,3.7,-3.7,13.0,-0.9,6.6,5.6,2.8,,7.6,10.0,-22.2,23.7,-0.3,4.1,7.1,2.2,,6.7,9.7,-20.5,12.3,2.4,1.9,-7.7,0.2,,6.2,,,,,,
2007-06-01,,,,,,,,,,,,,,,,,,,,,,,,,,,,,,,,,,,,,,,,,,,,,,,,,,,,,,,,,,,,,,,,,,112.88043,106.34621,113.33264,112.90497,105.42212,113.46941,3.7,6.1,3.6,4.7,5.7,4.7,6.3,8.6,6.2,0.6,0.5,0.8,96.10443,157.76172,122.29586,212.69004,90.00887,184.0188,106.91906,,197.30484,4.6,-7.4,13.6,0.2,6.2,4.6,3.6,,8.0,8.7,-22.1,22.1,1.1,2.9,4.2,3.4,,10.4,2.5,-21.8,16.2,8.1,-1.9,-8.5,9.7,,15.6,,,,,,
2007-07-01,,,,,,,,,,,,,,,,,,,,,,,,,,,,,,,,,,,,,,,,,,,,,,,,,,,,,,,,,,,,,,,,,,116.34116,111.27758,116.70186,112.52323,107.3479,112.79282,4.0,6.1,3.8,5.0,5.9,4.9,6.5,7.2,6.4,-0.3,1.8,-0.6,99.81553,164.94842,179.49431,216.0251,94.52281,178.53972,109.69407,,185.04577,4.9,-11.6,10.9,0.2,6.4,4.1,4.0,,6.4,7.9,-22.3,16.1,1.3,3.4,2.7,3.3,,7.4,3.2,-23.5,-0.4,2.4,6.1,-6.2,2.9,,0.6,,,,,,
2007-08-01,,,,,,,,,,,,,,,,,,,,,,,,,,,,,,,,,,,,,,,,,,,,,,,,,,,,,,,,,,,,,,,,,,122.27648,111.09261,123.02523,114.1596,106.578,114.54781,4.3,6.2,4.1,5.2,6.0,5.1,6.5,6.8,6.4,1.5,-0.7,1.6,102.38608,192.05775,232.9457,223.06154,101.22079,200.77195,106.08535,,220.21612,5.3,-15.9,10.3,0.3,8.4,3.2,3.4,,7.6,7.2,-21.8,14.3,1.4,5.3,2.2,2.6,,9.1,2.3,-17.9,8.4,2.2,17.7,-1.3,-2.4,,14.4,,,,,,
2007-09-01,,,,,,,,,,,,,,,,,,,,,,,,,,,,,,,,,,,,,,,,,,,,,,,,,,,,,,,,,,,,,,,,,,114.61139,105.56753,115.22247,112.77542,105.55056,113.85337,4.6,6.2,4.5,5.2,5.8,5.2,5.5,4.0,5.6,-1.2,-1.0,-0.6,93.54019,154.19566,218.86981,213.38705,96.89062,179.48714,95.23551,,220.11051,5.5,-20.5,10.4,0.4,9.3,1.8,2.2,,8.9,6.3,-22.6,12.6,1.6,6.4,1.1,1.1,,11.1,-0.3,-29.5,5.4,3.5,14.6,-7.2,-10.6,,19.8,,,,,,
2007-10-01,,,,,,,,,,,,,,,,,,,,,,,,,,,,,,,,,,,,,,,,,,,,,,,,,,,,,,,,,,,,,,,,,,125.65204,108.77695,126.76087,116.20281,106.24729,116.64747,5.2,6.1,5.1,5.8,5.6,5.8,10.6,4.1,11.0,3.0,0.7,2.5,102.68756,179.50376,238.82732,225.47855,99.04365,180.45743,105.55808,,223.99852,5.0,-19.2,11.8,0.8,9.0,0.6,1.0,,13.4,6.0,-20.1,13.0,2.1,7.3,0.2,0.3,,14.5,3.4,11.6,15.4,6.3,14.5,-7.9,-5.8,,34.2,,,,,,
2007-11-01,,,,,,,,,,,,,,,,,,,,,,,,,,,,,,,,,,,,,,,,,,,,,,,,,,,,,,,,,,,,,,,,,,119.3344,106.64295,120.17717,114.9186,107.947,115.39676,5.5,5.6,5.5,5.9,5.4,5.9,6.8,3.5,7.0,-1.1,1.6,-1.1,97.82289,148.62824,218.49831,212.37918,99.76081,171.17943,101.97191,,169.39275,5.2,-19.2,12.3,1.7,8.2,-0.9,0.2,,16.0,5.8,-19.2,12.6,2.6,8.0,-1.2,-0.2,,16.5,3.3,-7.2,9.5,7.2,14.9,-13.7,-5.2,,34.9,,,,,,
2007-12-01,,,,,,,,,,,,,,,,,,,,,,,,,,,,,,,,,,,,,,,,,,,,,,,,,,,,,,,,,,,,,,,,,,107.93691,114.20452,107.5801,115.26398,112.3077,115.54752,6.0,5.9,6.0,6.0,5.9,6.0,6.5,10.7,6.2,0.3,4.0,0.1,93.0403,165.34869,179.68008,172.92751,50.20642,159.18668,109.91383,,77.55509,5.1,-16.7,12.0,3.4,6.3,-2.1,-0.1,,18.4,5.1,-16.7,12.0,3.4,6.3,-2.1,-0.1,,18.4,-2.7,29.7,6.8,15.6,-18.3,-13.1,0.6,,70.9,,,,,,
2008-01-01,,,,,,,,,,,,,,,,,,,,,,,,,,,,,,,,,,,,,,,,,,,,,,,,,,,,,,,,,,,,,,,,,,110.45695,110.24493,110.50963,117.17408,111.34394,117.53905,6.3,6.1,6.4,8.9,7.9,9.0,8.9,7.9,9.0,1.7,-0.9,1.7,104.33151,245.38488,156.32073,158.42753,72.80082,176.69754,109.7788,,31.99809,4.6,-11.2,9.8,2.9,6.5,-4.6,-0.2,,19.3,1.5,55.2,12.3,-10.1,21.8,-14.3,2.2,,52.3,1.5,55.2,12.3,-10.1,21.8,-14.3,2.2,,52.3,,,,,,
2008-02-01,,,,,,,,,,,,,,,,,,,,,,,,,,,,,,,,,,,,,,,,,,,,,,,,,,,,,,,,,,,,,,,,,,106.13137,102.60372,106.39159,116.89013,109.21274,117.10019,6.9,6.4,6.9,9.6,8.7,9.7,10.3,9.6,10.3,-0.2,-1.9,-0.4,94.44658,192.91287,110.92765,190.85815,79.17625,170.47979,104.93959,,24.58126,4.0,-10.7,8.3,3.3,7.5,-6.5,0.0,,19.8,0.9,31.6,6.8,-3.4,19.0,-12.1,3.6,,70.1,0.2,10.3,-0.2,3.1,16.5,-9.6,5.2,,100.9,,,,,,
2008-03-01,,,,,,,,,,,,,,,,,,,,,,,,,,,,,,,,,,,,,,,,,,,,,,,,,,,,,,,,,,,,,,,,,,113.89996,108.96024,114.25199,117.14522,109.11956,117.86125,6.6,6.2,6.6,6.6,6.8,6.6,1.3,3.3,1.2,0.2,-0.1,0.6,96.73371,187.78211,76.39942,201.91596,90.91031,187.56516,111.33749,,16.77886,2.4,-8.9,7.5,2.9,8.1,-7.7,-0.1,,20.2,-3.2,15.0,2.2,-3.7,15.0,-10.9,2.7,,72.5,-10.6,-11.2,-11.0,-4.2,8.9,-8.7,0.9,,80.9,,,,,,
2008-04-01,,,,,,,,,,,,,,,,,,,,,,,,,,,,,,,,,,,,,,,,,,,,,,,,,,,,,,,,,,,,,,,,,,115.64141,105.84914,116.30005,117.24172,109.93633,117.52457,6.9,6.1,7.0,7.3,6.2,7.4,9.5,4.1,9.8,0.1,0.7,-0.3,102.13054,175.53743,81.74732,207.42776,100.15244,183.03894,108.34884,,60.9267,1.3,-5.5,7.6,3.3,10.0,-7.9,-0.3,,20.4,-1.4,11.5,4.1,-1.3,16.9,-7.5,2.1,,34.9,4.0,0.6,12.9,5.7,21.8,4.1,0.5,,6.9,,,,,,
2008-05-01,,,,,,,,,,,,,,,,,,,,,,,,,,,,,,,,,,,,,,,,,,,,,,,,,,,,,,,,,,,,,,,,,,119.39461,115.37074,119.69084,118.1197,112.41539,118.64265,6.7,6.4,6.7,6.3,6.4,6.3,2.6,7.5,2.3,0.7,2.3,1.0,103.66361,188.85557,86.10757,202.1985,105.15658,204.95145,108.75246,,161.91575,0.4,-3.9,7.6,2.5,11.1,-6.5,-0.2,,20.1,-1.4,7.5,5.4,-2.4,16.3,-4.2,2.0,,16.2,-1.2,-6.6,11.9,-6.6,14.3,9.6,1.5,,4.2,,,,,,
2008-06-01,,,,,,,,,,,,,,,,,,,,,,,,,,,,,,,,,,,,,,,,,,,,,,,,,,,,,,,,,,,,,,,,,,120.34545,114.08356,120.78314,119.60406,114.29102,119.86298,6.7,6.3,6.8,6.4,6.6,6.3,6.6,7.3,6.6,1.3,1.7,1.0,100.96378,189.58334,124.24646,199.18532,116.98056,188.89242,108.28077,,196.47234,0.6,-0.5,6.7,1.3,14.1,-5.6,-0.8,,17.7,-0.4,9.4,4.6,-3.1,18.9,-3.1,1.9,,9.0,5.1,20.2,1.6,-6.3,30.0,2.6,1.3,,-0.4,,,,,,
2008-07-01,,,,,,,,,,,,,,,,,,,,,,,,,,,,,,,,,,,,,,,,,,,,,,,,,,,,,,,,,,,,,,,,,,126.43891,120.81948,126.83826,120.19273,115.6399,120.50017,6.9,6.5,6.9,6.7,6.9,6.7,8.7,8.6,8.7,0.5,1.2,0.5,107.31149,172.88108,145.28401,211.76415,123.75523,195.75529,112.00795,,228.29515,0.9,2.2,4.8,0.9,16.5,-4.4,-0.8,,20.8,0.7,8.8,-0.8,-2.9,20.9,-1.4,1.9,,13.1,7.5,4.8,-19.1,-2.0,30.9,9.6,2.1,,23.4,,,,,,
2008-08-01,,,,,,,,,,,,,,,,,,,,,,,,,,,,,,,,,,,,,,,,,,,,,,,,,,,,,,,,,,,,,,,,,,124.5839,120.65791,124.87581,118.80269,116.46595,118.96592,6.5,6.6,6.5,6.0,7.1,6.0,1.9,8.6,1.5,-1.2,0.7,-1.3,101.49247,186.21742,144.03035,211.12985,120.15717,185.14901,106.32976,,219.89625,0.7,4.0,-1.2,0.2,16.6,-5.0,-0.6,,18.3,0.5,7.2,-9.3,-3.3,20.5,-2.2,1.7,,9.7,-0.9,-3.0,-38.2,-5.3,18.7,-7.8,0.2,,-0.1,,,,,,
2008-09-01,,,,,,,,,,,,,,,,,,,,,,,,,,,,,,,,,,,,,,,,,,,,,,,,,,,,,,,,,,,,,,,,,,125.0701,115.80854,125.69863,120.14892,115.16344,120.95475,6.8,7.1,6.8,6.4,7.4,6.3,9.1,9.7,9.1,1.1,-1.1,1.7,102.95174,184.03411,168.7195,206.36226,112.24844,191.04219,107.53849,,234.20843,1.5,8.7,-4.6,-0.4,16.7,-3.9,1.2,,16.3,1.5,8.4,-11.7,-3.3,19.9,-1.3,2.8,,9.1,10.1,19.4,-22.9,-3.3,15.9,6.4,12.9,,6.4,,,,,,
2008-10-01,,,,,,,,,,,,,,,,,,,,,,,,,,,,,,,,,,,,,,,,,,,,,,,,,,,,,,,,,,,,,,,,,,126.34873,116.76316,126.99815,117.00028,114.86478,116.89324,5.9,7.4,5.8,5.7,7.4,5.6,0.6,7.3,0.2,-2.6,-0.3,-3.4,105.88653,134.81886,202.06688,212.45619,114.14825,196.84387,110.27788,,223.15451,1.5,5.6,-8.2,-1.5,16.7,-2.5,2.1,,11.7,1.7,5.0,-12.3,-3.5,19.4,-0.3,3.0,,7.4,3.1,-24.9,-15.4,-5.8,15.3,9.1,4.5,,-0.4,,,,,,
2008-11-01,,,,,,,,,,,,,,,,,,,,,,,,,,,,,,,,,,,,,,,,,,,,,,,,,,,,,,,,,,,,,,,,,,112.08152,101.78122,112.77093,109.74793,103.21233,110.34122,4.8,6.7,4.6,4.6,6.3,4.5,-6.1,-4.6,-6.2,-6.2,-10.1,-5.6,93.10447,128.30535,197.69915,184.34116,105.06099,175.54981,108.93887,,203.81212,0.8,5.2,-10.3,-3.2,15.8,-1.1,3.1,,10.8,1.1,3.5,-12.0,-4.4,18.0,-0.1,3.3,,8.9,-4.8,-13.7,-9.5,-13.2,5.3,2.6,6.8,,20.3,,,,,,
2008-12-01,,,,,,,,,,,,,,,,,,,,,,,,,,,,,,,,,,,,,,,,,,,,,,,,,,,,,,,,,,,,,,,,,,92.19722,89.823,92.37975,97.69015,87.46657,98.22438,3.1,3.8,3.0,3.1,3.8,3.0,-14.6,-21.3,-14.1,-11.0,-15.3,-11.0,95.27604,134.67331,170.01882,125.7407,61.4879,137.36382,104.41477,,117.19239,1.2,1.8,-11.3,-6.0,18.2,-1.1,2.6,,11.0,1.2,1.8,-11.3,-6.0,18.2,-1.1,2.6,,11.0,2.4,-18.6,-5.4,-27.3,22.5,-13.7,-5.0,,51.1,,,,,,
2009-01-01,,,,,,,,,,,,,,,,,,,,,,,,,,,,,,,,,,,,,,,,,,,,,,,,,,,,,,,,,,,,,,,,,,91.66715,89.97001,91.80679,99.72076,90.07318,100.44918,1.0,1.6,1.0,-17.0,-18.4,-16.9,-17.0,-18.4,-16.9,2.1,3.0,2.3,95.67482,162.96526,140.55615,152.16945,83.03771,149.27478,102.44657,,41.93832,0.4,-6.1,-13.0,-5.6,17.7,-1.0,1.8,,10.9,-8.3,-33.6,-10.1,-4.0,14.1,-15.5,-6.7,,31.1,-8.3,-33.6,-10.1,-4.0,14.1,-15.5,-6.7,,31.1,,,,,,
2009-02-01,,,,,,,,,,,,,,,,,,,,,,,,,,,,,,,,,,,,,,,,,,,,,,,,,,,,,,,,,,,,,,,,,,88.63398,83.2235,89.0067,102.06505,94.24573,102.6352,-1.0,-0.6,-1.0,-16.8,-18.6,-16.6,-16.5,-18.9,-16.3,2.4,4.6,2.2,89.36696,158.72601,95.61397,159.28908,93.66633,135.91428,94.73323,,30.75063,-0.1,-8.4,-13.8,-7.1,17.8,-1.7,0.6,,10.4,-6.9,-26.6,-11.6,-10.8,16.3,-17.9,-8.2,,28.5,-5.4,-17.7,-13.8,-16.5,18.3,-20.3,-9.7,,25.1,,,,,,
2009-03-01,,,,,,,,,,,,,,,,,,,,,,,,,,,,,,,,,,,,,,,,,,,,,,,,,,,,,,,,,,,,,,,,,,103.19096,97.54306,103.58383,102.51251,99.51911,102.6391,-1.9,-1.8,-1.9,-14.2,-15.9,-14.1,-9.4,-10.5,-9.3,0.4,5.6,0.0,99.55277,204.33882,102.77864,182.82987,107.74218,146.4951,104.79304,,33.7055,1.1,-6.7,-11.9,-7.6,18.6,-2.8,0.0,,11.0,-3.7,-16.0,-1.4,-10.3,17.1,-19.3,-7.4,,45.0,2.9,8.8,34.5,-9.5,18.5,-21.9,-5.9,,100.9,,,,,,
2009-04-01,,,,,,,,,,,,,,,,,,,,,,,,,,,,,,,,,,,,,,,,,,,,,,,,,,,,,,,,,,,,,,,,,,99.3135,93.5956,99.70941,103.88514,97.36675,104.37604,-3.8,-3.0,-3.8,-14.2,-14.8,-14.2,-14.1,-11.6,-14.3,1.3,-2.2,1.7,93.2574,171.55291,67.93093,178.27018,106.91005,154.94939,99.1472,,88.3509,0.0,-6.9,-13.1,-9.2,17.2,-4.5,-0.7,,12.4,-5.0,-13.0,-4.4,-11.3,14.1,-18.3,-7.7,,45.0,-8.7,-2.3,-16.9,-14.1,6.7,-15.3,-8.5,,45.0,,,,,,
2009-05-01,,,,,,,,,,,,,,,,,,,,,,,,,,,,,,,,,,,,,,,,,,,,,,,,,,,,,,,,,,,,,,,,,,106.35166,98.93018,106.8575,105.14259,97.85196,105.54869,-4.9,-4.9,-4.9,-13.5,-14.7,-13.4,-10.9,-14.3,-10.7,1.2,0.5,1.1,100.37919,170.47945,61.13828,188.14365,106.87111,164.42494,97.93056,,166.47156,-0.1,-7.2,-14.8,-9.2,15.9,-7.1,-1.7,,12.2,-4.6,-12.4,-8.5,-10.4,11.2,-18.6,-8.1,,22.0,-3.2,-9.7,-29.0,-7.0,1.6,-19.8,-10.0,,2.8,,,,,,
2009-06-01,,,,,,,,,,,,,,,,,,,,,,,,,,,,,,,,,,,,,,,,,,,,,,,,,,,,,,,,,,,,,,,,,,107.43047,103.26649,107.73128,106.66504,102.64354,106.99363,-6.4,-6.3,-6.4,-13.0,-13.8,-13.0,-10.7,-9.5,-10.8,1.4,4.9,1.4,101.13433,155.633,74.66917,174.17908,111.6037,150.15153,97.91596,,168.30024,-0.5,-10.1,-17.5,-9.8,12.6,-9.1,-2.6,,10.5,-3.8,-13.3,-14.6,-10.8,7.9,-18.9,-8.4,,7.5,0.2,-17.9,-39.9,-12.6,-4.6,-20.5,-9.6,,-14.3,,,,,,
2009-07-01,,,,,,,,,,,,,,,,,,,,,,,,,,,,,,,,,,,,,,,,,,,,,,,,,,,,,,,,,,,,,,,,,,113.86257,108.41943,114.24633,108.01216,102.84292,108.24469,-7.9,-7.9,-7.9,-12.5,-13.2,-12.5,-9.9,-10.3,-9.9,1.3,0.2,1.2,106.22578,179.0671,123.40514,199.88202,118.85346,176.26891,109.14834,,169.21757,-1.2,-10.1,-17.2,-10.1,9.3,-10.7,-3.0,,4.0,-3.4,-11.1,-14.7,-10.0,5.8,-17.6,-7.5,,-3.1,-1.0,3.6,-15.1,-5.6,-4.0,-10.0,-2.6,,-25.9,,,,,,
2009-08-01,,,,,,,,,,,,,,,,,,,,,,,,,,,,,,,,,,,,,,,,,,,,,,,,,,,,,,,,,,,,,,,,,,116.10422,108.19334,116.64439,109.69041,102.62366,110.25999,-8.7,-9.5,-8.7,-11.8,-12.8,-11.7,-6.8,-10.3,-6.6,1.6,-0.2,1.9,101.71535,158.81698,150.19538,193.84374,115.10622,176.24586,110.29637,,178.19467,-1.1,-11.1,-12.7,-10.4,7.1,-10.5,-2.7,,1.4,-2.9,-11.5,-11.8,-9.7,4.3,-16.0,-6.1,,-6.8,0.2,-14.7,4.3,-8.2,-4.2,-4.8,3.7,,-19.0,,,,,,
2009-09-01,,,,,,,,,,,,,,,,,,,,,,,,,,,,,,,,,,,,,,,,,,,,,,,,,,,,,,,,,,,,,,,,,,115.87901,104.9037,116.61233,111.19216,104.49008,111.81446,-10.0,-11.0,-10.0,-11.3,-12.5,-11.2,-7.3,-9.4,-7.2,1.4,1.8,1.4,100.42831,164.0751,167.78706,195.65534,108.58498,161.9938,106.54565,,153.17607,-2.1,-13.2,-10.2,-10.6,5.4,-12.3,-3.7,,-4.4,-2.9,-11.5,-10.0,-9.2,3.4,-15.9,-5.6,,-12.3,-2.5,-10.8,-0.6,-5.2,-3.3,-15.2,-0.9,,-34.6,,,,,,
2009-10-01,,,,,,,,,,,,,,,,,,,,,,,,,,,,,,,,,,,,,,,,,,,,,,,,,,,,,,,,,,,,,,,,,,123.07453,107.52755,124.09869,113.66863,105.07089,114.25867,-10.3,-12.2,-10.2,-10.3,-12.0,-10.2,-2.6,-7.9,-2.3,2.2,0.6,2.2,102.05329,177.95726,180.85736,207.15335,117.50488,170.13347,110.27082,,171.5458,-2.7,-9.5,-9.5,-10.3,4.3,-14.1,-4.1,,-7.4,-3.0,-8.3,-10.1,-8.5,3.3,-15.7,-5.0,,-14.1,-3.6,32.0,-10.5,-2.5,2.9,-13.6,0.0,,-23.1,,,,,,
2009-11-01,,,,,,,,,,,,,,,,,,,,,,,,,,,,,,,,,,,,,,,,,,,,,,,,,,,,,,,,,,,,,,,,,,118.13763,102.94317,119.13781,115.09749,104.35744,115.78155,-9.4,-11.8,-9.3,-9.0,-10.9,-8.9,5.4,1.1,5.6,1.3,-0.7,1.3,96.11825,157.72533,165.68669,200.72514,111.25681,177.40538,107.23534,,155.417,-2.1,-7.2,-10.3,-8.5,4.4,-14.2,-4.7,,-12.2,-2.4,-6.3,-10.9,-7.0,3.6,-14.2,-4.7,,-15.3,3.2,22.9,-16.2,8.9,5.9,1.1,-1.6,,-23.7,,,,,,
2009-12-01,,,,,,,,,,,,,,,,,,,,,,,,,,,,,,,,,,,,,,,,,,,,,,61.01908,,,,,,,,,,,,,,,,,,,,109.62616,107.07231,109.82622,115.55454,104.77168,116.37366,-7.1,-8.9,-7.0,-7.1,-8.9,-7.0,18.9,19.2,18.9,0.4,0.4,0.5,98.42091,130.10657,146.18032,147.82927,61.82593,183.17976,108.64574,,96.27074,-2.0,-6.1,-11.2,-5.7,3.4,-11.3,-4.0,,-15.5,-2.0,-6.1,-11.2,-5.7,3.4,-11.3,-4.0,,-15.5,3.3,-3.4,-14.0,17.6,0.5,33.4,4.1,,-17.9,,,,,,
2010-01-01,,,,,,,,,,,,,,,,,,,,,,,,,,,,,,,,,,,,,,,,,,,,,,61.9328,,,1.5,,,,,,1.5,,,,,,,,,,,106.28638,109.10737,106.14632,117.2743,110.66865,117.62365,-4.8,-6.0,-4.7,15.9,21.3,15.6,15.9,21.3,15.6,1.5,5.6,1.1,93.53274,140.0224,113.18229,170.33809,82.64559,160.54366,111.90004,,40.58413,-1.5,-3.4,-12.0,-4.7,2.5,-9.6,-2.7,,-16.0,-2.2,-14.1,-19.5,11.9,-0.5,7.5,9.2,,-3.2,-2.2,-14.1,-19.5,11.9,-0.5,7.5,9.2,,-3.2,,,,,,
2010-02-01,,,,,,,,,,,,,,,,,,,,,,,,,,,,,,,,,,,,,,,,,,,,,,62.69342,,,2.74,,,,,,1.23,,,,,,,,,,,103.65597,100.53788,103.88948,117.07679,111.72643,117.52282,-2.5,-3.2,-2.4,16.4,21.0,16.2,16.9,20.8,16.7,-0.2,1.0,-0.1,87.79992,130.21573,79.47503,181.5712,87.92943,171.62629,100.70437,,34.26992,-1.2,-3.2,-12.2,-2.4,0.8,-6.5,-1.5,,-16.1,-2.0,-16.0,-18.4,13.0,-3.5,16.5,7.8,,3.0,-1.8,-18.0,-16.9,14.0,-6.1,26.3,6.3,,11.4,,,,,,
2010-03-01,,,,,,,,,,,,,,,,,,,,,,,,,,,,,,,,,,,,,,,,,,,,,,62.59231,,,2.58,,,,,,-0.16,,,,,,,,,,,122.44795,112.37959,123.12642,119.76741,113.4976,120.04346,-0.3,-1.2,-0.2,17.2,18.9,17.1,18.7,15.2,18.9,2.3,1.6,2.1,107.19274,197.31586,94.49116,225.98852,116.95444,186.80279,112.75269,,44.52871,-0.8,-4.4,-14.1,0.4,0.2,-2.7,-0.3,,-16.3,1.4,-11.1,-15.3,16.9,1.1,20.2,7.7,,12.2,7.7,-3.4,-8.1,23.6,8.6,27.5,7.6,,32.1,,,,,,
2010-04-01,,,,,,,,,,,,,,,,,,,,,,,,,,,,,,,,,,,,,,,,,,,,,,62.8449,,,2.99,,,,,,0.4,,,,,,,,,,,115.72172,110.09023,116.11801,120.18441,114.67636,120.61558,2.2,1.1,2.3,17.1,18.6,17.0,16.5,17.6,16.5,0.3,1.0,0.5,98.27605,112.40363,69.25049,193.34634,114.61846,172.32957,106.85823,,113.6548,0.4,-7.1,-13.3,2.4,0.3,-0.5,1.0,,-16.2,2.4,-16.9,-12.4,14.7,2.8,17.8,7.8,,19.7,5.4,-34.5,1.9,8.5,7.2,11.2,7.8,,28.6,,,,,,
2010-05-01,,,,,,,,,,,,,,,,,,,,,,,,,,,,,,,,,,,,,,,,,,,,,,63.13871,,,3.47,,,,,,0.47,,,,,,,,,,,121.51816,114.42955,122.0084,119.83273,112.49213,120.49204,4.4,3.7,4.4,16.5,18.0,16.4,14.3,15.7,14.2,-0.3,-1.9,-0.1,103.41505,125.86733,104.33786,197.63347,116.59676,177.88539,110.45662,,172.10667,0.9,-8.5,-9.3,3.5,0.9,2.1,2.9,,-16.1,2.5,-18.7,-1.6,12.6,4.1,15.7,8.7,,12.2,3.0,-26.2,70.7,5.0,9.1,8.2,12.8,,3.4,,,,,,
2010-06-01,,,,,,,,,,,,,,,,,,,,,,,,,,,,,,,,,,,,,,,,,,,,,,63.20087,,,3.58,,,,,,0.1,,,,,,,,,,,119.43995,112.84326,119.89844,119.359,112.55666,119.70731,6.3,5.4,6.4,15.5,16.4,15.4,11.2,9.3,11.3,-0.4,0.1,-0.7,100.36024,112.2035,168.49136,197.16823,123.66404,165.07635,101.21455,,191.68396,0.9,-9.1,-0.5,5.7,2.3,4.9,4.0,,-13.4,1.9,-20.1,15.9,12.7,5.3,14.8,7.9,,12.7,-0.8,-27.9,125.7,13.2,10.8,9.9,3.4,,13.9,,,,,,
2010-07-01,,,,,,,,,,,,,,,,,,,,,,,,,,,,,,,,,,,,,,,,,,,,,,63.26101,,,3.67,,,,,,0.1,,,,,,,,,,,124.55664,119.58261,124.91462,118.60137,113.38901,119.0486,8.2,7.4,8.2,14.5,15.4,14.5,9.4,10.3,9.3,-0.6,0.7,-0.6,107.57926,79.19926,202.52167,198.58908,132.99671,180.50784,113.57047,,194.1988,1.1,-14.5,6.1,6.2,3.9,6.1,4.6,,-8.9,1.8,-25.4,24.9,10.5,6.4,12.7,7.3,,13.2,1.3,-55.8,64.1,-0.6,11.9,2.4,4.1,,14.8,,,,,,
2010-08-01,,,,,,,,,,,,,,,,,,,,,,,,,,,,,,,,,,,,,,,,,,,,,,63.72149,,,4.43,,,,,,0.73,,,,,,,,,,,126.02153,119.85259,126.45538,118.32,115.54199,118.42995,9.7,9.4,9.7,13.7,14.8,13.6,8.5,10.8,8.4,-0.2,1.9,-0.5,102.77297,127.25008,195.39121,194.10201,131.8992,174.91181,111.01628,,212.94217,1.1,-14.9,8.5,7.1,5.6,6.5,4.3,,-4.5,1.7,-24.8,25.8,9.1,7.5,10.8,6.4,,14.5,1.0,-19.9,30.1,0.1,14.6,-0.8,0.7,,19.5,,,,,,
2010-09-01,,,,,,,,,,,,,,,,,,,,,,,,,,,,,,,,,,,,,,,,,,,,,,64.09451,,,5.04,,,,,,0.59,,,,,,,,,,,123.28957,119.11334,123.5968,118.56476,117.80968,118.69647,11.1,11.6,11.0,12.8,14.6,12.7,6.4,13.5,6.0,0.2,2.0,0.2,100.15182,128.30535,196.77238,188.3085,123.26713,155.92741,109.31816,,185.34117,1.3,-15.9,10.5,7.3,7.1,7.8,4.6,,2.4,1.5,-24.4,24.4,7.6,8.2,9.2,5.9,,15.5,-0.3,-21.8,17.3,-3.8,13.5,-3.7,2.6,,21.0,,,,,,
2010-10-01,,,,,,,,,,,,,,,,,,,,,,,,,,,,,,,,,,,,,,,,,,,,,,64.72096,,,6.07,,,,,,0.98,,,,,,,,,,,125.54517,116.80873,126.14076,118.2136,115.39399,118.33433,11.5,13.3,11.4,11.5,14.0,11.4,2.0,8.6,1.6,-0.3,-2.1,-0.3,98.85567,132.32626,177.67688,185.18811,128.49319,153.96774,111.90899,,161.85271,1.4,-20.0,11.8,6.5,7.7,8.5,4.7,,5.3,1.0,-24.6,20.3,5.5,8.3,7.2,5.5,,12.4,-3.1,-25.6,-1.8,-10.6,9.4,-9.5,1.5,,-5.7,,,,,,
2010-11-01,,,,,,,,,,,,,,,,,,,,,,,,,,,,,,,,,,,,,,,,,,,,,,65.6453,,,7.58,,,,,,1.43,,,,,,,,,,,124.42525,114.78005,125.07774,119.01238,115.34175,119.25782,11.5,14.2,11.3,10.9,13.7,10.8,5.3,11.5,5.0,0.7,0.0,0.8,96.10188,152.8129,146.18776,176.14995,124.56911,172.5176,109.67034,,117.82785,1.1,-21.4,12.9,4.6,8.3,8.1,5.1,,6.2,0.9,-22.7,16.3,3.8,8.7,6.2,5.2,,8.2,0.0,-3.1,-11.8,-12.2,12.0,-2.8,2.3,,-24.2,,,,,,
2010-12-01,,,,,,,,,,,,,,,,,,,,,,,,,,,,,,,,,,,,,,,,,,,,,,65.92782,,,8.04,,,8.04,,,0.43,,,,,,,,,,,112.54306,118.2225,112.22498,119.63989,115.35555,120.27364,10.2,13.5,10.0,10.2,13.5,10.0,2.7,10.4,2.2,0.5,0.0,0.9,97.75758,121.97377,90.22739,130.16851,69.5013,171.99965,108.30934,,53.6288,0.8,-21.7,10.9,2.7,8.9,5.0,4.7,,4.8,0.8,-21.7,10.9,2.7,8.9,5.0,4.7,,4.8,-0.7,-6.3,-38.3,-11.9,12.4,-6.1,-0.3,,-44.3,,,,,,
2011-01-01,,,,,,,,,,,,,,,,,,,,,,,,,,,,,,,,,,,,,,,,,,,,,,66.19365,,,0.4,,,6.88,,,0.4,,,,,,,,,,,108.6343,115.16291,108.26129,119.97542,115.90518,120.29724,9.2,12.2,9.0,2.2,5.6,2.0,2.2,5.6,2.0,0.3,0.5,0.0,96.81422,129.66991,63.05055,134.93753,94.46002,178.72083,108.50275,,23.22604,1.3,-21.3,9.6,0.2,9.8,5.3,3.6,,3.7,3.5,-7.4,-44.3,-20.8,14.3,11.3,-3.0,,-42.8,3.5,-7.4,-44.3,-20.8,14.3,11.3,-3.0,,-42.8,84.3099,89.0232,,,,
2011-02-01,,,,,,,,,,,,,,,,,,,,,,,,,,,,,,,,,,,,,,,,,,,,,,66.59301,,,1.01,,,6.22,,,0.6,,,,,,,,,,,111.18262,105.10588,111.60538,121.43241,116.49362,121.56558,8.5,11.0,8.4,4.7,5.1,4.7,7.3,4.5,7.4,1.2,0.5,1.1,95.10048,131.48933,78.53359,162.63349,112.74251,188.79228,103.16263,,15.38957,2.0,-20.1,10.7,-1.6,12.4,4.3,3.3,,2.1,5.8,-3.4,-26.5,-15.4,21.5,10.6,-0.4,,-48.4,8.3,1.0,-1.2,-10.4,28.2,10.0,2.4,,-55.1,83.75978,89.15526,,,,0.1
2011-03-01,,,,,,,,,,,,,,,,,,,,,,,,,,,,,,,,,,,,,,,,,,,,,,66.85306,,,1.4,,,6.81,,,0.39,,,,,,,,,,,121.63363,112.41294,122.25836,121.8146,114.60444,122.39981,6.9,9.7,6.7,2.7,3.3,2.7,-0.7,0.0,-0.7,0.3,-1.6,0.7,105.4885,168.66003,107.15464,176.94757,119.76401,194.06603,113.94394,,18.09973,1.2,-21.3,12.3,-5.7,11.8,2.6,2.8,,-0.4,3.1,-8.1,-13.4,-17.9,13.7,8.2,0.1,,-52.5,-1.6,-14.5,13.4,-21.7,2.4,3.9,1.1,,-59.4,88.04097,88.97922,,,,-0.2
2011-04-01,,,,,,,,,,,,,,,,,,,,,,,,,,,,,,,,,,,,,,,,,,,,,,67.04225,,,1.69,,,6.68,,,0.28,,,,,,,,,,,113.61426,111.82093,113.76777,118.72024,115.80973,119.02621,5.4,8.4,5.3,1.6,2.9,1.5,-1.8,1.6,-2.0,-2.5,1.1,-2.8,93.17486,134.29123,63.00911,158.99503,110.02428,165.28473,106.29502,,50.18176,0.4,-17.6,11.7,-7.8,10.7,1.4,2.1,,-6.4,1.0,-2.7,-12.5,-17.9,8.7,5.1,-0.1,,-54.1,-5.2,19.5,-9.0,-17.8,-4.0,-4.1,-0.5,,-55.8,87.25925,89.82259,,,,0.9
2011-05-01,,,,,,,,,,,,,,,,,,,,,,,,,,,,,,,,,,,,,,,,,,,,,,66.73093,,,1.22,,,5.69,,,-0.46,,,,,,,,,,,124.81165,117.85912,125.29448,122.31703,117.312,122.73324,4.5,7.3,4.3,1.8,2.9,1.7,2.7,3.0,2.7,3.0,1.3,3.1,101.40694,154.57774,73.10004,167.7458,111.39276,193.23497,110.78208,,160.09539,-0.1,-14.0,6.3,-9.5,9.4,1.5,1.2,,-7.5,0.4,1.8,-16.5,-17.3,5.7,5.9,0.0,,-34.1,-1.9,22.8,-29.9,-15.1,-4.5,8.6,0.3,,-7.0,90.32649,90.29006,,,,0.5
2011-06-01,,,,,,,,,,,,,,,,,,,,,,,,,,,,,,,,,,,,,,,,,,,,,,66.29406,,,0.56,,,4.89,,,-0.65,,,,,,,,,,,119.80302,117.2808,120.0047,120.08236,116.52036,120.34206,3.6,6.9,3.4,1.5,3.1,1.4,0.3,3.9,0.1,-1.8,-0.7,-1.9,95.03491,136.96577,111.22439,156.0014,114.38813,164.72536,99.42876,,161.93328,-0.4,-10.5,-3.7,-12.2,7.7,0.7,0.8,,-10.9,-0.6,4.6,-21.2,-17.9,3.2,4.9,-0.3,,-28.1,-5.3,22.1,-34.0,-20.9,-7.5,-0.2,-1.8,,-15.5,89.57903,90.19286,,,,-0.1
2011-07-01,,,,,,,,,,,,,,,,,,,,,,,,,,,,,,,,,,,,,,,,,,,,,,66.31485,,,0.59,,,4.83,,,0.03,,,,,,,,,,,123.60012,120.7751,123.82225,119.84483,116.03647,120.02175,2.8,6.1,2.6,1.2,2.8,1.1,-0.8,1.0,-0.9,-0.2,-0.4,-0.3,99.66008,166.00368,155.72856,153.59034,118.6466,169.64825,109.35532,,166.51119,-1.2,-0.1,-11.2,-14.1,5.4,0.0,0.1,,-14.1,-1.6,13.9,-21.6,-18.6,0.8,3.3,-0.8,,-24.7,-7.4,109.6,-23.1,-22.7,-10.8,-6.0,-3.7,,-14.3,91.21615,91.40784,,,,1.3
2011-08-01,,,,,,,,,,,,,,,,,,,,,,,,,,,,,,,,,,,,,,,,,,,,,,66.42211,,,0.75,,,4.24,,,0.16,,,,,,,,,,,129.1428,120.89795,129.70867,118.96288,115.00366,119.07366,2.3,5.2,2.1,1.4,2.5,1.3,2.5,0.9,2.6,-0.7,-0.9,-0.8,104.12078,131.43474,173.0602,151.98619,120.81303,171.05648,108.86932,,168.04642,-1.2,2.1,-14.9,-15.9,3.2,-0.1,-0.1,,-18.9,-1.3,12.6,-19.7,-19.0,-0.6,2.6,-0.9,,-24.0,1.3,3.3,-11.4,-21.7,-8.4,-2.2,-1.9,,-21.1,93.35956,91.28227,,,,-0.1
2011-09-01,,,,,,,,,,,,,,,,,,,,,,,,,,,,,,,,,,,,,,,,,,,,,,67.23949,,,1.99,,,4.91,,,1.23,,,,,,,,,,,122.10754,117.43449,122.44567,117.04112,116.54728,116.91057,1.6,4.0,1.5,1.1,2.0,1.0,-1.0,-1.4,-0.9,-1.6,1.3,-1.8,97.40686,144.97121,177.25926,147.78386,119.45237,174.50773,110.2079,,174.45508,-1.4,5.4,-17.5,-17.4,1.7,1.1,-0.3,,-21.2,-1.4,12.6,-18.1,-19.3,-0.9,3.5,-0.7,,-21.1,-2.7,13.0,-9.9,-21.5,-3.1,11.9,0.8,,-5.9,91.79136,91.0277,,,,-0.3
2011-10-01,,,,,,,,,,,,,,,,,,,,,,,,,,,,,,,,,,,,,,,,,,,,,,67.74994,,,2.76,,,4.68,,,0.76,,,,,,,,,,,123.83857,118.94184,124.19142,115.75976,115.95457,115.89676,1.3,3.4,1.2,0.8,2.0,0.8,-1.4,1.8,-1.5,-1.1,-0.5,-0.9,92.44443,141.75084,185.8148,146.867,118.98597,169.47241,112.78944,,128.0872,-1.7,9.0,-16.9,-18.3,0.2,2.6,-0.3,,-22.8,-1.9,12.0,-15.2,-19.4,-1.6,4.1,-0.6,,-21.1,-6.5,7.1,4.6,-20.7,-7.4,10.1,0.8,,-20.9,91.48308,90.23261,,,,-0.9
2011-11-01,,,,,,,,,,,,,,,,,,,,,,,,,,,,,,,,,,,,,,,,,,,,,,67.76061,,,2.78,,,3.22,,,0.02,,,,,,,,,,,121.40188,118.82906,121.60733,116.3172,119.4496,115.9376,0.7,2.8,0.6,0.5,2.2,0.4,-2.4,3.5,-2.8,0.5,3.0,0.0,93.95406,131.63488,180.45665,150.65204,120.16767,173.37336,108.01039,,78.57604,-1.8,8.0,-13.9,-18.5,-1.1,2.9,-0.6,,-23.4,-2.0,9.3,-11.6,-19.0,-1.8,3.8,-0.7,,-22.1,-2.2,-13.9,23.4,-14.5,-3.5,0.5,-1.5,,-33.3,93.14797,91.50773,,,,1.4
2011-12-01,,,,,,,,,,,,,,,,,,,,,,,,,,,,,,,,,,,,,,,,,,,,,,67.64449,,,2.6,,,2.6,,,-0.17,,,,,,,,,,,111.49519,120.74981,110.9513,119.35784,117.07842,120.54368,0.4,2.2,0.3,0.4,2.2,0.3,-0.9,2.1,-1.1,2.6,-2.0,4.0,95.53358,103.08821,163.48892,104.72758,53.1997,164.04231,112.18175,,31.3211,-2.0,7.3,-6.5,-19.0,-2.9,3.1,-0.3,,-22.8,-2.0,7.3,-6.5,-19.0,-2.9,3.1,-0.3,,-22.8,-2.3,-15.5,81.2,-19.5,-23.5,-4.6,3.6,,-41.6,100.49501,92.31838,,,,0.9
2012-01-01,,,,,,,,,,,,,,,,,,,,,,,,,,,,,,,,,,,,,,,,,,,,,,67.35327,,,-0.43,,,1.75,,,-0.43,,,,,,,,,,,103.35733,107.09504,102.88463,114.31994,109.57027,114.25161,-0.1,1.1,-0.2,-4.9,-7.0,-5.0,-4.9,-7.0,-5.0,-4.2,-6.4,-5.2,89.94961,128.65004,159.29055,129.40489,98.71793,155.66895,105.48114,216.70781,29.02844,-2.8,8.0,2.5,-18.0,-3.4,1.0,-0.3,,-21.5,-7.1,-0.8,152.6,-4.1,4.5,-12.9,-2.8,,25.0,-7.1,-0.8,152.6,-4.1,4.5,-12.9,-2.8,,25.0,88.1407,92.27985,,4.5,4.5,0.0
2012-02-01,,,,,,,,,,,,,,,,,,,,,,,,,,,,,,,,,,,,,,,,,,,,,,67.06765,,,-0.85,,,0.71,,,-0.42,,,,,,,,,,,104.68291,108.47377,104.20349,115.21854,115.53862,114.69412,-1.1,1.0,-1.3,-5.4,-2.1,-5.8,-5.8,3.2,-6.6,0.8,5.4,0.4,86.69876,128.36494,84.19677,144.51368,108.90028,166.69519,100.91601,229.59368,26.70101,-4.1,7.7,3.0,-18.1,-5.4,-0.8,-0.6,,-19.7,-8.0,-1.6,72.0,-7.9,0.2,-12.3,-2.5,,44.3,-8.8,-2.4,7.2,-11.1,-3.4,-11.7,-2.2,,73.5,86.65627,93.50646,,4.0,3.5,1.3
2012-03-01,,,,,,,,,,,,,,,,,,,,,,,,,,,,,,,,,,,,,,,,,,,,,,67.76253,,,0.17,,,1.36,,,1.04,,,,,,,,8.0,1427.0,3086.0,116.1812,114.22976,116.42738,114.66225,115.69769,114.48987,-1.4,1.2,-1.6,-5.0,-0.9,-5.4,-4.5,1.6,-4.8,-0.5,0.1,-0.2,95.22331,144.49075,82.22316,152.51179,125.92559,175.92501,109.88083,222.5157,22.33019,-4.8,8.2,0.6,-17.3,-5.2,-2.1,-1.1,,-18.0,-8.6,-6.6,30.9,-10.1,2.0,-11.3,-2.9,,37.6,-9.7,-14.3,-23.3,-13.8,5.1,-9.3,-3.6,,23.4,94.17348,93.11217,,5.0,7.0,-0.4
2012-04-01,,,,,,,,,,,,,,,,,,,,,,,,,,,,,,,,,,,,,,,,,,,,,,68.75494,,,1.64,,,2.55,,,1.46,,,,,,,,7.8,1438.0,3097.0,108.09827,111.42544,107.67743,114.60836,116.37291,114.22031,-1.7,1.0,-1.9,-5.0,-0.7,-5.4,-4.9,-0.4,-5.4,0.0,0.6,-0.2,86.84412,132.4454,50.30031,140.35992,110.7164,167.82829,108.11055,215.7805,38.86278,-5.0,6.5,0.2,-16.9,-4.8,-1.6,-0.9,,-15.1,-8.2,-5.3,20.6,-10.5,1.7,-8.4,-1.7,,9.4,-6.8,-1.4,-20.2,-11.7,0.6,1.5,1.7,,-22.6,89.83736,92.90033,,4.5,3.0,-0.2
2012-05-01,,,,,,,,,,,,,,,,,,,,,,,,,,,,,,,,,,,,,,,,,,,,,,69.91961,,,3.36,,,4.78,,,1.69,,,,,,,,7.7,1440.0,3089.0,119.38667,120.79578,119.20817,115.19926,119.49199,114.90316,-2.3,1.0,-2.5,-4.9,-0.1,-5.3,-4.3,2.5,-4.9,0.5,2.7,0.6,100.20342,182.28392,68.17571,159.09016,125.90802,178.1673,111.18471,220.30182,107.11882,-4.9,6.3,1.9,-16.1,-3.4,-3.0,-0.9,,-18.2,-6.7,-0.3,15.4,-9.4,4.0,-8.2,-1.3,,-16.1,-1.2,17.9,-6.7,-5.2,13.0,-7.8,0.4,,-33.1,94.54557,93.66626,,4.5,4.7,0.8
2012-06-01,,,,,,,,,,,,,,,,,,,,,,,,,,,,,,,,,,,,,,,,,,,,,,70.69744,,,4.51,,,6.64,,,1.11,,,,,,,,7.6,1449.0,3095.0,114.50151,116.43788,114.2564,115.44735,115.68814,115.38994,-2.7,0.6,-2.9,-4.8,-0.2,-5.2,-4.4,-0.7,-4.8,0.2,-3.2,0.4,92.11842,177.13436,85.47258,147.0039,124.45091,168.70441,99.82565,230.10319,105.88468,-4.7,7.2,4.0,-14.8,-2.0,-2.8,-0.7,,-20.5,-6.1,4.4,6.8,-8.8,4.8,-6.6,-1.0,,-23.1,-3.1,29.3,-23.2,-5.8,8.8,2.4,0.4,,-34.6,92.94289,93.96888,,4.4,3.8,0.3
2012-07-01,,,,,,,,,,,,,,,,,,,,,,,,,,,,,,,,,,,,,,,,,,,,,,71.05122,,,5.04,,,7.14,,,0.5,,,,,,,,7.5,1460.0,3111.0,121.76721,120.43343,121.93532,116.99576,116.39549,116.98014,-2.7,0.5,-3.0,-4.3,-0.2,-4.7,-1.5,-0.3,-1.5,1.3,0.6,1.4,98.38809,121.54043,169.86108,151.08051,126.85799,171.86879,108.85883,225.51428,155.93603,-4.2,-1.0,8.3,-13.0,-0.4,-2.2,-0.4,,-19.6,-5.4,-0.7,7.3,-7.8,5.1,-5.5,-1.0,,-18.4,-1.3,-26.8,9.1,-1.6,6.9,1.3,-0.5,,-6.4,94.29978,94.10784,,4.2,3.4,0.1
2012-08-01,,,,,,,,,,,,,,,,,,,,,,,,,,,,,,,,,,,,,,,,,,,,,,71.42412,,,5.59,,,7.53,,,0.52,,,,,,,,7.3,1469.0,3121.0,129.95274,120.53806,131.14199,119.55471,114.77455,120.26057,-2.9,0.4,-3.1,-3.6,-0.2,-3.9,0.6,-0.3,1.1,2.2,-1.4,2.8,102.45323,144.17001,230.85677,158.80084,131.91107,172.19848,110.45762,213.46107,168.16743,-4.4,-0.5,14.0,-10.8,1.3,-2.0,-0.1,,-16.8,-4.9,0.5,12.8,-6.3,5.7,-4.8,-0.7,,-14.3,-1.6,9.7,33.4,4.5,9.2,0.7,1.5,,0.1,97.19065,95.31738,,4.2,4.1,1.3
2012-09-01,,,,,,,,,,,,,,,,,,,,,,,,,,,,,,,,,,,,,,,,,,,,,,71.91413,,,6.31,,,6.95,,,0.69,,449.99,397.19,847.18,5.55,4.64,0.25,7.1,1473.0,3115.0,120.52278,112.99274,121.4739,117.14178,112.04306,117.70706,-2.9,0.2,-3.1,-3.4,-0.6,-3.5,-1.3,-3.8,-0.8,-2.0,-2.4,-2.1,90.26996,127.18892,224.12443,143.17362,117.3759,149.1791,108.28457,226.26298,156.18821,-4.8,-2.5,18.9,-9.1,1.4,-4.1,-0.3,,-17.5,-5.2,-0.9,15.2,-6.0,4.8,-5.9,-0.8,,-13.6,-7.3,-12.3,26.4,-3.1,-1.7,-14.5,-1.7,,-10.5,94.26392,94.79744,,4.1,2.7,-0.5
2012-10-01,,,,,,,,,,,,,,,,,,,,,,,,,,,,,,,,,,,,,,,,,,,,,,72.07926,,,6.56,,,6.39,,,0.23,,451.2,398.86,850.06,5.51,4.99,0.34,6.9,1479.0,3111.0,130.27003,125.2329,130.9061,118.93576,121.77345,119.12486,-2.3,0.5,-2.5,-2.5,0.0,-2.6,5.2,5.3,5.4,1.5,8.7,1.2,99.89046,159.04851,244.39391,157.62509,109.56267,164.57564,110.49535,238.75562,156.83912,-3.7,-2.0,22.4,-6.7,1.4,-5.0,-0.6,,-13.0,-3.9,0.4,17.8,-4.7,3.5,-5.6,-0.9,,-9.3,8.1,12.2,31.5,7.3,-7.9,-2.9,-2.0,,22.4,98.1207,95.28616,,4.4,7.3,0.5
2012-11-01,,,,,,,,,,,,,,,,,,,,,,,,,,,,,,,,,,,,,,,,,,,,,,72.27028,,,6.84,,,6.66,,,0.27,,452.14,399.82,851.96,5.36,5.23,0.22,6.8,1487.0,3109.0,122.16077,112.7973,123.34358,117.35209,112.83918,117.99512,-2.1,-0.3,-2.1,-2.2,-0.5,-2.2,0.6,-5.1,1.4,-1.3,-7.3,-0.9,96.84019,151.51126,216.48586,151.75101,108.09458,162.86658,109.80149,241.09967,120.09528,-3.2,0.4,22.0,-5.3,0.8,-5.5,-0.3,,-6.7,-3.3,1.6,18.0,-4.3,2.2,-5.6,-0.7,,-5.0,3.1,15.1,20.0,0.7,-10.0,-6.1,1.7,,52.8,96.9834,95.42849,,4.4,4.1,0.1
2012-12-01,,,,,,,,,,,,,,,,,,,,,,,,,,,,,,,,,,,,,,,,,,,,,,72.56755,,,7.28,,,7.28,,,0.41,,453.79,401.85,855.64,5.68,5.68,0.43,6.9,1493.0,3101.0,107.48937,119.97843,105.91076,118.06529,116.2966,118.46096,-2.3,-0.5,-2.4,-2.3,-0.5,-2.4,-3.6,-0.6,-4.5,0.6,3.1,0.4,88.08616,119.02802,173.18556,112.75617,48.70412,162.85224,109.38372,204.93048,65.08486,-3.7,2.5,16.8,-3.6,1.8,-5.2,-0.8,,-2.0,-3.7,2.5,16.8,-3.6,1.8,-5.2,-0.8,,-2.0,-7.8,15.5,5.9,7.7,-8.5,-0.7,-2.5,,107.8,103.89676,96.75238,4.3,4.3,3.4,1.4
2013-01-01,,,,,,,,,,,,,,,,,,,,,,,,,,,,,,,,,,,,,,,,,,,,,,72.49511,,,-0.1,,,7.63,,,-0.1,,455.09,402.12,857.21,5.25,0.18,0.18,7.2,1511.0,3114.0,110.11744,109.22538,110.22978,119.17834,111.11054,119.80489,-1.5,0.2,-1.5,6.5,2.0,7.1,6.5,2.0,7.1,0.9,-4.5,1.1,97.77323,146.23697,182.16102,132.8673,93.75577,164.53782,111.111,207.14091,26.82473,-2.4,3.6,11.3,-3.1,1.1,-3.8,-0.2,,-2.7,8.7,13.7,14.4,2.7,-5.0,5.7,5.3,-4.4,-7.6,8.7,13.7,14.4,2.7,-5.0,5.7,5.3,-4.4,-7.6,92.54566,95.73944,4.3,5.0,5.0,-1.0
2013-02-01,,,,,,,,,,,,,,,,,,,,,,,,,,,,,,,,,,,,,,,,,,,,,,72.24092,,,-0.45,,,7.71,,,-0.35,,456.58,406.88,863.46,5.69,0.91,0.73,7.8,1531.0,3132.0,102.62008,98.98255,103.07938,115.77145,111.45291,116.2747,-1.2,-0.7,-1.1,2.3,-3.4,3.0,-2.0,-8.7,-1.1,-2.9,0.3,-2.9,88.23582,141.55068,84.90218,133.38922,84.0449,165.24819,101.31127,195.48044,18.71933,-1.6,4.6,10.9,-2.7,-0.5,-2.8,0.0,,-4.3,5.3,12.0,9.7,-2.8,-14.4,2.3,2.9,-9.8,-18.3,1.8,10.3,0.8,-7.7,-22.8,-0.9,0.4,-14.9,-29.9,88.61865,96.41682,4.2,3.6,2.3,0.7
2013-03-01,,,,,,,,,,,,,,,,,,,,,,,,,,,,,,,,,,,,,,,,,,,,,,72.26989,,,-0.41,,,6.65,,,0.04,,457.6,407.43,865.03,5.55,1.1,0.18,8.0,1550.0,3150.0,113.85214,103.84508,115.11631,118.0863,106.85575,119.09645,-0.9,-1.6,-0.8,0.7,-5.4,1.5,-2.0,-9.1,-1.1,2.0,-4.1,2.4,91.52452,157.83685,48.18449,146.28047,103.80342,171.54367,112.44227,199.69638,20.91853,-1.0,6.9,10.5,-1.7,-2.7,-2.2,0.5,,-4.7,2.1,11.0,-3.2,-3.3,-15.6,0.6,2.7,-9.9,-14.9,-3.9,9.2,-41.4,-4.1,-17.6,-2.5,2.3,-10.3,-6.3,95.83888,96.73558,3.8,3.0,1.8,0.3
2013-04-01,,,,,,,,,,,,,,,,,,,,,,,,,,,,,,,,,,,,,,,,,,,,,,72.56232,,,-0.01,,,5.54,,,0.4,,457.97,413.0,870.97,5.6,1.79,0.69,7.9,1561.0,3157.0,118.65181,104.96753,120.38064,120.02645,109.44866,121.391,0.2,-2.0,0.6,3.0,-5.5,4.1,9.8,-5.8,11.8,1.6,2.4,1.9,100.48475,182.01665,39.45326,149.49335,125.73648,187.24102,109.32789,221.92815,82.133,0.7,10.0,10.7,-0.2,-1.6,-1.3,0.5,,-0.2,5.4,17.5,-5.7,-0.8,-8.3,3.4,2.3,-6.8,27.1,15.7,37.4,-21.6,6.5,13.6,11.6,1.1,2.8,111.3,96.94533,97.78529,4.2,4.2,7.9,1.1
2013-05-01,,,,,,,,,,,,,,,,,,,,,,,,,,,,,,,,,,,,,,,,,,,,,,72.73777,,,0.23,,,4.03,,,0.24,,460.08,366.26,826.34,-0.47,-3.42,-5.12,7.6,1570.0,3159.0,122.33153,110.63187,123.80956,119.77411,108.89265,121.08657,0.8,-2.9,1.3,2.9,-6.1,4.0,2.5,-8.4,3.9,-0.2,-0.5,-0.3,98.63029,181.09008,54.17074,150.51983,159.26117,180.65108,104.52773,227.76598,153.22945,0.7,8.1,10.2,-0.2,-0.2,-0.5,0.0,,8.6,3.9,12.9,-8.0,-1.8,-0.6,3.0,0.6,-4.8,34.7,-1.6,-0.7,-20.5,-5.4,26.5,1.4,-6.0,3.4,43.0,97.9148,97.45716,4.1,4.1,3.6,-0.3
2013-06-01,,,,,,,,,,,,,,,,,,,,,,,,,,,,,,,,,,,,,,,,,,,,,,73.69742,,,1.56,,,4.24,,,1.32,,460.89,429.87,890.76,6.54,4.1,7.8,7.5,1588.0,3185.0,118.51416,112.4949,119.27438,120.19197,112.81955,121.18342,1.5,-3.1,2.1,3.0,-5.6,4.1,3.5,-3.4,4.4,0.3,3.6,0.1,92.70086,169.56147,99.63638,145.47411,150.25425,162.6067,104.62937,207.82792,133.84946,1.0,5.2,12.9,0.3,1.0,-1.0,0.3,,16.8,3.3,9.5,-4.0,-1.7,3.2,1.9,1.3,-5.6,32.1,0.6,-4.3,16.6,-1.0,20.7,-3.6,4.8,-9.7,26.4,96.80087,98.56734,4.1,4.1,4.2,1.1
2013-07-01,,,,,,,,,,,,,,,,,,,,,,,,,,,,,,,,,,,,,,,,,,,,,,74.59121,,,2.79,,,4.98,,,1.21,,461.43,374.52,835.95,-0.3,-2.3,-6.15,7.4,1602.0,3206.0,125.8847,116.55067,127.06378,119.55069,111.46362,120.54479,1.9,-3.4,2.6,3.0,-5.3,4.1,3.4,-3.2,4.2,-0.5,-1.2,-0.5,101.08271,167.97562,169.35795,150.13564,122.65998,180.14334,105.96172,184.97011,168.59308,1.3,10.8,11.9,0.4,0.1,-0.7,0.1,,19.2,3.2,12.9,-3.1,-1.5,2.2,2.3,0.7,-7.4,24.4,2.7,38.2,-0.3,-0.6,-3.3,4.8,-2.7,-18.0,8.1,99.27703,98.19744,4.3,4.3,5.3,-0.4
2013-08-01,,,,,,,,,,,,,,,,,,,,,,,,,,,,,,,,,,,,,,,,,,,,,,75.65569,,,4.26,,,5.92,,,1.43,,463.03,377.73,840.76,-0.51,-1.74,0.58,7.2,1616.0,3227.0,130.56683,118.01646,132.15233,119.84516,111.42868,121.22989,1.9,-3.6,2.6,2.7,-4.9,3.6,0.5,-2.1,0.8,0.2,0.0,0.6,101.38601,152.24182,195.72406,154.78183,118.8685,173.15122,107.28454,236.43505,181.6737,1.4,10.4,5.8,-0.3,-1.7,-0.7,-0.3,,20.4,2.7,12.0,-6.1,-1.7,0.5,2.1,0.2,-5.2,20.2,-1.0,5.6,-15.2,-2.5,-9.9,0.6,-2.9,10.8,8.0,99.33373,97.91152,4.1,4.0,2.2,-0.3
2013-09-01,,,,,,,,,,,,,,,,,,,,,,,,,,,,,,,,,,,,,,,,,,,,,,76.09058,,,4.85,,,5.81,,,0.57,,465.76,379.55,845.31,-0.22,-1.21,0.54,7.0,1619.0,3227.0,125.03259,112.6722,126.59411,120.43575,111.7507,121.44121,2.3,-3.3,3.0,2.8,-4.4,3.7,3.7,-0.3,4.2,0.5,0.3,0.2,95.93172,173.03609,184.22656,145.04513,117.14605,166.65588,106.57086,206.74101,162.13982,2.5,14.3,0.5,0.1,-1.6,1.4,-0.2,,23.1,3.0,14.4,-8.4,-1.4,0.4,3.0,0.0,-5.6,17.0,6.3,36.0,-17.8,1.3,-0.2,11.7,-1.6,-8.6,3.8,98.93265,98.92546,4.3,4.1,5.0,1.0
2013-10-01,,,,,,,,,,,,,,,,,,,,,,,,,,,,,,,,,,,,,,,,,,,,,,75.75069,,,4.39,,,5.09,,,-0.45,,468.27,380.8,849.07,-0.12,-0.77,0.44,6.8,1631.0,3237.0,131.19189,120.45492,132.54824,119.10805,117.14699,120.15318,1.9,-4.1,2.6,2.6,-4.3,3.4,0.7,-3.8,1.3,-1.1,4.8,-1.1,101.41923,184.2796,186.88123,157.73463,125.15718,177.77661,111.40357,256.83649,152.77421,2.0,14.7,-6.2,-0.5,0.3,2.3,0.0,,19.4,2.9,14.6,-11.0,-1.2,1.7,3.5,0.1,-4.2,13.8,1.5,15.9,-23.5,0.1,14.2,8.0,0.8,7.6,-2.6,102.21061,99.36917,4.0,4.1,4.2,0.4
2013-11-01,,,,,,,,,,,,,,,,,,,,,,,,,,,,,,,,,,,,,,,,,,,,,,76.23883,,,5.06,,,5.49,,,0.64,,471.51,381.11,852.62,0.08,-0.35,0.42,6.5,1632.0,3223.0,123.68849,116.10302,124.64661,119.74552,115.24287,120.25251,2.0,-3.4,2.6,2.4,-3.7,3.2,1.3,2.9,1.1,0.5,-1.6,0.1,94.01532,158.47832,157.62807,146.23561,122.18403,163.12174,109.25958,216.56786,133.02532,1.5,13.7,-11.4,-0.9,2.2,2.9,-0.2,,16.1,2.3,13.6,-13.2,-1.4,2.7,3.2,0.0,-4.8,13.5,-2.9,4.6,-27.2,-3.6,13.0,0.2,-0.5,-10.2,10.8,101.19192,100.02239,4.1,4.1,4.3,0.7
2013-12-01,,,,,,,,,,,,,,,,,,,,,,,,,,,,,,,,,,,,,,,,,,,,,84.94918,76.69694,77.06915,,5.69,,,5.69,,,0.6,,474.1,386.0,860.1,0.52,0.52,0.88,6.2,1630.0,3198.0,104.97604,115.75058,103.6141,115.55021,113.23835,115.7761,2.1,-3.6,2.8,2.1,-3.6,2.8,-2.3,-3.5,-2.2,-3.5,-1.7,-3.7,91.80947,126.35145,110.17232,108.61208,58.26796,141.19202,110.10092,188.59225,77.64681,2.5,13.1,-15.4,-1.6,3.3,1.9,0.1,-5.0,13.8,2.5,13.1,-15.4,-1.6,3.3,1.9,0.1,-5.0,13.8,4.2,6.2,-36.4,-3.7,19.6,-13.3,0.7,-8.0,19.3,107.58205,100.13935,4.1,4.1,3.5,0.1
2014-01-01,,,,,,,,,,,,,,,,,,,,,,,,,,,,,,,,,,,,,,,,,,,,,87.51366,77.79224,78.23072,3.02,1.43,1.51,,7.31,,3.02,1.43,1.51,477.0,387.01,864.01,0.79,0.45,0.45,6.5,1639.0,3195.0,107.91411,111.50309,107.46019,117.56859,113.17167,117.65295,1.4,-3.6,2.1,-2.0,2.1,-2.5,-2.0,2.1,-2.5,1.7,-0.1,1.6,97.78072,119.6873,84.93197,123.31824,105.66278,166.67887,109.17172,201.73902,26.95741,1.8,10.4,-21.9,-2.3,4.6,1.5,-0.5,-4.9,14.1,0.0,-18.2,-53.4,-7.2,12.7,1.3,-1.7,-2.6,0.5,0.0,-18.2,-53.4,-7.2,12.7,1.3,-1.7,-2.6,0.5,97.63066,100.78572,4.1,5.5,5.5,0.6
2014-02-01,,,,,,,,,,,,,,,,,,,,,,,,,,,,,,,,,,,,,,,,,,,,,84.54011,78.1971,78.4832,-0.48,1.96,1.83,,8.24,,-3.4,0.52,0.32,480.39,387.44,867.83,0.51,0.9,0.44,6.8,1667.0,3226.0,107.54777,100.58812,108.42686,118.02684,113.09751,118.4051,1.9,-2.9,2.5,1.3,1.9,1.2,4.8,1.6,5.2,0.4,-0.1,0.6,89.91442,129.4697,42.80386,133.73915,130.06426,183.57667,98.49017,185.15123,19.84282,1.8,8.9,-24.2,-1.7,10.1,2.5,-0.7,-4.1,14.9,0.9,-13.4,-52.2,-3.5,32.6,6.2,-2.2,-3.9,2.8,1.9,-8.5,-49.6,0.3,54.8,11.1,-2.8,-5.3,6.0,94.77919,100.1894,4.5,6.2,7.0,-0.6
2014-03-01,,,,,,,,,,,,,,,,,,,,,,,,,,,,,,,,,,,,,,,,,,,,,85.6457,78.03673,78.37993,0.82,1.75,1.7,,7.98,,1.31,-0.21,-0.13,485.63,387.57,873.2,0.94,1.52,0.62,7.2,1697.0,3262.0,113.37495,113.02179,113.41917,117.54712,115.42247,117.77577,2.1,-1.5,2.5,0.7,4.2,0.3,-0.4,8.8,-1.5,-0.4,2.1,-0.5,90.03328,172.16298,58.4316,138.47874,137.24015,182.64454,109.80847,191.81839,29.37068,2.0,8.9,-22.2,-1.8,14.6,3.3,-1.1,-3.5,15.8,0.1,-5.5,-40.9,-4.1,32.4,6.3,-2.3,-3.9,14.6,-1.6,9.1,21.3,-5.3,32.2,6.5,-2.3,-3.9,40.4,98.55459,100.44718,4.6,5.0,2.8,0.3
2014-04-01,,,,,,,,,,,,,,,,,,,,,,,,,,,,,,,,,,,,,,,,,,,,,75.55661,77.71559,77.61821,-11.06,1.33,0.71,,7.1,,-11.78,-0.41,-0.97,487.48,389.71,877.19,0.71,1.99,0.46,7.2,1709.0,3260.0,111.8974,111.15067,111.99136,116.62703,116.36928,116.54741,0.8,-0.5,1.0,-1.0,4.6,-1.7,-5.7,5.9,-7.0,-0.8,0.8,-1.0,92.55032,166.87086,49.5518,137.42422,150.22036,193.60688,107.63979,192.82423,86.13331,0.1,5.1,-21.1,-3.0,15.1,2.6,-1.4,-4.9,11.9,-2.0,-6.3,-33.5,-5.2,28.4,5.5,-2.1,-6.4,9.2,-7.9,-8.3,25.6,-8.1,19.5,3.4,-1.5,-13.1,4.9,98.57511,100.74433,4.1,4.2,1.7,0.3
2014-05-01,,,,,,,,,,,,,,,,,,,,,,,,,,,,,,,,,,,,,,,,,,,,,77.49645,77.50994,77.50933,-8.77,1.06,0.57,,6.56,,2.57,-0.26,-0.14,487.84,398.67,886.51,7.28,3.07,1.06,7.0,1717.0,3254.0,118.5303,119.0604,118.46288,115.44208,116.84347,115.40374,0.3,0.8,0.3,-1.5,5.2,-2.2,-3.1,7.6,-4.3,-1.0,0.4,-1.0,99.4101,149.62249,73.25133,146.79171,162.81811,196.91077,101.90444,196.63684,151.77053,0.3,3.4,-19.4,-2.7,12.5,3.3,-1.0,-6.3,7.6,-1.5,-8.8,-24.4,-4.6,21.1,6.2,-2.2,-8.0,4.1,0.8,-17.4,35.2,-2.5,2.2,9.0,-2.5,-13.7,-1.0,100.64206,100.33217,4.0,3.9,2.8,-0.4
2014-06-01,,,,,,,,,,,,,,,,,,,,,,,,,,,,,,,,,,,,,,,,,,,,,74.90327,77.38748,77.27543,-11.83,0.9,0.27,,5.01,,-3.35,-0.16,-0.3,489.58,402.15,891.73,0.11,3.68,0.59,6.9,1717.0,3236.0,110.61037,117.12345,109.78693,112.17435,117.39799,111.40138,-0.5,1.5,-0.7,-2.4,5.0,-3.2,-6.7,4.1,-8.0,-2.8,0.5,-3.5,91.41132,118.65383,117.81871,129.93454,158.16157,180.38724,103.96065,192.10278,166.70957,0.1,1.0,-19.0,-3.5,11.0,4.5,-1.5,-6.1,7.8,-1.4,-12.5,-16.1,-5.6,17.8,7.0,-1.9,-7.9,10.4,-1.4,-30.0,18.2,-10.7,5.3,10.9,-0.6,-7.6,24.6,98.27029,99.8849,3.8,3.5,1.5,-0.4
2014-07-01,,,,,,,,,,,,,,,,,,,,,,,,,,,,,,,,,,,,,,,,,,,,,69.75342,77.1709,76.83634,-17.89,0.62,-0.3,,3.46,,-6.88,-0.28,-0.57,490.65,406.23,896.88,7.29,4.28,0.58,7.0,1718.0,3230.0,121.70206,124.39125,121.36179,114.96081,120.16443,114.44328,-1.1,2.3,-1.5,-2.5,5.3,-3.4,-3.3,6.7,-4.5,2.5,2.4,2.7,104.37019,65.03776,233.40782,148.28136,156.40547,180.94989,110.57293,232.81389,162.50587,0.2,-7.1,-15.4,-3.6,13.8,4.1,-0.9,-2.8,6.3,-0.7,-19.6,-2.6,-5.0,19.2,6.0,-1.0,-3.6,6.5,3.3,-61.3,37.8,-1.2,27.5,0.4,4.4,25.9,-3.6,101.36623,100.32547,3.5,3.3,2.1,0.4
2014-08-01,,,,,,,,,,,,,,,,,,,,,,,,,,,,,,,,,,,,,,,,,,,,,69.30494,77.54671,77.17497,-18.42,1.11,0.14,,2.5,,-0.64,0.49,0.44,492.01,409.49,901.5,7.22,4.81,0.52,7.0,1734.0,3253.0,123.92138,128.45124,123.3485,115.39026,123.19909,114.52472,-1.6,3.3,-2.2,-2.9,5.8,-3.9,-5.1,8.8,-6.7,0.4,2.5,0.1,92.56857,129.61224,228.86734,148.52008,158.35341,185.59982,107.46381,199.8531,195.14401,-0.5,-8.7,-11.8,-3.7,17.8,4.7,-0.6,-5.0,6.2,-1.8,-19.1,1.8,-4.9,20.9,6.2,-0.9,-5.3,6.7,-8.7,-14.9,16.9,-4.0,33.2,7.2,0.2,-15.5,7.4,100.76381,100.2954,3.4,3.0,1.4,0.0
2014-09-01,,,,,,,,,,,,,,,,,,,,,,,,,,,,,,,,,,,,,,,,,,,,,70.48974,78.28649,77.93482,-17.02,2.07,1.12,,2.89,,1.71,0.95,0.98,493.0,409.94,902.94,6.82,4.98,0.16,6.8,1745.0,3264.0,123.07107,124.82072,122.84953,115.61328,123.10839,114.86188,-2.0,4.2,-2.8,-2.7,6.4,-3.8,-1.6,10.8,-3.0,0.2,-0.1,0.3,95.60685,159.56525,220.32382,146.90767,134.86319,177.53817,108.25368,245.52285,169.22776,-1.0,-11.6,-7.6,-3.7,19.2,4.3,-0.4,-2.8,6.3,-1.6,-17.7,4.9,-4.2,20.3,6.2,-0.6,-2.6,6.3,-0.3,-7.8,19.6,1.3,15.1,6.5,1.6,18.8,4.4,101.9635,100.84939,3.3,3.0,3.1,0.6
2014-10-01,,,,,,,,,,,,,,,,,,,,,,,,,,,,,,,,,,,,,,,,,,,,,66.35483,78.80531,78.24374,-21.89,2.75,1.52,,4.03,,-5.87,0.66,0.4,495.29,410.36,905.65,6.66,5.3,0.3,6.7,1759.0,3277.0,127.32526,130.02775,126.9833,115.78657,126.16485,115.18897,-2.4,5.3,-3.3,-2.7,6.5,-3.8,-2.9,7.9,-4.2,0.1,2.5,0.3,99.41612,161.68566,224.68059,149.54596,141.39953,177.49818,108.99827,237.91209,174.53394,-1.3,-14.0,-2.0,-4.2,19.0,3.6,-0.6,-4.2,8.3,-1.7,-17.1,7.2,-4.3,19.5,5.5,-0.8,-3.2,7.4,-2.0,-12.3,20.2,-5.2,13.0,-0.2,-2.2,-7.4,14.2,104.23927,101.48802,3.1,2.9,2.0,0.6
2014-11-01,,,,,,,,,,,,,,,,,,,,,,,,,,,,,,,,,,,,,,,,,,,,,64.84196,79.64289,78.9753,-23.67,3.84,2.47,,4.46,,-2.28,1.06,0.93,494.93,412.5,907.43,6.54,5.5,0.2,6.6,1756.0,3255.0,116.2884,122.42012,115.51312,114.68783,122.22346,113.50839,-3.0,5.5,-4.0,-3.0,6.4,-4.1,-6.0,5.4,-7.3,-0.9,-3.1,-1.5,90.35126,136.3833,173.12645,133.35786,130.29994,165.19937,107.85122,226.79053,101.21245,-1.4,-15.4,2.7,-4.6,18.4,3.7,-0.7,-2.9,4.8,-1.9,-16.8,7.5,-4.7,18.3,5.2,-0.8,-2.5,4.0,-3.9,-13.9,9.8,-8.8,6.6,1.3,-1.3,4.7,-23.9,102.23443,102.04719,2.8,2.7,1.0,0.6
2014-12-01,,,,,,,,,,,,,,,,,,,,,,,,,,,,,,,,,,,,,,,,,,,,,58.10738,80.11443,79.12182,-31.6,4.46,2.66,-31.6,4.46,2.66,-10.39,0.59,0.19,497.37,415.95,913.32,6.2,6.2,0.65,6.6,1767.0,3256.0,102.2134,128.17597,98.93218,111.5871,124.21875,109.69054,-3.0,6.8,-4.2,-3.0,6.8,-4.2,-2.6,10.7,-4.5,-2.7,1.6,-3.4,91.52835,109.97619,121.61741,86.41958,69.13516,150.05699,109.03228,195.19712,50.56075,-1.7,-16.6,7.7,-5.7,18.4,5.2,-0.8,-2.0,1.7,-1.7,-16.6,7.7,-5.7,18.4,5.2,-0.8,-2.0,1.7,-0.3,-13.0,10.4,-20.4,18.7,6.3,-1.0,3.5,-34.9,108.13736,99.91212,2.5,2.5,0.5,-2.1
2015-01-01,,,,,,,,,,,,,,,,,,,,,,,,,,,,,,,,,,,,,,,,,,,,,50.7061,80.13327,78.80597,-12.74,0.02,-0.4,-42.06,3.01,0.74,-12.74,0.02,-0.4,498.35,416.87,915.22,5.94,0.21,0.21,6.9,1784.0,3261.0,102.66304,124.45172,99.90927,112.05593,125.09405,110.23287,-3.2,7.6,-4.5,-4.9,11.6,-7.0,-4.9,11.6,-7.0,0.4,0.7,0.5,91.10912,140.49939,107.9904,111.37005,107.08552,163.93382,105.81686,212.56433,29.2887,-2.3,-14.3,16.7,-5.9,17.4,5.0,-0.9,-1.4,1.9,-6.8,17.4,27.1,-9.7,1.3,-1.6,-3.1,5.4,8.6,-6.8,17.4,27.1,-9.7,1.3,-1.6,-3.1,5.4,8.6,94.60379,98.09406,1.8,-3.1,-3.1,-1.8
2015-02-01,,,,,,,,,,,,,,,,,,,,,,,,,,,,,,,,,,,,,,,,,,,,,58.765,80.34299,79.36972,1.13,0.29,0.31,-30.49,2.74,1.13,15.89,0.26,0.72,499.23,417.62,916.85,5.67,0.39,0.18,7.5,1800.0,3255.0,97.57125,113.7199,95.53022,111.07832,126.612,109.06549,-4.3,8.4,-5.8,-7.1,12.3,-9.5,-9.3,13.1,-11.9,-0.9,1.2,-1.1,84.98689,152.88329,60.63265,118.21163,121.41268,155.37332,95.77231,145.3004,25.96146,-2.9,-12.6,21.6,-6.8,13.1,2.7,-0.9,-2.6,2.3,-6.2,17.8,32.0,-10.7,-3.1,-8.8,-2.9,-7.5,18.1,-5.5,18.1,41.7,-11.6,-6.7,-15.4,-2.8,-21.5,30.8,91.12558,98.86292,1.0,-3.5,-3.9,0.8
2015-03-01,,,,,,,,,,,,,,,,,,,,,,,,,,,,,,,,,,,,,,,,,,,,,59.90242,81.83813,80.84873,3.09,2.15,2.18,-30.06,4.87,3.15,1.94,1.86,1.86,500.16,418.79,918.95,5.26,0.62,0.23,8.0,1823.0,3256.0,109.92777,124.76847,108.05198,110.66301,128.7769,108.20235,-4.5,8.6,-6.0,-5.7,11.6,-7.8,-3.0,10.4,-4.7,-0.4,1.7,-0.8,94.84598,211.29255,59.33738,134.3454,151.37594,184.97568,110.00592,181.47391,34.17216,-2.3,-11.2,20.8,-6.6,11.5,2.3,-0.7,-2.7,2.0,-2.4,19.8,22.4,-8.0,1.9,-5.4,-1.9,-6.8,17.4,5.3,22.7,1.6,-3.0,10.3,1.3,0.2,-5.4,16.3,100.82027,99.80377,1.0,-1.5,2.3,1.0
2015-04-01,,,,,,,,,,,,,,,,,,,,,,,,,,,,,,,,,,,,,,,,,,,,,58.0148,82.11616,81.02908,-0.16,2.5,2.41,-23.22,5.66,4.39,-3.15,0.34,0.22,502.33,421.25,923.58,5.3,1.12,0.5,8.1,1839.0,3248.0,103.51269,124.04402,100.91781,108.52939,128.883,105.92116,-4.6,9.0,-6.2,-6.1,11.6,-8.4,-7.5,11.6,-9.9,-1.9,0.1,-2.1,91.62982,178.52421,34.1726,123.50639,126.71123,176.82928,104.57038,157.94512,91.23366,-1.7,-9.9,18.8,-6.8,8.1,1.1,-0.8,-2.9,2.0,-2.1,16.2,11.2,-8.5,-3.2,-6.2,-2.1,-9.6,11.3,-1.0,7.0,-31.0,-10.1,-15.6,-8.7,-2.9,-18.1,5.9,95.75285,98.15012,0.6,-1.9,-2.9,-1.7
2015-05-01,,,,,,,,,,,,,,,,,,,,,,,,,,,,,,,,,,,,,,,,,,,,,55.9679,82.21086,81.02719,-3.68,2.62,2.41,-27.78,6.06,4.54,-3.53,0.12,0.0,505.02,430.18,935.2,5.51,2.4,1.26,8.2,1847.0,3233.0,108.44442,128.08446,105.96215,107.28986,127.04053,104.72461,-5.1,9.0,-6.8,-6.6,10.8,-8.8,-8.5,7.6,-10.6,-1.1,-1.4,-1.1,93.29556,166.9065,51.3651,113.94546,130.02054,177.32272,98.01268,172.02564,141.93089,-2.3,-7.4,15.6,-8.5,5.6,-0.6,-0.9,-2.7,1.4,-2.9,15.2,1.5,-11.5,-7.2,-7.0,-2.4,-10.2,2.7,-6.2,11.6,-29.9,-22.4,-20.1,-9.9,-3.8,-12.5,-6.5,97.48066,98.13204,0.1,-2.1,-3.1,0.0
2015-06-01,,,,,,,,,,,,,,,,,,,,,,,,,,,,,,,,,,,,,,,,,,,,,58.42706,82.49403,81.4085,0.55,2.97,2.89,-22.0,6.6,5.35,4.39,0.34,0.47,507.16,434.84,942.0,5.66,3.15,0.73,8.4,1866.0,3242.0,107.78466,127.16843,105.33477,106.47584,126.93522,103.92982,-4.7,9.4,-6.5,-6.0,10.4,-8.0,-2.6,8.6,-4.1,-0.8,-0.1,-0.8,93.97136,174.33684,80.56083,109.56803,115.95781,171.52021,105.39131,176.13715,171.30878,-2.0,-1.8,11.6,-8.9,2.3,-1.9,-0.8,-2.7,-0.7,-2.0,19.6,-7.7,-12.2,-10.9,-6.7,-1.8,-9.9,2.7,2.8,46.9,-31.6,-15.7,-26.7,-4.9,1.4,-8.3,2.8,96.08156,96.50426,-0.2,-2.1,-2.2,-1.7
2015-07-01,,,,,,,,,,,,,,,,,,,,,,,,,,,,,,,,,,,,,,,,,,,,,59.51277,83.05526,81.99339,2.42,3.67,3.63,-14.68,7.63,6.71,1.86,0.68,0.72,509.83,438.63,948.46,5.77,3.86,0.69,8.6,1866.0,3220.0,111.24612,128.9601,109.00724,104.59295,124.67748,102.04073,-5.2,9.1,-7.0,-6.4,9.3,-8.4,-8.6,3.7,-10.2,-1.8,-1.8,-1.8,97.8407,139.21645,132.31847,106.58877,125.56223,172.10821,109.39545,185.46209,167.29459,-2.9,8.4,0.0,-11.3,-1.9,-2.3,-1.2,-6.5,0.1,-2.7,26.3,-20.3,-14.7,-12.2,-6.4,-1.7,-11.6,2.8,-6.3,114.1,-43.3,-28.1,-19.7,-4.9,-1.1,-20.3,2.9,97.08074,96.02438,-0.7,-2.4,-4.2,-0.5
2015-08-01,,,,,,,,,,,,,,,,,,,,,,,,,,,,,,,,,,,,,,,,,,,,,54.33224,84.1256,82.78179,-6.5,5.01,4.63,-21.6,8.48,7.27,-8.7,1.29,0.96,510.89,444.23,955.12,5.96,4.58,0.7,8.8,1868.0,3204.0,113.73341,133.23689,111.26838,105.01583,127.12308,102.40385,-5.5,8.6,-7.2,-6.6,8.6,-8.6,-8.2,3.7,-9.8,0.4,2.0,0.4,94.23044,187.14839,161.41353,106.78077,110.70132,146.82423,108.80008,152.15298,205.04381,-2.0,13.3,-6.6,-13.4,-7.4,-4.7,-1.1,-7.0,-0.2,-2.1,28.5,-22.6,-16.5,-14.7,-8.3,-1.3,-13.2,3.3,1.8,44.4,-29.5,-28.1,-30.1,-20.9,1.2,-23.9,5.1,97.22343,96.74517,-1.1,-2.6,-3.5,0.8
2015-09-01,,,,,,,,,,,,,,,,,,,,,,,,,,,,,,,,,,,,,,,,,,,,,61.12551,86.39712,85.25726,5.19,7.84,7.75,-13.28,10.36,9.4,12.5,2.7,2.99,512.51,445.12,957.63,6.07,4.86,0.26,9.0,1875.0,3203.0,109.91113,128.3123,107.5854,102.65793,126.7858,99.8245,-6.3,7.9,-8.1,-7.1,7.9,-9.0,-10.7,2.8,-12.4,-2.2,-0.3,-2.5,94.85306,180.89408,172.12388,104.64722,106.13595,158.98286,105.04233,197.3046,168.86982,-2.0,15.5,-11.8,-16.1,-10.2,-6.1,-1.5,-10.4,-0.7,-2.0,26.5,-22.5,-17.9,-15.4,-8.5,-1.5,-14.0,2.7,-0.8,13.4,-21.9,-28.8,-21.3,-10.5,-3.0,-19.6,-0.2,97.0727,95.9274,-1.8,-2.8,-4.8,-0.8
2015-10-01,,,,,,,,,,,,,,,,,,,,,,,,,,,,,,,,,,,,,,,,,,,,,62.37493,87.91434,86.7624,7.34,9.74,9.66,-6.0,11.56,10.89,2.04,1.76,1.77,513.41,446.76,960.17,6.03,5.14,0.27,9.1,1878.0,3190.0,113.31974,129.21393,111.31081,102.49926,124.32038,100.51277,-7.0,7.1,-8.8,-7.5,6.9,-9.4,-11.0,-0.6,-12.3,-0.2,-1.9,0.7,97.89886,191.9594,179.1484,109.81607,108.58333,158.02496,105.55893,165.85958,177.4729,-2.0,18.9,-16.7,-18.1,-13.2,-7.0,-1.6,-12.6,-2.0,-1.9,25.6,-22.1,-18.8,-16.1,-8.7,-1.7,-15.9,2.6,-1.5,18.7,-20.3,-26.6,-23.2,-11.0,-3.2,-30.3,1.7,98.16453,95.99809,-2.5,-3.1,-5.8,0.1
2015-11-01,,,,,,,,,,,,,,,,,,,,,,,,,,,,,,,,,,,,,,,,,,,,,56.08783,87.83044,86.39871,-3.48,9.63,9.2,-13.5,10.28,9.4,-10.08,-0.1,-0.42,515.5,447.34,962.84,6.12,5.43,0.28,9.1,1879.0,3166.0,102.02329,110.34308,100.97156,100.71088,110.48052,99.13273,-7.6,5.8,-9.3,-8.0,5.4,-9.7,-12.3,-9.9,-12.6,-1.7,-11.1,-1.4,93.69736,174.99613,133.90054,99.50122,90.54019,164.49191,101.16424,170.27083,116.88656,-1.4,22.8,-20.0,-19.5,-16.0,-7.1,-2.0,-15.3,1.4,-1.4,25.8,-22.2,-19.4,-17.3,-8.0,-2.1,-16.8,3.6,3.7,28.3,-22.7,-25.4,-30.5,-0.4,-6.2,-24.9,15.5,95.71546,95.10953,-3.1,-3.4,-6.4,-0.9
2015-12-01,,,,,,,,,,,,,,,,,,,,,,,,,,,,,,,,,,,,,,,,,,,,,52.68535,87.67307,86.09497,-9.33,9.43,8.81,-9.33,9.43,8.81,-6.07,-0.18,-0.35,516.06,447.33,963.39,5.5,5.5,0.06,9.1,1887.0,3150.0,89.97213,113.85183,86.95417,99.2477,110.35565,97.64499,-8.3,3.9,-9.8,-8.3,3.9,-9.8,-12.0,-11.2,-12.1,-1.5,-0.1,-1.5,93.71043,99.40978,115.50891,65.45742,61.71529,155.58011,103.01148,164.00338,87.75098,-1.1,23.4,-20.9,-19.7,-17.1,-7.2,-2.4,-16.7,6.2,-1.1,23.4,-20.9,-19.7,-17.1,-7.2,-2.4,-16.7,6.2,2.4,-9.6,-5.0,-24.3,-10.7,3.7,-5.5,-16.0,73.6,102.69431,94.57637,-3.6,-3.6,-5.0,-0.6
2016-01-01,,,,,,,,,,,,,,,,,,,,,,,,,,,,,,,,,,,,,,,,,,,,,45.08274,88.64258,86.67784,-14.43,1.11,0.68,-11.09,10.62,9.99,-14.43,1.11,0.68,518.13,450.57,968.7,5.86,0.55,0.55,9.6,1913.0,3160.0,88.87564,103.76011,86.99451,100.04878,105.0102,99.04171,-8.9,1.5,-10.3,-13.4,-16.6,-12.9,-13.4,-16.6,-12.9,0.8,-4.8,1.4,91.94527,158.30013,109.0259,81.40145,76.689,172.07284,104.74823,154.35175,29.38489,-0.5,23.0,-21.9,-20.9,-19.0,-6.7,-2.2,-19.4,6.1,0.9,12.7,1.0,-26.9,-28.4,5.0,-1.0,-27.4,0.3,0.9,12.7,1.0,-26.9,-28.4,5.0,-1.0,-27.4,0.3,89.87521,94.22026,-3.7,-5.0,-5.0,-0.4
2016-02-01,,,,,,,,,,,,,,,,,,,,,,,,,,,,,,,,,,,,,,,,,,,,,44.87465,88.07999,86.13123,-14.83,0.46,0.04,-23.64,9.63,8.52,-0.46,-0.63,-0.63,523.53,453.29,976.82,6.55,1.39,0.84,10.3,1921.0,3141.0,88.35558,100.85846,86.77544,99.00065,108.24712,97.47004,-8.9,-0.3,-10.1,-11.5,-14.1,-11.1,-9.4,-11.3,-9.2,-1.0,3.1,-1.6,90.72456,154.0415,86.02976,99.55218,100.4115,180.33802,103.62448,154.64676,23.91335,0.5,21.3,-21.2,-21.3,-19.8,-4.3,-1.4,-17.7,5.4,3.7,6.5,15.7,-21.2,-22.5,10.4,3.4,-13.7,-3.5,6.8,0.8,41.9,-15.8,-17.3,16.1,8.2,6.4,-7.9,87.59025,94.34604,-3.7,-4.4,-3.9,0.1
2016-03-01,,,,,,,,,,,,,,,,,,,,,,,,,,,,,,,,,,,,,,,,,,,,,47.82047,86.86238,85.10142,-9.23,-0.92,-1.15,-20.17,6.14,5.26,6.56,-1.38,-1.2,525.38,459.43,984.81,7.18,2.23,0.82,11.0,1947.0,3156.0,97.51803,104.83632,96.59313,99.5654,108.63571,98.32779,-9.6,-2.4,-10.6,-11.4,-14.7,-10.9,-11.3,-16.0,-10.6,0.6,0.4,0.9,94.66826,210.52635,61.47573,107.98843,116.85516,180.15794,106.97765,154.66407,46.8835,0.0,18.5,-21.2,-22.8,-22.6,-4.6,-1.6,-18.5,6.0,2.4,3.6,12.5,-20.6,-22.6,5.6,1.2,-14.0,12.0,-0.2,-0.4,3.6,-19.6,-22.8,-2.6,-2.8,-14.8,37.2,94.86837,94.30877,-4.4,-5.0,-5.9,0.0
2016-04-01,,,,,,,,,,,,,,,,,,,,,,,,,,,,,,,,,,,,,,,,,,,,,54.20421,86.25667,84.81096,2.88,-1.62,-1.49,-6.57,5.04,4.67,13.35,-0.7,-0.34,526.78,462.59,989.37,7.14,2.7,0.46,11.3,1950.0,3140.0,96.72772,104.83943,95.70255,99.5933,110.06714,98.29474,-9.5,-4.6,-10.2,-10.2,-14.9,-9.5,-6.6,-15.5,-5.2,0.0,1.3,0.0,93.22602,182.10574,41.15468,104.19537,116.65594,174.48246,102.5206,151.96559,125.06537,0.3,17.9,-20.0,-23.3,-22.1,-4.0,-1.6,-17.5,8.1,2.2,3.2,13.6,-19.3,-18.9,3.8,0.4,-11.7,24.7,1.7,2.0,20.4,-15.6,-7.9,-1.3,-2.0,-3.8,37.1,91.18002,92.73483,-4.6,-4.9,-4.8,-1.7
2016-05-01,,,,,,,,,,,,,,,,,,,,,,,,,,,,,,,,,,,,,,,,,,,,,60.36929,86.76782,85.57713,14.58,-1.03,-0.6,7.86,5.54,5.62,11.37,0.59,0.9,527.68,469.92,997.6,6.68,3.55,0.83,11.3,1968.0,3151.0,100.51023,113.70503,98.84264,99.98816,112.94566,98.25936,-9.4,-6.1,-9.9,-9.6,-14.2,-8.9,-7.3,-11.2,-6.7,0.4,2.6,0.0,96.29656,187.27312,65.30793,107.58823,119.89105,174.22546,100.90744,149.96194,144.68758,1.1,17.9,-18.1,-22.1,-21.2,-3.2,-1.0,-17.6,9.1,2.4,5.0,15.8,-16.7,-16.7,2.7,0.9,-11.9,14.7,3.2,12.2,27.1,-5.6,-7.8,-1.7,3.0,-12.8,1.9,91.57856,92.70148,-4.8,-5.1,-6.1,0.0
2016-06-01,,,,,,,,,,,,,,,,,,,,,,,,,,,,,,,,,,,,,,,,,,,,,59.55203,87.25354,86.00408,13.03,-0.48,-0.11,1.93,5.77,5.65,-1.35,0.56,0.5,528.55,479.2,1007.75,6.99,4.6,1.02,11.4,1959.0,3117.0,102.14944,111.44074,100.97518,98.63553,111.42941,97.07977,-9.7,-7.8,-9.9,-8.9,-13.8,-8.1,-5.2,-12.4,-4.1,-1.4,-1.3,-1.2,97.12165,182.31956,126.04174,109.17272,132.37713,172.96775,105.14396,173.87994,135.64986,1.1,14.6,-13.3,-21.1,-17.9,-2.7,-1.2,-17.2,6.1,2.6,4.9,24.1,-14.2,-11.9,2.4,0.7,-10.1,2.4,3.4,4.6,56.5,-0.4,14.2,0.8,-0.2,-1.3,-20.8,92.81982,92.25169,-4.9,-4.9,-3.4,-0.5
2016-07-01,,,,,,,,,,,,,,,,,,,,,,,,,,,,,,,,,,,,,,,,,,,,,52.4421,87.07164,85.5097,-0.46,-0.69,-0.68,-11.88,4.84,4.29,-11.94,-0.21,-0.57,527.97,481.79,1009.76,6.47,4.81,0.2,11.7,1971.0,3119.0,104.43092,117.07733,102.83264,99.32277,113.50682,97.51653,-9.5,-8.9,-9.6,-8.4,-13.2,-7.7,-6.1,-9.2,-5.7,0.7,1.9,0.4,94.16677,88.98592,123.64713,110.53976,132.04791,153.96773,104.95021,145.61241,177.63714,1.4,7.4,-8.0,-18.6,-15.8,-3.2,-1.4,-17.2,6.5,1.6,0.0,16.4,-11.9,-9.5,0.5,0.0,-11.8,3.3,-3.8,-36.1,-6.6,3.7,5.2,-10.5,-4.1,-21.5,6.2,92.74914,92.9399,-4.9,-4.8,-4.5,0.7
2016-08-01,,,,,,,,,,,,,,,,,,,,,,,,,,,,,,,,,,,,,,,,,,,,,54.6205,86.74193,85.29311,3.67,-1.06,-0.93,0.53,3.11,3.03,4.15,-0.38,-0.25,527.83,484.33,1012.16,5.98,5.07,0.24,11.9,1996.0,3146.0,108.37187,117.89722,107.16804,97.50683,111.75604,95.64768,-9.2,-10.2,-9.0,-7.9,-12.9,-7.2,-4.7,-11.5,-3.7,-1.8,-1.5,-1.9,98.21963,174.85358,156.55808,116.61821,128.87195,161.83537,106.63027,162.54131,165.80263,1.6,3.5,-4.0,-15.6,-11.9,-0.6,-1.7,-15.0,2.8,1.9,-0.9,11.8,-9.4,-6.6,1.6,-0.3,-9.8,-2.0,4.2,-6.6,-3.0,9.2,16.4,10.2,-2.0,6.8,-19.1,93.39892,91.45098,-5.0,-4.7,-3.9,-1.6
2016-09-01,,,,,,,,,,,,,,,,,,,,,,,,,,,,,,,,,,,,,,,,,,,,,59.09124,86.95392,85.69719,12.16,-0.82,-0.46,-3.33,0.64,0.52,8.19,0.24,0.47,530.97,483.83,1014.8,5.98,5.34,0.26,11.9,2001.0,3143.0,105.65274,116.34943,104.30087,98.50805,114.15664,96.9285,-8.6,-11.2,-8.2,-7.5,-12.5,-6.7,-3.9,-9.3,-3.1,1.0,2.1,1.3,91.33416,173.26773,165.36671,111.99292,115.81883,151.95344,105.24863,175.46054,156.97756,1.3,2.0,-1.2,-12.5,-9.4,0.0,-1.4,-14.2,2.0,1.3,-1.3,8.7,-7.8,-5.1,0.9,-0.2,-10.0,-2.8,-3.7,-4.2,-3.9,7.0,9.1,-4.4,0.2,-11.1,-7.0,92.34077,91.27136,-5.0,-4.7,-4.9,-0.2
2016-10-01,,,,,,,,,,,,,,,,,,,,,,,,,,,,,,,,,,,,,,,,,,,,,57.9452,87.08679,85.77238,9.98,-0.67,-0.37,-7.1,-0.94,-1.14,-1.94,0.15,0.09,531.49,489.76,1021.25,6.37,6.01,0.64,11.9,2010.0,3148.0,105.07812,117.97489,103.44821,97.14602,112.83767,95.55561,-8.2,-11.9,-7.7,-7.5,-12.1,-6.8,-7.3,-8.7,-7.1,-1.4,-1.2,-1.4,90.90736,154.89679,139.46068,113.67632,121.14669,160.40015,108.70183,143.25826,138.86638,0.8,-1.5,-0.8,-9.6,-6.4,1.1,-0.9,-12.3,-1.1,0.4,-3.3,3.4,-6.7,-3.6,1.0,0.1,-10.3,-5.6,-7.1,-19.3,-22.2,3.5,11.6,1.5,3.0,-13.6,-21.8,90.6883,89.59441,-5.1,-5.0,-7.6,-1.8
2016-11-01,,,,,,,,,,,,,,,,,,,,,,,,,,,,,,,,,,,,,,,,,,,,,59.21776,87.74479,86.4581,12.4,0.08,0.42,5.58,-0.1,0.07,2.2,0.76,0.8,531.18,491.08,1022.26,6.18,6.12,0.1,12.0,2017.0,3154.0,100.76965,115.22493,98.94276,98.10994,115.31169,95.74112,-7.3,-10.8,-6.8,-6.9,-10.8,-6.3,-1.2,4.4,-2.0,1.0,2.2,0.2,90.10711,86.56259,107.13289,107.77028,114.33468,156.26793,104.41842,149.8715,98.34363,0.2,-7.8,0.2,-6.7,-1.9,0.7,-0.1,-11.0,-3.6,0.0,-7.7,0.7,-5.5,-1.5,0.5,0.4,-10.5,-6.5,-3.8,-50.5,-20.0,8.3,26.3,-5.0,3.2,-12.0,-15.9,91.29004,89.67054,-5.0,-5.0,-4.6,0.1
2016-12-01,,,,,,,,,,,,,,,,,,,,,,,,,,,,,,,,,,,,,,,,,,,,,70.82631,88.36145,87.57054,34.43,0.79,1.71,34.43,0.79,1.71,19.6,0.7,1.29,531.21,496.09,1027.3,6.64,6.64,0.49,12.1,2032.0,3170.0,90.00232,122.0064,85.95758,99.72929,117.52421,97.51172,-6.4,-9.4,-6.0,-6.4,-9.4,-6.0,0.0,7.2,-1.1,1.7,1.9,1.8,94.18129,115.01884,95.52647,73.86908,64.28747,143.27691,100.05139,132.82079,43.68346,0.1,-6.5,-0.9,-4.6,-1.2,-0.2,0.1,-11.1,-9.2,0.1,-6.5,-0.9,-4.6,-1.2,-0.2,0.1,-11.1,-9.2,0.5,15.7,-17.3,12.9,4.2,-7.9,-2.9,-19.0,-50.2,96.82564,89.08437,-5.0,-5.0,-5.7,-0.7
2017-01-01,,,,,,,,,,,,,,,,,,,,,,,,,,,,,,,,,,,,,,,,,,,,,72.27512,88.57163,87.83659,2.05,0.24,0.3,60.32,-0.08,1.34,2.05,0.24,0.3,531.93,499.28,1031.21,6.46,0.38,0.38,12.7,2045.0,3181.0,90.76173,118.05963,87.31177,100.44877,119.21805,97.98316,-5.3,-7.2,-5.0,2.1,13.8,0.4,2.1,13.8,0.4,0.7,1.4,0.5,93.77298,166.76395,45.89739,93.37137,82.71478,151.5865,102.95289,133.00207,21.44093,0.2,-6.9,-5.9,-1.4,1.5,-1.6,0.1,-9.6,-9.8,2.0,5.3,-57.9,14.7,7.9,-11.9,-1.7,-13.8,-27.0,2.0,5.3,-57.9,14.7,7.9,-11.9,-1.7,-13.8,-27.0,86.70229,90.59439,-4.9,-3.5,-3.5,1.7
2017-02-01,,,,,,,,,,,,,,,,,,,,,,,,,,,,,,,,,,,,,,,,,,,,,68.62117,88.3338,87.44468,-3.11,-0.03,-0.14,52.92,0.29,1.52,-5.06,-0.27,-0.45,533.89,499.27,1033.16,5.77,0.57,0.19,13.3,2059.0,3192.0,88.41199,108.03582,85.93189,101.57274,120.92918,99.15398,-4.5,-5.9,-4.4,1.1,10.5,-0.3,0.1,7.1,-1.0,1.1,1.4,1.2,90.04555,174.81794,38.55437,102.35656,108.71371,153.89231,95.65441,127.60235,17.78432,-0.4,-5.9,-11.3,0.3,3.8,-4.2,-1.2,-11.4,-10.1,0.6,9.4,-56.7,8.2,8.1,-13.3,-4.7,-15.7,-26.4,-0.7,13.5,-55.2,2.8,8.3,-14.7,-7.7,-17.5,-25.6,82.92088,90.66571,-5.0,-4.4,-5.3,0.1
2017-03-01,,,,,,,,,,,,,,,,,,,,,,,,,,,,,,,,,,,,,,,,,,,,,70.98101,88.28074,87.50044,0.22,-0.09,-0.08,48.43,1.63,2.82,3.44,-0.06,0.06,534.22,503.74,1037.96,5.39,1.03,0.46,13.9,2077.0,3209.0,99.55177,114.91462,97.61018,99.98368,119.22959,97.31235,-3.4,-3.8,-3.4,1.4,10.2,0.2,2.1,9.6,1.1,-1.6,-1.4,-1.9,99.15306,203.30983,66.76824,118.7159,127.4944,176.68934,109.52561,131.01473,32.04306,0.0,-6.3,-11.1,3.3,7.4,-4.1,-0.8,-11.4,-11.9,2.0,4.2,-41.1,8.8,8.5,-9.5,-2.3,-15.5,-28.9,4.7,-3.4,8.6,9.9,9.1,-1.9,2.4,-15.3,-31.7,89.89053,88.2833,-5.0,-4.7,-5.2,-2.6
2017-04-01,,,,,,,,,,,,,,,,,,,,,,,,,,,,,,,,,,,,,,,,,,,,,72.19953,88.12428,87.40601,1.94,-0.27,-0.19,33.2,2.17,3.06,1.72,-0.18,-0.11,534.41,505.13,1039.54,5.07,1.18,0.15,13.7,2072.0,3195.0,92.42064,111.80093,89.97133,99.94034,118.49852,97.42596,-3.2,-2.1,-3.4,-0.1,9.3,-1.4,-4.5,6.6,-6.0,0.0,-0.6,0.1,82.18223,138.43243,30.82352,102.97543,109.42276,151.71866,99.23618,133.96244,79.76412,-1.1,-8.6,-12.3,4.9,7.7,-5.1,-0.9,-12.0,-17.0,-1.5,-3.1,-38.8,6.2,4.3,-10.3,-2.5,-14.6,-32.9,-11.8,-24.0,-25.1,-1.2,-6.2,-13.0,-3.2,-11.8,-36.2,85.94189,89.80379,-5.1,-5.0,-5.7,1.7
2017-05-01,,,,,,,,,,,,,,,,,,,,,,,,,,,,,,,,,,,,,,,,,,,,,64.24265,88.59589,87.49746,-9.3,0.27,-0.08,6.42,2.11,2.24,-11.02,0.54,0.1,536.24,506.45,1042.69,4.52,1.49,0.3,13.4,2074.0,3190.0,105.02557,119.92573,103.14246,100.39379,118.4442,97.97676,-2.2,-0.6,-2.5,0.9,8.5,-0.2,4.5,5.5,4.4,0.5,0.0,0.6,98.8015,149.03448,61.57568,117.83807,136.63557,184.77381,99.01159,143.14553,126.86463,-1.2,-11.4,-13.5,6.3,9.9,-4.5,-1.2,-11.4,-18.4,-0.6,-6.7,-32.9,6.9,6.5,-7.1,-2.4,-12.7,-24.9,2.6,-20.4,-5.7,9.5,14.0,6.1,-1.9,-4.5,-12.3,89.81432,88.96566,-4.7,-4.4,-1.9,-0.9
2017-06-01,,,,,,,,,,,,,,,,,,,,,,,,,,,,,,,,,,,,,,,,,,,,,59.95814,88.61195,87.31953,-15.34,0.28,-0.29,0.68,1.56,1.53,-6.67,0.02,-0.2,536.28,510.4,1046.68,3.86,1.87,0.38,13.1,2067.0,3177.0,103.06748,118.8175,101.07697,101.30401,119.38451,99.0549,-1.7,1.1,-2.1,0.9,8.1,-0.1,0.9,6.6,0.1,0.9,0.8,1.1,94.43375,132.24939,129.59289,113.37228,132.10736,143.61004,100.3853,120.9072,151.9123,-1.7,-14.2,-16.1,6.7,8.5,-6.0,-1.6,-13.9,-15.2,-1.0,-10.2,-23.7,6.4,5.2,-8.7,-2.7,-15.9,-15.0,-2.8,-27.5,2.8,3.8,-0.2,-17.0,-4.5,-30.5,12.0,90.05549,90.23588,-4.7,-4.1,-3.0,1.4
2017-07-01,,,,,,,,,,,,,,,,,,,,,,,,,,,,,,,,,,,,,,,,,,,,,58.87263,87.74156,86.43944,-16.88,-0.7,-1.29,12.26,0.77,1.09,-1.81,-0.98,-1.01,537.78,514.97,1052.75,4.25,2.46,0.58,12.9,2070.0,3179.0,107.34819,120.95548,105.62847,101.47671,115.94604,99.61587,-0.9,2.2,-1.4,1.2,7.4,0.3,2.8,3.3,2.7,0.2,-2.9,0.6,98.48007,97.20027,174.6861,114.30619,108.74876,149.08078,106.17947,142.48175,176.64469,-1.0,-11.6,-11.8,6.6,6.1,-5.4,-1.2,-12.3,-15.9,-0.2,-8.7,-10.6,5.9,1.4,-8.0,-2.2,-14.1,-11.2,4.6,9.2,41.3,3.4,-17.6,-3.2,1.2,-2.1,-0.6,89.75467,89.93244,-4.6,-4.0,-3.2,-0.3
2017-08-01,,,,,,,,,,,,,,,,,,,,,,,,,,,,,,,,,,,,,,,,,,,,,62.52602,87.83509,86.69353,-11.72,-0.6,-1.0,14.47,1.26,1.64,6.21,0.11,0.29,537.12,518.06,1055.18,4.24,2.7,0.23,12.7,2068.0,3174.0,112.64103,120.69142,111.62361,101.53788,114.5644,99.85881,-0.1,3.6,-0.7,1.6,6.7,0.8,3.9,2.4,4.2,0.1,-1.2,0.2,103.4539,152.66947,209.9128,120.16333,105.96419,167.12685,109.78005,163.62681,172.40393,-0.9,-12.2,-7.6,6.1,2.8,-5.8,-0.7,-12.7,-13.1,0.5,-9.3,-1.5,5.5,-1.3,-6.7,-1.5,-12.2,-8.3,5.3,-12.7,34.1,3.0,-17.8,3.3,3.0,0.7,4.0,91.01243,89.10729,-4.5,-3.8,-2.6,-0.9
2017-09-01,,,,,,,,,,,,,,,,,,,,,,,,,,,,,,,,,,,,,,,,,,,,,71.31351,88.76751,87.98025,0.69,0.46,0.47,20.68,2.09,2.66,14.05,1.06,1.48,539.52,518.47,1057.99,4.25,2.98,0.27,12.5,2083.0,3190.0,108.34912,118.5837,107.05565,101.88279,114.96981,100.7869,0.5,4.7,-0.1,1.7,6.2,1.0,2.6,1.9,2.6,0.3,0.4,0.9,92.65032,122.19972,220.71072,114.30798,100.69197,148.31704,107.65236,152.02699,189.70886,-0.4,-14.4,-3.1,5.6,0.9,-5.7,-0.6,-13.0,-10.0,0.6,-11.6,4.7,5.1,-2.6,-6.3,-1.1,-12.3,-3.7,1.4,-29.5,33.5,2.1,-13.1,-2.4,2.3,-13.4,20.9,89.39485,88.66923,-4.3,-3.7,-3.2,-0.5
2017-10-01,,,,,,,,,,,,,,,,,,,,,,,,,,,,,,,,,,,,,,,,,,,,,78.02668,90.10456,89.55979,10.17,1.97,2.27,34.66,3.47,4.42,9.41,1.51,1.8,540.58,519.1,1059.68,3.75,3.14,0.16,12.3,2095.0,3200.0,110.87912,120.79089,109.62645,102.87248,116.62054,101.28063,1.6,5.8,1.1,2.1,5.8,1.6,5.5,2.4,6.0,1.0,1.4,0.5,96.4863,113.91409,210.77576,119.10726,107.00481,155.05465,110.08362,146.09555,160.30309,0.7,-14.9,5.2,5.7,-1.1,-6.0,-0.7,-11.8,-5.8,1.2,-13.0,10.7,5.1,-3.6,-6.0,-0.9,-11.0,-1.4,6.1,-26.5,51.1,4.8,-11.7,-3.3,1.3,2.0,15.4,90.35642,88.91365,-3.7,-3.4,-0.4,0.3
2017-11-01,,,,,,,,,,,,,,,,,,,,,,,,,,,,,,,,,,,,,,,,,,,,,75.53336,91.54001,90.81804,6.65,3.6,3.71,27.55,4.33,5.04,-3.2,1.59,1.4,544.19,520.57,1064.76,4.15,3.64,0.48,12.1,2111.0,3214.0,105.5798,116.40688,104.21145,103.31115,116.15454,101.79541,2.2,5.5,1.7,2.3,5.3,1.9,4.8,1.0,5.3,0.4,-0.4,0.5,93.8518,102.13602,184.03998,111.1551,109.36608,157.2424,104.08905,145.4348,104.22437,1.3,-10.0,13.3,5.3,-3.3,-5.6,-1.0,-11.1,-4.1,1.4,-11.4,16.3,4.9,-3.6,-5.4,-0.8,-10.3,-0.8,4.2,18.0,71.8,3.1,-4.3,0.6,-0.3,-3.0,6.0,90.66996,89.09053,-3.4,-3.2,-0.7,0.2
2017-12-01,,,,,,,,,,,,,,,,,,,,,,,,,,,,,,,,,,,,,,,,,,,,,78.99931,91.78034,91.20386,11.54,3.87,4.15,11.54,3.87,4.15,4.59,0.26,0.42,544.97,521.71,1066.68,3.82,3.82,0.18,11.9,2120.0,3215.0,94.39374,117.78314,91.43774,106.09753,114.44537,104.95761,2.5,4.5,2.2,2.5,4.5,2.2,4.9,-3.5,6.4,2.7,-1.5,3.1,94.17577,145.20349,151.13558,79.09115,40.20811,133.42192,108.08451,120.07161,50.21959,1.3,-9.1,19.4,5.0,-5.2,-5.5,-0.1,-10.3,-0.3,1.3,-9.1,19.4,5.0,-5.2,-5.5,-0.1,-10.3,-0.3,0.0,26.2,58.2,7.1,-37.5,-6.9,8.0,-9.6,15.0,97.36692,90.42631,-2.8,-2.8,0.6,1.5
2018-01-01,,,,,,,,,,,,,,,,,,,,,,,,,,,,,,,,,,,,,,,,,,,,,79.96978,92.18682,91.63578,1.23,0.44,0.47,10.65,4.08,4.33,1.23,0.44,0.47,547.7,521.91,1069.61,3.71,0.27,0.27,12.3,2134.0,3227.0,95.85064,117.81546,93.07468,103.68513,117.36173,102.10629,2.8,3.4,2.7,5.6,-0.2,6.6,5.6,-0.2,6.6,-2.3,2.5,-2.7,95.09613,165.83739,117.28431,101.68612,84.59463,150.29486,105.59238,135.45362,26.29725,1.3,-9.6,31.5,4.7,-5.5,-4.6,0.3,-9.1,0.7,1.4,-0.6,155.5,8.9,2.3,-0.9,2.6,1.8,22.6,1.4,-0.6,155.5,8.9,2.3,-0.9,2.6,1.8,22.6,85.41752,88.44084,-2.7,-1.5,-1.5,-2.2
2018-02-01,,,,,,,,,,,,,,,,,,,,,,,,,,,,,,,,,,,,,,,,,,,,,81.7673,92.46777,91.98513,3.5,0.75,0.86,19.16,4.68,5.19,2.25,0.3,0.38,550.66,522.21,1072.87,3.82,0.57,0.3,12.7,2150.0,3239.0,90.04273,102.01153,88.53009,103.02278,115.07822,101.54701,2.9,2.4,3.0,3.8,-2.8,4.8,1.8,-5.6,3.0,-0.6,-1.9,-0.5,83.68485,139.37682,86.14395,100.56438,90.80205,145.54065,99.47065,105.83425,22.26206,0.7,-12.4,40.9,4.3,-7.4,-3.7,1.2,-8.9,1.6,-2.7,-10.6,140.9,3.3,-8.4,-3.2,3.3,-7.4,23.8,-7.1,-20.3,123.4,-1.8,-16.5,-5.4,4.0,-17.1,25.2,81.02716,88.81136,-2.4,-1.9,-2.3,0.4
2018-03-01,,,,,,,,,,,,,,,,,,,,,,,,,,,,,,,,,,,,,,,,,,,,,85.34152,93.33532,92.97477,8.03,1.69,1.94,20.23,5.73,6.26,4.37,0.94,1.08,553.35,521.06,1074.41,3.49,0.71,0.14,13.2,2154.0,3239.0,100.49774,111.83411,99.06503,104.52524,116.2267,102.78177,2.8,1.4,3.0,2.8,-2.7,3.6,1.0,-2.7,1.5,1.5,1.0,1.2,93.13542,163.39624,58.0154,112.98929,104.6955,147.22675,108.09494,146.63442,43.55048,-0.2,-14.2,39.5,3.0,-9.8,-5.1,0.9,-6.8,3.7,-3.9,-14.0,72.9,0.3,-12.2,-8.1,1.6,-0.9,29.2,-6.1,-19.6,-13.1,-4.8,-17.9,-16.7,-1.3,11.9,35.9,89.08446,89.30295,-2.1,-1.5,-0.9,0.6
2018-04-01,,,,,,,,,,,,,,,,,,,,,,,,,,,,,,,,,,,,,,,,,,,,,89.46568,94.68039,94.44519,13.25,3.16,3.55,23.91,7.44,8.05,4.83,1.44,1.58,554.15,523.01,1077.16,3.61,0.97,0.26,13.0,2165.0,3249.0,100.77646,110.45269,99.55356,104.88938,118.00608,102.78656,3.9,0.8,4.4,4.3,-2.4,5.4,9.0,-1.2,10.7,0.3,1.5,0.0,92.0401,131.37628,22.45463,103.00963,93.428,151.23512,105.40391,142.39083,122.27448,1.7,-12.6,40.1,3.1,-10.5,-4.0,1.6,-5.4,11.0,-0.3,-12.2,56.0,0.2,-12.8,-6.2,2.7,0.9,41.9,12.0,-5.1,-27.2,0.0,-14.6,-0.3,6.2,6.3,53.3,87.67882,89.90696,-1.4,-0.7,2.0,0.7
2018-05-01,,,,,,,,,,,,,,,,,,,,,,,,,,,,,,,,,,,,,,,,,,,,,90.19167,97.17045,96.85567,14.17,5.87,6.2,40.39,9.68,10.7,0.81,2.63,2.55,555.64,527.49,1083.13,3.87,1.53,0.55,12.8,2171.0,3250.0,98.36,120.61424,95.54747,93.43625,120.28355,89.88297,2.9,0.4,3.3,2.0,-1.7,2.5,-6.3,0.6,-7.4,-10.9,1.9,-12.6,79.81982,106.48375,22.09471,105.56403,100.8537,129.74114,90.5387,130.69993,170.26358,-0.2,-13.1,37.1,1.3,-14.2,-7.4,1.1,-5.7,16.3,-4.3,-15.1,25.6,-2.1,-16.0,-11.6,0.5,-1.2,38.4,-19.2,-28.6,-64.1,-10.4,-26.2,-29.8,-8.6,-8.7,34.2,86.42247,85.6345,-1.6,-1.3,-3.8,-4.8
2018-06-01,,,,,,,,,,,,,,,,,,,,,,,,,,,,,,,,,,,,,,,,,,,,,95.3467,99.2289,99.05379,20.69,8.12,8.61,59.02,11.98,13.44,5.72,2.12,2.27,558.75,530.71,1089.46,4.07,2.12,0.58,12.6,2182.0,3245.0,106.10223,118.77428,104.50072,105.02201,118.91003,103.36261,3.1,-0.1,3.6,2.1,-1.5,2.7,2.9,0.0,3.4,12.4,-1.1,15.0,93.62831,120.89897,72.81787,100.0444,100.30365,148.16538,100.75242,116.4577,199.3889,-0.1,-11.2,31.8,-0.1,-16.5,-5.7,1.5,-3.1,18.7,-3.8,-14.2,1.5,-3.8,-17.6,-9.4,0.5,-1.5,35.9,-0.9,-8.6,-43.8,-11.8,-24.1,3.2,0.4,-3.7,31.3,90.93625,91.28602,-1.2,-0.9,1.0,6.6
2018-07-01,,,,,,,,,,,,,,,,,,,,,,,,,,,,,,,,,,,,,,,,,,,,,97.60494,100.29265,100.17143,23.55,9.27,9.83,65.79,14.3,15.89,2.37,1.07,1.13,563.69,531.4,1095.09,4.01,2.65,0.52,12.4,2188.0,3234.0,111.61924,122.27989,110.27193,104.6826,118.29048,102.83517,3.2,-0.3,3.8,2.4,-1.1,3.0,4.0,1.1,4.4,-0.3,-0.5,-0.5,96.89233,51.06801,141.62248,110.97745,101.27321,153.83024,109.19196,141.04354,218.42174,-0.6,-14.3,23.5,-0.6,-15.6,-5.2,1.7,-3.0,22.2,-3.4,-17.3,-5.0,-3.7,-16.1,-7.7,0.9,-1.5,32.3,-1.6,-47.5,-18.9,-2.9,-6.9,3.2,2.8,-1.0,23.7,89.6671,89.32615,-1.0,-0.8,-0.1,-2.1
2018-08-01,,,,,,,,,,,,,,,,,,,,,,,,,,,,,,,,,,,,,,,,,,,,,99.1754,101.12002,101.03231,25.54,10.18,10.78,58.61,15.12,16.54,1.61,0.82,0.86,566.91,532.1,1099.01,4.15,3.02,0.36,12.2,2208.0,3248.0,114.4615,120.76449,113.66492,103.83337,113.37495,102.44379,3.0,-0.5,3.5,2.3,-0.9,2.8,1.6,0.1,1.8,-0.8,-4.2,-0.4,104.12921,129.29151,163.3124,114.24625,99.24266,152.73782,112.37187,163.13983,198.98978,-1.0,-14.5,14.6,-1.4,-14.7,-6.2,1.6,-3.1,23.8,-2.9,-17.0,-9.8,-3.9,-15.0,-7.8,1.1,-1.3,28.6,0.7,-15.3,-22.2,-4.9,-6.3,-8.6,2.4,-0.3,15.4,92.52711,90.685,-0.6,-0.5,1.7,1.5
2018-09-01,,,,,,,,,,,,,,,,,,,,,,,,,,,,,,,,,,,,,,,,,,,,,111.89264,103.59354,103.96787,41.64,12.87,14.0,56.9,16.7,18.17,12.82,2.45,2.91,570.79,533.19,1103.98,4.33,3.48,0.45,12.0,2204.0,3234.0,105.73437,116.90938,104.32205,100.80253,112.96106,99.97522,2.6,-0.8,3.1,1.7,-1.0,2.2,-2.4,-1.4,-2.6,-2.9,-0.4,-2.4,90.994,136.49021,135.90325,109.00301,85.27394,123.45172,107.69167,175.75732,184.49549,-1.3,-11.1,3.4,-2.0,-14.9,-7.4,1.4,-0.3,20.1,-2.8,-14.4,-16.2,-3.9,-15.0,-8.7,0.9,0.8,22.4,-1.8,11.7,-38.4,-4.6,-15.3,-16.8,0.0,15.6,-2.7,89.80597,90.11299,-0.3,-0.4,0.5,-0.6
2018-10-01,,,,,,,,,,,,,,,,,,,,,,,,,,,,,,,,,,,,,,,,,,,,,109.3894,102.97053,103.26005,38.47,12.19,13.22,40.19,14.28,15.3,-2.24,-0.6,-0.68,574.7,534.05,1108.75,4.61,3.93,0.43,11.8,2213.0,3237.0,111.61565,123.58628,110.10278,102.30679,117.89117,100.38355,2.1,-0.8,2.6,1.6,-0.6,2.0,0.7,2.3,0.4,1.5,4.4,0.4,97.46477,152.70511,136.06982,115.75202,102.75928,148.9467,112.95081,161.41568,149.88521,-1.7,-6.5,-7.3,-2.6,-14.3,-7.4,1.6,0.5,17.3,-2.4,-10.6,-19.6,-3.8,-14.0,-8.3,1.1,1.8,18.3,1.0,34.1,-35.4,-2.8,-4.0,-3.9,2.6,10.5,-6.5,91.71588,89.38308,-0.2,-0.2,1.5,-0.8
2018-11-01,,,,,,,,,,,,,,,,,,,,,,,,,,,,,,,,,,,,,,,,,,,,,108.85019,101.24127,101.58446,37.79,10.31,11.38,44.11,10.6,11.85,-0.49,-1.68,-1.62,576.75,534.66,1111.41,4.36,4.18,0.24,11.7,2220.0,3240.0,104.28134,118.20499,102.52164,102.15123,118.72723,100.27984,1.6,-0.7,2.0,1.4,-0.4,1.6,-1.2,1.5,-1.6,-0.2,0.7,-0.1,92.26676,143.95619,127.7659,108.44435,97.46252,137.53199,107.39288,134.93247,105.5569,-2.1,-4.9,-15.9,-3.1,-14.9,-8.5,1.8,0.1,16.8,-2.3,-7.2,-21.1,-3.7,-13.7,-8.6,1.3,0.9,16.9,-1.7,40.9,-30.6,-2.4,-10.9,-12.5,3.2,-7.2,1.3,91.47887,89.67959,0.0,-0.1,0.9,0.3
2018-12-01,,,,,,,,,,,,,,,,,,,,,,,,,,,,,,,,,,,,,,,,,,,,,100.0,100.0,100.0,26.58,8.96,9.64,26.58,8.96,9.64,-8.13,-1.23,-1.56,579.33,534.55,1113.88,4.41,4.41,0.22,11.7,2236.0,3258.0,90.84141,123.7175,86.68646,102.02083,119.32783,99.89972,1.0,0.0,1.1,1.0,0.0,1.1,-3.8,5.0,-5.2,-0.1,0.5,-0.4,86.81287,139.34118,107.24313,71.3421,57.84052,123.45714,108.39168,126.34336,62.61243,-2.8,-6.9,-21.9,-4.1,-11.9,-8.6,1.2,1.2,17.2,-2.8,-6.9,-21.9,-4.1,-11.9,-8.6,1.2,1.2,17.2,-7.8,-4.0,-29.0,-9.8,43.9,-7.5,0.3,5.2,24.7,97.75778,90.66636,0.0,0.0,0.4,1.1
2019-01-01,,,,,,,,,,,,,,,,,,,,,,,,,,,,,,,,,,,,,,,,,,,,,92.41055,99.54451,99.24694,-7.59,-0.46,-0.75,15.56,7.98,8.31,-7.59,-0.46,-0.75,580.41,538.19,1118.6,4.56,0.42,0.42,12.2,2251.0,3278.0,94.02286,119.76432,90.76961,101.49137,120.23195,99.63386,0.4,0.2,0.4,-1.9,1.7,-2.5,-1.9,1.7,-2.5,-0.5,0.8,-0.3,98.33759,166.17594,90.66532,98.25994,68.19147,139.00625,100.99971,134.57214,26.70517,-2.6,-6.9,-27.1,-4.9,-13.3,-9.1,0.6,1.0,16.8,3.4,0.2,-22.7,-3.4,-19.4,-7.5,-4.3,-0.7,1.6,3.4,0.2,-22.7,-3.4,-19.4,-7.5,-4.3,-0.7,1.6,87.08612,90.29121,0.2,2.0,2.0,-0.4
2019-02-01,,,,,,,,,,,,,,,,,,,,,,,,,,,,,,,,,,,,,,,,,,,,,99.77154,99.69464,99.69785,-0.23,-0.31,-0.3,22.02,7.82,8.38,7.97,0.15,0.45,583.63,537.36,1120.99,4.47,0.63,0.21,12.5,2266.0,3290.0,92.15176,92.44812,92.11431,101.84664,105.92288,101.18858,0.4,-0.1,0.5,0.2,-3.5,0.7,2.3,-9.4,4.0,0.4,-11.9,1.6,90.74466,166.19376,52.74978,103.18007,89.54935,127.23348,94.54243,121.10125,22.88992,-1.4,-3.3,-31.2,-4.6,-12.1,-9.7,-0.1,3.3,16.4,5.8,8.9,-29.5,-0.4,-10.1,-10.0,-4.6,6.0,2.1,8.4,19.2,-38.8,2.6,-1.4,-12.6,-5.0,14.4,2.8,84.12216,89.68752,0.7,2.9,3.8,-0.7
2019-03-01,,,,,,,,,,,,,,,,,,,,,,,,,,,,,,,,,,,,,,,,,,,,,111.87261,100.82365,101.28452,11.87,0.82,1.28,31.09,8.02,8.94,12.13,1.13,1.59,588.23,538.59,1126.82,4.86,1.15,0.52,12.8,2268.0,3276.0,94.39633,96.85168,94.08602,101.27571,103.04387,100.61237,-0.1,-0.9,0.0,-2.0,-6.8,-1.3,-6.1,-13.4,-5.0,-0.6,-2.7,-0.6,91.47444,167.45888,31.34639,105.60637,92.28476,127.13653,108.66279,103.22696,37.64787,-1.0,-0.6,-32.5,-4.8,-11.5,-9.3,0.1,-0.3,15.0,3.2,6.7,-33.2,-2.6,-10.7,-11.2,-2.9,-7.5,-5.3,-1.8,2.5,-46.0,-6.5,-11.9,-13.6,0.5,-29.6,-13.6,87.01114,89.37285,0.6,1.1,-2.3,-0.4
2019-04-01,,,,,,,,,,,,,,,,,,,,,,,,,,,,,,,,,,,,,,,,,,,,,115.25486,101.96711,102.52137,15.25,1.97,2.52,28.83,7.7,8.55,3.02,1.13,1.22,590.15,540.52,1130.67,4.95,1.5,0.34,12.6,2269.0,3259.0,97.12618,85.31562,98.61882,101.86318,92.61047,102.43729,-1.1,-2.6,-0.9,-2.4,-10.8,-1.2,-3.6,-22.8,-0.9,0.6,-10.1,1.8,93.34245,150.88761,37.25533,107.50034,98.80302,128.05088,101.59621,110.2026,104.03819,-1.8,1.0,-31.2,-4.4,-9.9,-10.6,-0.7,-2.7,10.0,2.7,8.5,-25.3,-0.9,-6.6,-12.3,-3.0,-11.5,-10.8,1.4,14.9,65.9,4.4,5.8,-15.3,-3.6,-22.6,-14.9,87.07889,89.56879,0.4,0.6,-0.7,0.2
2019-05-01,,,,,,,,,,,,,,,,,,,,,,,,,,,,,,,,,,,,,,,,,,,,,122.74761,103.13199,103.9502,22.75,3.13,3.95,36.1,6.14,7.32,6.5,1.14,1.39,592.48,539.41,1131.89,4.49,1.61,0.11,12.4,2264.0,3236.0,106.03589,100.46342,106.74015,101.80866,100.53549,101.61566,0.0,-4.1,0.7,-0.4,-12.1,1.4,7.8,-16.7,11.7,-0.1,8.6,-0.8,101.14052,157.48048,49.54778,113.53349,103.05423,123.83074,99.68527,139.98165,172.04879,1.8,7.0,-27.8,-2.9,-7.0,-8.1,0.7,-1.4,6.7,7.0,14.4,-14.5,0.8,-4.7,-10.9,-0.7,-7.9,-5.5,26.7,47.9,124.3,7.5,2.2,-4.6,10.1,7.1,1.0,90.56845,89.85527,1.1,1.5,4.8,0.3
2019-06-01,,,,,,,,,,,,,,,,,,,,,,,,,,,,,,,,,,,,,,,,,,,,,122.63084,101.9125,102.77671,22.63,1.91,2.78,28.62,2.7,3.76,-0.1,-1.18,-1.13,595.15,540.73,1135.88,4.25,1.97,0.35,12.1,2270.0,3236.0,99.98849,101.43085,99.8062,100.80404,102.57204,100.75526,-0.7,-5.4,0.0,-1.3,-12.5,0.3,-5.8,-14.6,-4.5,-1.0,2.0,-0.8,87.26446,118.33309,133.15212,101.48411,97.90397,106.90172,103.946,130.51318,194.40319,1.3,7.6,-21.1,-1.8,-4.6,-10.7,0.9,-0.3,2.8,4.6,12.0,4.2,0.9,-4.3,-13.8,-0.1,-4.9,-4.5,-6.8,-2.1,82.9,1.4,-2.4,-27.8,3.2,12.1,-2.5,87.73101,88.9575,0.7,0.6,-3.5,-1.0
2019-07-01,,,,,,,,,,,,,,,,,,,,,,,,,,,,,,,,,,,,,,,,,,,,,121.07003,100.69877,101.5485,21.07,0.7,1.55,24.04,0.4,1.37,-1.27,-1.19,-1.2,597.92,545.73,1143.65,4.42,2.66,0.68,11.9,2267.0,3229.0,108.88426,111.59502,108.54167,100.28514,105.68439,99.4264,-1.3,-6.2,-0.5,-1.5,-11.9,0.0,-2.5,-8.7,-1.6,-0.5,3.0,-1.3,103.34373,61.27805,182.95337,110.54382,101.93179,120.14038,107.34299,146.21006,206.18008,2.0,11.6,-16.6,-1.5,-3.9,-12.8,0.5,0.1,-0.9,4.9,12.5,11.0,0.7,-3.6,-15.0,-0.3,-3.6,-4.8,6.7,20.0,29.2,-0.4,0.7,-21.9,-1.7,3.7,-5.6,91.28838,90.02691,0.9,0.8,1.8,1.2
2019-08-01,,,,,,,,,,,,,,,,,,,,,,,,,,,,,,,,,,,,,,,,,,,,,130.35987,101.26383,102.47749,30.36,1.26,2.48,31.44,0.14,1.43,7.67,0.56,0.91,602.23,546.42,1148.65,4.5,3.11,0.44,11.9,2278.0,3242.0,112.1134,118.48111,111.30864,101.33155,109.38787,100.62608,-1.6,-6.4,-0.9,-1.6,-10.6,-0.3,-2.1,-1.9,-2.1,1.0,3.5,1.2,102.95085,125.40706,219.22704,114.58175,101.45341,123.10235,104.66356,182.41583,221.63082,1.8,13.0,-10.1,-1.1,-3.2,-13.8,-0.3,1.3,-1.2,4.1,10.5,16.5,0.7,-2.8,-15.6,-1.2,-1.2,-1.6,-1.1,-3.0,34.2,0.3,2.2,-19.4,-6.9,11.8,11.4,91.31806,89.78671,0.6,0.5,-1.3,-0.3
2019-09-01,,,,,,,,,,,,,,,,,,,,,,,,,,,,,,,,,,,,,,,,,,,,,116.68072,102.38882,102.98496,16.68,2.39,2.98,4.28,-1.16,-0.95,-10.49,1.11,0.5,603.87,549.0,1152.87,4.42,3.49,0.37,11.9,2279.0,3241.0,106.94489,113.71781,106.08891,101.34303,108.83701,100.94291,-1.3,-6.5,-0.5,-1.3,-9.7,-0.1,1.1,-2.7,1.7,0.0,-0.5,0.3,97.71721,116.55124,210.18167,110.00398,89.86528,128.12737,97.89883,122.32287,206.35305,2.6,10.6,0.9,-0.6,-1.4,-12.3,-1.1,-3.3,0.6,4.4,7.5,22.9,0.7,-2.0,-13.7,-2.1,-5.3,0.5,7.4,-14.6,54.7,0.9,5.4,3.8,-9.1,-30.4,11.8,91.26627,91.11568,0.7,0.6,1.6,1.5
2019-10-01,,,,,,,,,,,,,,,,,,,,,,,,,,,,,,,,,,,,,,,,,,,,,111.13252,103.27767,103.60531,11.13,3.28,3.61,1.59,0.3,0.33,-4.76,0.87,0.6,605.4,549.61,1155.01,4.17,3.69,0.19,11.7,2297.0,3265.0,113.06392,114.55644,112.87529,103.65821,109.39945,103.04852,-1.2,-7.3,-0.3,-1.0,-9.5,0.2,1.3,-7.3,2.5,2.3,0.5,2.1,104.13802,150.06796,221.08066,116.51634,98.7272,133.44295,107.13663,144.48992,205.91666,3.1,7.7,13.3,-0.2,-1.4,-12.9,-1.7,-5.2,5.1,4.7,6.4,28.5,0.7,-2.2,-13.4,-2.4,-5.9,4.6,6.8,-1.7,62.5,0.7,-3.9,-10.4,-5.1,-10.5,37.4,94.29312,92.04289,0.8,0.8,2.8,1.0
2019-11-01,,,,,,,,,,,,,,,,,,,,,,,,,,,,,,,,,,,,,,,,,,,,,116.53077,103.99335,104.51632,16.53,3.99,4.52,7.06,2.72,2.89,4.86,0.69,0.88,606.41,549.9,1156.31,4.03,3.8,0.11,11.3,2312.0,3279.0,102.50798,107.10784,101.92664,101.21186,107.43869,100.70068,-1.3,-8.2,-0.2,-1.1,-9.5,0.2,-1.7,-9.4,-0.6,-2.4,-1.8,-2.3,95.73409,124.89032,186.18176,112.04365,95.06272,121.927,104.33931,139.02484,110.45087,3.6,3.7,23.2,0.3,-0.6,-12.8,-2.2,-4.4,5.3,4.6,4.4,30.5,0.9,-2.2,-13.2,-2.5,-5.1,4.6,3.8,-13.2,45.7,3.3,-2.5,-11.3,-2.8,3.0,4.6,93.18513,91.61397,0.9,0.9,1.9,-0.5
2019-12-01,,,,,,,,,,,,,,,,,,,,,,,,,,,,,,,,,,,,,,,,,,,,,113.59408,104.82654,105.19225,13.59,4.83,5.19,13.59,4.83,5.19,-2.52,0.8,0.65,605.64,553.17,1158.81,4.03,4.03,0.22,11.1,2319.0,3268.0,89.65106,108.75439,87.23675,99.83621,105.73759,99.00901,-1.1,-9.7,0.2,-1.1,-9.7,0.2,-1.3,-12.1,0.6,-1.4,-1.6,-1.7,91.69341,120.86333,136.72039,80.89771,45.26574,114.76718,106.65688,181.0218,42.14148,4.7,2.9,30.3,1.6,-3.3,-12.8,-2.4,-1.5,3.1,4.7,2.9,30.3,1.6,-3.3,-12.8,-2.4,-1.5,3.1,5.6,-13.3,27.5,13.4,-21.7,-7.0,-1.6,43.3,-32.7,99.24965,91.49903,1.0,1.0,1.5,-0.1
2020-01-01,100.0,,0.21,0.21,21.9988,17.5182,4.5763,5.4415,19.8953,11.7849,8.1496,4.5423,6.0931,100.0,,,,,,,,,,,0.45,0.45,-0.07,-0.46,0.43,-0.76,0.3,0.17,0.09,0.19,0.45,0.45,-0.07,-0.46,0.43,-0.76,0.3,0.17,0.09,0.19,119.86479,104.9337,105.55651,5.52,0.1,0.35,29.71,5.41,6.36,5.52,0.1,0.35,609.39,552.85,1162.24,3.91,0.3,0.3,11.3,2338.0,3276.0,93.25265,101.69646,92.18551,101.16832,102.74867,101.28527,-1.0,-11.1,0.5,-0.8,-15.1,1.6,-0.8,-15.1,1.6,1.3,-2.8,2.3,95.48571,148.25046,105.08529,96.81568,77.64081,131.04873,105.67512,86.94601,31.09454,4.1,1.7,34.5,1.8,-1.0,-12.7,-1.7,-4.3,3.3,-2.9,-10.8,15.9,-1.5,13.9,-5.7,4.6,-35.4,16.4,-2.9,-10.8,15.9,-1.5,13.9,-5.7,4.6,-35.4,16.4,88.52016,91.89119,1.0,1.6,1.6,0.4
2020-02-01,100.0,,0.46,0.25,22.0572,17.5653,4.5643,5.4059,19.9454,11.6729,8.1589,4.5416,6.0884,100.0,,,,,,,,,,,0.58,0.04,-0.17,-1.09,0.25,0.14,0.49,3.66,0.27,0.36,0.13,-0.41,-0.1,-0.63,-0.18,0.91,0.18,3.48,0.18,0.17,126.47203,105.53737,106.4106,11.34,0.68,1.16,26.76,5.86,6.73,5.51,0.58,0.81,612.61,552.52,1165.13,3.95,0.55,0.25,11.7,2353.0,3279.0,91.90105,92.83281,91.78329,101.82555,101.28082,101.68693,-1.2,-10.5,0.2,-0.5,-8.3,0.6,-0.3,0.4,-0.4,0.6,-1.4,0.4,89.98824,157.87249,39.78526,108.43643,81.44221,120.62745,99.08139,87.86624,27.78236,3.4,-0.5,37.3,2.0,-1.6,-12.1,-0.9,-7.1,3.6,-1.9,-7.9,1.0,1.9,0.9,-5.5,4.7,-31.6,18.7,-0.8,-5.0,-24.6,5.1,-9.1,-5.2,4.8,-27.4,21.4,84.61349,92.21528,0.7,1.1,0.6,0.4
2020-03-01,100.0,,0.53,0.07,22.0449,17.4658,4.5514,5.3621,19.8774,11.7565,8.161,4.6909,6.0901,100.0,,,,,,,,,,,1.71,0.16,-1.24,-0.95,-0.16,0.34,0.19,4.31,0.27,0.54,1.12,0.12,-1.07,0.14,-0.41,0.2,-0.29,0.63,0.0,0.18,104.82115,107.41648,107.30823,-7.72,2.47,2.01,-6.3,6.54,5.95,-17.12,1.78,0.84,613.81,555.34,1169.15,3.77,0.9,0.35,12.4,2376.0,3306.0,90.76051,96.45762,90.0405,94.01019,102.88636,92.28093,-1.0,-9.5,0.3,-1.7,-5.8,-1.1,-3.9,-0.4,-4.3,-7.7,1.6,-9.2,94.62301,137.23859,26.79447,94.69346,70.26648,123.38695,105.73721,91.14117,40.06607,3.8,-2.6,40.2,1.7,-2.5,-11.3,-1.2,-5.4,4.2,-0.2,-11.3,-1.8,-2.3,-8.3,-4.7,2.1,-25.9,13.4,3.4,-18.0,-14.5,-10.3,-23.9,-2.9,-2.7,-11.7,6.4,84.58371,84.09589,0.7,-0.2,-2.8,-8.8
2020-04-01,100.0,,0.22,-0.31,22.2514,17.4565,4.4951,5.3599,19.7632,11.7598,8.1235,4.7119,6.0788,100.0,,,,,,,,,,,3.65,0.02,-2.79,-1.04,-2.68,0.11,0.01,4.27,0.02,0.31,1.91,-0.14,-1.57,-0.1,-2.52,-0.24,-0.18,-0.03,-0.25,-0.23,109.05503,107.3579,107.42869,-4.0,2.41,2.13,-5.38,5.29,4.79,4.04,-0.05,0.11,614.38,557.67,1172.05,3.68,1.15,0.25,12.7,2402.0,3342.0,70.24669,93.62773,67.29175,75.47827,100.72253,71.64114,-2.9,-7.2,-2.3,-8.3,-2.5,-9.1,-27.7,9.7,-31.8,-19.7,-2.1,-22.4,87.82511,80.98538,35.18811,47.2037,15.71422,83.56889,96.56004,46.02025,112.7832,3.2,-8.1,38.2,-3.5,-10.6,-12.7,-1.3,-7.5,6.1,-1.6,-19.4,-2.4,-16.3,-29.7,-12.0,0.3,-33.5,10.7,-5.9,-46.3,-5.5,-56.1,-84.1,-34.7,-5.0,-58.2,8.4,72.0495,74.84059,-0.6,-4.5,-17.3,-11.0
2020-05-01,100.0,,-0.16,-0.38,22.7271,17.4737,4.435,5.3672,19.313,11.7587,8.1275,4.7211,6.0769,100.0,,,,,,,,,,,4.07,-0.27,-2.27,-1.71,-4.08,-0.05,0.0,4.28,0.3,0.06,0.4,-0.29,0.54,-0.67,-1.44,-0.16,-0.01,0.0,0.28,-0.25,119.01486,108.22706,108.67704,4.77,3.24,3.31,-3.04,4.94,4.55,9.13,0.81,1.16,615.56,558.46,1174.02,3.74,1.33,0.17,13.1,2437.0,3396.0,82.93598,94.63612,81.4573,81.34105,95.96497,79.15233,-5.4,-6.3,-5.3,-11.3,-3.2,-12.4,-21.8,-5.8,-23.7,7.8,-4.7,10.5,92.32728,71.91573,27.93801,54.06016,34.84366,82.63737,84.87048,58.72157,154.75239,0.5,-16.0,33.0,-8.8,-17.0,-14.9,-3.2,-13.0,4.8,-3.1,-26.2,-10.2,-24.0,-38.1,-16.1,-2.7,-39.1,0.9,-8.7,-54.3,-43.6,-52.4,-66.2,-33.3,-14.9,-58.1,-10.1,73.05645,73.71786,-2.6,-7.6,-19.3,-1.5
2020-06-01,100.0,,0.1,0.26,22.8767,17.4672,4.4703,5.3445,19.0823,11.7703,8.1465,4.7335,6.1088,100.0,,,,,,,,,,,4.45,-0.17,-1.03,-2.21,-3.5,0.01,-0.06,4.32,1.03,0.36,0.37,0.1,1.27,-0.51,0.6,0.07,-0.05,0.04,0.73,0.3,123.47922,108.71485,109.3307,8.7,3.71,3.93,0.69,6.67,6.38,3.75,0.45,0.6,616.59,559.03,1175.62,3.52,1.47,0.14,13.6,2471.0,3449.0,91.33918,100.22759,90.21584,89.52919,100.93671,88.36099,-5.6,-5.1,-5.7,-10.8,-2.8,-11.9,-8.7,-1.2,-9.6,10.1,5.2,11.6,94.13591,60.19111,82.05689,77.13811,58.19779,98.58057,72.2835,112.2104,163.44623,1.7,-19.3,22.1,-10.8,-20.4,-13.2,-5.9,-14.8,3.0,-1.4,-29.1,-19.7,-24.0,-38.5,-14.9,-7.4,-34.7,-5.0,7.9,-49.1,-38.4,-24.0,-40.6,-7.8,-30.5,-14.0,-15.9,77.00246,76.75631,-3.4,-8.4,-12.2,4.1
2020-07-01,100.0,,0.46,0.36,22.8941,17.4329,4.5137,5.3019,19.1382,11.7439,8.1185,4.7208,6.136,100.0,,,,,,,,,,,4.59,0.78,-0.19,-2.78,-2.69,0.47,0.06,4.15,1.44,0.8,0.14,0.94,0.84,-0.58,0.84,0.46,0.11,-0.16,0.41,0.44,141.33002,111.61489,112.85438,24.42,6.48,7.28,16.73,10.84,11.13,14.46,2.67,3.22,619.58,561.83,1181.41,3.33,1.97,0.49,14.1,2502.0,3490.0,106.0344,113.13214,105.13738,97.57674,107.3106,96.27636,-5.6,-4.3,-5.8,-9.5,-2.2,-10.5,-2.6,1.4,-3.1,9.0,6.3,9.0,100.35659,47.96758,136.46311,98.53097,80.21343,116.91436,90.02301,68.12072,188.63987,0.8,-20.6,14.3,-11.8,-22.4,-11.6,-7.2,-19.9,2.7,-1.6,-28.7,-21.5,-22.1,-35.8,-13.2,-8.7,-37.8,-5.9,-2.9,-21.7,-25.4,-10.9,-21.3,-2.7,-16.1,-53.4,-8.5,80.35229,79.10457,-4.5,-8.9,-12.0,3.1
2020-08-01,100.0,,0.7,0.24,22.8225,17.5209,4.5315,5.2471,19.2149,11.7446,8.0917,4.6923,6.1344,100.0,,,,,,,,,,,5.43,1.17,0.39,-3.51,-1.94,1.02,0.24,0.27,2.61,1.16,0.8,0.39,0.59,-0.75,0.77,0.54,0.19,-3.73,1.15,0.36,153.24962,114.98842,116.58437,34.91,9.69,10.83,17.56,13.55,13.77,8.43,3.02,3.31,629.52,562.32,1191.84,3.78,2.86,0.88,14.8,2506.0,3485.0,109.41676,116.38574,108.53601,100.67423,106.51136,100.13992,-5.7,-4.3,-5.9,-8.6,-2.1,-9.4,-2.4,-1.8,-2.5,3.2,-0.7,4.0,96.56782,41.48162,144.86951,111.65339,73.9765,124.8207,101.01873,73.04415,191.41149,0.4,-25.4,3.7,-12.0,-25.1,-9.7,-6.9,-27.3,-0.9,-2.2,-33.0,-24.9,-19.4,-34.6,-11.4,-8.1,-41.6,-7.7,-6.2,-66.9,-33.9,-2.6,-27.1,1.4,-3.5,-60.0,-13.6,82.15619,81.3674,-5.3,-9.0,-10.0,2.9
2020-09-01,100.0,,1.34,0.64,22.9247,17.5264,4.5411,5.1892,19.2919,11.7663,8.0767,4.5007,6.183,100.0,,,,,,,,,,,8.21,1.64,1.36,-3.16,-1.27,0.8,0.4,0.18,2.77,2.04,2.63,0.46,0.97,0.36,0.69,-0.21,0.16,-0.09,0.15,0.87,155.63001,117.73332,119.31407,37.01,12.31,13.42,33.38,14.99,15.86,1.55,2.39,2.34,645.56,563.46,1209.02,4.89,4.34,1.44,14.9,2517.0,3487.0,111.13157,108.98349,111.40305,103.35049,103.06562,103.86097,-5.4,-4.4,-5.6,-7.1,-2.3,-7.7,3.9,-4.2,5.0,2.7,-3.2,3.7,99.37024,47.62903,158.72172,120.20367,80.56259,143.89867,103.20174,76.52443,193.49107,-0.1,-28.6,-5.6,-11.3,-26.3,-9.0,-5.7,-27.8,-3.2,-1.8,-35.5,-24.8,-16.2,-32.0,-8.7,-6.6,-41.2,-7.4,1.7,-59.1,-24.5,9.3,-10.4,12.3,5.4,-37.4,-6.2,84.87685,83.725,-6.0,-8.8,-7.0,2.9
2020-10-01,100.0,,2.22,0.86,23.3235,17.4548,4.5454,5.1627,19.2567,11.6395,8.0208,4.4577,6.1388,100.0,,,,,,,,,,,10.49,2.03,2.73,-2.04,-0.59,1.28,0.55,0.17,2.89,2.95,2.11,0.38,1.35,1.16,0.68,0.48,0.14,-0.01,0.12,0.89,170.74364,121.31948,123.38107,50.31,15.73,17.29,53.64,17.47,19.09,9.71,3.05,3.41,666.03,563.69,1229.72,6.48,6.13,1.71,14.6,2495.0,3436.0,113.42905,107.54725,114.1724,104.98065,101.91527,105.60391,-5.5,-4.3,-5.7,-6.3,-2.8,-6.7,0.3,-6.1,1.1,1.6,-1.1,1.7,103.98375,46.27481,154.56842,129.69112,87.63396,143.66194,105.49042,99.08281,165.14237,-0.6,-34.7,-15.6,-10.3,-27.0,-7.4,-5.4,-29.9,-9.2,-1.6,-39.1,-25.8,-13.2,-29.9,-7.0,-6.1,-40.1,-9.2,-0.1,-69.2,-30.1,11.3,-11.2,7.7,-1.5,-31.4,-19.8,87.34009,85.54058,-6.8,-8.7,-7.4,2.2
2020-11-01,100.0,,3.13,0.89,23.6101,17.3664,4.5659,5.1764,19.2169,11.592,7.9615,4.4183,6.0925,100.0,,,,,,,,,,,13.41,2.5,3.54,-2.06,0.51,1.11,0.48,0.2,3.26,3.93,2.65,0.46,0.79,-0.02,1.1,-0.17,-0.06,0.03,0.36,0.95,167.24747,123.25045,125.08566,47.23,17.58,18.91,43.52,18.52,19.68,-2.05,1.59,1.38,687.02,565.08,1252.1,8.3,8.06,1.82,14.3,2488.0,3399.0,105.13475,97.39743,106.11261,105.43394,98.6963,106.23645,-5.2,-4.2,-5.3,-5.5,-3.3,-5.7,2.6,-9.1,4.1,0.4,-3.2,0.6,94.75932,44.84933,132.94177,121.28112,84.6161,145.66057,104.85484,116.5916,91.05106,-1.0,-38.8,-22.4,-9.8,-27.8,-4.8,-5.1,-31.4,-10.8,-1.6,-41.2,-26.2,-11.2,-28.1,-4.6,-5.5,-37.8,-9.9,-1.0,-64.1,-28.6,8.2,-11.0,19.5,0.5,-16.1,-17.6,88.5454,87.42378,-7.4,-8.3,-5.0,2.2
2020-12-01,100.0,4.52,4.52,1.35,24.0093,17.2815,4.5583,5.1277,19.2442,11.4637,7.8809,4.3776,6.0568,100.0,15.53,5.69,5.3,-1.37,1.52,1.66,1.26,0.66,3.58,5.45,15.53,5.69,5.3,-1.37,1.52,1.66,1.26,0.66,3.58,5.45,1.86,3.12,1.7,0.71,1.01,0.54,0.77,0.46,0.31,1.46,165.5634,123.83902,125.57943,45.75,18.14,19.38,45.75,18.14,19.38,-1.01,0.48,0.39,710.33,566.07,1276.4,10.16,10.16,1.94,14.2,2476.0,3347.0,97.1061,104.56721,96.16315,104.92093,100.65943,105.43866,-4.5,-3.4,-4.6,-4.5,-3.4,-4.6,8.3,-3.9,10.2,-0.5,2.0,-0.8,98.09679,42.17654,116.24535,110.95233,48.16156,136.36354,107.07462,98.01622,36.18138,-0.9,-43.0,-25.2,-8.1,-26.7,-2.8,-5.0,-38.7,-10.0,-0.9,-43.0,-25.2,-8.1,-26.7,-2.8,-5.0,-38.7,-10.0,7.0,-65.1,-15.0,37.2,6.4,18.8,0.4,-45.9,-14.1,96.17834,87.41447,-7.8,-7.8,-3.1,0.0
2021-01-01,100.0,4.56,0.25,0.25,24.1047,17.5638,4.5693,5.09,19.1604,11.3614,7.8283,4.3348,5.9872,100.0,16.17,4.01,6.41,-1.03,1.73,2.66,1.43,0.61,3.49,5.53,1.01,-1.15,0.99,-0.12,0.64,0.22,0.48,0.11,0.01,0.27,1.01,-1.15,0.99,-0.12,0.64,0.22,0.48,0.11,0.01,0.27,185.47497,127.61904,130.03233,12.03,3.05,3.55,54.74,21.62,23.19,12.03,3.05,3.55,731.37,570.47,1301.84,12.01,1.99,1.99,14.4,2491.0,3339.0,95.45141,102.00902,94.62264,105.5594,104.93844,105.87779,-4.2,-2.0,-4.5,2.4,0.3,2.6,2.4,0.3,2.6,0.6,4.3,0.4,91.49543,94.49185,99.44198,118.58552,81.11292,135.21786,106.23746,91.26035,27.31291,-1.0,-45.7,-26.2,-6.3,-27.0,-2.0,-5.3,-36.6,-10.5,-4.2,-36.3,-5.4,22.5,4.5,3.2,0.5,5.0,-12.2,-4.2,-36.3,-5.4,22.5,4.5,3.2,0.5,5.0,-12.2,84.06348,88.87432,-8.4,-5.0,-5.0,1.7
2021-02-01,100.0,5.2,1.11,0.86,24.2814,17.3156,4.6016,5.0696,19.2321,11.3556,7.8448,4.3275,5.9719,100.0,16.22,4.98,7.34,-0.22,4.19,2.48,1.5,-0.15,3.17,6.22,1.18,-0.64,1.76,0.06,2.89,0.96,0.73,2.82,-0.12,1.09,0.17,0.52,0.76,0.18,2.23,0.73,0.25,2.71,-0.13,0.82,237.24735,132.36124,136.73626,43.3,6.88,8.88,87.59,25.42,28.5,27.91,3.72,5.16,748.58,570.6,1319.18,13.22,3.35,1.33,14.6,2488.0,3309.0,92.15339,86.65218,92.84865,104.13789,101.07604,104.55944,-4.2,-2.5,-4.4,1.3,-3.0,1.9,0.3,-6.7,1.2,-1.3,-3.7,-1.2,90.39672,100.46107,71.91176,116.9995,70.42894,132.59487,98.08054,100.52176,25.5413,-0.9,-49.0,-23.5,-6.0,-27.5,-0.8,-5.7,-34.5,-10.9,-1.9,-36.3,18.3,14.8,-4.7,6.4,-0.2,9.7,-10.2,0.5,-36.4,80.7,7.9,-13.5,9.9,-1.0,14.4,-8.1,83.05307,91.4144,-8.6,-3.5,-1.8,2.9
2021-03-01,100.0,6.1,2.05,0.93,24.1231,17.2664,4.599,5.0371,19.5029,11.3445,7.8018,4.408,5.9172,100.0,15.0,5.75,9.19,-0.2,8.32,2.14,1.95,-1.19,3.07,6.94,1.25,0.22,2.41,0.22,6.53,0.82,0.88,2.38,-0.23,1.96,0.07,0.86,0.64,0.16,3.54,-0.14,0.14,-0.43,-0.11,0.86,247.63488,138.50934,143.0612,49.57,11.85,13.92,136.25,28.95,33.32,4.38,4.64,4.63,765.07,573.28,1338.35,14.46,4.84,1.45,14.9,2512.0,3318.0,100.3173,96.49411,100.80049,101.95801,101.33031,101.6219,-3.1,-2.5,-3.2,4.4,-2.0,5.2,10.5,0.0,12.0,-2.1,0.3,-2.8,98.29677,82.39305,56.32669,127.81873,74.08551,144.54886,105.57533,131.50705,37.47627,-0.8,-51.5,-21.4,-2.6,-25.6,0.9,-5.5,-31.4,-11.2,0.0,-37.4,32.6,21.2,-1.6,9.9,-0.2,21.6,-8.7,3.9,-40.0,110.2,35.0,5.4,17.2,-0.2,44.3,-6.5,88.46638,86.94787,-8.0,-0.8,4.6,-4.9
2021-04-01,100.0,6.76,2.37,0.31,23.9345,17.265,4.589,5.0026,20.0171,11.233,7.7462,4.3522,5.8602,100.0,13.41,6.28,11.64,0.43,11.03,3.75,2.24,-1.1,3.42,7.59,1.75,0.57,3.06,0.76,6.44,2.17,0.98,2.44,-0.14,2.35,0.49,0.35,0.63,0.53,-0.08,1.34,0.1,0.06,0.09,0.38,245.89476,141.85538,146.19508,48.52,14.55,16.42,125.48,32.13,36.09,-0.7,2.42,2.19,789.1,574.31,1363.41,16.31,6.81,1.87,14.8,2500.0,3279.0,94.72257,97.07546,94.42521,100.07256,104.68558,99.10751,1.2,-2.8,1.7,10.5,-0.6,12.1,34.8,3.7,40.3,-1.8,3.3,-2.5,91.20708,68.04266,22.47453,107.44354,58.9504,128.67786,101.37748,79.80233,91.19878,-0.1,-50.1,-22.1,7.3,-14.9,7.2,-4.7,-26.2,-13.1,0.9,-34.1,20.9,35.6,16.1,18.0,1.0,29.2,-14.3,3.9,-16.0,-36.1,127.6,275.1,54.0,5.0,73.4,-19.1,86.55551,89.51521,-5.3,3.8,20.1,3.0
2021-05-01,100.0,8.06,3.22,0.83,23.9583,17.2595,4.6007,5.0098,19.9255,11.3393,7.7258,4.3382,5.8429,100.0,13.56,8.62,12.5,1.93,14.32,4.58,2.52,-1.01,3.34,8.9,2.29,2.49,4.41,1.57,8.01,2.82,1.24,2.54,0.06,3.33,0.53,1.91,1.31,0.81,1.48,0.64,0.26,0.1,0.2,0.96,244.82849,143.40471,147.63531,47.88,15.8,17.56,105.71,32.5,35.85,-0.43,1.09,0.99,810.08,577.65,1387.73,18.18,8.71,1.78,14.7,2515.0,3276.0,102.95969,105.64588,102.6202,101.18104,106.18537,100.38397,4.9,-1.5,5.8,13.2,1.8,14.8,24.1,11.6,26.0,1.1,1.4,1.3,94.70023,46.07644,44.72803,107.5669,59.63518,121.41786,109.34977,85.12767,156.35811,0.9,-48.9,-19.9,17.5,-5.8,13.1,-1.6,-20.1,-12.0,1.3,-34.3,25.6,44.2,23.0,22.4,5.8,31.7,-7.8,2.6,-35.9,60.1,99.0,71.2,46.9,28.8,45.0,1.0,90.0544,90.84419,-2.1,7.3,23.3,1.5
2021-06-01,100.0,8.35,3.77,0.53,23.8566,17.4221,4.6164,5.0025,20.0278,11.3037,7.6721,4.3002,5.7986,100.0,13.67,9.72,12.36,3.62,14.2,5.05,2.92,-0.98,2.46,9.22,2.77,3.64,5.61,2.74,8.55,3.35,1.59,2.62,-0.06,3.95,0.47,1.12,1.15,1.15,0.5,0.51,0.34,0.08,-0.12,0.6,266.16374,144.46459,149.54092,60.76,16.66,19.08,115.55,32.88,36.78,8.71,0.74,1.29,829.19,592.68,1421.87,20.92,11.38,2.46,14.2,2490.0,3224.0,102.41462,104.30881,102.17523,100.81355,104.96273,100.37891,6.6,-1.1,7.7,13.0,2.2,14.5,12.1,4.1,13.3,-0.4,-1.2,0.0,95.32578,65.59612,88.6435,107.08236,75.83091,115.41007,105.05731,89.81143,157.58568,0.4,-46.3,-16.7,22.7,0.6,15.0,3.8,-20.7,-10.6,1.3,-30.4,21.0,43.3,24.2,21.6,10.9,19.7,-6.5,1.3,9.0,8.0,38.8,30.3,17.1,45.3,-20.0,-3.6,93.24844,93.04153,0.4,9.5,21.1,2.4
2021-07-01,100.0,8.99,4.76,0.96,23.8267,17.5137,4.6413,5.0294,20.008,11.2938,7.6523,4.2769,5.7579,100.0,14.26,12.14,12.13,4.75,14.68,4.1,3.37,-0.69,2.18,9.85,3.45,6.92,6.28,3.25,9.93,2.89,2.14,2.75,0.07,5.01,0.66,3.17,0.64,0.5,1.27,-0.45,0.54,0.13,0.13,1.02,275.76824,146.94579,152.31924,66.56,18.66,21.29,95.12,31.65,34.97,3.61,1.72,1.86,853.03,595.75,1448.78,22.6,13.49,1.89,13.7,2485.0,3194.0,107.53425,109.9911,107.22375,99.26677,103.23581,98.93058,7.0,-1.4,8.2,11.0,1.4,12.4,1.4,-2.8,2.0,-1.5,-1.6,-1.4,99.80662,65.70135,113.04213,112.84378,86.57173,117.30374,108.69777,102.833,187.23955,0.6,-44.5,-15.6,25.3,3.9,15.3,6.9,-13.3,-9.6,1.0,-25.8,9.5,38.4,21.1,18.3,12.3,23.6,-5.0,-0.5,37.0,-17.2,14.5,7.9,0.3,20.7,51.0,-0.7,94.65083,93.5876,2.9,10.7,17.8,0.6
2021-08-01,100.0,9.68,5.67,0.87,23.7426,17.8832,4.6236,5.0038,20.053,11.1318,7.6161,4.2386,5.7073,100.0,14.81,12.47,12.64,6.62,15.43,3.39,3.89,3.49,1.24,10.42,4.78,7.66,7.39,4.31,11.49,2.73,2.85,3.08,0.29,5.94,1.29,0.69,1.04,1.03,1.43,-0.15,0.69,0.32,0.22,0.88,278.95539,149.80538,155.1925,68.49,20.97,23.58,82.03,30.28,33.12,1.16,1.95,1.89,866.89,596.22,1463.11,22.74,14.61,0.99,13.2,2469.0,3149.0,108.81356,114.72825,108.06605,99.41977,105.84763,98.56877,7.2,-1.4,8.4,9.3,1.0,10.5,-0.6,-1.4,-0.4,0.2,2.5,-0.4,101.305,106.89787,138.37695,120.41148,92.9649,114.35179,108.17302,107.81361,186.27325,1.6,-35.6,-11.5,26.4,9.7,14.4,7.8,-2.6,-8.1,1.5,-15.6,6.1,33.4,21.8,14.5,11.6,26.4,-4.5,4.9,157.7,-4.5,7.8,25.7,-8.4,7.1,47.6,-2.7,95.77175,94.31502,5.1,11.4,16.6,0.8
2021-09-01,100.0,10.25,6.9,1.16,23.8424,17.8486,4.6312,5.0119,20.1587,11.02,7.6014,4.2155,5.6703,100.0,12.92,15.13,12.68,6.78,16.24,4.27,4.32,3.62,1.12,10.78,5.77,10.71,8.47,4.83,13.05,3.4,3.44,3.12,0.32,7.21,0.94,2.83,1.0,0.5,1.4,0.65,0.58,0.04,0.03,1.2,232.98827,152.21896,155.58802,40.72,22.92,23.9,49.71,29.29,30.4,-16.48,1.61,0.25,877.35,598.61,1475.96,22.06,15.62,0.88,12.7,2450.0,3093.0,106.61016,112.51948,105.86333,99.03376,105.50718,98.6342,6.5,-0.8,7.5,7.6,1.2,8.4,-4.1,3.2,-5.0,-0.4,-0.3,0.1,87.28428,84.97112,130.11994,116.7138,92.90719,99.0151,100.7302,133.69302,175.22793,0.4,-28.7,-10.2,25.0,12.4,9.9,7.1,6.1,-8.6,-0.1,-9.9,1.1,28.0,20.9,8.1,9.9,31.7,-5.4,-12.2,78.4,-18.0,-2.9,15.3,-31.2,-2.4,74.7,-9.4,94.65969,93.52528,6.8,11.5,11.5,-0.8
2021-10-01,100.0,10.67,8.24,1.25,23.782,18.135,4.6222,4.9777,20.1963,10.9608,7.5548,4.1672,5.604,100.0,11.81,16.0,12.65,7.41,17.75,4.27,5.08,3.71,1.42,11.08,6.93,11.98,9.9,6.67,15.3,3.89,4.34,3.2,0.74,8.45,1.1,1.14,1.32,1.76,1.99,0.47,0.87,0.07,0.42,1.16,227.9078,156.1054,159.10043,37.66,26.06,26.69,33.48,28.67,28.95,-2.18,2.55,2.26,888.45,602.43,1490.88,21.22,16.79,1.01,12.1,2440.0,3048.0,104.56847,102.42024,104.83996,98.66702,98.53091,98.76117,5.7,-0.6,6.5,5.7,0.6,6.4,-7.8,-4.8,-8.2,-0.4,-6.6,0.1,94.39254,77.51313,119.23542,107.33055,97.42084,93.33519,104.6065,114.3514,115.96893,-0.4,-19.0,-8.2,21.5,15.2,5.6,7.2,11.8,-9.4,-1.1,-5.7,-3.0,21.8,19.6,2.8,8.7,29.6,-8.5,-9.2,67.5,-22.9,-17.2,11.2,-35.0,-0.8,15.4,-29.8,93.72302,92.89826,8.1,11.0,7.3,-0.7
2021-11-01,100.0,10.74,9.26,0.95,23.7699,18.13,4.6293,5.0076,20.3596,10.8868,7.5325,4.122,5.5624,100.0,8.89,16.65,12.97,8.44,20.17,3.21,5.69,3.67,1.18,10.96,6.9,13.12,11.08,7.68,18.97,2.66,4.89,3.19,0.86,9.36,-0.03,1.02,1.07,0.95,3.18,-1.18,0.52,-0.01,0.12,0.84,216.03581,159.0516,161.42853,30.49,28.43,28.55,29.17,29.05,29.05,-5.21,1.89,1.46,903.22,603.54,1506.76,20.33,18.04,1.07,11.6,2435.0,3008.0,100.5582,101.88696,100.39026,98.66931,102.66153,98.24143,5.0,0.5,5.6,4.7,1.0,5.2,-4.4,4.6,-5.4,0.0,4.2,-0.5,96.85738,77.92088,102.60434,109.49881,91.75923,96.70164,99.99875,113.85393,68.85653,-0.2,-9.3,-6.6,19.5,17.6,0.4,6.8,13.8,-9.7,-0.8,-1.6,-5.5,18.2,18.3,-1.2,7.4,25.6,-9.6,2.2,73.7,-22.8,-9.7,8.4,-33.6,-4.6,-2.3,-24.4,97.59773,95.41659,9.5,10.9,10.2,2.7
2021-12-01,100.0,10.06,10.06,0.73,23.5654,18.1641,4.6397,5.013,20.8314,10.668,7.5089,4.0863,5.5232,100.0,7.71,13.85,12.74,9.94,19.29,3.9,5.5,3.29,1.29,10.16,7.71,13.85,12.74,9.94,19.29,3.9,5.5,3.29,1.29,10.16,0.76,0.64,1.5,2.1,0.27,1.21,0.59,0.09,0.43,0.73,188.45878,160.12215,161.30413,13.83,29.3,28.45,13.83,29.3,28.45,-12.77,0.67,-0.08,910.06,604.46,1514.52,18.65,18.65,0.52,11.1,2439.0,2984.0,92.2986,106.40551,90.51574,100.2513,102.17396,99.78347,3.9,1.0,4.3,3.9,1.0,4.3,-5.0,1.8,-5.9,1.6,-0.5,1.6,101.17406,76.72392,98.38497,81.40673,35.37378,87.27769,101.15842,104.37177,34.48258,-0.5,2.2,-6.5,13.9,15.6,-4.5,6.2,23.7,-9.5,-0.5,2.2,-6.5,13.9,15.6,-4.5,6.2,23.7,-9.5,3.1,81.9,-15.4,-26.6,-26.6,-36.0,-5.5,6.5,-4.7,106.68322,97.88447,10.9,10.9,10.9,2.6
2022-01-01,100.0,10.38,0.54,0.54,23.5705,18.1522,4.6748,5.0799,20.7397,10.7173,7.4982,4.0601,5.5072,100.0,7.79,15.37,13.71,11.38,18.76,4.36,5.93,3.41,2.15,10.6,1.08,0.17,1.86,1.19,0.19,0.67,0.88,0.23,0.85,0.67,1.08,0.17,1.86,1.19,0.19,0.67,0.88,0.23,0.85,0.67,206.43631,161.35457,163.23503,9.54,0.77,1.2,11.3,26.43,25.53,9.54,0.77,1.2,915.79,609.69,1525.48,17.17,0.72,0.72,11.2,2480.0,3011.0,90.12692,95.86896,89.14802,99.99541,98.87284,100.09879,3.3,0.5,3.6,-5.6,-6.0,-5.8,-5.6,-6.0,-5.8,-0.3,-3.2,0.3,96.20507,98.13337,91.21732,95.80029,80.48756,96.73551,111.90655,119.05363,18.59144,0.3,8.9,-6.7,9.9,15.0,-7.4,6.7,25.9,-9.9,5.1,3.9,-8.3,-19.2,-0.8,-28.5,5.3,30.5,-31.9,5.1,3.9,-8.3,-19.2,-0.8,-28.5,5.3,30.5,-31.9,91.92457,96.89558,12.2,9.4,9.4,-1.0
2022-02-01,100.0,10.54,1.56,1.01,23.6671,18.0619,4.7303,5.1059,20.6434,10.7159,7.5139,4.0432,5.5183,100.0,8.95,15.31,14.92,12.17,16.76,4.54,6.39,6.12,2.58,10.8,2.34,0.64,3.73,2.09,0.71,1.58,1.58,5.65,1.14,1.68,1.25,0.47,1.84,0.9,0.51,0.91,0.7,5.41,0.29,1.0,223.65884,161.52528,164.117,18.68,0.88,1.74,-5.73,22.03,20.02,8.34,0.11,0.54,922.86,611.1,1533.96,16.28,1.28,0.56,11.2,2501.0,3015.0,89.76868,87.37175,90.17731,100.96025,102.10281,100.973,3.1,1.1,3.3,-4.1,-2.9,-4.3,-2.6,0.8,-2.9,1.0,3.3,0.9,93.49301,105.17901,74.64963,105.49272,106.89098,98.37711,89.26093,88.57498,15.20731,0.5,17.1,-9.0,8.2,21.3,-10.5,6.0,23.2,-10.5,4.3,4.3,-3.2,-14.6,23.6,-27.1,-1.5,8.3,-36.1,3.4,4.7,3.8,-9.8,51.8,-25.8,-9.0,-11.9,-40.5,89.20278,97.15151,13.0,8.4,7.4,0.3
2022-03-01,100.0,11.3,3.2,1.62,23.7237,17.9662,4.7697,5.1005,20.5437,10.7059,7.4912,4.2199,5.4792,100.0,11.48,15.75,14.86,13.98,16.17,6.04,6.89,6.78,2.61,11.73,4.79,1.89,4.33,3.91,3.73,2.89,2.2,5.85,1.06,3.42,2.39,1.24,0.58,1.78,3.01,1.29,0.61,0.19,-0.08,1.71,247.53274,165.82116,169.22952,31.35,3.56,4.91,-0.04,19.72,18.29,10.67,2.66,3.12,927.28,621.79,1549.07,15.75,2.29,0.99,11.1,2538.0,3027.0,98.37445,97.3028,98.55714,100.09981,102.35264,99.84845,2.0,1.1,2.2,-3.4,-1.6,-3.6,-1.9,0.8,-2.2,-0.9,0.2,-1.1,101.12219,98.19886,67.33142,111.54345,107.92141,113.54869,102.27666,85.79103,15.10486,0.5,27.6,-10.3,4.0,25.0,-13.9,5.7,14.3,-11.9,3.8,8.7,2.4,-13.9,30.9,-25.1,-2.1,-9.2,-45.9,2.9,19.2,19.5,-12.7,45.7,-21.4,-3.1,-34.8,-59.7,98.6979,97.71888,13.6,9.5,11.6,0.6
2022-04-01,100.0,12.13,4.29,1.06,23.8818,17.8824,4.7169,5.1038,20.8021,10.6624,7.4108,4.1568,5.383,100.0,13.44,13.97,15.84,14.92,18.08,6.67,7.32,6.82,2.59,12.47,7.16,0.67,5.89,5.33,5.36,4.89,2.72,5.95,1.14,4.49,2.26,-1.2,1.5,1.36,1.56,1.94,0.51,0.09,0.08,1.04,218.96827,170.7345,172.74644,16.19,6.63,7.09,-10.95,20.36,18.16,-11.54,2.96,2.08,944.49,623.27,1567.76,15.0,3.52,1.21,10.5,2559.0,3016.0,94.63148,95.78282,94.4352,100.76992,102.61955,100.31761,0.0,0.7,-0.2,-2.5,-1.5,-2.7,-0.1,-1.3,0.0,0.7,0.3,0.5,91.07032,81.32998,54.65406,99.72351,88.66754,100.74535,91.86452,79.70237,56.64577,0.2,31.6,-6.7,-1.5,22.1,-18.2,4.5,10.8,-13.0,2.8,10.8,15.1,-12.4,34.9,-24.3,-3.9,-7.4,-41.9,-0.1,19.5,143.2,-7.2,50.4,-21.7,-9.4,-0.1,-37.9,94.67279,98.20499,12.8,9.5,9.4,0.5
2022-05-01,100.0,11.73,4.78,0.47,24.1688,17.485,4.7384,5.1202,20.9098,10.758,7.3714,4.1179,5.3306,100.0,13.55,9.98,15.04,16.34,17.65,7.31,7.62,6.82,3.18,11.9,7.83,-0.99,6.54,7.48,6.52,6.19,3.27,6.05,1.92,4.96,0.63,-1.65,0.61,2.05,1.11,1.24,0.54,0.1,0.77,0.45,246.33039,172.79795,175.86515,30.71,7.92,9.03,0.61,20.5,19.12,12.5,1.21,1.81,962.98,638.78,1601.76,15.44,5.77,2.17,9.8,2602.0,3035.0,102.66461,95.17081,103.94214,100.25743,96.83008,100.75065,-1.7,-1.0,-1.8,-2.1,-3.4,-1.9,-0.3,-9.9,1.3,-0.5,-5.6,0.4,103.16997,83.19659,60.89251,104.32171,114.12306,112.51309,96.67907,94.81313,150.97784,0.7,41.5,-6.7,-5.6,24.9,-20.8,1.3,9.1,-13.5,4.1,19.0,18.3,-10.6,44.7,-21.2,-5.5,-4.2,-24.1,8.9,80.6,36.1,-3.0,91.4,-7.3,-11.6,11.4,-3.4,98.22895,98.71828,11.7,9.4,9.1,0.5
2022-06-01,100.0,11.89,5.49,0.67,24.208,17.1221,4.7462,5.2007,21.0513,10.8417,7.3791,4.1021,5.3488,100.0,13.89,9.34,14.46,16.89,17.55,7.69,7.7,6.89,3.39,11.92,8.67,-0.46,7.22,9.24,6.97,7.12,3.7,6.2,2.01,5.61,0.78,0.53,0.64,1.63,0.42,0.87,0.41,0.14,0.09,0.62,239.20368,174.95436,177.63433,26.93,9.26,10.12,-10.13,21.11,18.79,-2.89,1.25,1.01,974.47,653.78,1628.25,14.53,7.52,1.65,9.3,2641.0,3057.0,101.79733,98.39108,102.37802,100.19575,97.49773,100.75339,-2.6,-1.8,-2.7,-1.8,-3.8,-1.5,-0.6,-5.7,0.2,-0.1,0.7,0.0,101.38622,87.46137,74.05232,99.9263,106.75548,118.37448,97.8118,86.08948,154.79201,1.1,43.4,-8.4,-8.2,25.9,-21.5,-2.0,11.0,-13.4,4.5,21.1,10.2,-10.0,44.0,-17.7,-5.7,-4.2,-17.0,6.4,33.3,-16.5,-6.7,40.8,2.6,-6.9,-4.1,-1.8,99.22516,99.06896,10.5,8.9,6.4,0.4
2022-07-01,100.0,10.07,4.77,-0.68,24.2459,17.1103,4.7467,5.2519,21.0106,10.8671,7.364,4.0815,5.3221,100.0,14.63,5.1,13.97,17.07,10.92,8.46,8.24,6.85,3.33,10.12,10.09,-1.29,7.44,9.94,2.22,7.4,4.79,6.3,2.08,4.98,1.31,-0.83,0.2,0.65,-4.44,0.27,1.05,0.1,0.07,-0.6,238.60546,177.07827,179.64469,26.61,10.59,11.37,-13.48,20.51,17.94,-0.25,1.21,1.13,987.88,664.39,1652.27,14.07,9.11,1.48,9.1,2681.0,3100.0,107.14913,105.73596,107.39005,101.08948,100.23322,101.23995,-2.8,-1.9,-2.9,-1.6,-3.8,-1.3,-0.4,-3.9,0.2,0.9,2.8,0.5,104.23575,109.0955,119.51412,105.39248,107.49849,102.97162,102.36804,98.09287,191.46595,1.5,45.8,-6.1,-9.7,27.4,-22.4,-3.9,7.2,-13.0,4.5,26.7,9.2,-9.5,40.6,-17.0,-5.7,-4.2,-11.7,4.4,66.0,5.7,-6.6,24.2,-12.2,-5.8,-4.6,2.3,100.58128,100.10812,9.6,8.5,6.3,1.0
2022-08-01,100.0,8.73,4.39,-0.36,24.7146,17.0631,4.7847,5.3194,20.2014,10.9666,7.4846,4.1089,5.3566,100.0,13.47,4.31,13.23,17.77,5.82,10.36,8.03,7.2,2.02,8.83,10.38,-1.36,7.86,11.74,-1.1,9.12,5.31,6.99,1.0,4.65,0.26,-0.07,0.39,1.64,-3.24,1.6,0.49,0.65,-1.05,-0.31,204.76039,172.85644,174.18722,8.65,7.95,7.99,-26.6,15.39,12.24,-14.18,-2.38,-3.04,994.67,667.18,1661.85,13.61,9.74,0.58,8.9,2701.0,3127.0,110.72404,106.8068,111.39185,99.79891,96.66664,99.98798,-2.6,-2.4,-2.6,-1.1,-4.2,-0.7,1.8,-6.9,3.1,-1.3,-3.6,-1.2,107.26844,108.91095,134.38079,106.42841,101.8514,106.22914,102.97478,99.51646,176.753,1.6,34.3,-5.9,-11.2,25.7,-22.4,-4.9,3.3,-13.3,4.6,22.5,6.6,-9.8,35.8,-15.9,-5.6,-4.7,-10.3,5.9,1.9,-2.9,-11.6,9.6,-7.1,-4.8,-7.7,-5.1,104.10478,101.6023,9.0,8.5,8.7,1.5
2022-09-01,100.0,7.17,4.09,-0.29,24.8612,17.0994,4.8196,5.4245,19.6057,11.1788,7.544,4.1503,5.3164,100.0,11.84,2.17,12.03,19.31,2.17,10.19,8.36,7.28,-0.54,7.19,9.82,-0.65,7.79,13.76,-3.17,9.65,6.24,7.11,-1.5,4.32,-0.51,0.72,-0.07,1.81,-2.09,0.49,0.89,0.11,-2.48,-0.32,196.93023,169.76732,170.90034,4.5,6.02,5.95,-15.48,11.53,9.84,-3.82,-1.79,-1.89,999.96,669.23,1669.19,13.11,10.22,0.44,8.7,2725.0,3169.0,105.56805,105.16354,105.63701,98.11433,98.94891,98.43376,-2.3,-3.3,-2.1,-1.1,-4.5,-0.6,-1.0,-6.5,-0.2,-1.7,2.4,-1.6,101.74506,103.90653,134.30975,104.38808,101.17,90.5946,101.09787,103.40406,153.27141,4.0,30.6,-3.2,-11.9,24.9,-20.7,-4.7,-3.9,-13.8,5.9,22.5,6.0,-9.9,32.2,-15.2,-5.0,-7.3,-10.7,16.6,22.3,3.2,-10.6,8.9,-8.5,0.4,-22.7,-12.5,103.55595,102.30055,8.8,8.6,9.4,0.7
2022-10-01,100.0,6.47,4.7,0.59,24.8152,17.2792,4.8322,5.5399,19.2575,11.2693,7.6358,4.1691,5.2018,100.0,11.28,1.43,10.92,18.78,0.17,11.15,7.98,7.36,-1.65,6.46,10.48,-0.24,8.13,15.25,-3.18,11.13,6.79,7.27,-2.19,4.81,0.6,0.4,0.32,1.31,-0.01,1.35,0.52,0.16,-0.7,0.47,190.16171,168.52057,169.42327,0.9,5.25,5.03,-16.56,7.95,6.49,-3.44,-0.73,-0.86,1000.36,675.1,1675.46,12.41,10.64,0.38,8.3,2741.0,3188.0,105.8625,112.64665,104.70595,99.75186,108.04584,98.74277,-1.5,-2.0,-1.4,-0.9,-3.1,-0.6,1.2,10.0,-0.1,1.7,9.2,0.3,99.62492,107.78808,131.62331,101.58801,110.64363,86.93146,101.93954,105.8498,136.04925,5.3,29.4,0.9,-10.9,25.0,-18.4,-4.8,-5.8,-8.9,5.8,24.1,6.6,-9.5,29.9,-14.5,-4.7,-7.3,-7.9,5.5,39.1,10.4,-5.4,13.6,-6.9,-2.5,-7.4,17.3,102.81034,102.06046,9.0,8.7,9.7,-0.2
2022-11-01,100.0,5.9,5.13,0.41,24.8478,17.2694,4.8247,5.5857,19.1681,11.3676,7.6398,4.1553,5.1415,100.0,11.93,0.83,9.06,18.95,-2.02,12.03,7.68,7.44,-2.05,5.97,11.09,0.18,7.44,16.51,-2.28,10.68,7.05,7.35,-2.47,5.21,0.55,0.43,-0.63,1.09,0.93,-0.4,0.24,0.07,-0.29,0.38,187.0177,167.72934,168.5339,-0.76,4.75,4.48,-13.43,5.46,4.4,-1.65,-0.47,-0.52,1000.47,677.49,1677.96,11.38,10.81,0.15,8.1,2774.0,3219.0,101.38154,98.15732,101.9312,99.75884,99.10707,99.89887,-1.1,-2.7,-0.8,-0.7,-3.1,-0.4,0.8,-3.7,1.5,0.0,-8.3,1.2,97.60484,109.22105,131.80393,91.59291,112.79961,85.81255,99.70874,128.47896,95.26292,5.2,28.2,6.3,-11.4,26.3,-16.4,-4.5,-4.4,-5.3,5.4,25.6,8.9,-10.1,29.2,-14.3,-4.4,-5.3,-5.3,0.8,40.2,28.5,-16.4,22.9,-11.3,-0.3,12.8,38.3,103.94298,101.81469,8.7,8.5,6.5,-0.2
2022-12-01,100.0,5.79,5.79,0.62,24.8921,17.2777,4.7761,5.6258,19.2711,11.2791,7.6287,4.1422,5.1072,100.0,11.91,0.45,8.08,18.29,-2.15,12.99,7.85,7.57,-2.04,5.93,11.91,0.45,8.08,18.29,-2.15,12.99,7.85,7.57,-2.04,5.93,0.74,0.26,0.59,1.53,0.13,2.08,0.75,0.21,0.44,0.69,173.53821,166.09166,166.40227,-7.92,3.73,3.16,-7.92,3.73,3.16,-7.21,-0.98,-1.26,1001.2,678.05,1679.25,10.9,10.9,0.08,7.9,2795.0,3226.0,91.95129,101.60158,90.30612,99.8708,96.67683,99.9175,-0.7,-3.2,-0.4,-0.7,-3.2,-0.4,-0.4,-4.5,-0.2,0.1,-2.5,0.0,103.0742,107.57871,125.57086,73.80214,61.19083,87.1664,102.11151,110.63322,35.87825,5.1,26.7,10.6,-10.0,30.9,-13.4,-3.9,-4.4,-5.0,5.1,26.7,10.6,-10.0,30.9,-13.4,-3.9,-4.4,-5.0,1.9,40.2,27.6,-9.3,73.0,-0.1,0.9,6.0,4.0,113.05252,104.56056,8.3,8.3,6.0,2.7
2023-01-01,100.0,5.77,0.53,0.53,24.9019,17.2065,4.771,5.6716,19.1649,11.4331,7.6333,4.1223,5.0954,100.0,11.29,0.48,6.86,16.58,-1.7,11.97,7.78,7.77,-0.85,5.71,0.52,0.19,0.71,-0.27,0.65,-0.24,0.81,0.41,2.07,0.46,0.52,0.19,0.71,-0.27,0.65,-0.24,0.81,0.41,2.07,0.46,190.2279,165.87403,166.88988,9.62,-0.13,0.29,-7.85,2.8,2.24,9.62,-0.13,0.29,1000.94,683.51,1684.45,10.45,0.31,0.31,8.4,2821.0,3240.0,90.3957,97.83428,89.12758,99.70946,103.25161,99.04542,-0.2,-2.6,0.1,0.3,2.1,0.0,0.3,2.1,0.0,-0.2,6.8,-0.9,102.11576,116.94762,106.59236,93.36633,97.38596,94.47635,96.90944,91.63404,23.80283,5.1,28.2,12.8,-8.6,32.8,-11.1,-5.6,-8.6,-4.0,6.1,19.2,16.9,-2.5,21.0,-2.3,-13.4,-23.0,28.0,6.1,19.2,16.9,-2.5,21.0,-2.3,-13.4,-23.0,28.0,96.63815,101.28676,7.9,5.1,5.1,-3.1
2023-02-01,100.0,5.6,1.37,0.84,24.917,17.1602,4.7825,5.6302,19.2023,11.3516,7.6589,4.1202,5.1771,100.0,9.96,0.9,5.07,15.35,-1.62,12.75,7.42,8.27,-0.27,5.47,0.56,1.09,0.84,-0.44,1.26,1.37,1.18,6.33,2.97,1.23,0.04,0.9,0.13,-0.17,0.6,1.61,0.37,5.9,0.87,0.77,195.93098,165.11991,166.4051,12.9,-0.59,0.0,-12.4,2.23,1.39,3.0,-0.45,-0.29,1001.94,683.8,1685.74,9.92,0.39,0.08,8.6,2839.0,3238.0,87.42669,91.49249,86.73356,99.62301,106.659,98.64159,-0.2,-2.3,0.0,-1.2,3.3,-1.9,-2.6,4.7,-3.8,-0.1,3.3,-0.4,92.36854,109.83265,74.30853,103.9767,84.83176,89.9579,87.87187,105.94642,19.35091,4.8,28.1,12.5,-8.0,25.4,-9.4,-5.0,-6.4,-2.8,2.5,11.5,9.1,-2.0,-2.8,-5.5,-8.1,-4.8,27.7,-1.2,4.4,-0.5,-1.4,-20.6,-8.6,-1.6,19.6,27.2,93.40244,102.06877,7.7,4.9,4.7,0.8
2023-03-01,100.0,4.65,2.09,0.71,24.7346,17.1819,4.7517,5.5773,19.1685,11.4454,7.6281,4.3295,5.183,100.0,7.32,0.2,4.19,13.61,-2.37,12.12,7.08,8.21,0.25,4.36,0.49,1.64,0.57,-0.2,3.51,2.1,1.47,6.47,3.42,1.88,-0.07,0.54,-0.27,0.24,2.23,0.72,0.29,0.14,0.44,0.64,197.2561,163.93932,165.32904,13.67,-1.3,-0.64,-20.31,-1.13,-2.3,0.68,-0.71,-0.65,1002.6,686.53,1689.13,9.06,0.59,0.2,8.8,2865.0,3246.0,99.38515,100.71567,99.15832,100.40695,105.03282,99.6001,0.0,-2.1,0.3,-0.4,3.4,-1.0,1.0,3.5,0.6,0.8,-1.5,1.0,101.88194,93.43301,67.49603,117.72326,117.95241,98.06042,95.0325,104.76729,24.6946,4.6,25.5,11.4,-6.3,22.1,-8.4,-5.3,-1.3,-0.3,1.9,6.2,6.5,0.7,1.6,-8.5,-7.8,3.0,38.7,0.8,-4.9,0.2,5.5,9.3,-13.6,-7.1,22.1,63.5,105.08354,103.49364,7.3,5.5,6.5,1.4
2023-04-01,100.0,4.18,2.72,0.61,24.5614,17.1658,4.7092,5.5554,19.4689,11.4562,7.602,4.3083,5.1727,100.0,5.59,1.88,2.83,12.92,-3.48,11.41,6.71,8.24,0.23,3.83,1.11,2.11,0.75,0.54,3.93,3.43,1.63,6.61,3.49,2.42,0.61,0.46,0.17,0.75,0.41,1.3,0.16,0.12,0.06,0.53,200.60068,163.18636,164.74699,15.59,-1.75,-0.99,-8.39,-4.42,-4.63,1.7,-0.46,-0.35,1006.82,686.85,1693.67,8.05,0.86,0.27,8.5,2876.0,3236.0,92.03653,97.63701,91.08177,99.9232,105.08636,98.89462,-0.2,-1.9,0.0,-1.0,3.0,-1.7,-2.7,1.9,-3.6,-0.5,0.1,-0.7,93.25405,100.68295,51.39526,104.74456,107.36617,91.94988,92.03061,98.94478,68.93071,4.8,25.8,7.9,-5.3,20.4,-7.1,-4.6,0.3,3.7,2.0,9.9,4.1,1.8,6.1,-8.5,-5.9,7.5,29.6,2.4,23.8,-6.0,5.0,21.1,-8.7,0.2,24.1,21.7,97.24814,101.89891,6.7,4.8,2.7,-1.5
2023-05-01,100.0,3.94,2.95,0.23,24.5827,17.152,4.6931,5.5686,19.4443,11.5454,7.5742,4.2917,5.1481,100.0,5.09,4.4,1.97,11.23,-4.67,11.16,7.07,8.2,-0.3,3.74,1.26,2.9,0.51,1.07,3.78,4.48,2.52,6.67,3.73,2.79,0.16,0.78,-0.23,0.52,-0.14,1.02,0.88,0.06,0.24,0.36,181.90619,159.05593,160.00906,4.82,-4.24,-3.84,-26.15,-7.95,-9.02,-9.32,-2.53,-2.88,1004.4,695.39,1699.79,6.13,1.23,0.36,8.3,2886.0,3230.0,104.73802,106.76081,104.39318,100.62209,106.66321,99.58952,0.0,-0.1,-0.1,-0.3,4.9,-1.2,2.0,12.2,0.4,0.7,1.5,0.7,106.94867,101.6676,70.66396,116.55902,136.46001,109.89737,95.17063,119.58059,165.74283,4.3,23.0,7.2,-4.1,16.3,-6.7,-3.7,1.5,5.4,2.4,12.1,6.2,3.8,9.2,-7.2,-5.1,11.3,17.9,3.7,22.2,16.0,11.7,19.6,-2.3,-1.6,26.1,9.8,103.26822,102.96022,6.4,4.8,5.1,1.0
2023-06-01,100.0,3.16,2.87,-0.08,24.5322,17.2246,4.6652,5.5772,19.3467,11.6197,7.6135,4.2784,5.1425,100.0,3.59,4.38,0.97,9.78,-5.39,10.37,7.0,8.13,-0.54,3.0,0.59,3.43,0.17,1.38,3.43,4.64,2.88,6.75,3.56,2.69,-0.66,0.51,-0.34,0.31,-0.34,0.15,0.35,0.07,-0.16,-0.1,162.77563,155.34428,155.65426,-6.2,-6.47,-6.46,-31.95,-11.21,-12.37,-10.52,-2.33,-2.72,1001.63,704.87,1706.5,4.82,1.62,0.39,8.0,2906.0,3245.0,101.88765,109.35945,100.61386,100.1486,108.15183,98.87078,0.1,1.3,-0.3,-0.3,6.0,-1.3,0.1,11.1,-1.7,-0.5,1.4,-0.7,106.06283,103.20175,94.77809,111.13705,136.56782,105.13063,92.30263,114.37092,156.63149,4.2,22.0,10.5,-2.7,15.8,-7.9,-3.6,4.1,5.8,2.8,13.1,10.0,5.0,12.5,-7.9,-5.2,14.7,11.6,4.6,18.0,28.0,11.2,27.9,-11.2,-5.6,32.9,1.2,103.44944,103.1699,6.2,4.7,4.3,0.2
2023-07-01,100.0,3.99,2.99,0.12,24.3933,17.3307,4.6539,5.6003,19.3003,11.6488,7.6479,4.2856,5.1392,100.0,1.65,4.03,0.81,8.81,0.16,10.18,6.25,8.22,-0.63,3.53,0.0,2.23,0.21,1.13,4.63,4.74,3.24,6.94,3.54,2.59,-0.59,-1.16,0.04,-0.24,1.17,0.1,0.35,0.18,-0.02,-0.09,171.02413,153.74451,154.46528,-1.45,-7.43,-7.17,-28.32,-13.18,-14.02,5.07,-1.03,-0.76,1001.78,708.59,1710.37,3.52,1.85,0.23,7.9,2919.0,3256.0,105.5124,113.37046,104.17277,99.47056,106.66401,98.24398,0.0,2.3,-0.5,-0.5,6.1,-1.6,-1.5,7.2,-3.0,-0.7,-1.4,-0.6,107.63518,107.51061,129.8868,116.67019,129.4858,104.45092,90.12616,137.21956,189.06826,4.1,16.9,10.8,-1.2,15.6,-6.7,-4.1,7.7,5.2,2.8,10.7,9.7,5.8,13.7,-6.6,-6.2,18.5,7.5,3.3,-1.5,8.7,10.7,20.5,1.4,-12.0,39.9,-1.3,104.40512,103.7573,6.0,4.6,3.8,0.6
2023-08-01,100.0,4.61,3.23,0.23,24.2684,17.146,4.6599,5.5907,19.5426,11.6697,7.6823,4.2969,5.1434,100.0,0.46,5.37,0.35,7.65,3.9,9.07,6.04,8.3,0.31,4.06,-0.91,3.47,0.14,1.69,5.02,5.34,3.54,7.72,3.43,2.8,-0.91,1.22,-0.07,0.55,0.37,0.57,0.29,0.73,-0.11,0.2,182.24094,154.46971,155.62811,5.01,-7.0,-6.47,-11.0,-10.64,-10.65,6.56,0.47,0.75,1000.42,713.1,1713.52,3.11,2.04,0.18,7.8,2931.0,3266.0,111.26735,110.33621,111.42609,100.02767,101.24727,99.54942,-0.2,3.3,-0.8,-0.3,5.8,-1.3,0.5,3.3,0.0,0.6,-5.1,1.3,114.0388,114.21979,149.0355,124.90433,110.53246,111.25806,97.2432,147.00481,189.24168,4.1,17.2,12.5,1.4,15.4,-5.7,-4.2,12.3,7.1,3.3,9.8,10.0,7.3,13.1,-5.2,-6.1,22.3,7.4,6.3,4.9,10.9,17.4,8.5,4.7,-5.6,47.7,7.1,105.996,103.50262,5.4,4.2,1.8,-0.2
2023-09-01,100.0,5.19,3.5,0.26,23.9972,17.3204,4.6474,5.6096,19.5755,11.7124,7.6899,4.3193,5.1284,100.0,0.23,5.07,-0.16,6.14,7.26,8.37,5.54,8.22,2.72,4.51,-1.64,3.92,-0.43,2.08,6.14,5.17,3.96,7.75,3.29,2.91,-0.74,0.44,-0.57,0.38,1.07,-0.16,0.41,0.03,-0.14,0.11,189.27476,155.8873,157.27996,9.07,-6.14,-5.48,-3.89,-8.18,-7.97,3.86,0.92,1.06,998.17,715.7,1713.87,2.68,2.06,0.02,7.7,2965.0,3298.0,106.2818,115.03066,104.79031,99.5561,108.84385,98.27926,0.0,4.7,-0.9,-0.2,6.2,-1.3,0.7,9.4,-0.8,-0.5,7.5,-1.3,104.87695,110.75726,143.96073,122.93643,108.29643,101.08293,94.24254,141.34212,178.41134,3.1,15.8,12.9,3.9,15.2,-4.2,-4.8,18.4,11.4,3.3,9.5,9.5,8.5,12.4,-3.6,-6.2,24.1,8.9,3.1,6.6,7.2,17.8,7.0,11.6,-6.8,36.7,16.4,103.64494,102.5898,4.6,3.7,0.1,-0.9
2023-10-01,100.0,4.82,3.75,0.24,23.7939,17.3764,4.6157,5.6247,19.763,11.6811,7.713,4.3167,5.1156,100.0,-0.14,4.66,-0.19,5.3,7.22,7.17,5.21,8.12,3.21,4.14,-1.42,3.94,-0.15,2.59,6.09,5.41,4.18,7.82,3.05,3.04,0.23,0.01,0.28,0.51,-0.05,0.23,0.21,0.06,-0.23,0.12,199.23197,157.20815,158.96106,14.81,-5.35,-4.47,4.77,-6.71,-6.18,5.26,0.85,1.07,998.35,717.95,1716.3,2.44,2.2,0.14,7.6,2983.0,3309.0,107.01406,112.48542,106.08131,100.0074,109.20833,98.85646,0.0,3.8,-0.7,-0.1,5.5,-1.0,1.1,-0.1,1.3,0.5,0.3,0.6,107.57752,102.53798,137.49116,124.41373,107.87366,99.52279,96.19309,122.05686,149.89192,3.3,12.3,12.2,6.2,13.7,-2.7,-5.0,20.6,10.6,3.7,7.9,8.8,9.8,10.8,-2.1,-6.1,23.1,9.1,8.0,-4.9,4.5,22.5,-2.5,14.5,-5.6,15.3,10.2,103.82361,102.60298,3.9,3.5,1.0,0.0
2023-11-01,100.0,4.68,4.04,0.28,23.8206,17.356,4.6233,5.6468,19.7281,11.6941,7.7188,4.3147,5.0975,100.0,-0.13,4.64,-0.07,3.82,5.92,7.37,5.54,8.09,2.97,3.85,-0.86,4.37,-0.66,2.26,5.77,5.18,4.75,7.86,2.52,3.14,0.57,0.42,-0.5,-0.33,-0.3,-0.23,0.55,0.04,-0.52,0.1,185.11286,157.25112,158.41329,6.67,-5.32,-4.8,-1.02,-6.25,-6.01,-7.09,0.03,-0.34,999.15,718.56,1717.71,2.36,2.28,0.08,7.5,3016.0,3338.0,102.82135,112.6565,101.14467,101.15205,112.76274,99.39084,0.0,5.4,-0.9,0.1,6.3,-1.0,1.4,14.8,-0.8,1.1,3.3,0.5,104.0767,113.59806,126.88813,114.96117,106.74989,103.85182,95.65626,109.23123,122.86987,3.8,9.7,9.0,9.7,11.1,-0.3,-5.4,17.5,10.5,4.0,7.5,7.3,11.1,9.2,-0.3,-5.9,18.6,10.7,6.6,4.0,-3.7,25.5,-5.4,21.0,-4.1,-15.0,29.0,105.74193,103.80525,3.5,3.3,1.7,1.2
2023-12-01,100.0,4.62,4.62,0.56,23.935,17.4078,4.5959,5.6245,19.648,11.6579,7.7536,4.3126,5.0647,100.0,0.33,4.72,-0.02,2.97,6.03,5.46,5.34,8.1,2.63,3.71,0.33,4.72,-0.02,2.97,6.03,5.46,5.34,8.1,2.63,3.71,1.2,0.34,0.64,0.7,0.24,0.27,0.56,0.22,0.11,0.55,189.37025,156.74134,158.10236,9.12,-5.63,-4.99,9.12,-5.63,-4.99,2.3,-0.32,-0.2,1001.89,720.3,1722.19,2.55,2.55,0.26,7.4,3014.0,3324.0,92.73326,119.61433,88.15062,102.97004,115.91629,100.17378,0.1,7.3,-1.1,0.1,7.3,-1.1,0.9,17.7,-2.4,1.8,2.8,0.8,103.22841,102.51078,108.25766,73.53011,42.13532,95.93581,97.27895,91.54781,61.96591,3.7,6.4,5.1,10.4,7.1,0.5,-5.8,15.3,12.6,3.7,6.4,5.1,10.4,7.1,0.5,-5.8,15.3,12.6,0.1,-4.7,-13.8,-0.4,-31.1,10.1,-4.7,-17.3,72.7,112.19132,104.53673,2.9,2.9,-0.8,0.7
2024-01-01,100.0,4.51,0.42,0.42,24.0882,17.3714,4.5999,5.6327,19.5882,11.6248,7.7541,4.2985,5.0423,100.0,1.32,4.68,-0.49,3.38,5.24,6.57,5.53,8.13,0.45,3.82,1.51,0.16,0.24,0.12,-0.1,0.81,0.99,0.44,-0.1,0.57,1.51,0.16,0.24,0.12,-0.1,0.81,0.99,0.44,-0.1,0.57,198.16604,155.95885,157.7194,4.64,-0.5,-0.24,4.17,-5.98,-5.49,4.64,-0.5,-0.24,1003.26,722.26,1725.52,2.43,0.19,0.19,7.6,3061.0,3361.0,93.7519,104.9228,91.84751,101.60412,109.64356,100.18546,0.4,7.7,-0.9,3.7,7.2,3.1,3.7,7.2,3.1,-1.3,-5.4,0.0,108.85878,108.42978,114.42678,90.61162,74.34475,106.69058,102.68805,105.37113,21.80454,3.7,4.1,4.4,10.4,3.8,1.7,-4.1,19.2,11.9,6.6,-7.3,7.3,-3.0,-23.7,12.9,6.0,15.0,-8.4,6.6,-7.3,7.3,-3.0,-23.7,12.9,6.0,15.0,-8.4,101.59946,105.47961,2.9,5.1,5.1,0.9
2024-02-01,100.0,4.5,1.25,0.83,24.3103,17.3019,4.5844,5.6067,19.4586,11.6487,7.7869,4.2934,5.009,100.0,2.24,4.08,-0.61,3.1,5.7,5.53,5.26,6.94,0.94,3.86,2.47,0.47,0.24,-0.32,0.94,1.44,1.1,5.19,1.27,1.38,0.95,0.31,0.0,-0.44,1.04,0.62,0.12,4.73,1.37,0.81,201.71826,156.04152,157.94679,6.52,-0.45,-0.1,2.95,-5.5,-5.08,1.79,0.05,0.14,1004.92,723.19,1728.11,2.5,0.34,0.15,7.8,3093.0,3376.0,92.36098,96.4576,91.66259,101.82873,106.94519,100.75296,1.0,7.7,-0.2,4.7,6.4,4.3,5.6,5.4,5.7,0.2,-2.5,0.6,105.28889,102.76869,75.40287,106.90915,89.98804,107.32164,97.76754,96.1016,16.81468,4.9,3.1,4.5,10.8,6.1,3.9,-3.2,16.6,11.3,10.1,-6.9,4.9,0.1,-9.8,16.0,8.5,2.0,-10.5,14.0,-6.4,1.5,2.8,6.1,19.3,11.3,-9.3,-13.1,96.9579,104.82113,2.9,4.5,3.8,-0.6
2024-03-01,100.0,3.93,1.42,0.16,24.3417,17.2158,4.5473,5.5364,19.5027,11.6264,7.7329,4.4601,5.0366,100.0,2.82,3.67,-0.35,2.94,3.31,5.11,5.27,6.94,0.31,3.4,2.98,0.62,0.24,-0.24,0.86,1.76,1.4,5.34,1.09,1.58,0.5,0.15,0.0,0.08,-0.08,0.32,0.29,0.14,-0.18,0.19,199.61147,156.70954,158.49907,5.41,-0.02,0.25,1.19,-4.41,-4.13,-1.04,0.43,0.35,1006.19,723.06,1729.25,2.36,0.41,0.07,7.9,3105.0,3373.0,96.50021,102.48033,95.48073,102.35581,107.09588,101.1619,0.7,7.6,-0.5,2.0,4.8,1.4,-2.9,1.8,-3.7,0.5,0.1,0.4,105.49482,104.74248,57.05657,111.55676,86.78179,108.27211,98.66625,105.20102,24.36248,5.1,4.4,3.6,9.7,2.6,6.1,-2.3,14.8,10.4,7.9,-1.3,-0.6,-1.9,-16.3,14.1,6.9,1.4,-7.2,3.5,12.1,-15.5,-5.2,-26.4,10.4,3.8,0.4,-1.3,104.05418,104.94044,2.2,2.5,-1.0,0.1
2024-04-01,100.0,3.69,1.8,0.38,24.4135,17.2097,4.5387,5.5291,19.4517,11.6391,7.7412,4.458,5.019,100.0,2.78,3.08,-0.59,2.69,3.22,4.88,5.17,6.91,0.78,3.23,3.57,0.5,0.18,0.27,1.18,2.85,1.47,5.43,1.62,1.95,0.57,-0.12,-0.06,0.51,0.32,1.08,0.07,0.09,0.53,0.37,192.47253,158.12843,159.561,1.64,0.88,0.92,-4.05,-3.1,-3.15,-3.58,0.91,0.67,1007.3,729.07,1736.37,2.51,0.82,0.41,7.5,3133.0,3388.0,99.72287,96.1627,100.3298,101.91151,103.20719,101.77533,1.5,7.3,0.5,3.5,3.2,3.6,8.4,-1.5,10.2,-0.4,-3.6,0.6,111.85909,128.74413,57.49111,114.04901,94.50092,113.23905,100.15124,112.70021,87.71639,6.5,5.1,4.4,10.0,0.0,8.7,-1.6,14.1,10.8,10.7,5.7,1.5,0.8,-15.2,16.3,7.4,4.5,10.2,20.0,27.9,11.9,8.9,-12.0,23.2,8.8,13.9,27.3,103.14603,105.17133,2.5,3.4,6.1,0.2
2024-05-01,100.0,3.93,2.27,0.46,24.4633,17.1287,4.5187,5.5361,19.4427,11.7202,7.7172,4.4458,5.0272,100.0,3.28,2.91,-0.86,2.66,3.74,4.62,4.51,6.95,0.72,3.34,4.24,1.12,-0.32,0.76,1.54,3.64,1.71,5.54,1.8,2.42,0.64,0.62,-0.5,0.49,0.36,0.77,0.24,0.1,0.18,0.46,182.8932,159.13702,160.12794,-3.42,1.53,1.28,0.54,0.05,0.07,-4.98,0.64,0.36,1006.8,732.46,1739.26,2.31,0.99,0.17,7.1,3163.0,3409.0,103.50713,106.68699,102.96503,100.68301,106.33894,99.67113,1.2,6.3,0.4,2.5,2.5,2.5,-1.2,-0.1,-1.4,-1.2,3.0,-2.1,111.70581,120.19287,69.06304,117.10649,98.29907,109.07521,102.39085,109.16012,163.53875,6.5,5.0,3.4,9.0,-4.8,8.9,-0.9,11.0,9.3,9.4,8.1,0.8,0.7,-18.4,12.4,7.4,1.5,3.9,4.4,18.2,-2.3,0.5,-28.0,-0.7,7.6,-8.7,-1.3,104.16662,104.38096,2.1,2.9,0.9,-0.8
2024-06-01,100.0,4.23,2.48,0.21,24.5075,17.1572,4.4753,5.5378,19.4237,11.7558,7.7008,4.4292,5.0126,100.0,4.43,2.68,-0.34,2.39,4.09,5.02,4.44,6.93,0.76,3.7,4.69,1.41,-0.14,0.81,1.54,4.2,2.0,5.59,1.68,2.68,0.44,0.29,0.18,0.05,0.0,0.54,0.28,0.05,-0.12,0.25,185.84253,161.11956,162.15081,-1.86,2.79,2.56,14.17,3.72,4.17,1.61,1.25,1.26,1006.25,742.74,1748.99,2.49,1.56,0.56,6.9,3194.0,3431.0,105.19257,110.60854,104.26926,105.12302,108.97401,104.50943,1.5,5.4,0.8,2.6,2.2,2.7,3.2,1.1,3.6,4.4,2.5,4.9,107.12588,106.15266,105.84169,117.1431,94.48981,99.78574,101.35156,79.79051,184.86733,6.2,3.9,2.6,8.5,-10.4,9.7,0.4,5.9,11.4,7.9,7.2,3.0,1.5,-20.9,9.3,7.8,-4.2,8.7,1.0,2.9,11.7,5.4,-30.8,-5.1,9.8,-30.2,18.0,105.41407,106.10567,2.0,2.7,1.9,1.7
2024-07-01,100.0,4.5,2.87,0.38,24.5558,17.1624,4.4724,5.5277,19.3735,11.7901,7.7031,4.4209,4.994,100.0,4.05,4.67,0.08,2.65,4.3,5.1,4.75,6.8,0.98,4.06,3.7,2.17,0.31,0.81,2.92,4.38,2.67,5.66,1.88,2.95,-0.95,0.75,0.46,0.01,1.36,0.18,0.65,0.07,0.19,0.26,192.30419,163.42315,164.62784,1.55,4.26,4.13,12.44,6.3,6.58,3.48,1.43,1.53,1009.31,746.7,1756.01,2.66,1.97,0.4,6.8,3187.0,3411.0,111.98145,112.94605,111.81701,103.54269,106.2795,103.13267,2.2,4.7,1.7,3.2,1.8,3.4,6.1,-0.4,7.3,-1.5,-2.5,-1.3,118.45964,125.38877,117.70528,128.00096,93.43536,110.6179,103.92153,138.88237,189.03045,6.8,5.5,0.8,8.4,-14.7,10.1,2.6,2.9,11.6,8.2,8.6,0.3,2.8,-22.0,8.8,8.9,-3.3,6.2,10.1,16.6,-9.4,9.7,-27.8,5.9,15.3,1.2,0.0,108.54947,106.31834,2.0,2.9,4.0,0.2
2024-08-01,100.0,4.24,2.85,-0.02,24.2587,17.2445,4.4809,5.5137,19.5856,11.7807,7.7331,4.4122,4.9905,100.0,4.35,2.78,0.75,2.36,3.96,4.65,4.65,6.74,1.19,3.71,3.05,1.55,0.92,1.08,2.97,4.52,2.87,6.36,1.97,2.8,-0.63,-0.6,0.6,0.26,0.05,0.14,0.2,0.67,0.1,-0.14,182.5066,164.99113,165.72174,-3.62,5.26,4.82,0.15,6.81,6.49,-5.09,0.96,0.66,1014.31,752.78,1767.09,3.12,2.61,0.63,6.6,3209.0,3429.0,113.82899,116.5455,113.36588,103.22899,107.00425,102.51104,2.4,4.9,1.9,3.1,2.3,3.2,2.3,5.6,1.7,-0.3,0.7,-0.6,116.84347,115.65106,126.33106,129.71436,92.06779,111.64085,102.45624,102.51902,194.49552,6.4,5.1,-2.2,7.2,-16.6,9.6,3.6,-3.9,11.0,7.4,7.6,-2.8,2.9,-21.4,7.6,8.4,-7.6,5.4,2.5,1.3,-15.2,3.9,-16.7,0.3,5.4,-30.3,2.8,107.94947,105.9452,2.0,2.8,1.8,-0.4
2024-09-01,100.0,4.42,3.31,0.44,24.1411,17.1639,4.5142,5.5365,19.6223,11.8136,7.7589,4.4475,5.002,100.0,5.64,4.32,1.13,2.13,2.89,5.32,3.83,6.76,1.26,4.09,3.56,3.52,0.72,1.24,3.0,5.03,2.47,6.41,1.91,3.29,0.49,1.93,-0.2,0.16,0.03,0.49,-0.39,0.05,-0.06,0.48,171.82224,166.52914,166.74992,-9.27,6.24,5.47,-9.22,6.83,6.02,-5.85,0.93,0.62,1019.25,753.95,1773.2,3.46,2.97,0.35,6.4,3207.0,3417.0,109.74694,111.10247,109.51585,104.21396,106.58373,103.82345,2.6,3.8,2.4,3.1,1.6,3.3,3.3,-3.4,4.5,1.0,-0.4,1.3,110.14339,109.81298,103.092,124.28934,106.08577,101.71738,100.27066,108.19323,198.57708,6.6,4.5,-6.1,5.7,-17.3,8.7,4.7,-8.9,10.4,7.2,6.6,-6.9,2.7,-19.3,6.9,8.2,-9.7,6.4,5.0,-0.9,-28.4,1.1,-2.0,0.6,6.4,-23.5,11.3,107.58854,106.97288,2.3,2.9,3.8,1.0
2024-10-01,100.0,4.76,3.88,0.56,24.1442,17.4107,4.4837,5.5195,19.5315,11.8151,7.6919,4.4287,4.9746,100.0,6.57,5.98,1.25,2.02,2.47,5.41,4.35,6.76,1.93,4.6,4.71,5.18,1.11,1.64,2.53,5.36,3.2,6.48,2.35,3.92,1.11,1.61,0.39,0.4,-0.45,0.31,0.71,0.07,0.43,0.61,185.29662,167.63243,168.36924,-2.15,6.95,6.49,-6.99,6.63,5.92,7.84,0.66,0.97,1027.32,755.19,1782.51,3.86,3.51,0.53,6.2,3235.0,3436.0,113.56517,110.04234,114.16574,104.19515,105.69269,104.49866,3.0,3.6,2.9,3.4,1.2,3.8,6.1,-2.2,7.6,0.0,-0.8,0.7,115.41129,80.43891,98.66618,130.82799,97.3666,110.51033,97.51411,109.49827,159.09215,6.6,3.2,-9.6,4.4,-17.9,8.5,5.4,-10.8,9.9,7.2,3.9,-9.8,3.0,-18.4,7.3,7.5,-9.8,6.4,7.3,-21.6,-28.2,5.2,-9.7,11.0,1.4,-10.3,6.1,110.47669,108.36437,2.7,3.2,6.4,1.3
2024-11-01,100.0,4.87,4.29,0.39,24.2658,17.5799,4.4739,5.508,19.3227,11.7806,7.6983,4.4052,4.9655,100.0,7.68,3.81,1.38,2.25,3.46,5.46,5.66,6.75,2.36,4.84,6.41,3.46,0.73,1.54,3.21,5.18,5.08,6.52,2.25,4.27,1.62,-1.64,-0.38,-0.11,0.66,-0.17,1.82,0.03,-0.09,0.33,188.98934,169.67173,170.47751,-0.2,8.25,7.83,2.09,7.9,7.62,1.99,1.22,1.25,1031.57,755.25,1786.82,4.03,3.76,0.24,6.1,3264.0,3451.0,104.61993,107.73581,104.08874,103.55452,107.44905,103.03601,3.1,2.1,3.2,3.2,0.7,3.7,1.7,-4.4,2.9,-0.6,1.7,-1.4,105.71248,105.62424,85.09579,126.5255,111.33327,100.57425,101.47086,114.40647,101.52232,6.1,2.2,-12.5,3.4,-17.2,6.6,6.3,-9.2,6.0,6.7,2.9,-12.3,3.6,-16.5,6.3,7.3,-8.5,4.1,1.6,-7.0,-32.9,10.1,4.3,-3.2,6.1,4.7,-17.4,108.43022,106.83952,2.8,3.2,2.5,-1.4
2024-12-01,100.0,4.83,4.83,0.52,24.5776,17.2346,4.4429,5.4842,19.3883,11.7216,7.8135,4.3926,4.9447,100.0,7.6,2.84,1.41,2.69,3.77,5.43,5.88,6.66,2.68,4.77,7.6,2.84,1.41,2.69,3.77,5.43,5.88,6.66,2.68,4.77,1.12,-0.59,0.67,1.13,0.54,0.24,0.77,0.13,0.42,0.48,198.84391,171.63933,172.77409,5.0,9.5,9.28,5.0,9.5,9.28,5.21,1.16,1.35,1034.95,755.71,1790.66,3.98,3.98,0.21,6.2,3293.0,3465.0,94.03043,111.25974,91.0932,103.50976,107.93846,102.51188,3.1,0.0,3.7,3.1,0.0,3.7,1.4,-7.0,3.3,0.0,0.5,-0.5,102.66993,88.86723,77.57339,104.23273,45.67151,95.44896,104.69427,110.92395,49.55665,6.1,1.6,-13.7,5.7,-15.7,5.7,7.4,-6.6,3.0,6.1,1.6,-13.7,5.7,-15.7,5.7,7.4,-6.6,3.0,-0.5,-13.3,-28.3,41.8,8.4,-0.5,7.6,21.2,-20.0,115.36796,107.20841,3.1,3.1,2.8,0.3
2025-01-01,100.0,4.56,0.16,0.16,24.7323,17.0499,4.4515,5.519,19.4003,11.6927,7.8357,4.377,4.9417,100.0,7.04,-0.87,1.11,2.44,5.05,5.4,5.37,6.51,2.6,4.17,0.99,-3.46,-0.06,-0.11,1.13,0.78,0.49,0.3,-0.17,0.0,0.99,-3.46,-0.06,-0.11,1.13,0.78,0.49,0.3,-0.17,0.0,195.88659,172.0355,173.03038,-1.49,0.23,0.15,-1.15,10.31,9.71,-1.49,0.23,0.15,1036.8,763.02,1799.82,4.31,0.51,0.51,6.5,3321.0,3482.0,94.95765,99.17718,94.23831,103.3191,104.61081,103.02086,2.9,-1.0,3.6,1.3,-5.5,2.6,1.3,-5.5,2.6,-0.2,-3.1,0.5,112.23767,95.29537,79.27149,121.4542,77.88688,103.33629,102.88223,99.82137,34.21404,5.8,1.2,-17.0,8.3,-13.8,4.4,6.8,-7.9,4.1,3.1,-12.1,-30.7,34.0,4.8,-3.1,0.2,-5.3,56.9,3.1,-12.1,-30.7,34.0,4.8,-3.1,0.2,-5.3,56.9,102.74056,106.85563,2.8,1.1,1.1,-0.3
2025-02-01,100.0,5.06,1.47,1.31,24.9748,16.4624,4.4489,5.5119,19.622,11.7815,7.8746,4.3902,4.9338,100.0,6.83,3.55,1.55,2.82,5.13,5.31,5.34,6.22,1.39,4.87,1.74,1.16,0.38,-0.19,2.26,1.32,0.58,4.76,0.0,1.48,0.75,4.79,0.44,-0.07,1.11,0.54,0.09,4.45,0.17,1.48,189.25235,172.112,172.82696,-4.82,0.28,0.03,-6.18,10.3,9.42,-3.39,0.04,-0.12,1039.82,764.08,1803.9,4.39,0.74,0.23,6.8,3356.0,3495.0,93.46808,92.82459,93.57779,103.40202,108.15925,102.56366,2.6,-1.7,3.4,1.2,-4.7,2.3,1.2,-3.8,2.1,0.1,3.4,-0.4,106.31255,121.02303,68.09572,135.86947,81.88639,105.56699,90.40834,90.33245,28.74357,4.8,3.2,-17.7,10.2,-14.8,2.8,5.3,-7.6,5.2,2.1,2.4,-22.4,30.3,-2.8,-2.4,-3.6,-5.6,63.0,1.0,17.8,-9.7,27.1,-9.0,-1.6,-7.5,-6.0,70.9,101.21381,107.64771,2.9,2.7,4.4,0.7
2025-03-01,100.0,5.48,2.04,0.56,24.7954,16.9973,4.403,5.4277,19.5497,11.6726,7.7661,4.5188,4.8692,100.0,7.45,3.61,1.77,3.22,5.49,5.44,5.77,6.16,1.76,5.2,2.84,1.38,0.59,0.28,2.52,1.77,1.29,4.84,0.19,2.0,1.08,0.21,0.21,0.46,0.26,0.44,0.7,0.08,0.19,0.51,182.42087,171.32791,171.79062,-8.26,-0.18,-0.57,-8.61,9.33,8.39,-3.61,-0.46,-0.6,1043.45,766.8,1810.25,4.69,1.09,0.35,7.0,3389.0,3505.0,99.84622,108.60698,98.35269,105.26345,112.14771,103.79093,3.1,-1.3,3.9,2.0,-1.1,2.6,3.5,6.0,3.0,1.8,3.7,1.2,109.1889,139.35254,62.90122,140.87891,92.40253,110.53542,104.99047,84.8761,34.12122,4.8,5.0,-16.5,13.0,-12.2,2.1,5.5,-9.1,5.9,2.5,12.6,-14.8,28.8,0.4,-0.9,-0.3,-10.3,54.1,3.5,33.0,10.2,26.3,6.5,2.1,6.4,-19.3,40.1,106.04006,108.05315,3.1,2.4,1.9,0.4
2025-04-01,100.0,5.53,2.48,0.43,24.9378,16.9463,4.3898,5.4258,19.5001,11.6663,7.7807,4.4996,4.8536,100.0,7.66,3.86,2.33,3.58,5.0,5.62,6.38,6.16,1.87,5.32,3.63,1.49,1.08,1.14,2.37,3.04,1.94,4.94,0.82,2.49,0.76,0.12,0.49,0.86,-0.15,1.24,0.64,0.09,0.63,0.48,174.23473,171.4779,171.5929,-12.38,-0.09,-0.68,-9.48,8.44,7.54,-4.49,0.09,-0.12,1046.66,771.98,1818.64,4.74,1.56,0.46,6.6,3404.0,3494.0,99.24629,105.84243,98.12179,104.4955,113.5104,102.80072,2.4,-0.5,3.0,1.4,1.6,1.3,-0.5,10.1,-2.2,-0.7,1.2,-1.0,106.63556,127.12536,60.93999,137.05644,92.18914,108.21255,98.75602,93.07899,65.97724,2.8,2.6,-16.7,13.9,-11.5,0.0,4.6,-11.4,2.9,0.7,8.6,-10.9,26.5,-0.4,-1.8,-0.6,-12.2,8.2,-4.7,-1.3,6.0,20.2,-2.4,-4.4,-1.4,-17.4,-24.8,105.07569,108.39939,2.8,2.3,1.9,0.3
2025-05-01,100.0,5.32,2.75,0.26,25.0099,16.8851,4.3895,5.447,19.3775,11.7556,7.7928,4.4819,4.8606,100.0,7.25,4.59,2.59,3.41,4.43,5.36,6.48,6.1,1.79,5.2,3.89,2.84,0.83,1.47,2.18,3.57,2.28,4.98,0.92,2.85,0.26,1.33,-0.25,0.33,-0.19,0.52,0.34,0.04,0.1,0.35,168.95949,169.53829,169.51415,-15.03,-1.22,-1.89,-7.62,6.54,5.86,-3.03,-1.13,-1.21,1051.98,774.55,1826.53,5.01,2.0,0.43,6.2,3433.0,3509.0,107.06227,116.31957,105.4841,103.87997,115.11846,102.24018,2.8,0.3,3.3,1.8,3.2,1.6,3.4,9.0,2.4,-0.6,1.4,-0.5,115.36336,134.57618,67.92866,148.01748,104.19939,105.92383,101.06149,99.68049,123.41699,2.7,2.3,-16.6,16.2,-8.1,-0.2,3.9,-11.4,0.1,1.2,9.3,-9.2,26.5,1.0,-2.0,-0.7,-11.5,-8.8,3.3,12.0,-1.6,26.4,6.0,-2.9,-1.3,-8.7,-24.5,108.31757,108.60402,3.0,2.6,4.0,0.2
2025-06-01,100.0,5.35,2.99,0.24,24.9843,17.0494,4.3636,5.4451,19.2736,11.7746,7.7927,4.4677,4.849,100.0,6.57,5.38,2.49,4.12,4.73,4.62,6.42,6.05,2.03,5.18,3.69,3.91,0.92,2.22,2.47,3.4,2.51,4.98,1.04,3.08,-0.19,1.05,0.09,0.74,0.28,-0.17,0.23,0.0,0.11,0.23,169.25953,167.28312,167.36556,-14.88,-2.54,-3.13,-8.92,3.83,3.22,0.18,-1.33,-1.27,1056.33,786.32,1842.65,5.34,2.89,0.88,5.8,3477.0,3543.0,103.83158,114.89576,101.94538,103.93609,112.90833,102.32756,2.4,0.5,2.8,1.2,3.3,0.9,-1.3,3.9,-2.2,0.1,-1.9,0.1,109.70138,132.54692,63.4021,146.98131,83.73184,102.82807,99.3911,96.19495,119.1771,2.9,4.0,-20.7,17.9,-5.7,0.5,2.9,-8.0,-6.7,1.4,11.8,-16.0,26.3,-1.1,-1.2,-0.9,-7.3,-18.7,2.4,24.9,-40.1,25.5,-11.4,3.0,-1.9,20.6,-35.5,108.57044,109.13,3.1,2.7,3.0,0.5
2025-07-01,100.0,5.23,3.26,0.26,24.8782,17.1882,4.3572,5.4724,19.2842,11.7264,7.7922,4.4574,4.8438,100.0,7.18,5.49,2.16,3.58,3.51,5.03,6.75,6.04,1.72,5.13,3.3,4.81,1.06,1.69,2.66,3.99,3.51,5.04,0.93,3.3,-0.38,0.86,0.14,-0.52,0.19,0.57,0.97,0.06,-0.11,0.21,173.43067,166.56022,166.84681,-12.78,-2.96,-3.43,-9.81,1.92,1.35,2.46,-0.43,-0.31,1058.77,789.62,1848.39,5.25,3.21,0.31,5.6,3484.0,3541.0,112.26148,120.58813,110.84197,103.72578,114.35424,102.1254,1.9,1.1,2.1,1.1,3.8,0.6,0.3,6.8,-0.9,-0.2,1.3,-0.2,122.46425,131.4453,100.96003,155.05568,99.64297,107.68794,103.25808,98.40409,144.04268,2.3,3.1,-21.3,18.9,-2.1,-0.2,1.7,-11.1,-9.9,1.7,10.7,-15.7,25.5,0.0,-1.4,-0.9,-11.4,-20.1,3.4,4.8,-14.2,21.1,6.6,-2.6,-0.6,-29.1,-23.8,111.56197,109.36981,3.0,2.7,2.8,0.2
2025-08-01,100.0,5.13,3.15,-0.11,24.7342,17.2979,4.3539,5.4338,19.2793,11.7715,7.851,4.4501,4.8283,100.0,7.28,5.03,1.48,4.1,3.21,5.45,6.88,6.07,1.46,5.05,2.74,3.72,0.99,2.47,2.41,4.54,3.83,5.78,0.77,3.08,-0.54,-1.04,-0.07,0.77,-0.25,0.53,0.31,0.7,-0.16,-0.21,171.02172,166.29991,166.49687,-13.99,-3.11,-3.63,-6.29,0.79,0.47,-1.39,-0.16,-0.21,1064.1,798.9,1863.0,5.42,4.03,0.79,5.6,3488.0,3541.0,112.99942,122.09978,111.448,104.46609,113.98028,102.68698,1.6,1.1,1.7,0.8,4.0,0.3,-0.7,4.8,-1.7,0.7,-0.3,0.5,116.13806,119.59745,127.29262,150.85345,94.36553,104.80135,102.3399,126.23513,148.49762,2.0,3.3,-19.7,20.1,-0.2,-0.8,1.2,-6.3,-13.5,1.4,9.7,-12.8,24.2,0.3,-2.0,-0.8,-7.2,-20.9,-0.6,3.4,0.8,16.3,2.5,-6.1,-0.1,23.1,-23.6,110.59757,109.58942,3.1,2.7,2.5,0.2
2025-09-01,100.0,5.17,3.64,0.48,24.6539,17.1538,4.36,5.4868,19.2725,11.8587,7.8923,4.4906,4.8314,100.0,6.4,6.42,1.23,4.55,3.2,4.97,7.64,6.1,1.3,5.1,2.4,7.12,0.53,3.08,2.43,4.57,4.17,5.86,0.54,3.62,-0.33,3.28,-0.45,0.6,0.02,0.03,0.33,0.08,-0.22,0.52,171.91553,165.84521,166.09841,-13.54,-3.38,-3.86,0.05,-0.41,-0.39,0.52,-0.27,-0.24,1068.14,804.1,1872.24,5.58,4.55,0.5,5.6,3507.0,3552.0,111.94085,116.89707,111.09593,103.98781,112.29079,102.68223,1.5,1.8,1.5,1.0,4.1,0.4,2.0,5.2,1.4,-0.5,-1.5,0.0,122.20344,120.32172,133.50601,149.61633,82.64057,111.0448,101.40173,146.28291,148.88887,2.5,4.2,-14.5,21.8,-2.2,-0.1,0.8,-0.9,-18.3,2.5,9.7,-7.5,23.7,-2.5,-0.9,-0.6,-2.4,-21.7,10.9,9.6,29.5,20.4,-22.1,9.2,1.1,35.2,-25.0,112.12622,110.37227,3.1,2.9,4.2,0.7
2025-10-01,100.0,4.68,3.73,0.09,24.4465,17.6241,4.3174,5.4915,19.1766,11.8013,7.8765,4.4708,4.7953,100.0,5.23,4.4,0.52,4.63,3.72,5.11,7.23,6.1,0.6,4.49,2.4,6.78,0.22,3.57,2.48,5.04,4.51,5.93,0.28,3.65,0.0,-0.32,-0.31,0.47,0.05,0.45,0.33,0.06,-0.26,0.03,170.72303,165.08904,165.32404,-14.14,-3.82,-4.31,-7.87,-1.52,-1.81,-0.69,-0.46,-0.47,1071.42,805.87,1877.29,5.3,4.83,0.27,5.4,3528.0,3568.0,113.05264,121.10202,111.6804,104.06502,116.23944,102.2532,0.9,2.9,0.6,0.8,4.7,0.1,-0.5,10.1,-2.2,0.1,3.5,-0.4,125.23538,103.87424,139.15555,154.08256,91.20634,115.52118,104.86054,99.7141,134.59774,2.7,7.7,-8.1,23.0,-1.8,-0.6,1.3,-0.7,-20.5,3.1,11.1,-2.3,23.0,-2.9,-0.3,0.2,-3.1,-20.9,8.5,29.1,41.0,17.8,-6.3,4.5,7.5,-8.9,-15.4,112.92289,110.79136,2.8,2.8,2.2,0.4
2025-11-01,100.0,4.46,3.92,0.18,24.4388,17.5622,4.3027,5.5153,19.1784,11.8495,7.8996,4.472,4.7815,100.0,3.49,6.68,-0.23,5.2,2.96,4.96,5.86,6.06,0.46,4.18,2.34,7.32,-0.9,4.03,2.4,4.7,5.05,5.92,0.04,3.68,-0.06,0.51,-1.11,0.44,-0.07,-0.32,0.51,-0.01,-0.24,0.03,165.0603,164.73715,164.75063,-16.99,-4.02,-4.64,-12.66,-2.91,-3.36,-3.32,-0.21,-0.35,1075.5,806.56,1882.06,5.31,5.09,0.25,5.2,3574.0,3606.0,103.15728,112.97972,101.48277,103.83761,113.44979,102.24133,0.7,3.7,0.1,0.6,4.7,-0.1,-1.4,4.9,-2.5,-0.2,-2.4,0.0,111.40542,111.16009,126.64718,137.72676,102.65223,105.98952,99.52263,96.04133,91.82512,3.0,8.8,-1.0,22.7,-3.0,0.1,0.6,-2.5,-20.0,3.3,10.6,2.0,21.7,-3.5,0.2,0.0,-4.3,-20.0,5.4,5.2,48.8,8.9,-7.8,5.4,-1.9,-16.1,-9.6,111.39682,110.75682,2.8,2.8,2.7,0.0
2025-12-01,100.0,4.26,4.26,0.33,24.4187,17.6452,4.2536,5.5386,19.1588,11.8085,7.9376,4.4698,4.7691,100.0,2.63,6.78,-0.2,4.58,2.64,5.2,5.63,5.99,0.48,3.9,2.63,6.78,-0.2,4.58,2.64,5.2,5.63,5.99,0.48,3.9,0.28,-0.5,0.7,0.53,0.23,0.48,0.55,0.06,0.45,0.21,170.23992,164.75295,164.98183,-14.39,-4.01,-4.51,-14.39,-4.01,-4.51,3.14,0.01,0.14,1078.39,813.24,1891.63,5.63,5.63,0.51,5.1,3613.0,3639.0,93.91426,118.94419,89.64719,101.82242,114.39294,99.65983,0.6,4.9,-0.2,0.6,4.9,-0.2,-0.1,6.9,-1.6,-1.9,0.8,-2.5,110.97085,111.40782,108.37439,82.07899,59.95151,99.23705,103.03456,101.85287,57.34564,3.7,11.6,4.7,18.5,-2.0,0.5,-0.1,-4.7,-18.7,3.7,11.6,4.7,18.5,-2.0,0.5,-0.1,-4.7,-18.7,8.1,25.4,39.7,-21.3,31.3,4.0,-1.6,-8.2,15.7,119.53374,110.48018,2.9,2.9,3.6,-0.2
2026-01-01,100.0,4.44,0.33,0.33,24.4359,17.5221,4.2748,5.5563,19.1637,11.8401,7.9644,4.463,4.7797,100.0,1.77,10.4,0.12,4.22,2.69,5.26,5.59,5.65,1.57,4.3,0.14,-0.19,0.27,-0.46,1.18,0.84,0.46,-0.02,0.91,0.39,0.14,-0.19,0.27,-0.46,1.18,0.84,0.46,-0.02,0.91,0.39,172.61371,165.22723,165.53533,1.39,0.29,0.34,-11.88,-3.96,-4.33,1.39,0.29,0.34,1081.31,839.43,1920.74,6.71,1.54,1.54,5.4,3652.0,3668.0,95.10043,110.93424,92.40111,103.65071,115.80973,101.72325,0.5,6.3,-0.6,0.2,11.9,-1.9,0.2,11.9,-1.9,1.8,1.2,2.1,112.95815,124.61529,105.50372,107.78429,77.43583,102.14196,98.89518,75.52267,43.65203,3.4,15.1,10.7,15.0,-2.4,0.6,-0.5,-6.1,-18.8,0.6,30.8,33.1,-11.3,-0.6,-1.2,-3.9,-24.3,27.6,0.6,30.8,33.1,-11.3,-0.6,-1.2,-3.9,-24.3,27.6,106.17623,110.78683,3.0,3.3,3.3,0.3
2026-02-01,100.0,3.81,1.03,0.7,24.3747,17.4212,4.2694,5.5094,19.3142,11.8921,7.9699,4.4446,4.8044,100.0,1.28,5.73,-0.15,4.37,2.0,5.43,5.83,6.1,1.61,3.36,0.4,0.17,0.42,-0.39,1.62,1.54,0.78,4.87,1.12,0.95,0.26,0.35,0.16,0.07,0.44,0.7,0.32,4.89,0.21,0.56,,,,,,,,,,,,,1085.16,839.92,1925.08,6.71,1.77,0.23,5.8,3679.0,3679.0,,,,,,,,,,,,,,,,,,,,,,,,,,,,,,,,,,,,,,,,,,,,,,,,,,,,,,,,,,,,
