date,selic_meta,selic_diaria,cambio_venda,cambio_compra
1990-01-02,,2.679178,11.582,11.524
1990-01-03,,2.677644,11.81,11.751
1990-01-04,,2.27263,12.042,11.983
1990-01-05,,2.275452,12.27,12.209
1990-01-08,,2.276932,12.503,12.44
1990-01-09,,2.275644,12.74,12.677
1990-01-10,,2.270137,12.982,12.917
1990-01-11,,2.276959,13.228,13.162
1990-01-12,,2.29726,13.479,13.412
1990-01-15,,2.330329,13.735,13.666
1990-01-16,,2.136493,13.995,13.926
1990-01-17,,2.136137,14.26,14.189
1990-01-18,,2.141589,14.53,14.458
1990-01-19,,2.163014,14.806,14.732
1990-01-22,,2.274,15.13,15.055
1990-01-23,,2.328333,15.461,15.384
1990-01-24,,2.396667,15.799,15.721
1990-01-25,,2.468333,16.145,16.064
1990-01-26,,2.535667,16.512,16.429
1990-01-29,,2.602333,16.887,16.803
1990-01-30,,2.671667,17.27,17.184
1990-01-31,,2.767667,17.731,17.643
1990-02-01,,2.921333,18.175,18.085
1990-02-02,,3.018,18.63,18.538
1990-02-05,,3.132,19.097,19.002
1990-02-06,,3.269,19.664,19.566
1990-02-07,,3.334333,20.247,20.147
1990-02-08,,3.352667,20.848,20.744
1990-02-09,,3.374333,21.467,21.36
1990-02-12,,3.390667,22.104,21.994
1990-02-13,,3.490667,22.827,22.713
1990-02-14,,3.519667,23.574,23.456
1990-02-15,,3.558667,24.345,24.224
1990-02-16,,3.588,25.141,25.016
1990-02-19,,3.626,25.989,25.859
1990-02-20,,3.624667,26.877,26.744
1990-02-21,,3.603,27.796,27.658
1990-02-22,,3.521667,28.746,28.603
1990-02-23,,3.297333,29.729,29.581
1990-02-28,,3.297333,30.636,30.483
1990-03-01,,2.902333,31.407,31.251
1990-03-02,,2.901333,32.197,32.037
1990-03-05,,2.904667,33.007,32.843
1990-03-06,,2.895667,33.838,33.669
1990-03-07,,2.876,34.69,34.517
1990-03-08,,2.849667,35.563,35.386
1990-03-09,,2.818,36.481,36.299
1990-03-12,,2.782667,37.422,37.236
1990-03-13,,2.753333,38.388,38.197
1990-03-14,,0.0,,
1990-03-15,,0.0,,
1990-03-16,,0.0,,
1990-03-19,,0.600333,42.506,42.294
1990-03-20,,0.6,38.963,38.963
1990-03-21,,0.6,38.989,37.882
1990-03-22,,0.599667,39.825,36.136
1990-03-23,,0.599667,38.435,35.911
1990-03-26,,0.599667,38.58,37.075
1990-03-27,,0.599333,40.345,39.639
1990-03-28,,0.599333,40.814,40.014
1990-03-29,,0.599,42.313,41.827
1990-03-30,,0.599667,42.56,41.933
1990-04-02,,0.307,42.626,42.29
1990-04-03,,0.307333,42.676,42.147
1990-04-04,,0.307,42.724,42.245
1990-04-05,,0.307,42.725,42.172
1990-04-06,,0.306667,42.694,42.204
1990-04-09,,0.307,42.742,42.251
1990-04-10,,0.306667,43.46,43.236
1990-04-11,,0.306667,46.853,46.2
1990-04-16,,0.153667,49.39,49.061
1990-04-17,,0.153333,52.306,50.611
1990-04-18,,0.152,51.467,50.471
1990-04-19,,0.149,51.485,50.766
1990-04-20,,0.146667,51.405,50.578
1990-04-23,,0.145333,51.268,50.663
1990-04-24,,0.146,51.154,50.732
1990-04-25,,0.146667,51.207,50.677
1990-04-26,,0.147667,51.292,50.776
1990-04-27,,0.153,51.185,50.804
1990-04-30,,0.198333,51.243,50.845
1990-05-02,,0.232333,51.189,50.759
1990-05-03,,0.232333,51.33,50.775
1990-05-04,,0.232,51.143,50.701
1990-05-07,,0.232667,51.173,50.739
1990-05-08,,0.233,51.132,50.801
1990-05-09,,0.232667,51.133,50.74
1990-05-10,,0.233,51.23,50.824
1990-05-11,,0.233,51.19,50.81
1990-05-14,,0.25,51.131,50.866
1990-05-15,,0.25,51.239,50.99
1990-05-16,,0.249667,51.198,51.041
1990-05-17,,0.258333,51.223,51.088
1990-05-18,,0.259667,51.358,51.102
1990-05-21,,0.261,51.505,51.236
1990-05-22,,0.262667,51.836,51.891
1990-05-23,,0.263,52.536,52.243
1990-05-24,,0.263333,52.858,52.71
1990-05-25,,0.269333,54.351,54.04
1990-05-28,,0.271667,54.826,54.464
1990-05-29,,0.276667,55.114,54.936
1990-05-30,,0.277,55.143,54.952
1990-05-31,,0.271,55.219,54.975
1990-06-01,,0.346,55.081,54.875
1990-06-04,,0.344,55.149,54.901
1990-06-05,,0.316,55.247,55.131
1990-06-06,,0.343,55.858,55.507
1990-06-07,,0.36,55.787,55.568
1990-06-08,,0.382667,55.747,55.494
1990-06-11,,0.410333,55.665,55.467
1990-06-12,,0.426333,55.66,55.415
1990-06-13,,0.385333,55.675,55.454
1990-06-15,,0.3,55.962,55.751
1990-06-18,,0.432,56.311,56.042
1990-06-19,,0.392333,56.672,56.439
1990-06-20,,0.411333,56.793,56.577
1990-06-21,,0.398,57.137,56.981
1990-06-22,,0.455667,58.363,58.29
1990-06-25,,0.511333,59.872,59.569
1990-06-26,,0.450667,60.046,59.825
1990-06-27,,0.509,60.077,59.861
1990-06-28,,0.528333,60.198,60.012
1990-06-29,,0.686667,61.022,60.735
1990-07-02,,0.558333,62.018,61.71
1990-07-03,,0.587,62.373,62.255
1990-07-04,,0.622,63.056,63.021
1990-07-05,,0.640333,66.04,65.44
1990-07-06,,0.640333,66.312,65.752
1990-07-09,,0.636,65.994,65.512
1990-07-10,,0.594,65.907,65.622
1990-07-11,,0.646,65.985,65.413
1990-07-12,,0.580333,65.895,65.674
1990-07-13,,0.612667,66.252,66.089
1990-07-16,,0.623667,66.615,66.373
1990-07-17,,0.618333,66.531,66.267
1990-07-18,,0.604667,66.919,66.671
1990-07-19,,0.557333,67.295,67.05
1990-07-20,,0.575333,67.907,67.699
1990-07-23,,0.58,68.175,67.946
1990-07-24,,0.537333,68.119,67.905
1990-07-25,,0.539667,68.097,68.008
1990-07-26,,0.541667,68.174,67.916
1990-07-27,,0.587667,68.211,68.148
1990-07-30,,0.551667,68.518,68.375
1990-07-31,,0.525667,68.99,68.754
1990-08-01,,0.486333,69.79,69.755
1990-08-02,,0.515667,70.815,70.655
1990-08-03,,0.555333,71.036,70.911
1990-08-06,,0.502333,71.303,71.131
1990-08-07,,0.500667,71.517,71.359
1990-08-08,,0.482,71.561,71.32
1990-08-09,,0.518333,71.577,71.423
1990-08-10,,0.503667,71.57,71.336
1990-08-13,,0.461333,71.688,71.477
1990-08-14,,0.486,71.717,71.575
1990-08-15,,0.449,71.982,71.692
1990-08-16,,0.447333,72.247,72.079
1990-08-17,,0.457667,72.486,72.383
1990-08-20,,0.425333,72.405,72.169
1990-08-21,,0.472667,72.3,72.0
1990-08-22,,0.422,72.095,71.772
1990-08-23,,0.416333,71.371,71.065
1990-08-24,,0.420667,72.257,72.029
1990-08-27,,0.471667,72.349,72.22
1990-08-28,,0.391,72.439,72.213
1990-08-29,,0.409667,72.261,72.027
1990-08-30,,0.505333,71.963,71.493
1990-08-31,,0.636,71.674,71.38
1990-09-03,,0.596333,70.854,70.465
1990-09-04,,0.603,69.552,68.593
1990-09-05,,0.612667,67.964,67.276
1990-09-06,,0.646,68.104,67.55
1990-09-10,,0.736667,67.917,67.28
1990-09-11,,0.743333,67.747,67.258
1990-09-12,,0.691,70.327,69.929
1990-09-13,,0.66,73.787,73.041
1990-09-14,,0.597333,75.493,74.861
1990-09-17,,0.795333,75.213,74.699
1990-09-18,,0.814667,75.218,75.137
1990-09-19,,0.819667,77.548,77.559
1990-09-20,,0.825333,78.075,79.525
1990-09-21,,0.863333,81.96,81.24
1990-09-24,,0.83,82.081,81.8
1990-09-25,,0.751,82.374,82.083
1990-09-26,,0.842,82.728,82.463
1990-09-27,,0.850333,84.107,83.751
1990-09-28,,0.938,84.223,83.746
1990-10-01,,0.770333,84.716,84.187
1990-10-02,,0.89,84.61,84.364
1990-10-04,,0.710667,84.979,84.599
1990-10-05,,0.946667,87.36,87.004
1990-10-09,,0.917667,89.601,88.844
1990-10-10,,0.900667,90.6,90.055
1990-10-11,,0.637667,90.657,90.22
1990-10-12,,0.561,91.33,90.775
1990-10-15,,0.881333,92.477,91.693
1990-10-16,,0.933667,92.993,92.522
1990-10-17,,0.832667,94.179,93.482
1990-10-18,,0.571667,95.649,95.032
1990-10-19,,0.705333,99.169,98.752
1990-10-22,,0.594667,99.766,99.022
1990-10-23,,0.464667,99.244,98.528
1990-10-24,,0.740667,99.765,99.204
1990-10-25,,0.613,100.72,100.28
1990-10-26,,0.653667,103.12,102.31
1990-10-29,,0.757,104.78,104.18
1990-10-30,,0.570667,105.8,105.16
1990-10-31,,0.667333,106.95,105.88
1990-11-01,,0.612,108.19,107.62
1990-11-05,,0.979333,113.76,113.1
1990-11-06,,0.932667,114.93,114.29
1990-11-07,,0.818,114.57,114.0
1990-11-08,,0.89,114.05,113.24
1990-11-09,,0.866333,114.9,114.29
1990-11-12,,0.959,116.31,115.53
1990-11-13,,0.778333,118.08,117.5
1990-11-14,,0.966,118.24,117.76
1990-11-16,,1.005667,117.91,117.23
1990-11-19,,0.947667,118.73,118.13
1990-11-20,,0.936667,122.01,120.84
1990-11-21,,0.872667,125.34,124.57
1990-11-22,,0.850333,129.02,128.07
1990-11-23,,0.875667,129.66,129.12
1990-11-26,,0.904333,130.58,130.23
1990-11-27,,0.877667,133.86,133.24
1990-11-28,,0.996667,136.76,136.42
1990-11-29,,0.994667,141.05,140.41
1990-11-30,,1.109333,144.71,143.82
1990-12-03,,0.841333,147.17,146.66
1990-12-04,,0.867333,147.59,147.26
1990-12-05,,1.012667,147.54,147.22
1990-12-06,,0.960667,148.42,147.95
1990-12-07,,1.052667,149.61,148.96
1990-12-10,,1.072,149.92,149.5
1990-12-11,,1.07,149.98,149.47
1990-12-12,,1.092,149.82,149.26
1990-12-13,,1.044667,150.73,150.35
1990-12-14,,0.987,151.31,150.61
1990-12-17,,1.091333,152.05,151.75
1990-12-18,,1.084333,153.63,153.74
1990-12-19,,1.081,158.32,157.7
1990-12-20,,1.075333,159.02,157.51
1990-12-21,,1.108333,160.89,159.61
1990-12-24,,1.108333,161.31,161.06
1990-12-26,,1.102667,163.88,163.33
1990-12-27,,0.770667,165.89,164.94
1990-12-28,,1.135,170.06,168.59
1990-12-31,,1.135,170.06,168.59
1991-01-02,,0.894667,172.6,171.85
1991-01-03,,0.914,173.39,172.88
1991-01-04,,0.842333,174.31,173.88
1991-01-07,,0.794333,177.28,176.29
1991-01-08,,0.863667,181.06,180.43
1991-01-09,,0.889333,182.3,181.47
1991-01-10,,0.831,183.0,182.26
1991-01-11,,0.739667,183.6,183.47
1991-01-14,,0.897667,187.98,187.2
1991-01-15,,0.864333,190.47,189.84
1991-01-16,,0.839667,195.08,194.46
1991-01-17,,1.018333,197.46,195.8
1991-01-18,,0.955,200.01,198.97
1991-01-21,,0.81,199.76,198.63
1991-01-22,,0.799667,198.18,196.82
1991-01-23,,0.777333,198.31,197.68
1991-01-24,,0.821333,198.97,198.57
1991-01-25,,0.883,201.51,200.93
1991-01-28,,0.849,206.27,205.46
1991-01-29,,0.871,212.31,211.59
1991-01-30,,0.947333,216.17,215.64
1991-01-31,,1.061,220.14,219.17
1991-02-04,,0.314333,221.34,220.53
1991-02-05,,0.31,220.77,219.94
1991-02-06,,0.301333,220.42,219.76
1991-02-07,,0.306667,221.0,220.43
1991-02-08,,0.316667,221.41,220.96
1991-02-13,,0.316667,222.09,221.31
1991-02-14,,0.316667,221.3,220.1
1991-02-15,,0.434667,221.56,220.59
1991-02-18,,0.496667,220.94,219.78
1991-02-19,,0.477333,220.75,220.14
1991-02-20,,0.44,221.72,220.78
1991-02-21,,0.437333,221.66,221.04
1991-02-22,,0.436333,222.05,221.41
1991-02-25,,0.429667,222.62,221.99
1991-02-26,,0.459667,223.17,222.76
1991-02-27,,0.434667,223.63,222.95
1991-02-28,,0.408333,223.43,222.84
1991-03-01,,0.428,224.67,224.15
1991-03-04,,0.428667,226.11,225.57
1991-03-05,,0.427333,225.66,225.24
1991-03-06,,0.427,225.97,225.66
1991-03-07,,0.436667,226.34,225.82
1991-03-08,,0.435333,226.48,226.18
1991-03-11,,0.443,227.4,226.98
1991-03-12,,0.445667,228.08,227.51
1991-03-13,,0.447,228.75,228.14
1991-03-14,,0.455667,229.27,228.86
1991-03-15,,0.466,229.15,228.51
1991-03-18,,0.466,230.11,229.62
1991-03-19,,0.469,231.15,230.92
1991-03-20,,0.478333,233.43,232.89
1991-03-21,,0.477667,233.5,232.96
1991-03-22,,0.466333,234.28,233.9
1991-03-25,,0.466667,235.6,234.85
1991-03-26,,0.475,236.74,236.48
1991-03-27,,0.491,238.93,238.14
1991-04-01,,0.418333,241.83,241.07
1991-04-02,,0.409667,244.74,244.14
1991-04-03,,0.414,246.14,245.51
1991-04-04,,0.416667,245.96,245.47
1991-04-05,,0.420667,246.06,245.67
1991-04-08,,0.419,246.89,246.11
1991-04-09,,0.420667,248.53,248.2
1991-04-10,,0.413333,249.81,249.0
1991-04-11,,0.418,250.41,250.15
1991-04-12,,0.42,251.06,250.38
1991-04-15,,0.416,251.37,251.06
1991-04-16,,0.418,252.83,252.35
1991-04-17,,0.422333,253.57,253.5
1991-04-18,,0.427667,255.08,254.56
1991-04-19,,0.429333,255.74,255.58
1991-04-22,,0.414333,255.93,255.55
1991-04-23,,0.418333,256.2,255.96
1991-04-24,,0.424,257.22,257.0
1991-04-25,,0.424333,258.34,258.2
1991-04-26,,0.424667,258.95,258.81
1991-04-29,,0.429,260.47,260.0
1991-04-30,,0.428667,260.73,260.08
1991-05-02,,0.431333,261.78,261.2
1991-05-03,,0.431,262.13,261.93
1991-05-06,,0.423667,263.1,262.36
1991-05-07,,0.424333,264.01,263.77
1991-05-08,,0.432667,264.94,264.62
1991-05-09,,0.432333,267.43,266.86
1991-05-10,,0.435,269.81,268.96
1991-05-13,,0.432667,269.15,268.76
1991-05-14,,0.436333,270.69,270.36
1991-05-15,,0.429667,272.69,272.13
1991-05-16,,0.434667,273.96,273.77
1991-05-17,,0.436333,275.14,274.63
1991-05-20,,0.436667,275.1,274.77
1991-05-21,,0.437,276.24,276.12
1991-05-22,,0.438333,277.08,276.83
1991-05-23,,0.438,278.39,278.02
1991-05-24,,0.438,279.59,279.25
1991-05-27,,0.438,281.14,280.91
1991-05-28,,0.438,282.21,282.15
1991-05-29,,0.444,283.24,283.08
1991-05-31,,0.459,284.7,284.34
1991-06-03,,0.473333,286.01,285.71
1991-06-04,,0.477333,287.11,286.88
1991-06-05,,0.478667,288.41,288.2
1991-06-06,,0.479,288.94,288.85
1991-06-07,,0.48,289.88,289.5
1991-06-10,,0.482667,291.31,290.8
1991-06-11,,0.483667,292.15,291.72
1991-06-12,,0.485667,293.35,293.03
1991-06-13,,0.490667,294.65,294.35
1991-06-14,,0.498,296.06,295.87
1991-06-17,,0.499667,297.96,297.65
1991-06-18,,0.501,300.11,299.64
1991-06-19,,0.499667,301.02,300.77
1991-06-20,,0.500333,301.96,301.53
1991-06-21,,0.502,303.33,303.02
1991-06-24,,0.503333,305.36,304.92
1991-06-25,,0.504,307.14,306.69
1991-06-26,,0.502667,309.22,308.7
1991-06-27,,0.502667,311.23,310.88
1991-06-28,,0.503333,312.22,311.75
1991-07-01,,0.498333,313.37,312.65
1991-07-02,,0.498333,314.72,313.54
1991-07-03,,0.498,315.49,315.14
1991-07-04,,0.498333,317.24,317.16
1991-07-05,,0.498667,318.64,318.21
1991-07-08,,0.498333,320.47,319.6
1991-07-09,,0.498333,321.95,321.67
1991-07-10,,0.497667,323.23,322.68
1991-07-11,,0.497,324.18,323.63
1991-07-12,,0.497333,325.36,325.18
1991-07-15,,0.497333,326.53,326.33
1991-07-16,,0.497667,328.41,328.07
1991-07-17,,0.498,329.66,329.41
1991-07-18,,0.499667,330.99,330.79
1991-07-19,,0.500667,332.52,332.67
1991-07-22,,0.501333,334.1,334.05
1991-07-23,,0.505,335.99,335.6
1991-07-24,,0.512333,337.75,337.44
1991-07-25,,0.518333,339.58,339.4
1991-07-26,,0.526333,340.96,340.74
1991-07-29,,0.54,342.69,342.34
1991-07-30,,0.556667,344.8,344.78
1991-07-31,,0.574,346.57,346.21
1991-08-01,,0.598,348.84,348.59
1991-08-02,,0.599,351.19,350.72
1991-08-05,,0.603,353.18,352.92
1991-08-06,,0.603333,354.93,354.55
1991-08-07,,0.603667,356.81,356.59
1991-08-08,,0.605667,358.96,358.63
1991-08-09,,0.610667,361.07,360.63
1991-08-12,,0.614333,363.04,362.9
1991-08-13,,0.639667,365.91,365.3
1991-08-14,,0.640333,368.76,368.54
1991-08-15,,0.642,370.09,369.74
1991-08-16,,0.643667,372.27,371.64
1991-08-19,,0.647333,374.34,373.95
1991-08-20,,0.664333,376.84,376.29
1991-08-21,,0.666,379.22,378.76
1991-08-22,,0.668,381.73,381.05
1991-08-23,,0.682333,383.79,383.51
1991-08-26,,0.702667,384.82,383.47
1991-08-27,,0.772,386.9,386.63
1991-08-28,,0.802333,388.95,388.39
1991-08-29,,0.831333,392.82,390.97
1991-08-30,,0.835,393.76,392.75
1991-09-02,,0.856,397.19,396.0
1991-09-03,,0.859,399.58,398.94
1991-09-04,,0.862,402.84,402.02
1991-09-05,,0.864,405.39,405.05
1991-09-06,,0.862667,407.37,406.88
1991-09-09,,0.865333,411.5,410.52
1991-09-10,,0.865,414.44,414.37
1991-09-11,,0.866,417.64,417.44
1991-09-12,,0.866667,421.64,421.45
1991-09-13,,0.865333,425.87,425.51
1991-09-16,,0.866,429.0,428.5
1991-09-17,,0.865667,432.24,431.34
1991-09-18,,0.865667,436.46,435.94
1991-09-19,,0.865667,439.13,438.82
1991-09-20,,0.865333,442.11,441.64
1991-09-23,,0.864,445.82,445.08
1991-09-24,,0.861667,449.35,446.99
1991-09-25,,0.860667,452.61,450.73
1991-09-26,,0.861,454.21,454.88
1991-09-27,,0.861,458.65,460.01
1991-09-30,,0.860333,464.93,465.48
1991-10-01,,0.859333,530.66,528.71
1991-10-02,,0.863,536.99,534.28
1991-10-03,,0.863,540.6,540.24
1991-10-04,,0.864667,544.18,544.21
1991-10-07,,0.866333,547.39,547.25
1991-10-08,,0.872667,553.21,551.7
1991-10-09,,0.876,558.25,557.89
1991-10-10,,0.886,562.48,560.91
1991-10-11,,0.907667,566.5,565.36
1991-10-14,,0.928333,572.27,571.11
1991-10-15,,0.930333,577.23,575.73
1991-10-16,,0.931,581.77,581.16
1991-10-17,,0.933667,586.32,585.46
1991-10-18,,0.933333,590.9,590.12
1991-10-21,,0.949333,598.21,597.09
1991-10-22,,0.970667,604.99,604.26
1991-10-23,,0.992333,608.05,607.84
1991-10-24,,1.048667,613.67,612.86
1991-10-25,,1.117333,620.39,620.53
1991-10-28,,1.394667,622.59,622.12
1991-10-29,,1.401333,628.99,629.33
1991-10-30,,1.400667,637.94,638.18
1991-10-31,,1.399667,645.02,641.54
1991-11-01,,1.390333,650.57,651.59
1991-11-04,,1.415333,661.02,658.61
1991-11-05,,1.412,668.68,666.42
1991-11-06,,1.414667,677.0,675.46
1991-11-07,,1.417333,689.35,684.19
1991-11-08,,1.420333,695.7,692.83
1991-11-11,,1.420333,705.21,700.94
1991-11-12,,1.420333,712.81,712.91
1991-11-13,,1.420667,720.83,720.93
1991-11-14,,1.421333,731.57,728.8
1991-11-18,,1.421333,742.14,740.1
1991-11-19,,1.420667,751.63,749.89
1991-11-20,,1.420333,762.21,761.2
1991-11-21,,1.419667,773.62,771.92
1991-11-22,,1.417667,783.67,782.54
1991-11-25,,1.413333,794.75,791.67
1991-11-26,,1.41,805.0,806.0
1991-11-27,,1.407,816.05,813.62
1991-11-28,,1.403333,825.13,824.93
1991-11-29,,1.4,840.4,840.35
1991-12-02,,1.397667,850.6,850.5
1991-12-03,,1.4,861.2,861.15
1991-12-04,,1.399,871.75,871.7
1991-12-05,,1.397333,882.5,882.4
1991-12-06,,1.396333,893.15,893.1
1991-12-09,,1.395333,903.6,903.5
1991-12-10,,1.384,913.9,913.85
1991-12-11,,1.372333,924.7,924.6
1991-12-12,,1.350333,935.25,935.15
1991-12-13,,1.333667,945.85,945.8
1991-12-16,,1.314333,956.45,956.4
1991-12-17,,1.297667,967.55,967.45
1991-12-18,,1.273,978.45,978.4
1991-12-19,,1.253,989.45,989.4
1991-12-20,,1.223,1000.45,1000.4
1991-12-23,,1.199333,1011.6,1011.55
1991-12-24,,1.199333,1023.9,1023.8
1991-12-26,,1.192667,1033.9,1033.85
1991-12-27,,1.185333,1045.1,1045.05
1991-12-30,,1.174333,1057.2,1057.1
1991-12-31,,1.174333,1068.8,1068.7
1992-01-02,,1.171667,1079.4,1079.3
1992-01-03,,1.162667,1090.1,1090.05
1992-01-06,,1.166333,1100.9,1100.8
1992-01-07,,1.171667,1111.55,1111.5
1992-01-08,,1.181667,1122.2,1122.1
1992-01-09,,1.187,1133.0,1132.9
1992-01-10,,1.181,1143.85,1143.75
1992-01-13,,1.174667,1155.6,1155.5
1992-01-14,,1.173667,1167.0,1166.9
1992-01-15,,1.163333,1179.05,1179.0
1992-01-16,,1.149,1202.2,1202.1
1992-01-17,,1.137333,1201.65,1201.6
1992-01-20,,1.137333,1213.1,1213.0
1992-01-21,,1.14,1224.4,1224.35
1992-01-22,,1.140667,1235.9,1235.8
1992-01-23,,1.147333,1247.55,1247.5
1992-01-24,,1.153,1259.2,1259.1
1992-01-27,,1.157333,1270.9,1270.85
1992-01-28,,1.165667,1282.6,1282.55
1992-01-29,,1.179333,1295.35,1295.3
1992-01-30,,1.196667,1307.35,1307.3
1992-01-31,,1.218667,1319.45,1319.4
1992-02-03,,1.262,1333.25,1333.2
1992-02-04,,1.268,1346.9,1346.8
1992-02-05,,1.270667,1360.8,1360.7
1992-02-06,,1.273,1376.0,1375.9
1992-02-07,,1.276,1390.95,1390.85
1992-02-10,,1.279333,1405.7,1405.6
1992-02-11,,1.279,1420.6,1420.5
1992-02-12,,1.279333,1435.7,1435.6
1992-02-13,,1.28,1467.45,1467.35
1992-02-14,,1.278667,1467.45,1467.35
1992-02-17,,1.279,1483.45,1483.4
1992-02-18,,1.278667,1499.7,1499.6
1992-02-19,,1.276667,1516.5,1516.45
1992-02-20,,1.276333,1532.75,1532.65
1992-02-21,,1.273667,1548.4,1548.3
1992-02-24,,1.269,1564.35,1564.25
1992-02-25,,1.265667,1580.8,1580.7
1992-02-26,,1.261667,1597.4,1597.3
1992-02-27,,1.257,1614.1,1614.0
1992-02-28,,1.252333,1630.85,1630.75
1992-03-04,,1.252333,1647.55,1647.45
1992-03-05,,1.250667,1664.35,1664.25
1992-03-06,,1.250333,1681.15,1681.05
1992-03-09,,1.249667,1698.35,1698.25
1992-03-10,,1.249,1715.55,1715.45
1992-03-11,,1.238667,1733.2,1733.1
1992-03-12,,1.227,1750.8,1750.7
1992-03-13,,1.226667,1768.4,1768.3
1992-03-16,,1.198333,1786.35,1786.25
1992-03-17,,1.169667,1804.25,1804.15
1992-03-18,,1.168,1822.0,1821.9
1992-03-19,,1.166333,1840.0,1839.9
1992-03-20,,1.164,1858.02,1857.92
1992-03-23,,1.16,1876.0,1875.9
1992-03-24,,1.162333,1894.05,1894.0
1992-03-25,,1.161667,1912.4,1912.3
1992-03-26,,1.159333,1930.95,1930.85
1992-03-27,,1.159667,1949.9,1949.8
1992-03-30,,1.159,1969.1,1969.0
1992-03-31,,1.159,1988.0,1987.9
1992-04-01,,1.176,2007.1,2007.0
1992-04-02,,1.174,2027.1,2027.0
1992-04-03,,1.172667,2027.5,2027.4
1992-04-06,,1.173,2068.05,2067.95
1992-04-07,,1.172,2089.15,2089.05
1992-04-08,,1.170333,2110.0,2109.9
1992-04-09,,1.167,2131.1,2131.0
1992-04-10,,1.166333,2152.45,2152.35
1992-04-13,,1.164667,2174.1,2174.0
1992-04-14,,1.164,2196.0,2195.9
1992-04-15,,1.163333,2217.95,2217.85
1992-04-20,,1.162667,2239.6,2239.5
1992-04-22,,1.105667,2261.5,2261.4
1992-04-23,,1.084333,2283.45,2283.4
1992-04-24,,1.075667,2305.65,2305.6
1992-04-27,,1.073667,2328.05,2328.0
1992-04-28,,1.071333,2350.7,2350.65
1992-04-29,,1.067,2373.35,2373.25
1992-04-30,,1.067,2396.1,2396.0
1992-05-04,,1.065667,2417.0,2416.9
1992-05-05,,1.066,2438.2,2438.1
1992-05-06,,1.065,2459.35,2459.25
1992-05-07,,1.066333,2480.9,2480.8
1992-05-08,,1.066333,2502.55,2502.5
1992-05-11,,1.064333,2524.4,2524.35
1992-05-12,,1.058667,2546.4,2546.35
1992-05-13,,1.048667,2568.55,2568.5
1992-05-14,,1.036667,2590.55,2590.5
1992-05-15,,1.033667,2612.8,2612.75
1992-05-18,,1.030333,2635.3,2635.25
1992-05-19,,1.026667,2658.2,2658.15
1992-05-20,,1.023333,2681.3,2681.2
1992-05-21,,1.019667,2728.65,2728.55
1992-05-22,,1.021,2728.0,2727.9
1992-05-25,,1.021,2751.7,2751.6
1992-05-26,,1.021667,2775.65,2775.55
1992-05-27,,1.021667,2799.8,2799.75
1992-05-28,,1.023333,2824.45,2824.35
1992-05-29,,1.025667,2849.1,2849.0
1992-06-01,,1.034667,2874.5,2874.4
1992-06-02,,1.044,2900.1,2900.0
1992-06-03,,1.046,2925.9,2925.8
1992-06-04,,1.048667,2952.15,2952.05
1992-06-05,,1.048333,2978.55,2978.5
1992-06-08,,1.048,3005.0,3004.9
1992-06-09,,1.047333,3031.8,3031.7
1992-06-10,,1.046333,3058.9,3058.8
1992-06-11,,1.044333,3087.6,3087.5
1992-06-12,,1.043333,3115.7,3115.6
1992-06-15,,1.043,3144.1,3144.0
1992-06-16,,1.042667,3173.0,3172.9
1992-06-17,,1.043,3202.6,3202.5
1992-06-19,,1.043333,3230.8,3230.7
1992-06-22,,1.042667,3260.15,3260.05
1992-06-23,,1.042333,3289.95,3289.85
1992-06-24,,1.033667,3320.3,3320.2
1992-06-25,,1.030667,3351.1,3351.0
1992-06-26,,1.027667,3382.6,3382.5
1992-06-29,,1.025333,3413.6,3413.5
1992-06-30,,1.024333,3446.7,3446.6
1992-07-01,,1.012667,3475.9,3475.8
1992-07-02,,1.023333,3505.8,3505.7
1992-07-03,,1.023,3536.2,3536.1
1992-07-06,,1.022333,3566.95,3566.85
1992-07-07,,1.021333,3597.85,3597.75
1992-07-08,,1.020333,3629.15,3629.05
1992-07-09,,1.019667,3660.75,3660.65
1992-07-10,,1.02,3692.65,3692.55
1992-07-13,,1.019333,3724.85,3724.75
1992-07-14,,1.019,3757.25,3757.15
1992-07-15,,1.018,3789.95,3789.85
1992-07-16,,1.017667,3822.9,3822.8
1992-07-17,,1.016333,3856.2,3856.1
1992-07-20,,1.014,3889.75,3889.7
1992-07-21,,1.011333,3923.6,3923.55
1992-07-22,,1.008,3957.7,3957.65
1992-07-23,,1.005,3992.15,3992.1
1992-07-24,,1.003667,4026.85,4026.8
1992-07-27,,1.003667,4061.85,4061.8
1992-07-28,,1.003,4097.0,4096.9
1992-07-29,,1.003333,4132.6,4132.5
1992-07-30,,1.033,4169.0,4168.9
1992-07-31,,1.059333,4204.6,4204.5
1992-08-03,,1.092667,4244.5,4244.4
1992-08-04,,1.091667,4284.85,4284.75
1992-08-05,,1.091,4325.05,4324.95
1992-08-06,,1.092667,4365.8,4365.7
1992-08-07,,1.092333,4407.0,4406.9
1992-08-10,,1.092,4448.65,4448.55
1992-08-11,,1.091,4490.8,4490.7
1992-08-12,,1.091,4533.4,4533.3
1992-08-13,,1.091,4576.65,4576.55
1992-08-14,,1.091333,4620.45,4620.35
1992-08-17,,1.091,4664.45,4664.35
1992-08-18,,1.09,4708.9,4708.8
1992-08-19,,1.091,4754.3,4754.2
1992-08-20,,1.089667,4797.6,4797.5
1992-08-21,,1.089333,4844.55,4844.45
1992-08-24,,1.090333,4890.65,4890.55
1992-08-25,,1.089333,4936.1,4936.0
1992-08-26,,1.089,4982.9,4982.8
1992-08-27,,1.089333,5029.9,5029.8
1992-08-28,,1.103667,5077.5,5077.4
1992-08-31,,1.124333,5131.0,5130.0
1992-09-01,,1.170667,5184.6,5184.5
1992-09-02,,1.171,5239.0,5238.9
1992-09-03,,1.172667,5294.7,5294.6
1992-09-04,,1.171667,5350.5,5350.4
1992-09-08,,1.17,5406.2,5406.1
1992-09-09,,1.174,5462.8,5462.7
1992-09-10,,1.170333,5520.2,5520.1
1992-09-11,,1.166333,5578.4,5578.3
1992-09-14,,1.167,5637.4,5637.3
1992-09-15,,1.167,5697.4,5697.3
1992-09-16,,1.167,5758.4,5758.3
1992-09-17,,1.166333,5819.6,5819.5
1992-09-18,,1.165667,5881.35,5881.25
1992-09-21,,1.165333,5943.75,5943.65
1992-09-22,,1.165667,6006.85,6006.75
1992-09-23,,1.165333,6070.85,6070.75
1992-09-24,,1.166,6138.0,6137.0
1992-09-25,,1.164667,6205.0,6204.0
1992-09-28,,1.170333,6273.0,6272.0
1992-09-29,,1.176667,6334.0,6333.0
1992-09-30,,1.187667,6400.0,6398.0
1992-10-01,,1.202667,6468.5,6468.0
1992-10-02,,1.197333,6537.6,6537.4
1992-10-05,,1.198667,6607.4,6607.3
1992-10-06,,1.202,6677.9,6677.8
1992-10-07,,1.199,6749.2,6749.1
1992-10-08,,1.197,6821.3,6821.2
1992-10-09,,1.189667,6894.2,6894.1
1992-10-13,,1.185,6968.0,6967.95
1992-10-14,,1.185667,7042.6,7042.5
1992-10-15,,1.185333,7118.1,7118.0
1992-10-16,,1.183,7194.4,7194.3
1992-10-19,,1.181,7271.8,7271.7
1992-10-20,,1.178333,7350.1,7350.0
1992-10-21,,1.177667,7429.6,7429.5
1992-10-22,,1.177,7510.5,7510.4
1992-10-23,,1.177333,7593.4,7593.3
1992-10-26,,1.178333,7679.4,7679.3
1992-10-27,,1.178,7766.5,7766.4
1992-10-28,,1.187333,7854.6,7854.5
1992-10-29,,1.198333,7943.7,7943.6
1992-10-30,,1.213,8034.1,8034.0
1992-11-03,,1.234,8123.0,8122.9
1992-11-04,,1.239333,8213.1,8213.0
1992-11-05,,1.239667,8304.2,8304.1
1992-11-06,,1.239333,8396.3,8396.2
1992-11-09,,1.24,8583.6,8583.5
1992-11-10,,1.239667,8678.8,8678.7
1992-11-11,,1.237333,8678.8,8678.7
1992-11-12,,1.237,8775.05,8774.95
1992-11-13,,1.236,8872.3,8872.2
1992-11-16,,1.221667,8970.7,8970.6
1992-11-17,,1.207333,9069.8,9069.6
1992-11-18,,1.192333,9169.7,9169.6
1992-11-19,,1.176,9269.5,9269.3
1992-11-20,,1.157667,9369.0,9368.9
1992-11-23,,1.133667,9468.4,9468.3
1992-11-24,,1.103,9667.0,9666.9
1992-11-25,,1.071333,9761.0,9760.9
1992-11-26,,1.054,9760.8,9760.7
1992-11-27,,1.057,9855.0,9854.9
1992-11-30,,1.053667,9949.9,9949.8
1992-12-01,,1.032667,10046.2,10046.1
1992-12-02,,1.030333,10143.7,10143.6
1992-12-03,,1.028667,10241.9,10241.8
1992-12-04,,1.024667,10341.2,10341.1
1992-12-07,,1.022333,10441.6,10441.5
1992-12-08,,1.023,10543.0,10542.9
1992-12-09,,1.023333,10645.7,10645.6
1992-12-10,,1.023667,10749.2,10749.1
1992-12-11,,1.024667,10854.3,10854.2
1992-12-14,,1.025,10960.1,10960.0
1992-12-15,,1.025333,11066.95,11066.85
1992-12-16,,1.027667,11174.5,11174.4
1992-12-17,,1.029667,11283.4,11283.3
1992-12-18,,1.039667,11393.5,11393.4
1992-12-21,,1.056667,11505.5,11505.4
1992-12-22,,1.070667,11621.0,11620.9
1992-12-23,,1.08,11737.5,11737.4
1992-12-24,,1.08,11855.3,11855.2
1992-12-28,,1.095333,11977.7,11977.5
1992-12-29,,1.114667,12106.5,12106.0
1992-12-30,,1.144,12243.0,12242.0
1992-12-31,,1.144,12387.5,12387.0
1993-01-04,,1.201333,12531.5,12531.3
1993-01-05,,1.198,12677.2,12677.1
1993-01-06,,1.198667,12824.6,12824.5
1993-01-07,,1.200333,12973.7,12973.6
1993-01-08,,1.204,13124.7,13124.6
1993-01-11,,1.204667,13278.4,13278.3
1993-01-12,,1.205,13434.5,13434.4
1993-01-13,,1.207,13592.9,13592.8
1993-01-14,,1.211333,13915.9,13915.8
1993-01-15,,1.221,14080.5,14080.4
1993-01-18,,1.233667,14081.0,14080.9
1993-01-19,,1.248667,14249.35,14249.3
1993-01-20,,1.248667,14419.9,14419.8
1993-01-21,,1.268333,14592.3,14592.2
1993-01-22,,1.295333,14768.6,14768.5
1993-01-25,,1.332,14949.0,14948.9
1993-01-26,,1.370333,15133.8,15133.7
1993-01-27,,1.381333,15322.0,15321.8
1993-01-28,,1.402,15513.0,15512.9
1993-01-29,,1.414667,15720.0,15719.0
1993-02-01,,1.425333,15931.25,15931.2
1993-02-02,,1.445,16145.4,16145.3
1993-02-03,,1.457,16361.5,16361.4
1993-02-04,,1.463667,16580.4,16580.3
1993-02-05,,1.463667,16800.2,16800.1
1993-02-08,,1.465333,17022.1,17022.0
1993-02-09,,1.463,17244.2,17244.1
1993-02-10,,1.460333,17468.1,17468.0
1993-02-11,,1.458333,17924.3,17924.2
1993-02-12,,1.456333,18156.9,18156.8
1993-02-15,,1.452667,18156.75,18156.65
1993-02-16,,1.442667,18392.05,18391.95
1993-02-17,,1.426,18630.3,18630.2
1993-02-18,,1.405333,18872.0,18871.9
1993-02-19,,1.360333,19117.1,19117.0
1993-02-24,,1.360333,19364.5,19364.4
1993-02-25,,1.315,19609.6,19609.5
1993-02-26,,1.249333,19858.0,19857.0
1993-03-01,,1.201667,20062.0,20061.9
1993-03-02,,1.199,20267.4,20267.3
1993-03-03,,1.155667,20473.9,20473.8
1993-03-04,,1.108,20681.4,20681.3
1993-03-05,,1.071,20890.55,20890.45
1993-03-08,,1.046,21101.5,21101.4
1993-03-09,,1.033,21314.4,21314.3
1993-03-10,,1.033333,21529.6,21529.5
1993-03-11,,1.032,21745.2,21745.1
1993-03-12,,1.033,21963.0,21962.9
1993-03-15,,1.032667,22182.9,22182.8
1993-03-16,,1.032667,22405.0,22404.9
1993-03-17,,1.034667,22630.0,22629.9
1993-03-18,,1.039,22857.25,22857.15
1993-03-19,,1.047,23088.0,23087.9
1993-03-22,,1.058333,23323.0,23322.9
1993-03-23,,1.069667,23562.3,23562.2
1993-03-24,,1.071667,23806.3,23806.2
1993-03-25,,1.078333,24054.75,24054.65
1993-03-26,,1.098333,24309.7,24309.6
1993-03-29,,1.133667,24576.5,24576.3
1993-03-30,,1.205,24847.0,24846.5
1993-03-31,,1.287333,25121.0,25120.0
1993-04-01,,1.385,25444.5,25444.0
1993-04-02,,1.397,25773.0,25772.8
1993-04-05,,1.408333,26108.4,26108.3
1993-04-06,,1.419667,26450.5,26450.4
1993-04-07,,1.425667,26799.9,26799.8
1993-04-12,,1.437,27156.9,27156.8
1993-04-13,,1.435333,27520.4,27520.3
1993-04-14,,1.432333,27892.3,27892.2
1993-04-15,,1.435333,28270.0,28269.9
1993-04-16,,1.435667,28653.1,28653.0
1993-04-19,,1.431333,29041.1,29041.0
1993-04-20,,1.425667,29434.4,29434.3
1993-04-22,,1.418667,29833.6,29833.5
1993-04-23,,1.411333,30232.0,30231.5
1993-04-26,,1.410667,30624.0,30623.5
1993-04-27,,1.411667,31035.3,31035.0
1993-04-28,,1.395,31450.5,31449.5
1993-04-29,,1.374667,31862.0,31861.0
1993-04-30,,1.343,32268.0,32267.0
1993-05-03,,1.312,32665.0,32664.5
1993-05-04,,1.307,33067.2,33067.0
1993-05-05,,1.302333,33474.3,33474.0
1993-05-06,,1.295,33885.7,33885.5
1993-05-07,,1.288333,34301.7,34301.5
1993-05-10,,1.283667,34721.6,34721.5
1993-05-11,,1.278,35145.6,35145.5
1993-05-12,,1.272667,35575.2,35575.0
1993-05-13,,1.267667,36007.8,36007.5
1993-05-14,,1.266667,36445.4,36445.2
1993-05-17,,1.269667,36888.4,36888.2
1993-05-18,,1.272,37336.9,37336.8
1993-05-19,,1.273,37790.8,37790.7
1993-05-20,,1.274,38250.3,38250.1
1993-05-21,,1.277,38715.3,38715.2
1993-05-24,,1.281333,39187.5,39187.4
1993-05-25,,1.287667,39666.8,39666.7
1993-05-26,,1.296,40156.0,40155.5
1993-05-27,,1.308667,41165.0,41164.0
1993-05-28,,1.33,41700.0,41699.0
1993-05-31,,1.355,41700.0,41699.0
1993-06-01,,1.365667,42239.65,42239.45
1993-06-02,,1.366333,42786.3,42786.2
1993-06-03,,1.364,43340.0,43339.8
1993-06-04,,1.361,43900.7,43900.5
1993-06-07,,1.357,44466.9,44466.8
1993-06-08,,1.353667,45042.5,45042.4
1993-06-09,,1.350333,45629.5,45628.0
1993-06-11,,1.347667,46230.0,46227.0
1993-06-14,,1.344333,46815.0,46813.0
1993-06-15,,1.339667,47413.0,47411.0
1993-06-16,,1.334,48020.0,48018.0
1993-06-17,,1.326667,48626.3,48626.0
1993-06-18,,1.319,49234.0,49232.0
1993-06-21,,1.309667,49848.0,49847.0
1993-06-22,,1.3,50462.8,50462.3
1993-06-23,,1.293,51096.0,51095.0
1993-06-24,,1.292,51720.0,51719.0
1993-06-25,,1.290333,52356.0,52355.0
1993-06-28,,1.289667,53007.0,53006.0
1993-06-29,,1.288667,53666.0,53665.0
1993-06-30,,1.289,54336.0,54335.0
1993-07-01,,1.289,55676.7,55676.0
1993-07-02,,1.289,56364.0,56363.0
1993-07-05,,1.290667,56361.0,56360.0
1993-07-06,,1.292333,57052.0,57051.0
1993-07-07,,1.292667,57754.0,57753.0
1993-07-08,,1.292667,58463.0,58462.5
1993-07-09,,1.292333,59178.0,59177.0
1993-07-12,,1.292333,59901.5,59900.5
1993-07-13,,1.292333,60639.0,60638.0
1993-07-14,,1.292333,61383.0,61382.0
1993-07-15,,1.292667,62136.0,62135.0
1993-07-16,,1.292333,62899.0,62898.0
1993-07-19,,1.292667,63669.0,63668.0
1993-07-20,,1.292667,64450.0,64449.0
1993-07-21,,1.292333,65240.0,65239.0
1993-07-22,,1.292667,66040.0,66039.0
1993-07-23,,1.292667,66850.0,66849.0
1993-07-26,,1.293,67672.0,67671.0
1993-07-27,,1.294,68508.0,68507.0
1993-07-28,,1.3,69370.0,69368.0
1993-07-29,,1.314333,70252.0,70251.0
1993-07-30,,1.331,71153.0,71152.0
1993-08-02,,1.344,72.069,72.068
1993-08-03,,1.350667,72.994,72.993
1993-08-04,,1.347667,73.929,73.928
1993-08-05,,1.346333,74.881,74.879
1993-08-06,,1.348,75.845,75.844
1993-08-09,,1.346333,76.821,76.82
1993-08-10,,1.345667,77.809,77.808
1993-08-11,,1.342667,78.808,78.807
1993-08-12,,1.343333,79.823,79.821
1993-08-13,,1.344667,80.851,80.849
1993-08-16,,1.347,81.892,81.891
1993-08-17,,1.347333,82.946,82.944
1993-08-18,,1.348333,84.012,84.011
1993-08-19,,1.349,85.092,85.091
1993-08-20,,1.351,86.192,86.19
1993-08-23,,1.353333,87.305,87.303
1993-08-24,,1.359,88.441,88.44
1993-08-25,,1.369333,89.63,89.625
1993-08-26,,1.387333,90.835,90.834
1993-08-27,,1.404,92.09,92.085
1993-08-30,,1.423667,93.36,93.355
1993-08-31,,1.443333,94.652,94.65
1993-09-01,,1.459333,95.98,95.978
1993-09-02,,1.461667,98.751,98.75
1993-09-03,,1.462667,100.13,100.12
1993-09-06,,1.463667,100.112,100.11
1993-09-08,,1.468667,101.502,101.501
1993-09-09,,1.474333,102.925,102.924
1993-09-10,,1.48,104.386,104.385
1993-09-13,,1.484333,105.866,105.865
1993-09-14,,1.489333,107.392,107.39
1993-09-15,,1.495,108.944,108.942
1993-09-16,,1.500333,110.505,110.503
1993-09-17,,1.504333,112.145,112.142
1993-09-20,,1.516333,113.736,113.735
1993-09-21,,1.532,115.345,115.34
1993-09-22,,1.544,117.065,117.062
1993-09-23,,1.558667,118.782,118.78
1993-09-24,,1.572667,120.57,120.565
1993-09-27,,1.585,122.36,122.355
1993-09-28,,1.598667,124.28,124.275
1993-09-29,,1.611667,126.125,126.115
1993-09-30,,1.625,128.07,128.065
1993-10-01,,1.638,130.04,130.03
1993-10-04,,1.638667,132.055,132.05
1993-10-05,,1.638333,134.09,134.088
1993-10-06,,1.638,136.156,136.154
1993-10-07,,1.638667,140.39,140.385
1993-10-08,,1.638333,142.58,142.57
1993-10-11,,1.637667,142.56,142.55
1993-10-13,,1.638,144.76,144.758
1993-10-14,,1.638,146.998,146.996
1993-10-15,,1.637667,149.26,149.255
1993-10-18,,1.638,151.6,151.59
1993-10-19,,1.638333,153.905,153.9
1993-10-20,,1.638,156.295,156.29
1993-10-21,,1.638333,158.695,158.69
1993-10-22,,1.638333,161.155,161.15
1993-10-25,,1.638333,163.645,163.64
1993-10-26,,1.638,166.17,166.168
1993-10-27,,1.638,168.741,168.739
1993-10-28,,1.638333,171.4,171.39
1993-10-29,,1.638333,174.0,173.995
1993-11-01,,1.638333,176.69,176.685
1993-11-03,,1.638333,179.413,179.405
1993-11-04,,1.638333,182.22,182.215
1993-11-05,,1.638333,185.0,184.995
1993-11-08,,1.638333,187.86,187.858
1993-11-09,,1.638333,193.7,193.695
1993-11-10,,1.635,196.696,196.692
1993-11-11,,1.634667,196.695,196.692
1993-11-12,,1.638,199.765,199.755
1993-11-16,,1.638,202.81,202.805
1993-11-17,,1.637667,205.94,205.935
1993-11-18,,1.638,209.11,209.105
1993-11-19,,1.637333,212.33,212.325
1993-11-22,,1.637667,215.66,215.65
1993-11-23,,1.637333,222.325,222.315
1993-11-24,,1.637,225.84,225.83
1993-11-25,,1.637667,225.765,225.755
1993-11-26,,1.637333,229.31,229.29
1993-11-29,,1.637333,232.92,232.91
1993-11-30,,1.636667,235.98,235.97
1993-12-01,,1.43,239.165,239.155
1993-12-02,,1.422667,242.37,242.36
1993-12-03,,1.422,245.62,245.61
1993-12-06,,1.422667,248.92,248.91
1993-12-07,,1.423333,252.27,252.25
1993-12-08,,1.423333,255.685,255.675
1993-12-09,,1.423,259.1,259.09
1993-12-10,,1.423,262.61,262.6
1993-12-13,,1.471,266.32,266.3
1993-12-14,,1.499667,270.065,270.055
1993-12-15,,1.499333,273.88,273.875
1993-12-16,,1.498667,277.735,277.725
1993-12-17,,1.498667,281.665,281.655
1993-12-20,,1.498667,285.64,285.635
1993-12-21,,1.497667,289.69,289.685
1993-12-22,,1.496667,293.87,293.86
1993-12-23,,1.496667,297.98,297.97
1993-12-24,,1.496667,302.29,302.21
1993-12-27,,1.497333,306.69,306.68
1993-12-28,,1.532333,311.26,311.24
1993-12-29,,1.564333,316.01,316.0
1993-12-30,,1.615333,320.92,320.9
1993-12-31,,1.615333,326.105,326.095
1994-01-03,,1.672333,331.22,331.21
1994-01-04,,1.669667,336.49,336.47
1994-01-05,,1.669333,341.83,341.81
1994-01-06,,1.669333,347.235,347.225
1994-01-07,,1.669333,352.73,352.725
1994-01-10,,1.669,358.305,358.3
1994-01-11,,1.669333,363.975,363.97
1994-01-12,,1.669333,369.735,369.73
1994-01-13,,1.669667,381.535,381.525
1994-01-14,,1.67,387.57,387.56
1994-01-17,,1.67,387.555,387.545
1994-01-18,,1.670333,393.915,393.905
1994-01-19,,1.733,400.39,400.38
1994-01-20,,1.733,406.985,406.975
1994-01-21,,1.733,413.695,413.685
1994-01-24,,1.733,420.53,420.51
1994-01-25,,1.733,427.73,427.72
1994-01-26,,1.799667,435.05,435.04
1994-01-27,,1.799667,442.505,442.49
1994-01-28,,1.8,450.095,450.085
1994-01-31,,1.8,458.66,458.65
1994-02-01,,2.007,467.371,467.363
1994-02-02,,2.007333,476.255,476.244
1994-02-03,,2.006667,485.306,485.296
1994-02-04,,2.006667,494.453,494.445
1994-02-07,,1.99,503.765,503.755
1994-02-08,,1.989333,513.254,513.244
1994-02-09,,1.989,522.939,522.931
1994-02-10,,1.988333,532.665,532.659
1994-02-11,,1.966333,542.575,542.567
1994-02-16,,1.966333,552.672,552.662
1994-02-17,,1.966333,573.432,573.424
1994-02-18,,1.965667,584.122,584.112
1994-02-21,,1.965667,584.108,584.102
1994-02-22,,1.966667,594.642,594.632
1994-02-23,,1.906,605.406,605.398
1994-02-24,,1.906,616.417,616.407
1994-02-25,,1.905333,627.688,627.678
1994-02-28,,1.905,637.45,637.25
1994-03-01,,1.630667,647.303,647.289
1994-03-02,,1.630333,657.326,657.312
1994-03-03,,1.630333,667.506,667.494
1994-03-04,,1.630667,677.862,677.85
1994-03-07,,1.630667,688.353,688.341
1994-03-08,,1.671333,699.054,699.04
1994-03-09,,1.682333,709.887,709.875
1994-03-10,,1.683333,720.894,720.882
1994-03-11,,1.683667,732.111,732.101
1994-03-14,,1.692667,743.676,743.666
1994-03-15,,1.693333,755.437,755.427
1994-03-16,,1.693333,767.402,767.392
1994-03-17,,1.693,779.546,779.536
1994-03-18,,1.719,792.075,792.063
1994-03-21,,1.799667,805.452,805.442
1994-03-22,,1.883,819.705,819.695
1994-03-23,,1.883333,834.235,834.225
1994-03-24,,1.882667,849.03,849.02
1994-03-25,,1.883,864.071,864.061
1994-03-28,,1.885333,879.444,879.434
1994-03-29,,1.885,894.932,894.922
1994-03-30,,1.995667,913.345,913.335
1994-04-04,,2.07,930.902,930.892
1994-04-05,,2.064667,948.808,948.8
1994-04-06,,2.064667,967.048,967.038
1994-04-07,,2.067333,985.635,985.625
1994-04-08,,2.067667,1004.57,1004.55
1994-04-11,,2.067667,1023.87,1023.85
1994-04-12,,2.067333,1043.53,1043.51
1994-04-13,,2.067,1063.59,1063.57
1994-04-14,,2.066667,1084.04,1084.02
1994-04-15,,2.066667,1104.88,1104.86
1994-04-18,,2.066333,1126.09,1126.07
1994-04-19,,2.066,1147.73,1147.71
1994-04-20,,2.061,1169.71,1169.69
1994-04-22,,2.037333,1191.84,1191.82
1994-04-25,,1.993667,1213.83,1213.81
1994-04-26,,1.957,1235.75,1235.73
1994-04-27,,1.933667,1258.04,1258.02
1994-04-28,,1.898667,1279.58,1279.56
1994-04-29,,1.878667,1302.28,1302.26
1994-05-02,,1.768333,1323.53,1323.51
1994-05-03,,1.757667,1345.14,1345.12
1994-05-04,,1.761,1367.16,1367.14
1994-05-05,,1.761667,1389.54,1389.52
1994-05-06,,1.765,1412.35,1412.33
1994-05-09,,1.766,1435.54,1435.52
1994-05-10,,1.783333,1459.37,1459.35
1994-05-11,,1.804,1483.9,1483.88
1994-05-12,,1.804667,1508.84,1508.82
1994-05-13,,1.811,1534.3,1534.28
1994-05-16,,1.811667,1560.18,1560.16
1994-05-17,,1.811667,1586.5,1586.48
1994-05-18,,1.812,1613.28,1613.26
1994-05-19,,1.811667,1640.49,1640.47
1994-05-20,,1.811333,1668.17,1668.15
1994-05-23,,1.811667,1696.32,1696.3
1994-05-24,,1.811667,1724.93,1724.91
1994-05-25,,1.811667,1754.03,1754.01
1994-05-26,,1.811667,1813.69,1813.67
1994-05-27,,1.810667,1844.05,1844.03
1994-05-30,,1.811667,1843.87,1843.85
1994-05-31,,1.811667,1875.27,1875.25
1994-06-01,,1.889667,1908.12,1908.1
1994-06-03,,1.882333,1941.53,1941.51
1994-06-06,,1.882333,1975.51,1975.49
1994-06-07,,1.883,2010.09,2010.07
1994-06-08,,1.9,2045.71,2045.69
1994-06-09,,1.904333,2081.99,2081.97
1994-06-10,,1.915667,2119.2,2119.18
1994-06-13,,1.923,2157.19,2157.17
1994-06-14,,1.928333,2195.99,2195.97
1994-06-15,,1.929667,2235.51,2235.49
1994-06-16,,1.955,2276.43,2276.41
1994-06-17,,1.962,2318.13,2318.11
1994-06-20,,1.983667,2361.09,2361.07
1994-06-21,,2.018333,2405.65,2405.63
1994-06-22,,2.048667,2451.79,2451.77
1994-06-23,,2.055667,2498.79,2498.77
1994-06-24,,2.051667,2546.9,2546.88
1994-06-27,,2.07,2596.3,2596.28
1994-06-28,,2.079333,2647.0,2646.98
1994-06-29,,2.077,2698.46,2698.0
1994-06-30,,2.021667,2750.0,2612.5
1994-07-01,,,1.0,0.9
1994-07-04,,0.396333,0.94,0.935
1994-07-05,,0.399667,0.932,0.927
1994-07-06,,0.398333,0.915,0.91
1994-07-07,,0.399667,0.91,0.905
1994-07-08,,0.393667,0.92,0.915
1994-07-11,,0.385333,0.925,0.92
1994-07-12,,0.379667,0.92,0.915
1994-07-13,,0.379667,0.92,0.915
1994-07-14,,0.379667,0.925,0.92
1994-07-15,,0.345,0.935,0.93
1994-07-18,,0.343333,0.935,0.93
1994-07-19,,0.342,0.935,0.93
1994-07-20,,0.341667,0.932,0.928
1994-07-21,,0.274667,0.932,0.93
1994-07-22,,0.272667,0.937,0.934
1994-07-25,,0.271667,0.936,0.934
1994-07-26,,0.251667,0.934,0.932
1994-07-27,,0.245333,0.936,0.934
1994-07-28,,0.244667,0.94,0.938
1994-07-29,,0.212667,0.94,0.938
1994-08-01,,0.185,0.932,0.93
1994-08-02,,0.184,0.92,0.918
1994-08-03,,0.183667,0.91,0.908
1994-08-04,,0.183667,0.91,0.908
1994-08-05,,0.185667,0.912,0.91
1994-08-08,,0.176667,0.906,0.904
1994-08-09,,0.177333,0.891,0.889
1994-08-10,,0.178333,0.892,0.89
1994-08-11,,0.176667,0.894,0.892
1994-08-12,,0.176333,0.906,0.904
1994-08-15,,0.177333,0.901,0.899
1994-08-16,,0.175667,0.896,0.894
1994-08-17,,0.176,0.901,0.899
1994-08-18,,0.176333,0.897,0.895
1994-08-19,,0.175,0.894,0.892
1994-08-22,,0.175667,0.887,0.885
1994-08-23,,0.175,0.887,0.885
1994-08-24,,0.174333,0.884,0.882
1994-08-25,,0.175,0.888,0.886
1994-08-26,,0.176,0.888,0.886
1994-08-29,,0.175,0.896,0.894
1994-08-30,,0.175333,0.887,0.885
1994-08-31,,0.175333,0.889,0.887
1994-09-01,,0.175667,0.885,0.883
1994-09-02,,0.177667,0.886,0.884
1994-09-05,,0.177667,0.892,0.89
1994-09-06,,0.178333,0.886,0.884
1994-09-08,,0.178667,0.881,0.879
1994-09-09,,0.178,0.872,0.87
1994-09-12,,0.178667,0.853,0.851
1994-09-13,,0.186,0.86,0.858
1994-09-14,,0.179667,0.855,0.853
1994-09-15,,0.178667,0.857,0.855
1994-09-16,,0.179667,0.857,0.855
1994-09-19,,0.179667,0.854,0.852
1994-09-20,,0.18,0.854,0.852
1994-09-21,,0.179667,0.857,0.855
1994-09-22,,0.179667,0.855,0.853
1994-09-23,,0.179333,0.857,0.855
1994-09-26,,0.179333,0.862,0.86
1994-09-27,,0.179667,0.868,0.866
1994-09-28,,0.179667,0.864,0.862
1994-09-29,,0.18,0.861,0.859
1994-09-30,,0.18,0.853,0.851
1994-10-04,,0.186667,0.849,0.847
1994-10-05,,0.186667,0.847,0.845
1994-10-06,,0.186667,0.846,0.844
1994-10-07,,0.186333,0.844,0.842
1994-10-10,,0.186333,0.839,0.837
1994-10-11,,0.186667,0.835,0.833
1994-10-13,,0.187,0.836,0.834
1994-10-14,,0.187,0.829,0.827
1994-10-17,,0.186667,0.829,0.827
1994-10-18,,0.186667,0.847,0.845
1994-10-19,,0.186667,0.853,0.851
1994-10-20,,0.186667,0.856,0.854
1994-10-21,,0.186667,0.853,0.851
1994-10-24,,0.187,0.853,0.851
1994-10-25,,0.187,0.854,0.852
1994-10-26,,0.187333,0.856,0.854
1994-10-27,,0.187667,0.852,0.85
1994-10-28,,0.187333,0.85,0.848
1994-10-31,,0.198333,0.846,0.844
1994-11-01,,0.198,0.845,0.843
1994-11-03,,0.199333,0.846,0.844
1994-11-04,,0.199667,0.845,0.843
1994-11-07,,0.199667,0.84,0.838
1994-11-08,,0.199667,0.834,0.832
1994-11-09,,0.199667,0.831,0.829
1994-11-10,,0.199667,0.834,0.832
1994-11-11,,0.2,0.838,0.836
1994-11-14,,0.2,0.838,0.836
1994-11-16,,0.2,0.833,0.831
1994-11-17,,0.2,0.833,0.831
1994-11-18,,0.2,0.836,0.834
1994-11-21,,0.2,0.835,0.833
1994-11-22,,0.2,0.836,0.834
1994-11-23,,0.2,0.843,0.841
1994-11-24,,0.2,0.854,0.852
1994-11-25,,0.2,0.859,0.857
1994-11-28,,0.2,0.857,0.855
1994-11-29,,0.2,0.853,0.851
1994-11-30,,0.2,0.845,0.843
1994-12-01,,0.184667,0.848,0.846
1994-12-02,,0.182333,0.857,0.855
1994-12-05,,0.182333,0.858,0.856
1994-12-06,,0.181667,0.846,0.844
1994-12-07,,0.173667,0.847,0.845
1994-12-08,,0.174,0.847,0.845
1994-12-09,,0.174,0.848,0.846
1994-12-12,,0.174333,0.844,0.842
1994-12-13,,0.173667,0.843,0.841
1994-12-14,,0.172667,0.847,0.845
1994-12-15,,0.169333,0.851,0.849
1994-12-16,,0.165333,0.849,0.847
1994-12-19,,0.166333,0.848,0.846
1994-12-20,,0.164333,0.85,0.848
1994-12-21,,0.162667,0.853,0.851
1994-12-22,,0.163,0.86,0.858
1994-12-23,,0.161667,0.855,0.853
1994-12-26,,0.161667,0.85,0.848
1994-12-27,,0.160667,0.852,0.85
1994-12-28,,0.160667,0.856,0.854
1994-12-29,,0.160667,0.848,0.846
1994-12-30,,0.160667,0.846,0.844
1995-01-02,,0.154,0.845,0.843
1995-01-03,,0.153333,0.846,0.844
1995-01-04,,0.153333,0.846,0.844
1995-01-05,,0.153333,0.844,0.842
1995-01-06,,0.153333,0.841,0.839
1995-01-09,,0.153333,0.846,0.844
1995-01-10,,0.153,0.848,0.846
1995-01-11,,0.15,0.851,0.849
1995-01-12,,0.149667,0.846,0.844
1995-01-13,,0.15,0.847,0.845
1995-01-16,,0.149667,0.85,0.848
1995-01-17,,0.149667,0.846,0.844
1995-01-18,,0.150333,0.846,0.844
1995-01-19,,0.15,0.848,0.846
1995-01-20,,0.15,0.848,0.846
1995-01-23,,0.149667,0.852,0.85
1995-01-24,,0.15,0.854,0.852
1995-01-25,,0.149667,0.853,0.851
1995-01-26,,0.149333,0.846,0.844
1995-01-27,,0.149,0.845,0.843
1995-01-30,,0.15,0.847,0.845
1995-01-31,,0.150667,0.842,0.84
1995-02-01,,0.177333,0.843,0.841
1995-02-02,,0.178333,0.84,0.838
1995-02-03,,0.179,0.84,0.838
1995-02-06,,0.179,0.838,0.836
1995-02-07,,0.178667,0.837,0.835
1995-02-08,,0.178667,0.836,0.834
1995-02-09,,0.178333,0.834,0.832
1995-02-10,,0.178333,0.835,0.833
1995-02-13,,0.178333,0.834,0.832
1995-02-14,,0.178,0.835,0.833
1995-02-15,,0.178,0.837,0.835
1995-02-16,,0.177667,0.845,0.843
1995-02-17,,0.177667,0.85,0.848
1995-02-20,,0.177333,0.842,0.84
1995-02-21,,0.177333,0.843,0.841
1995-02-22,,0.177333,0.848,0.846
1995-02-23,,0.177333,0.845,0.843
1995-02-24,,0.177333,0.8515,0.8495
1995-03-01,,0.138333,0.85,0.848
1995-03-02,,0.138,0.853,0.851
1995-03-03,,0.138333,0.858,0.856
1995-03-06,,0.138333,0.868,0.866
1995-03-07,,0.138333,0.886,0.884
1995-03-08,,0.138333,0.886,0.884
1995-03-09,,0.138333,0.888,0.886
1995-03-10,,0.201,0.88,0.878
1995-03-13,,0.200667,0.8805,0.8795
1995-03-14,,0.200333,0.881,0.88
1995-03-15,,0.200667,0.884,0.882
1995-03-16,,0.200667,0.895,0.893
1995-03-17,,0.200667,0.89,0.888
1995-03-20,,0.200667,0.903,0.9
1995-03-21,,0.200667,0.901,0.899
1995-03-22,,0.200667,0.902,0.9
1995-03-23,,0.200667,0.914,0.912
1995-03-24,,0.200667,0.909,0.907
1995-03-27,,0.200667,0.91,0.908
1995-03-28,,0.200333,0.911,0.909
1995-03-29,,0.200333,0.907,0.905
1995-03-30,,0.200333,0.903,0.901
1995-03-31,,0.200667,0.896,0.894
1995-04-03,,0.246,0.902,0.9
1995-04-04,,0.245667,0.901,0.899
1995-04-05,,0.245333,0.9,0.898
1995-04-06,,0.245333,0.894,0.892
1995-04-07,,0.245333,0.9,0.898
1995-04-10,,0.245333,0.897,0.895
1995-04-11,,0.245333,0.901,0.899
1995-04-12,,0.245333,0.908,0.906
1995-04-17,,0.245667,0.905,0.903
1995-04-18,,0.245333,0.905,0.903
1995-04-19,,0.245333,0.914,0.912
1995-04-20,,0.245333,0.918,0.916
1995-04-24,,0.245667,0.913,0.911
1995-04-25,,0.245333,0.921,0.919
1995-04-26,,0.245333,0.917,0.915
1995-04-27,,0.245333,0.919,0.917
1995-04-28,,0.245333,0.913,0.911
1995-05-02,,0.19,0.914,0.912
1995-05-03,,0.189667,0.906,0.904
1995-05-04,,0.189667,0.905,0.903
1995-05-05,,0.189667,0.902,0.9
1995-05-08,,0.189667,0.899,0.897
1995-05-09,,0.189667,0.897,0.895
1995-05-10,,0.189667,0.894,0.892
1995-05-11,,0.189333,0.896,0.894
1995-05-12,,0.189333,0.897,0.895
1995-05-15,,0.189333,0.891,0.889
1995-05-16,,0.189,0.891,0.889
1995-05-17,,0.189,0.891,0.889
1995-05-18,,0.189,0.89,0.888
1995-05-19,,0.189,0.891,0.889
1995-05-22,,0.189,0.89,0.888
1995-05-23,,0.189,0.89,0.888
1995-05-24,,0.189,0.89,0.888
1995-05-25,,0.189,0.893,0.891
1995-05-26,,0.189,0.897,0.895
1995-05-29,,0.189,0.906,0.904
1995-05-30,,0.189,0.906,0.904
1995-05-31,,0.189,0.906,0.904
1995-06-01,,0.19,0.908,0.906
1995-06-02,,0.189,0.905,0.903
1995-06-05,,0.189,0.905,0.903
1995-06-06,,0.188667,0.906,0.904
1995-06-07,,0.188667,0.911,0.909
1995-06-08,,0.188667,0.912,0.91
1995-06-09,,0.188667,0.913,0.911
1995-06-12,,0.188667,0.918,0.916
1995-06-13,,0.188667,0.915,0.913
1995-06-14,,0.188667,0.907,0.905
1995-06-16,,0.188667,0.909,0.907
1995-06-19,,0.188667,0.912,0.91
1995-06-20,,0.188667,0.914,0.912
1995-06-21,,0.188667,0.919,0.917
1995-06-22,,0.188667,0.92,0.918
1995-06-23,,0.188667,0.92,0.918
1995-06-26,,0.188667,0.919,0.917
1995-06-27,,0.188667,0.92,0.918
1995-06-28,,0.188667,0.92,0.918
1995-06-29,,0.188667,0.92,0.918
1995-06-30,,0.188667,0.922,0.92
1995-07-03,,0.188,0.92,0.918
1995-07-04,,0.188667,0.92,0.918
1995-07-05,,0.188667,0.922,0.92
1995-07-06,,0.188667,0.925,0.923
1995-07-07,,0.188667,0.925,0.923
1995-07-10,,0.188333,0.925,0.923
1995-07-11,,0.188333,0.925,0.923
1995-07-12,,0.188333,0.925,0.923
1995-07-13,,0.188,0.926,0.924
1995-07-14,,0.188,0.926,0.924
1995-07-17,,0.187667,0.928,0.926
1995-07-18,,0.187667,0.929,0.927
1995-07-19,,0.187667,0.929,0.927
1995-07-20,,0.187667,0.929,0.927
1995-07-21,,0.187667,0.934,0.932
1995-07-24,,0.187667,0.934,0.932
1995-07-25,,0.187667,0.936,0.934
1995-07-26,,0.187667,0.936,0.934
1995-07-27,,0.187667,0.937,0.935
1995-07-28,,0.187667,0.937,0.935
1995-07-31,,0.187667,0.936,0.934
1995-08-01,,0.167333,0.936,0.934
1995-08-02,,0.167,0.936,0.934
1995-08-03,,0.167,0.936,0.934
1995-08-04,,0.165667,0.936,0.934
1995-08-07,,0.163667,0.936,0.934
1995-08-08,,0.163667,0.936,0.934
1995-08-09,,0.163333,0.936,0.934
1995-08-10,,0.163333,0.936,0.934
1995-08-11,,0.163333,0.937,0.935
1995-08-14,,0.163333,0.941,0.939
1995-08-15,,0.163333,0.942,0.94
1995-08-16,,0.163333,0.942,0.94
1995-08-17,,0.163333,0.942,0.94
1995-08-18,,0.163333,0.943,0.941
1995-08-21,,0.163333,0.942,0.94
1995-08-22,,0.163333,0.944,0.942
1995-08-23,,0.163333,0.947,0.945
1995-08-24,,0.163333,0.947,0.945
1995-08-25,,0.163333,0.948,0.946
1995-08-28,,0.163333,0.949,0.947
1995-08-29,,0.163333,0.951,0.949
1995-08-30,,0.163333,0.951,0.949
1995-08-31,,0.163333,0.951,0.949
1995-09-01,,0.167,0.951,0.949
1995-09-04,,0.163667,0.949,0.947
1995-09-05,,0.163667,0.949,0.947
1995-09-06,,0.163667,0.949,0.947
1995-09-08,,0.163667,0.951,0.949
1995-09-11,,0.163667,0.952,0.95
1995-09-12,,0.163667,0.952,0.95
1995-09-13,,0.163667,0.953,0.951
1995-09-14,,0.163,0.953,0.951
1995-09-15,,0.163667,0.953,0.951
1995-09-18,,0.163667,0.953,0.951
1995-09-19,,0.163667,0.953,0.951
1995-09-20,,0.163667,0.954,0.952
1995-09-21,,0.163667,0.954,0.952
1995-09-22,,0.163667,0.954,0.952
1995-09-25,,0.163667,0.954,0.952
1995-09-26,,0.163667,0.955,0.953
1995-09-27,,0.163667,0.956,0.954
1995-09-28,,0.162667,0.956,0.954
1995-09-29,,0.162,0.954,0.952
1995-10-02,,0.145333,0.9555,0.9545
1995-10-03,,0.147,0.9585,0.9575
1995-10-04,,0.146333,0.9585,0.9575
1995-10-05,,0.145333,0.9585,0.9575
1995-10-06,,0.143667,0.959,0.958
1995-10-09,,0.143667,0.9585,0.9575
1995-10-10,,0.143667,0.9585,0.9575
1995-10-11,,0.144,0.9585,0.9575
1995-10-13,,0.143667,0.9585,0.9575
1995-10-16,,0.148667,0.9585,0.9575
1995-10-17,,0.146,0.9585,0.9575
1995-10-18,,0.146333,0.959,0.958
1995-10-19,,0.146667,0.9593,0.9583
1995-10-20,,0.147,0.9613,0.9603
1995-10-23,,0.147,0.9615,0.9605
1995-10-24,,0.144,0.9617,0.9607
1995-10-25,,0.145333,0.9617,0.9607
1995-10-26,,0.145,0.962,0.961
1995-10-27,,0.143333,0.9622,0.9612
1995-10-30,,0.143333,0.9617,0.9607
1995-10-31,,0.142,0.9619,0.9609
1995-11-01,,0.141,0.963,0.962
1995-11-03,,0.139333,0.9627,0.9617
1995-11-06,,0.141,0.9623,0.9613
1995-11-07,,0.141667,0.9618,0.9608
1995-11-08,,0.144,0.9618,0.9608
1995-11-09,,0.144,0.9617,0.9607
1995-11-10,,0.144,0.9617,0.9607
1995-11-13,,0.145333,0.962,0.961
1995-11-14,,0.145,0.9628,0.9618
1995-11-16,,0.145667,0.9628,0.9618
1995-11-17,,0.145333,0.9624,0.9614
1995-11-20,,0.145333,0.9626,0.9616
1995-11-21,,0.140333,0.9639,0.9629
1995-11-22,,0.139667,0.9648,0.9638
1995-11-23,,0.139333,0.9647,0.9637
1995-11-24,,0.139,0.9655,0.9645
1995-11-27,,0.139333,0.9649,0.9639
1995-11-28,,0.139667,0.9648,0.9638
1995-11-29,,0.139,0.9647,0.9637
1995-11-30,,0.139,0.9666,0.9656
1995-12-01,,0.133667,0.9666,0.9656
1995-12-04,,0.135333,0.9666,0.9656
1995-12-05,,0.134333,0.9667,0.9657
1995-12-06,,0.134333,0.9667,0.9657
1995-12-07,,0.135,0.9666,0.9656
1995-12-08,,0.134,0.9667,0.9657
1995-12-11,,0.138667,0.9667,0.9657
1995-12-12,,0.135667,0.9668,0.9658
1995-12-13,,0.136,0.9671,0.9661
1995-12-14,,0.139333,0.9673,0.9663
1995-12-15,,0.140667,0.9677,0.9667
1995-12-18,,0.140667,0.9681,0.9671
1995-12-19,,0.140333,0.9676,0.9666
1995-12-20,,0.140333,0.9687,0.9677
1995-12-21,,0.14,0.9694,0.9684
1995-12-22,,0.139667,0.9702,0.9692
1995-12-26,,0.138333,0.9702,0.9692
1995-12-27,,0.136333,0.9709,0.9699
1995-12-28,,0.134333,0.9726,0.9716
1995-12-29,,0.134333,0.9725,0.9715
1996-01-02,,0.12,0.9726,0.9716
1996-01-03,,0.119667,0.9727,0.9717
1996-01-04,,0.114667,0.9728,0.9718
1996-01-05,,0.113667,0.9727,0.9717
1996-01-08,,0.113667,0.9726,0.9716
1996-01-09,,0.113667,0.9726,0.9716
1996-01-10,,0.113667,0.9726,0.9716
1996-01-11,,0.114,0.973,0.972
1996-01-12,,0.114,0.9734,0.9724
1996-01-15,,0.113667,0.9727,0.9717
1996-01-16,,0.114,0.9726,0.9716
1996-01-17,,0.114667,0.9727,0.9717
1996-01-18,,0.113667,0.9729,0.9719
1996-01-19,,0.118333,0.9732,0.9722
1996-01-22,,0.118333,0.9746,0.9736
1996-01-23,,0.118,0.9766,0.9756
1996-01-24,,0.118333,0.9769,0.9759
1996-01-25,,0.116667,0.9768,0.9758
1996-01-26,,0.115,0.9784,0.9774
1996-01-29,,0.114667,0.9788,0.9778
1996-01-30,,0.117,0.9787,0.9777
1996-01-31,,0.116,0.9786,0.9776
1996-02-01,,0.122333,0.9786,0.9776
1996-02-02,,0.121667,0.9786,0.9776
1996-02-05,,0.120667,0.9787,0.9777
1996-02-06,,0.121667,0.9786,0.9776
1996-02-07,,0.120667,0.9788,0.9778
1996-02-08,,0.120667,0.9787,0.9777
1996-02-09,,0.120333,0.9788,0.9778
1996-02-12,,0.122,0.9787,0.9777
1996-02-13,,0.121333,0.9806,0.9796
1996-02-14,,0.124,0.9813,0.9803
1996-02-15,,0.125667,0.9834,0.9824
1996-02-16,,0.125667,0.9832,0.9822
1996-02-21,,0.126333,0.9823,0.9813
1996-02-22,,0.126333,0.9824,0.9814
1996-02-23,,0.126333,0.9822,0.9812
1996-02-26,,0.122667,0.9836,0.9826
1996-02-27,,0.120333,0.984,0.983
1996-02-28,,0.119667,0.9838,0.9828
1996-02-29,,0.117333,0.9842,0.9832
1996-03-01,,0.107667,0.984,0.9832
1996-03-04,,0.109,0.9837,0.9829
1996-03-05,,0.104,0.9837,0.9829
1996-03-06,,0.104667,0.9837,0.9829
1996-03-07,,0.104667,0.9845,0.9837
1996-03-08,,0.104,0.9843,0.9835
1996-03-11,,0.105667,0.9843,0.9835
1996-03-12,,0.105667,0.9842,0.9834
1996-03-13,,0.104,0.9854,0.9846
1996-03-14,,0.104,0.9869,0.9861
1996-03-15,,0.104,0.9868,0.986
1996-03-18,,0.105,0.9866,0.9858
1996-03-19,,0.104667,0.9868,0.986
1996-03-20,,0.104,0.9883,0.9875
1996-03-21,,0.104,0.9874,0.9866
1996-03-22,,0.103667,0.9875,0.9867
1996-03-25,,0.103667,0.9879,0.9871
1996-03-26,,0.104,0.9881,0.9873
1996-03-27,,0.104,0.9883,0.9875
1996-03-28,,0.103667,0.9881,0.9873
1996-03-29,,0.103667,0.988,0.9872
1996-04-01,,0.101667,0.9881,0.9873
1996-04-02,,0.100667,0.9875,0.9867
1996-04-03,,0.101667,0.9874,0.9866
1996-04-08,,0.101333,0.9875,0.9867
1996-04-09,,0.101,0.9886,0.9878
1996-04-10,,0.104667,0.9896,0.9888
1996-04-11,,0.105,0.9908,0.99
1996-04-12,,0.105,0.9905,0.9897
1996-04-15,,0.106667,0.9899,0.9891
1996-04-16,,0.107,0.9903,0.9895
1996-04-17,,0.107,0.99,0.9892
1996-04-18,,0.106667,0.9896,0.9888
1996-04-19,,0.106,0.9915,0.9907
1996-04-22,,0.105333,0.9916,0.9908
1996-04-23,,0.102,0.9915,0.9907
1996-04-24,,0.101,0.9916,0.9908
1996-04-25,,0.100667,0.9917,0.9909
1996-04-26,,0.098333,0.9922,0.9914
1996-04-29,,0.094667,0.9926,0.9918
1996-04-30,,0.091667,0.9925,0.9917
1996-05-02,,0.089667,0.9925,0.9917
1996-05-03,,0.089,0.9926,0.9918
1996-05-06,,0.088667,0.9926,0.9918
1996-05-07,,0.088667,0.9927,0.9919
1996-05-08,,0.088667,0.9928,0.992
1996-05-09,,0.088667,0.9939,0.9931
1996-05-10,,0.088667,0.9946,0.9938
1996-05-13,,0.088667,0.9951,0.9943
1996-05-14,,0.089,0.996,0.9952
1996-05-15,,0.089667,0.9958,0.995
1996-05-16,,0.089,0.9965,0.9957
1996-05-17,,0.089333,0.9958,0.995
1996-05-20,,0.089,0.9956,0.9948
1996-05-21,,0.089,0.9956,0.9948
1996-05-22,,0.089,0.9958,0.995
1996-05-23,,0.088667,0.9962,0.9954
1996-05-24,,0.089667,0.9968,0.996
1996-05-27,,0.092,0.9966,0.9958
1996-05-28,,0.094333,0.9965,0.9957
1996-05-29,,0.096,0.9967,0.9959
1996-05-30,,0.098,0.9971,0.9963
1996-05-31,,0.100333,0.9984,0.9976
1996-06-03,,0.101667,0.9986,0.9978
1996-06-04,,0.103333,0.9985,0.9977
1996-06-05,,0.103333,0.9987,0.9979
1996-06-07,,0.105,0.9989,0.9981
1996-06-10,,0.107,0.9998,0.999
1996-06-11,,0.108,0.9996,0.9988
1996-06-12,,0.108333,1.0007,0.9999
1996-06-13,,0.108333,1.0005,0.9997
1996-06-14,,0.108333,1.0015,1.0007
1996-06-17,,0.108333,1.0016,1.0008
1996-06-18,,0.108,1.0016,1.0008
1996-06-19,,0.107333,1.002,1.0012
1996-06-20,,0.108,1.0025,1.0017
1996-06-21,,0.104,1.003,1.0022
1996-06-24,,0.103667,1.003,1.0022
1996-06-25,,0.096333,1.0029,1.0021
1996-06-26,,0.092333,1.0039,1.0031
1996-06-27,,0.091,1.0036,1.0028
1996-06-28,,0.086667,1.0044,1.0036
1996-07-01,,0.085667,1.0045,1.0037
1996-07-02,,0.083667,1.0052,1.0044
1996-07-03,,0.084333,1.0051,1.0043
1996-07-04,,0.083,1.0049,1.0041
1996-07-05,,0.083,1.0048,1.004
1996-07-08,,0.083,1.0049,1.0041
1996-07-09,,0.082667,1.0055,1.0047
1996-07-10,,0.082333,1.0057,1.0049
1996-07-11,,0.083,1.0056,1.0048
1996-07-12,,0.084,1.0056,1.0048
1996-07-15,,0.083667,1.0062,1.0054
1996-07-16,,0.082667,1.0065,1.0057
1996-07-17,,0.082667,1.0066,1.0058
1996-07-18,,0.082667,1.0071,1.0063
1996-07-19,,0.083,1.0075,1.0067
1996-07-22,,0.082667,1.0077,1.0069
1996-07-23,,0.082667,1.0078,1.007
1996-07-24,,0.083,1.0086,1.0078
1996-07-25,,0.082667,1.0087,1.0079
1996-07-26,,0.082333,1.0092,1.0084
1996-07-29,,0.082333,1.0099,1.0091
1996-07-30,,0.082667,1.0107,1.0099
1996-07-31,,0.083333,1.0112,1.0104
1996-08-01,,0.087,1.0108,1.01
1996-08-02,,0.087667,1.0104,1.0096
1996-08-05,,0.089333,1.0101,1.0093
1996-08-06,,0.090333,1.0107,1.0099
1996-08-07,,0.090333,1.0116,1.0108
1996-08-08,,0.090333,1.0115,1.0107
1996-08-09,,0.09,1.0119,1.0111
1996-08-12,,0.090333,1.0122,1.0114
1996-08-13,,0.090333,1.0126,1.0118
1996-08-14,,0.09,1.0129,1.0121
1996-08-15,,0.090333,1.013,1.0122
1996-08-16,,0.090333,1.0135,1.0127
1996-08-19,,0.090333,1.0136,1.0128
1996-08-20,,0.089667,1.0144,1.0136
1996-08-21,,0.088333,1.0147,1.0139
1996-08-22,,0.087333,1.0148,1.014
1996-08-23,,0.086667,1.0153,1.0145
1996-08-26,,0.086333,1.0155,1.0147
1996-08-27,,0.086667,1.0159,1.0151
1996-08-28,,0.086667,1.0161,1.0153
1996-08-29,,0.085667,1.0167,1.0159
1996-08-30,,0.085667,1.0169,1.0161
1996-09-02,,0.087667,1.0165,1.0157
1996-09-03,,0.088333,1.0167,1.0159
1996-09-04,,0.089,1.0172,1.0164
1996-09-05,,0.088667,1.0174,1.0166
1996-09-06,,0.089333,1.0179,1.0171
1996-09-09,,0.089,1.019,1.0182
1996-09-10,,0.089333,1.0202,1.0194
1996-09-11,,0.09,1.0188,1.018
1996-09-12,,0.093,1.0197,1.0189
1996-09-13,,0.093,1.02,1.0192
1996-09-16,,0.092667,1.0192,1.0184
1996-09-17,,0.091667,1.0195,1.0187
1996-09-18,,0.091667,1.0196,1.0188
1996-09-19,,0.092333,1.0196,1.0188
1996-09-20,,0.091333,1.0199,1.0191
1996-09-23,,0.089667,1.0202,1.0194
1996-09-24,,0.088333,1.0202,1.0194
1996-09-25,,0.088,1.0205,1.0197
1996-09-26,,0.087667,1.0205,1.0197
1996-09-27,,0.087333,1.021,1.0202
1996-09-30,,0.089,1.0215,1.0207
1996-10-01,,0.082667,1.0215,1.0207
1996-10-02,,0.083333,1.0215,1.0207
1996-10-04,,0.083,1.022,1.0212
1996-10-07,,0.082333,1.0225,1.0217
1996-10-08,,0.082667,1.0225,1.0217
1996-10-09,,0.082,1.0233,1.0225
1996-10-10,,0.082333,1.0247,1.0239
1996-10-11,,0.083667,1.0254,1.0246
1996-10-14,,0.084333,1.0247,1.0239
1996-10-15,,0.085667,1.0251,1.0243
1996-10-16,,0.085333,1.0253,1.0245
1996-10-17,,0.084667,1.025,1.0242
1996-10-18,,0.085333,1.0252,1.0244
1996-10-21,,0.083,1.0254,1.0246
1996-10-22,,0.084333,1.0263,1.0255
1996-10-23,,0.083,1.027,1.0262
1996-10-24,,0.083667,1.0264,1.0256
1996-10-25,,0.084333,1.0272,1.0264
1996-10-28,,0.083333,1.0279,1.0271
1996-10-29,,0.084333,1.0285,1.0277
1996-10-30,,0.084333,1.0275,1.0267
1996-10-31,,0.084667,1.0276,1.0268
1996-11-01,,0.089333,1.028,1.0272
1996-11-04,,0.089333,1.028,1.0272
1996-11-05,,0.090333,1.028,1.0272
1996-11-06,,0.09,1.028,1.0272
1996-11-07,,0.09,1.0288,1.028
1996-11-08,,0.090667,1.0295,1.0287
1996-11-11,,0.091,1.0297,1.0289
1996-11-12,,0.090667,1.0311,1.0303
1996-11-13,,0.089,1.0309,1.0301
1996-11-14,,0.089333,1.0305,1.0297
1996-11-18,,0.089667,1.0304,1.0296
1996-11-19,,0.089,1.0303,1.0295
1996-11-20,,0.089333,1.0308,1.03
1996-11-21,,0.088667,1.0311,1.0303
1996-11-22,,0.089333,1.0311,1.0303
1996-11-25,,0.089,1.0311,1.0303
1996-11-26,,0.088667,1.032,1.0312
1996-11-27,,0.088,1.0324,1.0316
1996-11-28,,0.088667,1.0328,1.032
1996-11-29,,0.089,1.0332,1.0324
1996-12-02,,0.084,1.0331,1.0323
1996-12-03,,0.082667,1.0331,1.0323
1996-12-04,,0.083,1.0338,1.033
1996-12-05,,0.083667,1.0346,1.0338
1996-12-06,,0.084,1.0351,1.0343
1996-12-09,,0.083667,1.035,1.0342
1996-12-10,,0.084333,1.0359,1.0351
1996-12-11,,0.084333,1.0369,1.0361
1996-12-12,,0.084667,1.0376,1.0368
1996-12-13,,0.084667,1.0381,1.0373
1996-12-16,,0.085,1.0389,1.0381
1996-12-17,,0.085667,1.0407,1.0399
1996-12-18,,0.086667,1.0383,1.0375
1996-12-19,,0.086,1.0384,1.0376
1996-12-20,,0.086,1.0387,1.0379
1996-12-23,,0.086333,1.0388,1.038
1996-12-24,,0.086333,1.039,1.0382
1996-12-26,,0.086,1.0389,1.0381
1996-12-27,,0.085333,1.04,1.0392
1996-12-30,,0.088333,1.0394,1.0386
1996-12-31,,0.088333,1.0394,1.0386
1997-01-02,,0.078,1.0395,1.0387
1997-01-03,,0.077,1.0398,1.039
1997-01-06,,0.077,1.0405,1.0397
1997-01-07,,0.077333,1.0405,1.0397
1997-01-08,,0.077333,1.041,1.0402
1997-01-09,,0.077333,1.0415,1.0407
1997-01-10,,0.078,1.0414,1.0406
1997-01-13,,0.078,1.042,1.0412
1997-01-14,,0.078,1.0422,1.0414
1997-01-15,,0.078,1.0426,1.0418
1997-01-16,,0.078333,1.0436,1.0428
1997-01-17,,0.078333,1.0439,1.0431
1997-01-20,,0.078,1.0432,1.0424
1997-01-21,,0.077667,1.0435,1.0427
1997-01-22,,0.077667,1.0436,1.0428
1997-01-23,,0.078,1.0438,1.043
1997-01-24,,0.078667,1.0441,1.0433
1997-01-27,,0.078333,1.0441,1.0433
1997-01-28,,0.079,1.0449,1.0441
1997-01-29,,0.078667,1.0456,1.0448
1997-01-30,,0.078,1.0457,1.0449
1997-01-31,,0.081,1.0461,1.0453
1997-02-03,,0.091667,1.0457,1.0449
1997-02-04,,0.093333,1.0463,1.0455
1997-02-05,,0.091667,1.047,1.0462
1997-02-06,,0.092,1.0472,1.0464
1997-02-07,,0.093,1.048,1.0472
1997-02-12,,0.093,1.0476,1.0468
1997-02-13,,0.093667,1.0487,1.0479
1997-02-14,,0.093333,1.0495,1.0487
1997-02-17,,0.093,1.0491,1.0483
1997-02-18,,0.093333,1.0495,1.0487
1997-02-19,,0.092333,1.0504,1.0496
1997-02-20,,0.092,1.0505,1.0497
1997-02-21,,0.092,1.0508,1.05
1997-02-24,,0.091667,1.0507,1.0499
1997-02-25,,0.091333,1.0511,1.0503
1997-02-26,,0.091333,1.0517,1.0509
1997-02-27,,0.091,1.0515,1.0507
1997-02-28,,0.089667,1.0515,1.0507
1997-03-03,,0.086667,1.0515,1.0507
1997-03-04,,0.085667,1.0517,1.0509
1997-03-05,,0.085333,1.0526,1.0518
1997-03-06,,0.085667,1.053,1.0522
1997-03-07,,0.086,1.0532,1.0524
1997-03-10,,0.085667,1.0532,1.0524
1997-03-11,,0.086,1.0539,1.0531
1997-03-12,,0.086,1.0544,1.0536
1997-03-13,,0.085667,1.0557,1.0549
1997-03-14,,0.086,1.0554,1.0546
1997-03-17,,0.086,1.0582,1.0574
1997-03-18,,0.085667,1.0589,1.0581
1997-03-19,,0.085667,1.0605,1.0597
1997-03-20,,0.085667,1.0602,1.0594
1997-03-21,,0.085333,1.0611,1.0603
1997-03-24,,0.085333,1.0615,1.0607
1997-03-25,,0.085667,1.0612,1.0604
1997-03-26,,0.086,1.0609,1.0601
1997-03-31,,0.085,1.0593,1.0585
1997-04-01,,0.075667,1.0594,1.0586
1997-04-02,,0.076,1.0598,1.059
1997-04-03,,0.076,1.0584,1.0576
1997-04-04,,0.076333,1.0585,1.0577
1997-04-07,,0.077,1.059,1.0582
1997-04-08,,0.080333,1.0588,1.058
1997-04-09,,0.078333,1.059,1.0582
1997-04-10,,0.081333,1.0589,1.0581
1997-04-11,,0.082667,1.0595,1.0587
1997-04-14,,0.082667,1.06,1.0592
1997-04-15,,0.081333,1.0606,1.0598
1997-04-16,,0.08,1.0611,1.0603
1997-04-17,,0.083,1.0613,1.0605
1997-04-18,,0.080333,1.0618,1.061
1997-04-22,,0.078667,1.0629,1.0621
1997-04-23,,0.076,1.0633,1.0625
1997-04-24,,0.075667,1.0631,1.0623
1997-04-25,,0.076,1.0632,1.0624
1997-04-28,,0.076333,1.0632,1.0624
1997-04-29,,0.077,1.0633,1.0625
1997-04-30,,0.076,1.0638,1.063
1997-05-02,,0.078333,1.0643,1.0635
1997-05-05,,0.078,1.0647,1.0639
1997-05-06,,0.078333,1.065,1.0642
1997-05-07,,0.078333,1.0653,1.0645
1997-05-08,,0.078667,1.0651,1.0643
1997-05-09,,0.079333,1.066,1.0652
1997-05-12,,0.079,1.0673,1.0665
1997-05-13,,0.079,1.068,1.0672
1997-05-14,,0.079333,1.0683,1.0675
1997-05-15,,0.079,1.0678,1.067
1997-05-16,,0.079333,1.0677,1.0669
1997-05-19,,0.079667,1.068,1.0672
1997-05-20,,0.079667,1.0685,1.0677
1997-05-21,,0.079333,1.0689,1.0681
1997-05-22,,0.079333,1.0698,1.069
1997-05-23,,0.079333,1.0709,1.0701
1997-05-26,,0.079,1.0721,1.0713
1997-05-27,,0.078333,1.0728,1.072
1997-05-28,,0.075667,1.0732,1.0724
1997-05-30,,0.075667,1.0717,1.0709
1997-06-02,,0.075333,1.0709,1.0701
1997-06-03,,0.075333,1.0715,1.0707
1997-06-04,,0.075667,1.0726,1.0718
1997-06-05,,0.076,1.0728,1.072
1997-06-06,,0.076667,1.0728,1.072
1997-06-09,,0.077333,1.073,1.0722
1997-06-10,,0.076333,1.0729,1.0721
1997-06-11,,0.076333,1.0734,1.0726
1997-06-12,,0.076,1.0738,1.073
1997-06-13,,0.076667,1.0745,1.0737
1997-06-16,,0.076333,1.0741,1.0733
1997-06-17,,0.076667,1.0741,1.0733
1997-06-18,,0.076333,1.075,1.0742
1997-06-19,,0.076333,1.0757,1.0749
1997-06-20,,0.076,1.0777,1.0769
1997-06-23,,0.076,1.0769,1.0761
1997-06-24,,0.076,1.077,1.0762
1997-06-25,,0.075,1.0769,1.0761
1997-06-26,,0.075,1.0768,1.076
1997-06-27,,0.074,1.0772,1.0764
1997-06-30,,0.075333,1.0769,1.0761
1997-07-01,,0.069667,1.0771,1.0763
1997-07-02,,0.068667,1.0773,1.0765
1997-07-03,,0.069,1.0778,1.077
1997-07-04,,0.069,1.0779,1.0771
1997-07-07,,0.069667,1.0781,1.0773
1997-07-08,,0.069667,1.079,1.0782
1997-07-09,,0.069333,1.0796,1.0788
1997-07-10,,0.069667,1.0797,1.0789
1997-07-11,,0.07,1.0803,1.0795
1997-07-14,,0.07,1.0806,1.0798
1997-07-15,,0.070333,1.0808,1.08
1997-07-16,,0.069667,1.0811,1.0803
1997-07-17,,0.069333,1.0812,1.0804
1997-07-18,,0.069333,1.0816,1.0808
1997-07-21,,0.069,1.0815,1.0807
1997-07-22,,0.068667,1.0817,1.0809
1997-07-23,,0.068667,1.0823,1.0815
1997-07-24,,0.068667,1.0822,1.0814
1997-07-25,,0.069,1.0824,1.0816
1997-07-28,,0.068667,1.0827,1.0819
1997-07-29,,0.068667,1.0833,1.0825
1997-07-30,,0.068667,1.0834,1.0826
1997-07-31,,0.068333,1.0834,1.0826
1997-08-01,,0.074667,1.0835,1.0827
1997-08-04,,0.074333,1.0835,1.0827
1997-08-05,,0.074333,1.0843,1.0835
1997-08-06,,0.074,1.0845,1.0837
1997-08-07,,0.074667,1.0851,1.0843
1997-08-08,,0.074667,1.0858,1.085
1997-08-11,,0.075333,1.0858,1.085
1997-08-12,,0.075667,1.0859,1.0851
1997-08-13,,0.075667,1.0863,1.0855
1997-08-14,,0.075667,1.0864,1.0856
1997-08-15,,0.075333,1.0873,1.0865
1997-08-18,,0.075,1.0885,1.0877
1997-08-19,,0.075,1.0894,1.0886
1997-08-20,,0.075,1.089,1.0882
1997-08-21,,0.075,1.0888,1.088
1997-08-22,,0.075,1.0912,1.0904
1997-08-25,,0.075,1.092,1.0912
1997-08-26,,0.075,1.0925,1.0917
1997-08-27,,0.075,1.0922,1.0914
1997-08-28,,0.075,1.0916,1.0908
1997-08-29,,0.074667,1.0916,1.0908
1997-09-01,,0.072667,1.0914,1.0906
1997-09-02,,0.072333,1.0922,1.0914
1997-09-03,,0.072,1.0925,1.0917
1997-09-04,,0.072,1.0925,1.0917
1997-09-05,,0.072,1.0929,1.0921
1997-09-08,,0.072,1.0916,1.0908
1997-09-09,,0.072,1.0915,1.0907
1997-09-10,,0.072,1.0918,1.091
1997-09-11,,0.072,1.0922,1.0914
1997-09-12,,0.072333,1.0925,1.0917
1997-09-15,,0.072333,1.0927,1.0919
1997-09-16,,0.072,1.0932,1.0924
1997-09-17,,0.072,1.0938,1.093
1997-09-18,,0.072,1.0942,1.0934
1997-09-19,,0.072,1.0943,1.0935
1997-09-22,,0.071667,1.0949,1.0941
1997-09-23,,0.072,1.0952,1.0944
1997-09-24,,0.071667,1.0954,1.0946
1997-09-25,,0.071333,1.0955,1.0947
1997-09-26,,0.070667,1.0961,1.0953
1997-09-29,,0.069667,1.0962,1.0954
1997-09-30,,0.069667,1.0964,1.0956
1997-10-01,,0.069,1.0967,1.0959
1997-10-02,,0.068667,1.097,1.0962
1997-10-03,,0.068667,1.0971,1.0963
1997-10-06,,0.068667,1.0974,1.0966
1997-10-07,,0.069,1.0977,1.0969
1997-10-08,,0.068667,1.0979,1.0971
1997-10-09,,0.068667,1.0982,1.0974
1997-10-10,,0.068667,1.0985,1.0977
1997-10-13,,0.068667,1.0985,1.0977
1997-10-14,,0.069333,1.0988,1.098
1997-10-15,,0.069333,1.0994,1.0986
1997-10-16,,0.069333,1.0996,1.0988
1997-10-17,,0.069,1.1,1.0992
1997-10-20,,0.069,1.1003,1.0995
1997-10-21,,0.069,1.1004,1.0996
1997-10-22,,0.069,1.1008,1.1
1997-10-23,,0.068667,1.1009,1.1001
1997-10-24,,0.068667,1.1012,1.1004
1997-10-27,,0.068667,1.1027,1.1019
1997-10-28,,0.069667,1.1064,1.1056
1997-10-29,,0.069667,1.1024,1.1016
1997-10-30,,0.074667,1.1063,1.1055
1997-10-31,,0.137,1.1031,1.1023
1997-11-03,,0.147333,1.103,1.1022
1997-11-04,,0.147333,1.1041,1.1033
1997-11-05,,0.147667,1.1041,1.1033
1997-11-06,,0.149333,1.1069,1.1061
1997-11-07,,0.150333,1.1082,1.1074
1997-11-10,,0.150667,1.1053,1.1045
1997-11-11,,0.151,1.105,1.1042
1997-11-12,,0.151,1.1064,1.1056
1997-11-13,,0.151,1.107,1.1062
1997-11-14,,0.151333,1.1082,1.1074
1997-11-17,,0.151,1.1067,1.1059
1997-11-18,,0.151,1.1066,1.1058
1997-11-19,,0.150667,1.1081,1.1073
1997-11-20,,0.150333,1.1081,1.1073
1997-11-21,,0.150667,1.1094,1.1086
1997-11-24,,0.150667,1.1097,1.1089
1997-11-25,,0.150667,1.1104,1.1096
1997-11-26,,0.150667,1.1104,1.1096
1997-11-27,,0.150333,1.1089,1.1081
1997-11-28,,0.147333,1.1098,1.109
1997-12-01,,0.13,1.1096,1.1088
1997-12-02,,0.129667,1.1096,1.1088
1997-12-03,,0.130667,1.1104,1.1096
1997-12-04,,0.131333,1.1106,1.1098
1997-12-05,,0.131667,1.1105,1.1097
1997-12-08,,0.130333,1.1119,1.1111
1997-12-09,,0.129667,1.1122,1.1114
1997-12-10,,0.130333,1.1129,1.1121
1997-12-11,,0.130333,1.1151,1.1143
1997-12-12,,0.13,1.1162,1.1154
1997-12-15,,0.13,1.1143,1.1135
1997-12-16,,0.131,1.1134,1.1126
1997-12-17,,0.131667,1.1141,1.1133
1997-12-18,,0.136667,1.1144,1.1136
1997-12-19,,0.137333,1.1148,1.114
1997-12-22,,0.138,1.1151,1.1143
1997-12-23,,0.139,1.115,1.1142
1997-12-24,,0.139,1.115,1.1142
1997-12-26,,0.136333,1.1151,1.1143
1997-12-29,,0.136,1.1157,1.1149
1997-12-30,,0.136,1.1164,1.1156
1997-12-31,,0.136,1.1164,1.1156
1998-01-02,,0.12139,1.1165,1.1157
1998-01-05,,0.126422,1.1165,1.1157
1998-01-06,,0.12772,1.1169,1.1161
1998-01-07,,0.128094,1.1175,1.1167
1998-01-08,,0.128008,1.118,1.1172
1998-01-09,,0.12795,1.1184,1.1176
1998-01-12,,0.127835,1.1192,1.1184
1998-01-13,,0.127921,1.1187,1.1179
1998-01-14,,0.127432,1.119,1.1182
1998-01-15,,0.127461,1.1206,1.1198
1998-01-16,,0.127403,1.1205,1.1197
1998-01-19,,0.127086,1.1201,1.1193
1998-01-20,,0.126653,1.1205,1.1197
1998-01-21,,0.126277,1.1207,1.1199
1998-01-22,,0.12619,1.1206,1.1198
1998-01-23,,0.12619,1.1215,1.1207
1998-01-26,,0.124481,1.1216,1.1208
1998-01-27,,0.123608,1.1224,1.1216
1998-01-28,,0.123026,1.1227,1.1219
1998-01-29,,0.116917,1.123,1.1222
1998-01-30,,0.118542,1.1237,1.1229
1998-02-02,,0.117538,1.1236,1.1228
1998-02-03,,0.117568,1.1244,1.1236
1998-02-04,,0.118217,1.1245,1.1237
1998-02-05,,0.117568,1.1245,1.1237
1998-02-06,,0.118129,1.1254,1.1246
1998-02-09,,0.117627,1.1255,1.1247
1998-02-10,,0.117627,1.1264,1.1256
1998-02-11,,0.117538,1.1265,1.1257
1998-02-12,,0.11742,1.1268,1.126
1998-02-13,,0.118188,1.1276,1.1268
1998-02-16,,0.11742,1.1274,1.1266
1998-02-17,,0.117361,1.1284,1.1276
1998-02-18,,0.117302,1.1286,1.1278
1998-02-19,,0.116414,1.1292,1.1284
1998-02-20,,0.116117,1.1295,1.1287
1998-02-25,,0.116117,1.1297,1.1289
1998-02-26,,0.115227,1.1298,1.129
1998-02-27,,0.115286,1.1304,1.1296
1998-03-02,,0.115256,1.1305,1.1297
1998-03-03,,0.114959,1.1306,1.1298
1998-03-04,,0.111884,1.1314,1.1306
1998-03-05,,0.097698,1.1314,1.1306
1998-03-06,,0.098132,1.1315,1.1307
1998-03-09,,0.097884,1.1323,1.1315
1998-03-10,,0.097698,1.1324,1.1316
1998-03-11,,0.097232,1.1325,1.1317
1998-03-12,,0.096204,1.1328,1.132
1998-03-13,,0.097667,1.1334,1.1326
1998-03-16,,0.096858,1.1335,1.1327
1998-03-17,,0.096454,1.1335,1.1327
1998-03-18,,0.096485,1.1344,1.1336
1998-03-19,,0.095893,1.1344,1.1336
1998-03-20,,0.096298,1.1346,1.1338
1998-03-23,,0.095986,1.1349,1.1341
1998-03-24,,0.095924,1.1352,1.1344
1998-03-25,,0.095955,1.1358,1.135
1998-03-26,,0.095955,1.136,1.1352
1998-03-27,,0.095924,1.1364,1.1356
1998-03-30,,0.095861,1.1365,1.1357
1998-03-31,,0.095737,1.1374,1.1366
1998-04-01,,0.095674,1.1375,1.1367
1998-04-02,,0.095643,1.1375,1.1367
1998-04-03,,0.095705,1.1384,1.1376
1998-04-06,,0.096765,1.1388,1.138
1998-04-07,,0.09776,1.1388,1.138
1998-04-08,,0.097884,1.1394,1.1386
1998-04-13,,0.09748,1.1397,1.1389
1998-04-14,,0.096983,1.1404,1.1396
1998-04-15,,0.091438,1.1407,1.1399
1998-04-16,,0.084018,1.1409,1.1401
1998-04-17,,0.083311,1.1414,1.1406
1998-04-20,,0.082827,1.1418,1.141
1998-04-22,,0.082699,1.1425,1.1417
1998-04-23,,0.082699,1.1428,1.142
1998-04-24,,0.082699,1.1435,1.1427
1998-04-27,,0.082602,1.1441,1.1433
1998-04-28,,0.082731,1.1449,1.1441
1998-04-29,,0.08244,1.1453,1.1445
1998-04-30,,0.081698,1.1443,1.1435
1998-05-04,,0.082247,1.1442,1.1434
1998-05-05,,0.083375,1.1449,1.1441
1998-05-06,,0.083246,1.1452,1.1444
1998-05-07,,0.082795,1.1451,1.1443
1998-05-08,,0.082795,1.1455,1.1447
1998-05-11,,0.082924,1.1459,1.1451
1998-05-12,,0.0836,1.1463,1.1455
1998-05-13,,0.082924,1.1474,1.1466
1998-05-14,,0.082924,1.1473,1.1465
1998-05-15,,0.082699,1.1472,1.1464
1998-05-18,,0.08257,1.1475,1.1467
1998-05-19,,0.082505,1.1488,1.148
1998-05-20,,0.079883,1.1489,1.1481
1998-05-21,,0.07793,1.1497,1.1489
1998-05-22,,0.077603,1.1515,1.1507
1998-05-25,,0.077571,1.1516,1.1508
1998-05-26,,0.077571,1.1531,1.1523
1998-05-27,,0.077538,1.152,1.1512
1998-05-28,,0.077538,1.15,1.1492
1998-05-29,,0.077309,1.1505,1.1497
1998-06-01,,0.076327,1.152,1.1512
1998-06-02,,0.075868,1.1517,1.1509
1998-06-03,,0.075868,1.1518,1.151
1998-06-04,,0.075901,1.1517,1.1509
1998-06-05,,0.075901,1.1524,1.1516
1998-06-08,,0.075934,1.1529,1.1521
1998-06-09,,0.075967,1.1536,1.1528
1998-06-10,,0.075967,1.1546,1.1538
1998-06-12,,0.075967,1.1553,1.1545
1998-06-15,,0.075967,1.1551,1.1543
1998-06-16,,0.075967,1.1549,1.1541
1998-06-17,,0.075967,1.1553,1.1545
1998-06-18,,0.076,1.1557,1.1549
1998-06-19,,0.075967,1.1562,1.1554
1998-06-22,,0.075967,1.1554,1.1546
1998-06-23,,0.075967,1.1555,1.1547
1998-06-24,,0.075836,1.1559,1.1551
1998-06-25,,0.074883,1.1561,1.1553
1998-06-26,,0.074883,1.1564,1.1556
1998-06-29,,0.074686,1.1566,1.1558
1998-06-30,,0.074521,1.1569,1.1561
1998-07-01,,0.074324,1.1572,1.1564
1998-07-02,,0.074192,1.1572,1.1564
1998-07-03,,0.074027,1.1575,1.1567
1998-07-06,,0.073895,1.1583,1.1575
1998-07-07,,0.073994,1.1589,1.1581
1998-07-08,,0.073994,1.1597,1.1589
1998-07-09,,0.073994,1.1612,1.1604
1998-07-10,,0.073994,1.1612,1.1604
1998-07-13,,0.073994,1.1619,1.1611
1998-07-14,,0.073994,1.1634,1.1626
1998-07-15,,0.073994,1.1615,1.1607
1998-07-16,,0.073994,1.1621,1.1613
1998-07-17,,0.073994,1.1617,1.1609
1998-07-20,,0.073994,1.1607,1.1599
1998-07-21,,0.073994,1.161,1.1602
1998-07-22,,0.073665,1.162,1.1612
1998-07-23,,0.073202,1.1647,1.1639
1998-07-24,,0.073004,1.1655,1.1647
1998-07-27,,0.072674,1.1661,1.1653
1998-07-28,,0.072343,1.1635,1.1627
1998-07-29,,0.07231,1.1632,1.1624
1998-07-30,,0.071282,1.1624,1.1616
1998-07-31,,0.07115,1.1634,1.1626
1998-08-03,,0.071017,1.1643,1.1635
1998-08-04,,0.070884,1.1659,1.1651
1998-08-05,,0.070685,1.1671,1.1663
1998-08-06,,0.070552,1.1681,1.1673
1998-08-07,,0.070352,1.1683,1.1675
1998-08-10,,0.070219,1.1692,1.1684
1998-08-11,,0.070019,1.1689,1.1681
1998-08-12,,0.069886,1.17,1.1692
1998-08-13,,0.069853,1.1716,1.1708
1998-08-14,,0.06972,1.1716,1.1708
1998-08-17,,0.069653,1.173,1.1722
1998-08-18,,0.06962,1.1739,1.1731
1998-08-19,,0.069553,1.1742,1.1734
1998-08-20,,0.06952,1.1738,1.173
1998-08-21,,0.069386,1.1753,1.1745
1998-08-24,,0.069353,1.175,1.1742
1998-08-25,,0.069286,1.1747,1.1739
1998-08-26,,0.06922,1.1728,1.172
1998-08-27,,0.06912,1.1753,1.1745
1998-08-28,,0.069086,1.1763,1.1755
1998-08-31,,0.069053,1.1769,1.1761
1998-09-01,,0.06932,1.1772,1.1764
1998-09-02,,0.06942,1.1774,1.1766
1998-09-03,,0.06952,1.178,1.1772
1998-09-04,,0.06972,1.1784,1.1776
1998-09-08,,0.10377,1.1769,1.1761
1998-09-09,,0.10432,1.1792,1.1784
1998-09-10,,0.103341,1.1794,1.1786
1998-09-11,,0.132985,1.1793,1.1785
1998-09-14,,0.132928,1.1803,1.1795
1998-09-15,,0.1329,1.1798,1.179
1998-09-16,,0.1329,1.1796,1.1788
1998-09-17,,0.1329,1.1801,1.1793
1998-09-18,,0.132843,1.1808,1.18
1998-09-21,,0.133013,1.1816,1.1808
1998-09-22,,0.133298,1.183,1.1822
1998-09-23,,0.133837,1.1838,1.183
1998-09-24,,0.133496,1.1835,1.1827
1998-09-25,,0.133979,1.1848,1.184
1998-09-28,,0.134347,1.1849,1.1841
1998-09-29,,0.134715,1.185,1.1842
1998-09-30,,0.135027,1.1856,1.1848
1998-10-01,,0.135309,1.1807,1.1799
1998-10-02,,0.135592,1.1837,1.1829
1998-10-05,,0.135874,1.186,1.1852
1998-10-06,,0.136156,1.1849,1.1841
1998-10-07,,0.13641,1.1831,1.1823
1998-10-08,,0.13672,1.1846,1.1838
1998-10-09,,0.136973,1.1867,1.1859
1998-10-13,,0.137283,1.1877,1.1869
1998-10-14,,0.137564,1.1888,1.188
1998-10-15,,0.137845,1.1886,1.1878
1998-10-16,,0.138097,1.1886,1.1878
1998-10-19,,0.138406,1.1899,1.1891
1998-10-20,,0.138686,1.1896,1.1888
1998-10-21,,0.138966,1.1899,1.1891
1998-10-22,,0.139246,1.1905,1.1897
1998-10-23,,0.139554,1.1911,1.1903
1998-10-26,,0.139806,1.1913,1.1905
1998-10-27,,0.140085,1.1922,1.1914
1998-10-28,,0.140336,1.1924,1.1916
1998-10-29,,0.140643,1.1922,1.1914
1998-10-30,,0.140922,1.1932,1.1924
1998-11-03,,0.141201,1.1929,1.1921
1998-11-04,,0.141312,1.1916,1.1908
1998-11-05,,0.141284,1.1905,1.1897
1998-11-06,,0.141256,1.1884,1.1876
1998-11-09,,0.141312,1.1899,1.1891
1998-11-10,,0.14134,1.1911,1.1903
1998-11-11,,0.141312,1.1908,1.19
1998-11-12,,0.132359,1.1913,1.1905
1998-11-13,,0.130733,1.1915,1.1907
1998-11-16,,0.12933,1.1909,1.1901
1998-11-17,,0.127893,1.1909,1.1901
1998-11-18,,0.12645,1.1913,1.1905
1998-11-19,,0.125003,1.1932,1.1924
1998-11-20,,0.123579,1.195,1.1942
1998-11-23,,0.122092,1.1974,1.1966
1998-11-24,,0.120629,1.1978,1.197
1998-11-25,,0.11916,1.1982,1.1974
1998-11-26,,0.118217,1.1992,1.1984
1998-11-27,,0.117952,1.2003,1.1995
1998-11-30,,0.11739,1.2012,1.2004
1998-12-01,,0.116799,1.2016,1.2008
1998-12-02,,0.116206,1.2013,1.2005
1998-12-03,,0.115613,1.2023,1.2015
1998-12-04,,0.115019,1.2026,1.2018
1998-12-07,,0.114423,1.2029,1.2021
1998-12-08,,0.113827,1.2035,1.2027
1998-12-09,,0.11323,1.2037,1.2029
1998-12-10,,0.113171,1.2034,1.2026
1998-12-11,,0.112124,1.204,1.2032
1998-12-14,,0.111434,1.2048,1.204
1998-12-15,,0.110864,1.2052,1.2044
1998-12-16,,0.110262,1.2053,1.2045
1998-12-17,,0.102237,1.2065,1.2057
1998-12-18,,0.102145,1.2068,1.206
1998-12-21,,0.101161,1.2069,1.2061
1998-12-22,,0.100976,1.2074,1.2066
1998-12-23,,0.100976,1.2078,1.207
1998-12-24,,0.100976,1.2079,1.2071
1998-12-28,,0.100607,1.2084,1.2076
1998-12-29,,0.100452,1.2084,1.2076
1998-12-30,,0.100976,1.2083,1.2075
1998-12-31,,0.100976,1.2087,1.2079
1999-01-04,,0.101223,1.2078,1.207
1999-01-05,,0.100884,1.2085,1.2077
1999-01-06,,0.100915,1.2096,1.2088
1999-01-07,,0.10113,1.2101,1.2093
1999-01-08,,0.1015,1.2104,1.2096
1999-01-11,,0.102145,1.2109,1.2101
1999-01-12,,0.102114,1.2114,1.2106
1999-01-13,,0.103586,1.3193,1.3185
1999-01-14,,0.103647,1.3194,1.3186
1999-01-15,,0.104442,1.4659,1.4651
1999-01-18,,0.103708,1.5384,1.5376
1999-01-19,,0.110322,1.558,1.5572
1999-01-20,,0.110743,1.5735,1.5727
1999-01-21,,0.1132,1.6602,1.6594
1999-01-22,,0.111674,1.7049,1.7041
1999-01-25,,0.111644,1.7606,1.7598
1999-01-26,,0.111674,1.877,1.8762
1999-01-27,,0.115791,1.8886,1.8878
1999-01-28,,0.12057,1.9206,1.9198
1999-01-29,,0.124829,1.9832,1.9824
1999-02-01,,0.130161,1.9638,1.963
1999-02-02,,0.130676,1.798,1.7972
1999-02-03,,0.130733,1.7709,1.7701
1999-02-04,,0.130733,1.814,1.8132
1999-02-05,,0.130733,1.8317,1.8309
1999-02-08,,0.130733,1.8609,1.8601
1999-02-09,,0.130733,1.9333,1.9325
1999-02-10,,0.130733,1.8953,1.8945
1999-02-11,,0.130733,1.8868,1.886
1999-02-12,,0.130762,1.8984,1.8976
1999-02-17,,0.130733,1.9179,1.9171
1999-02-18,,0.130733,1.9029,1.9021
1999-02-19,,0.130733,1.9208,1.92
1999-02-22,,0.130561,1.9356,1.9348
1999-02-23,,0.130704,2.0128,2.012
1999-02-24,,0.130762,2.0033,2.0025
1999-02-25,,0.130676,2.0351,2.0343
1999-02-26,,0.130762,2.0648,2.064
1999-03-01,,0.130704,2.0284,2.0276
1999-03-02,,0.130704,2.1308,2.13
1999-03-03,,0.130762,2.1647,2.1639
1999-03-04,,0.130676,2.1022,2.1014
1999-03-05,45.0,0.147335,1.9934,1.9926
1999-03-06,45.0,,,
1999-03-07,45.0,,,
1999-03-08,45.0,0.147472,1.9708,1.97
1999-03-09,45.0,0.147116,1.9056,1.9048
1999-03-10,45.0,0.147308,1.8631,1.8623
1999-03-11,45.0,0.147472,1.8784,1.8776
1999-03-12,45.0,0.147445,1.9051,1.9043
1999-03-13,45.0,,,
1999-03-14,45.0,,,
1999-03-15,45.0,0.147445,1.8825,1.8817
1999-03-16,45.0,0.147445,1.8521,1.8513
1999-03-17,45.0,0.147445,1.8777,1.8769
1999-03-18,45.0,0.147445,1.8596,1.8588
1999-03-19,45.0,0.147527,1.8507,1.8499
1999-03-20,45.0,,,
1999-03-21,45.0,,,
1999-03-22,45.0,0.1475,1.8615,1.8607
1999-03-23,45.0,0.147418,1.8516,1.8508
1999-03-24,45.0,0.14739,1.8428,1.842
1999-03-25,42.0,0.139134,1.81,1.8092
1999-03-26,42.0,0.139302,1.775,1.7742
1999-03-27,42.0,,,
1999-03-28,42.0,,,
1999-03-29,42.0,0.139218,1.7655,1.7647
1999-03-30,42.0,0.139162,1.7334,1.7326
1999-03-31,42.0,0.13905,1.722,1.7212
1999-04-01,42.0,,,
1999-04-02,42.0,,,
1999-04-03,42.0,,,
1999-04-04,42.0,,,
1999-04-05,42.0,0.138994,1.7251,1.7243
1999-04-06,39.5,0.132103,1.7314,1.7306
1999-04-07,39.5,0.132017,1.7295,1.7287
1999-04-08,39.5,0.132017,1.7206,1.7198
1999-04-09,39.5,0.13196,1.709,1.7082
1999-04-10,39.5,,,
1999-04-11,39.5,,,
1999-04-12,39.5,0.131932,1.7054,1.7046
1999-04-13,39.5,0.131903,1.672,1.6712
1999-04-14,39.5,0.131875,1.6575,1.6567
1999-04-15,34.0,0.11591,1.6688,1.668
1999-04-16,34.0,0.116088,1.67,1.6692
1999-04-17,34.0,,,
1999-04-18,34.0,,,
1999-04-19,34.0,0.116028,1.6721,1.6713
1999-04-20,34.0,0.116028,1.7101,1.7093
1999-04-21,34.0,,,
1999-04-22,34.0,0.115999,1.7014,1.7006
1999-04-23,34.0,0.115969,1.6851,1.6843
1999-04-24,34.0,,,
1999-04-25,34.0,,,
1999-04-26,34.0,0.11588,1.6978,1.697
1999-04-27,34.0,0.11588,1.7069,1.7061
1999-04-28,34.0,0.11588,1.6963,1.6955
1999-04-29,32.0,0.110142,1.6676,1.6668
1999-04-30,32.0,0.110021,1.6607,1.6599
1999-05-01,32.0,,,
1999-05-02,32.0,,,
1999-05-03,32.0,0.109931,1.6735,1.6727
1999-05-04,32.0,0.109991,1.6734,1.6726
1999-05-05,32.0,0.109931,1.6847,1.6839
1999-05-06,32.0,0.109871,1.6729,1.6721
1999-05-07,32.0,0.109841,1.6712,1.6704
1999-05-08,32.0,,,
1999-05-09,32.0,,,
1999-05-10,29.5,0.103157,1.6518,1.651
1999-05-11,29.5,0.102514,1.6468,1.646
1999-05-12,29.5,0.102483,1.6614,1.6606
1999-05-13,27.0,0.095018,1.651,1.6502
1999-05-14,27.0,0.094987,1.657,1.6562
1999-05-15,27.0,,,
1999-05-16,27.0,,,
1999-05-17,27.0,0.094705,1.667,1.6662
1999-05-18,27.0,0.094611,1.6659,1.6651
1999-05-19,27.0,0.094549,1.6636,1.6628
1999-05-20,23.5,0.08389,1.6834,1.6826
1999-05-21,23.5,0.083665,1.6963,1.6955
1999-05-22,23.5,,,
1999-05-23,23.5,,,
1999-05-24,23.5,0.083568,1.6985,1.6977
1999-05-25,23.5,0.083536,1.748,1.7472
1999-05-26,23.5,0.08344,1.7186,1.7178
1999-05-27,23.5,0.083407,1.7137,1.7129
1999-05-28,23.5,0.083311,1.7311,1.7303
1999-05-29,23.5,,,
1999-05-30,23.5,,,
1999-05-31,23.5,0.083279,1.724,1.7232
1999-06-01,23.5,0.083085,1.7336,1.7328
1999-06-02,23.5,0.083118,1.7542,1.7534
1999-06-03,23.5,,,
1999-06-04,23.5,0.083085,1.7365,1.7357
1999-06-05,23.5,,,
1999-06-06,23.5,,,
1999-06-07,23.5,0.083085,1.7412,1.7404
1999-06-08,23.5,0.083053,1.7479,1.7471
1999-06-09,22.0,0.078908,1.7491,1.7483
1999-06-10,22.0,0.078875,1.7597,1.7589
1999-06-11,22.0,0.078843,1.773,1.7722
1999-06-12,22.0,,,
1999-06-13,22.0,,,
1999-06-14,22.0,0.078777,1.7783,1.7775
1999-06-15,22.0,0.07868,1.7892,1.7884
1999-06-16,22.0,0.07868,1.7675,1.7667
1999-06-17,22.0,0.078615,1.7605,1.7597
1999-06-18,22.0,0.078582,1.7485,1.7477
1999-06-19,22.0,,,
1999-06-20,22.0,,,
1999-06-21,22.0,0.078549,1.7636,1.7628
1999-06-22,22.0,0.078517,1.7688,1.768
1999-06-23,22.0,0.078419,1.7848,1.784
1999-06-24,21.0,0.075606,1.8003,1.7995
1999-06-25,21.0,0.075573,1.7904,1.7896
1999-06-26,21.0,,,
1999-06-27,21.0,,,
1999-06-28,21.0,0.075573,1.79,1.7892
1999-06-29,21.0,0.07554,1.7672,1.7664
1999-06-30,21.0,0.07554,1.7695,1.7687
1999-07-01,21.0,0.075475,1.7575,1.7567
1999-07-02,21.0,0.075442,1.7706,1.7698
1999-07-03,21.0,,,
1999-07-04,21.0,,,
1999-07-05,21.0,0.075836,1.7663,1.7655
1999-07-06,21.0,0.075442,1.7754,1.7746
1999-07-07,21.0,0.075343,1.7815,1.7807
1999-07-08,21.0,0.075343,1.7911,1.7903
1999-07-09,21.0,0.075278,1.8044,1.8036
1999-07-10,21.0,,,
1999-07-11,21.0,,,
1999-07-12,21.0,0.07531,1.819,1.8182
1999-07-13,21.0,0.075245,1.8392,1.8384
1999-07-14,21.0,0.075212,1.8109,1.8101
1999-07-15,21.0,0.075212,1.8281,1.8273
1999-07-16,21.0,0.075146,1.8107,1.8099
1999-07-17,21.0,,,
1999-07-18,21.0,,,
1999-07-19,21.0,0.075113,1.7929,1.7921
1999-07-20,21.0,0.07508,1.7982,1.7974
1999-07-21,21.0,0.075048,1.8171,1.8163
1999-07-22,21.0,0.074982,1.8171,1.8163
1999-07-23,21.0,0.074982,1.8147,1.8139
1999-07-24,21.0,,,
1999-07-25,21.0,,,
1999-07-26,21.0,0.074949,1.8203,1.8195
1999-07-27,21.0,0.074916,1.8173,1.8165
1999-07-28,21.0,0.074883,1.7915,1.7907
1999-07-29,19.5,0.070784,1.7939,1.7931
1999-07-30,19.5,0.070751,1.7892,1.7884
1999-07-31,19.5,,,
1999-08-01,19.5,,,
1999-08-02,19.5,0.070751,1.8115,1.8107
1999-08-03,19.5,0.070751,1.8278,1.827
1999-08-04,19.5,0.070751,1.8217,1.8209
1999-08-05,19.5,0.070751,1.8476,1.8468
1999-08-06,19.5,0.070751,1.8493,1.8485
1999-08-07,19.5,,,
1999-08-08,19.5,,,
1999-08-09,19.5,0.070751,1.8454,1.8446
1999-08-10,19.5,0.070751,1.8729,1.8721
1999-08-11,19.5,0.070751,1.863,1.8622
1999-08-12,19.5,0.070751,1.8511,1.8503
1999-08-13,19.5,0.070751,1.8711,1.8703
1999-08-14,19.5,,,
1999-08-15,19.5,,,
1999-08-16,19.5,0.070784,1.8768,1.876
1999-08-17,19.5,0.070784,1.882,1.8812
1999-08-18,19.5,0.070784,1.8927,1.8919
1999-08-19,19.5,0.070784,1.9171,1.9163
1999-08-20,19.5,0.070784,1.9497,1.9489
1999-08-21,19.5,,,
1999-08-22,19.5,,,
1999-08-23,19.5,0.070784,1.8706,1.8698
1999-08-24,19.5,0.070784,1.9026,1.9018
1999-08-25,19.5,0.070784,1.9311,1.9303
1999-08-26,19.5,0.070784,1.9087,1.9079
1999-08-27,19.5,0.070751,1.9243,1.9235
1999-08-28,19.5,,,
1999-08-29,19.5,,,
1999-08-30,19.5,0.070751,1.9436,1.9428
1999-08-31,19.5,0.070784,1.9159,1.9151
1999-09-01,19.5,0.070751,1.9217,1.9209
1999-09-02,19.5,0.070784,1.9244,1.9236
1999-09-03,19.5,0.070818,1.904,1.9032
1999-09-04,19.5,,,
1999-09-05,19.5,,,
1999-09-06,19.5,0.070818,1.9059,1.9051
1999-09-07,19.5,,,
1999-09-08,19.5,0.070784,1.8983,1.8975
1999-09-09,19.5,0.070784,1.8735,1.8727
1999-09-10,19.5,0.070784,1.8621,1.8613
1999-09-11,19.5,,,
1999-09-12,19.5,,,
1999-09-13,19.5,0.070784,1.8822,1.8814
1999-09-14,19.5,0.070784,1.8923,1.8915
1999-09-15,19.5,0.070784,1.8779,1.8771
1999-09-16,19.5,0.070818,1.8794,1.8786
1999-09-17,19.5,0.070784,1.8861,1.8853
1999-09-18,19.5,,,
1999-09-19,19.5,,,
1999-09-20,19.5,0.070784,1.8745,1.8737
1999-09-21,19.5,0.070751,1.8791,1.8783
1999-09-22,19.5,0.070718,1.8906,1.8898
1999-09-23,19.0,0.06942,1.8914,1.8906
1999-09-24,19.0,0.06912,1.9144,1.9136
1999-09-25,19.0,,,
1999-09-26,19.0,,,
1999-09-27,19.0,0.069186,1.9174,1.9166
1999-09-28,19.0,0.06912,1.9393,1.9385
1999-09-29,19.0,0.069086,1.9224,1.9216
1999-09-30,19.0,0.069053,1.9223,1.9215
1999-10-01,19.0,0.069053,1.9565,1.9557
1999-10-02,19.0,,,
1999-10-03,19.0,,,
1999-10-04,19.0,0.06902,1.9388,1.938
1999-10-05,19.0,0.068953,1.9525,1.9517
1999-10-06,19.0,0.068919,1.96,1.9592
1999-10-07,19.0,0.068919,1.9339,1.9331
1999-10-08,19.0,0.068886,1.943,1.9422
1999-10-09,19.0,,,
1999-10-10,19.0,,,
1999-10-11,19.0,0.068853,1.955,1.9542
1999-10-12,19.0,,,
1999-10-13,19.0,0.068819,1.9587,1.9579
1999-10-14,19.0,0.068752,1.9648,1.964
1999-10-15,19.0,0.068752,1.9794,1.9786
1999-10-16,19.0,,,
1999-10-17,19.0,,,
1999-10-18,19.0,0.068719,1.9829,1.9821
1999-10-19,19.0,0.068686,1.9933,1.9925
1999-10-20,19.0,0.068652,2.0025,2.0017
1999-10-21,19.0,0.068652,1.9936,1.9928
1999-10-22,19.0,0.068619,1.9834,1.9826
1999-10-23,19.0,,,
1999-10-24,19.0,,,
1999-10-25,19.0,0.068585,1.9777,1.9769
1999-10-26,19.0,0.068552,1.9869,1.9861
1999-10-27,19.0,0.068519,1.9954,1.9946
1999-10-28,19.0,0.068485,1.9789,1.9781
1999-10-29,19.0,0.068485,1.953,1.9522
1999-10-30,19.0,,,
1999-10-31,19.0,,,
1999-11-01,19.0,0.068452,1.9431,1.9423
1999-11-02,19.0,,,
1999-11-03,19.0,0.068418,1.9414,1.9406
1999-11-04,19.0,0.068418,1.9295,1.9287
1999-11-05,19.0,0.068418,1.9155,1.9147
1999-11-06,19.0,,,
1999-11-07,19.0,,,
1999-11-08,19.0,0.068418,1.9266,1.9258
1999-11-09,19.0,0.068418,1.9241,1.9233
1999-11-10,19.0,0.068418,1.9348,1.934
1999-11-11,19.0,0.06902,1.9288,1.928
1999-11-12,19.0,0.069086,1.9331,1.9323
1999-11-13,19.0,,,
1999-11-14,19.0,,,
1999-11-15,19.0,,,
1999-11-16,19.0,0.069086,1.9331,1.9323
1999-11-17,19.0,0.069086,1.9327,1.9319
1999-11-18,19.0,0.069086,1.929,1.9282
1999-11-19,19.0,0.06912,1.9313,1.9305
1999-11-20,19.0,,,
1999-11-21,19.0,,,
1999-11-22,19.0,0.06912,1.9322,1.9314
1999-11-23,19.0,0.06912,1.9328,1.932
1999-11-24,19.0,0.06912,1.9295,1.9287
1999-11-25,19.0,0.069153,1.93,1.9292
1999-11-26,19.0,0.069153,1.9263,1.9255
1999-11-27,19.0,,,
1999-11-28,19.0,,,
1999-11-29,19.0,0.069186,1.9213,1.9205
1999-11-30,19.0,0.069153,1.9227,1.9219
1999-12-01,19.0,0.06912,1.9221,1.9213
1999-12-02,19.0,0.068986,1.895,1.8942
1999-12-03,19.0,0.068953,1.8774,1.8766
1999-12-04,19.0,,,
1999-12-05,19.0,,,
1999-12-06,19.0,0.068953,1.8669,1.8661
1999-12-07,19.0,0.068919,1.8594,1.8586
1999-12-08,19.0,0.068886,1.8627,1.8619
1999-12-09,19.0,0.068886,1.8668,1.866
1999-12-10,19.0,0.068886,1.8667,1.8659
1999-12-11,19.0,,,
1999-12-12,19.0,,,
1999-12-13,19.0,0.068886,1.8564,1.8556
1999-12-14,19.0,0.068886,1.8463,1.8455
1999-12-15,19.0,0.068886,1.8501,1.8493
1999-12-16,19.0,0.068986,1.8407,1.8399
1999-12-17,19.0,0.06902,1.8178,1.817
1999-12-18,19.0,,,
1999-12-19,19.0,,,
1999-12-20,19.0,0.06902,1.8048,1.804
1999-12-21,19.0,0.069153,1.8234,1.8226
1999-12-22,19.0,0.068953,1.8204,1.8196
1999-12-23,19.0,0.06912,1.8286,1.8278
1999-12-24,19.0,0.06912,1.829,1.8282
1999-12-25,19.0,,,
1999-12-26,19.0,,,
1999-12-27,19.0,0.06922,1.8267,1.8259
1999-12-28,19.0,0.069186,1.8289,1.8281
1999-12-29,19.0,0.06912,1.817,1.8162
1999-12-30,19.0,0.069186,1.789,1.7882
1999-12-31,19.0,0.069186,1.789,1.7882
2000-01-01,19.0,,,
2000-01-02,19.0,,,
2000-01-03,19.0,0.069186,1.8011,1.8003
2000-01-04,19.0,0.069186,1.8337,1.8329
2000-01-05,19.0,0.06922,1.8544,1.8536
2000-01-06,19.0,0.069286,1.8461,1.8453
2000-01-07,19.0,0.069286,1.8281,1.8273
2000-01-08,19.0,,,
2000-01-09,19.0,,,
2000-01-10,19.0,0.06912,1.8161,1.8153
2000-01-11,19.0,0.068986,1.8219,1.8211
2000-01-12,19.0,0.068819,1.8314,1.8306
2000-01-13,19.0,0.068786,1.8193,1.8185
2000-01-14,19.0,0.068719,1.7997,1.7989
2000-01-15,19.0,,,
2000-01-16,19.0,,,
2000-01-17,19.0,0.068752,1.7957,1.7949
2000-01-18,19.0,0.068686,1.7924,1.7916
2000-01-19,19.0,0.068619,1.7984,1.7976
2000-01-20,19.0,0.068619,1.7801,1.7793
2000-01-21,19.0,0.068619,1.7784,1.7776
2000-01-22,19.0,,,
2000-01-23,19.0,,,
2000-01-24,19.0,0.068619,1.7652,1.7644
2000-01-25,19.0,0.068619,1.7741,1.7733
2000-01-26,19.0,0.068619,1.7769,1.7761
2000-01-27,19.0,0.068619,1.7753,1.7745
2000-01-28,19.0,0.068652,1.7875,1.7867
2000-01-29,19.0,,,
2000-01-30,19.0,,,
2000-01-31,19.0,0.068719,1.8024,1.8016
2000-02-01,19.0,0.068619,1.7932,1.7924
2000-02-02,19.0,0.068585,1.79,1.7892
2000-02-03,19.0,0.068619,1.7779,1.7771
2000-02-04,19.0,0.068652,1.7785,1.7777
2000-02-05,19.0,,,
2000-02-06,19.0,,,
2000-02-07,19.0,0.068619,1.7659,1.7651
2000-02-08,19.0,0.068619,1.7654,1.7646
2000-02-09,19.0,0.068619,1.7632,1.7624
2000-02-10,19.0,0.068619,1.7695,1.7687
2000-02-11,19.0,0.068585,1.7647,1.7639
2000-02-12,19.0,,,
2000-02-13,19.0,,,
2000-02-14,19.0,0.068619,1.7699,1.7691
2000-02-15,19.0,0.068619,1.7764,1.7756
2000-02-16,19.0,0.068619,1.7732,1.7724
2000-02-17,19.0,0.068619,1.774,1.7732
2000-02-18,19.0,0.068619,1.7705,1.7697
2000-02-19,19.0,,,
2000-02-20,19.0,,,
2000-02-21,19.0,0.068619,1.7784,1.7776
2000-02-22,19.0,0.068619,1.7825,1.7817
2000-02-23,19.0,0.068619,1.7886,1.7878
2000-02-24,19.0,0.068619,1.7779,1.7771
2000-02-25,19.0,0.068619,1.7741,1.7733
2000-02-26,19.0,,,
2000-02-27,19.0,,,
2000-02-28,19.0,0.068619,1.7788,1.778
2000-02-29,19.0,0.068619,1.7685,1.7677
2000-03-01,19.0,0.068652,1.7678,1.767
2000-03-02,19.0,0.068686,1.76,1.7592
2000-03-03,19.0,0.068652,1.7511,1.7503
2000-03-04,19.0,,,
2000-03-05,19.0,,,
2000-03-06,19.0,,,
2000-03-07,19.0,,,
2000-03-08,19.0,0.068619,1.7498,1.749
2000-03-09,19.0,0.068619,1.7343,1.7335
2000-03-10,19.0,0.068686,1.7386,1.7378
2000-03-11,19.0,,,
2000-03-12,19.0,,,
2000-03-13,19.0,0.068652,1.7502,1.7494
2000-03-14,19.0,0.068652,1.7372,1.7364
2000-03-15,19.0,0.068652,1.7431,1.7423
2000-03-16,19.0,0.068652,1.7357,1.7349
2000-03-17,19.0,0.068652,1.7407,1.7399
2000-03-18,19.0,,,
2000-03-19,19.0,,,
2000-03-20,19.0,0.068652,1.7388,1.738
2000-03-21,19.0,0.068619,1.7381,1.7373
2000-03-22,19.0,0.068652,1.7305,1.7297
2000-03-23,19.0,0.068752,1.7242,1.7234
2000-03-24,19.0,0.068853,1.7234,1.7226
2000-03-25,19.0,,,
2000-03-26,19.0,,,
2000-03-27,19.0,0.069153,1.7362,1.7354
2000-03-28,19.0,0.068619,1.7456,1.7448
2000-03-29,18.5,0.067716,1.7379,1.7371
2000-03-30,18.5,0.067716,1.7522,1.7514
2000-03-31,18.5,0.067448,1.7473,1.7465
2000-04-01,18.5,,,
2000-04-02,18.5,,,
2000-04-03,18.5,0.067347,1.7407,1.7399
2000-04-04,18.5,0.067481,1.7425,1.7417
2000-04-05,18.5,0.067883,1.7532,1.7524
2000-04-06,18.5,0.067917,1.7423,1.7415
2000-04-07,18.5,0.06785,1.7439,1.7431
2000-04-08,18.5,,,
2000-04-09,18.5,,,
2000-04-10,18.5,0.067682,1.7387,1.7379
2000-04-11,18.5,0.067883,1.7448,1.744
2000-04-12,18.5,0.06785,1.7471,1.7463
2000-04-13,18.5,0.067883,1.7633,1.7625
2000-04-14,18.5,0.06785,1.7833,1.7825
2000-04-15,18.5,,,
2000-04-16,18.5,,,
2000-04-17,18.5,0.067883,1.7873,1.7865
2000-04-18,18.5,0.067816,1.7696,1.7688
2000-04-19,18.5,0.067515,1.7662,1.7654
2000-04-20,18.5,0.067883,1.7784,1.7776
2000-04-21,18.5,,,
2000-04-22,18.5,,,
2000-04-23,18.5,,,
2000-04-24,18.5,0.067783,1.7916,1.7908
2000-04-25,18.5,0.067749,1.7888,1.788
2000-04-26,18.5,0.06785,1.7985,1.7977
2000-04-27,18.5,0.067883,1.8083,1.8075
2000-04-28,18.5,0.067783,1.8067,1.8059
2000-04-29,18.5,,,
2000-04-30,18.5,,,
2000-05-01,18.5,,,
2000-05-02,18.5,0.067716,1.8008,1.8
2000-05-03,18.5,0.06785,1.8162,1.8154
2000-05-04,18.5,0.06785,1.8144,1.8136
2000-05-05,18.5,0.06785,1.8118,1.811
2000-05-06,18.5,,,
2000-05-07,18.5,,,
2000-05-08,18.5,0.067682,1.8058,1.805
2000-05-09,18.5,0.06728,1.8079,1.8071
2000-05-10,18.5,0.06728,1.8169,1.8161
2000-05-11,18.5,0.067347,1.8162,1.8154
2000-05-12,18.5,0.067247,1.8266,1.8258
2000-05-13,18.5,,,
2000-05-14,18.5,,,
2000-05-15,18.5,0.06728,1.8382,1.8374
2000-05-16,18.5,0.067381,1.8198,1.819
2000-05-17,18.5,0.067347,1.8292,1.8284
2000-05-18,18.5,0.067314,1.8305,1.8297
2000-05-19,18.5,0.067314,1.8454,1.8446
2000-05-20,18.5,,,
2000-05-21,18.5,,,
2000-05-22,18.5,0.067347,1.8468,1.846
2000-05-23,18.5,0.067347,1.8537,1.8529
2000-05-24,18.5,0.067347,1.8537,1.8529
2000-05-25,18.5,0.067381,1.8392,1.8384
2000-05-26,18.5,0.067381,1.8455,1.8447
2000-05-27,18.5,,,
2000-05-28,18.5,,,
2000-05-29,18.5,0.067347,1.8388,1.838
2000-05-30,18.5,0.067247,1.8305,1.8297
2000-05-31,18.5,0.06718,1.8266,1.8258
2000-06-01,18.5,0.06718,1.8202,1.8194
2000-06-02,18.5,0.067146,1.8104,1.8096
2000-06-03,18.5,,,
2000-06-04,18.5,,,
2000-06-05,18.5,0.067079,1.7933,1.7925
2000-06-06,18.5,0.067012,1.7899,1.7891
2000-06-07,18.5,0.066945,1.8036,1.8028
2000-06-08,18.5,0.066878,1.7948,1.794
2000-06-09,18.5,0.066811,1.7999,1.7991
2000-06-10,18.5,,,
2000-06-11,18.5,,,
2000-06-12,18.5,0.066777,1.804,1.8032
2000-06-13,18.5,0.066777,1.81,1.8092
2000-06-14,18.5,0.066777,1.8107,1.8099
2000-06-15,18.5,0.066777,1.8079,1.8071
2000-06-16,18.5,0.066811,1.8073,1.8065
2000-06-17,18.5,,,
2000-06-18,18.5,,,
2000-06-19,18.5,0.066811,1.803,1.8022
2000-06-20,18.5,0.066777,1.7991,1.7983
2000-06-21,17.5,0.06405,1.8121,1.8113
2000-06-22,17.5,,,
2000-06-23,17.5,0.064016,1.8203,1.8195
2000-06-24,17.5,,,
2000-06-25,17.5,,,
2000-06-26,17.5,0.063881,1.8282,1.8274
2000-06-27,17.5,0.063678,1.8235,1.8227
2000-06-28,17.5,0.063644,1.8195,1.8187
2000-06-29,17.5,0.063475,1.8172,1.8164
2000-06-30,17.5,0.063305,1.8,1.7992
2000-07-01,17.5,,,
2000-07-02,17.5,,,
2000-07-03,17.5,0.063204,1.808,1.8072
2000-07-04,17.5,0.063068,1.8121,1.8113
2000-07-05,17.5,0.063102,1.8047,1.8039
2000-07-06,17.5,0.063272,1.797,1.7962
2000-07-07,17.5,0.063272,1.7972,1.7964
2000-07-08,17.5,,,
2000-07-09,17.5,,,
2000-07-10,17.0,0.062356,1.8006,1.7998
2000-07-11,17.0,0.062187,1.7972,1.7964
2000-07-12,17.0,0.062255,1.8034,1.8026
2000-07-13,17.0,0.062119,1.8104,1.8096
2000-07-14,17.0,0.062153,1.8106,1.8098
2000-07-15,17.0,,,
2000-07-16,17.0,,,
2000-07-17,17.0,0.062153,1.7979,1.7971
2000-07-18,17.0,0.062119,1.797,1.7962
2000-07-19,17.0,0.062017,1.8044,1.8036
2000-07-20,16.5,0.060895,1.8015,1.8007
2000-07-21,16.5,0.06069,1.7921,1.7913
2000-07-22,16.5,,,
2000-07-23,16.5,,,
2000-07-24,16.5,0.060724,1.7956,1.7948
2000-07-25,16.5,0.060588,1.7898,1.789
2000-07-26,16.5,0.060588,1.7925,1.7917
2000-07-27,16.5,0.06052,1.7847,1.7839
2000-07-28,16.5,0.060417,1.7828,1.782
2000-07-29,16.5,,,
2000-07-30,16.5,,,
2000-07-31,16.5,0.060247,1.7748,1.774
2000-08-01,16.5,0.060281,1.788,1.7872
2000-08-02,16.5,0.060417,1.7916,1.7908
2000-08-03,16.5,0.060383,1.8079,1.8071
2000-08-04,16.5,0.060417,1.7919,1.7911
2000-08-05,16.5,,,
2000-08-06,16.5,,,
2000-08-07,16.5,0.060554,1.7961,1.7953
2000-08-08,16.5,0.060588,1.7992,1.7984
2000-08-09,16.5,0.060758,1.795,1.7942
2000-08-10,16.5,0.060826,1.7962,1.7954
2000-08-11,16.5,0.060963,1.7959,1.7951
2000-08-12,16.5,,,
2000-08-13,16.5,,,
2000-08-14,16.5,0.060963,1.8021,1.8013
2000-08-15,16.5,0.06052,1.8056,1.8048
2000-08-16,16.5,0.060417,1.807,1.8062
2000-08-17,16.5,0.060724,1.8096,1.8088
2000-08-18,16.5,0.060963,1.8174,1.8166
2000-08-19,16.5,,,
2000-08-20,16.5,,,
2000-08-21,16.5,0.06086,1.8199,1.8191
2000-08-22,16.5,0.060929,1.8169,1.8161
2000-08-23,16.5,0.060826,1.8186,1.8178
2000-08-24,16.5,0.060963,1.8204,1.8196
2000-08-25,16.5,0.060963,1.8213,1.8205
2000-08-26,16.5,,,
2000-08-27,16.5,,,
2000-08-28,16.5,0.060963,1.8277,1.8269
2000-08-29,16.5,0.060963,1.8349,1.8341
2000-08-30,16.5,0.06052,1.8259,1.8251
2000-08-31,16.5,0.060315,1.8234,1.8226
2000-09-01,16.5,0.060281,1.8218,1.821
2000-09-02,16.5,,,
2000-09-03,16.5,,,
2000-09-04,16.5,0.060281,1.8255,1.8247
2000-09-05,16.5,0.060247,1.8294,1.8286
2000-09-06,16.5,0.060724,1.8207,1.8199
2000-09-07,16.5,,,
2000-09-08,16.5,0.060792,1.8224,1.8216
2000-09-09,16.5,,,
2000-09-10,16.5,,,
2000-09-11,16.5,0.060895,1.8199,1.8191
2000-09-12,16.5,0.060929,1.8279,1.8271
2000-09-13,16.5,0.060963,1.832,1.8312
2000-09-14,16.5,0.060963,1.8317,1.8309
2000-09-15,16.5,0.060963,1.8438,1.843
2000-09-16,16.5,,,
2000-09-17,16.5,,,
2000-09-18,16.5,0.060963,1.8558,1.855
2000-09-19,16.5,0.060929,1.8538,1.853
2000-09-20,16.5,0.060963,1.8546,1.8538
2000-09-21,16.5,0.060963,1.8517,1.8509
2000-09-22,16.5,0.060963,1.8594,1.8586
2000-09-23,16.5,,,
2000-09-24,16.5,,,
2000-09-25,16.5,0.060963,1.842,1.8412
2000-09-26,16.5,0.060963,1.8506,1.8498
2000-09-27,16.5,0.060929,1.8492,1.8484
2000-09-28,16.5,0.060929,1.8479,1.8471
2000-09-29,16.5,0.060963,1.8437,1.8429
2000-09-30,16.5,,,
2000-10-01,16.5,,,
2000-10-02,16.5,0.060929,1.8483,1.8475
2000-10-03,16.5,0.06086,1.8498,1.849
2000-10-04,16.5,0.060963,1.8529,1.8521
2000-10-05,16.5,0.060929,1.8501,1.8493
2000-10-06,16.5,0.060963,1.852,1.8512
2000-10-07,16.5,,,
2000-10-08,16.5,,,
2000-10-09,16.5,0.060929,1.8574,1.8566
2000-10-10,16.5,0.060929,1.8541,1.8533
2000-10-11,16.5,0.060963,1.8603,1.8595
2000-10-12,16.5,,,
2000-10-13,16.5,0.060963,1.8764,1.8756
2000-10-14,16.5,,,
2000-10-15,16.5,,,
2000-10-16,16.5,0.060963,1.8704,1.8696
2000-10-17,16.5,0.060963,1.8667,1.8659
2000-10-18,16.5,0.060963,1.8795,1.8787
2000-10-19,16.5,0.060963,1.8714,1.8706
2000-10-20,16.5,0.060963,1.8796,1.8788
2000-10-21,16.5,,,
2000-10-22,16.5,,,
2000-10-23,16.5,0.060963,1.8918,1.891
2000-10-24,16.5,0.060963,1.8981,1.8973
2000-10-25,16.5,0.060963,1.9282,1.9274
2000-10-26,16.5,0.060963,1.934,1.9332
2000-10-27,16.5,0.060963,1.924,1.9232
2000-10-28,16.5,,,
2000-10-29,16.5,,,
2000-10-30,16.5,0.060963,1.9184,1.9176
2000-10-31,16.5,0.060929,1.909,1.9082
2000-11-01,16.5,0.060724,1.9099,1.9091
2000-11-02,16.5,,,
2000-11-03,16.5,0.060452,1.9286,1.9278
2000-11-04,16.5,,,
2000-11-05,16.5,,,
2000-11-06,16.5,0.060281,1.9462,1.9454
2000-11-07,16.5,0.060417,1.9573,1.9565
2000-11-08,16.5,0.060622,1.9503,1.9495
2000-11-09,16.5,0.060758,1.9683,1.9675
2000-11-10,16.5,0.060963,1.9566,1.9558
2000-11-11,16.5,,,
2000-11-12,16.5,,,
2000-11-13,16.5,0.060963,1.9579,1.9571
2000-11-14,16.5,0.060963,1.9441,1.9433
2000-11-15,16.5,,,
2000-11-16,16.5,0.060963,1.9486,1.9478
2000-11-17,16.5,0.060963,1.9609,1.9601
2000-11-18,16.5,,,
2000-11-19,16.5,,,
2000-11-20,16.5,0.060963,1.9365,1.9357
2000-11-21,16.5,0.060929,1.91,1.9092
2000-11-22,16.5,0.060452,1.9322,1.9314
2000-11-23,16.5,0.060486,1.9413,1.9405
2000-11-24,16.5,0.060383,1.956,1.9552
2000-11-25,16.5,,,
2000-11-26,16.5,,,
2000-11-27,16.5,0.060452,1.9571,1.9563
2000-11-28,16.5,0.06052,1.9778,1.977
2000-11-29,16.5,0.060349,1.961,1.9602
2000-11-30,16.5,0.060281,1.9596,1.9588
2000-12-01,16.5,0.060281,1.9795,1.9787
2000-12-02,16.5,,,
2000-12-03,16.5,,,
2000-12-04,16.5,0.060213,1.9847,1.9839
2000-12-05,16.5,0.060179,1.9648,1.964
2000-12-06,16.5,0.060179,1.9657,1.9649
2000-12-07,16.5,0.060145,1.9698,1.969
2000-12-08,16.5,0.060145,1.9695,1.9687
2000-12-09,16.5,,,
2000-12-10,16.5,,,
2000-12-11,16.5,0.06011,1.9648,1.964
2000-12-12,16.5,0.060076,1.9676,1.9668
2000-12-13,16.5,0.06011,1.9623,1.9615
2000-12-14,16.5,0.060076,1.9635,1.9627
2000-12-15,16.5,0.060042,1.9678,1.967
2000-12-16,16.5,,,
2000-12-17,16.5,,,
2000-12-18,16.5,0.060008,1.9539,1.9531
2000-12-19,16.5,0.059974,1.9556,1.9548
2000-12-20,16.5,0.059974,1.9559,1.9551
2000-12-21,15.75,0.058298,1.9578,1.957
2000-12-22,15.75,0.058298,1.9524,1.9516
2000-12-23,15.75,,,
2000-12-24,15.75,,,
2000-12-25,15.75,,,
2000-12-26,15.75,0.058332,1.9578,1.957
2000-12-27,15.75,0.058229,1.9608,1.96
2000-12-28,15.75,0.058366,1.9554,1.9546
2000-12-29,15.75,0.058366,1.9554,1.9546
2000-12-30,15.75,,,
2000-12-31,15.75,,,
2001-01-01,15.75,,,
2001-01-02,15.75,0.0584,1.9384,1.9376
2001-01-03,15.75,0.058195,1.9422,1.9414
2001-01-04,15.75,0.058332,1.9357,1.9349
2001-01-05,15.75,0.058229,1.9484,1.9476
2001-01-06,15.75,,,
2001-01-07,15.75,,,
2001-01-08,15.75,0.058229,1.9524,1.9516
2001-01-09,15.75,0.058229,1.9441,1.9433
2001-01-10,15.75,0.057749,1.9429,1.9421
2001-01-11,15.75,0.057714,1.9463,1.9455
2001-01-12,15.75,0.057714,1.9508,1.95
2001-01-13,15.75,,,
2001-01-14,15.75,,,
2001-01-15,15.75,0.057714,1.9475,1.9467
2001-01-16,15.75,0.057714,1.9516,1.9508
2001-01-17,15.75,0.057508,1.9501,1.9493
2001-01-18,15.25,0.056545,1.9527,1.9519
2001-01-19,15.25,0.056511,1.9553,1.9545
2001-01-20,15.25,,,
2001-01-21,15.25,,,
2001-01-22,15.25,0.056476,1.9571,1.9563
2001-01-23,15.25,0.056304,1.9586,1.9578
2001-01-24,15.25,0.056063,1.9595,1.9587
2001-01-25,15.25,0.056028,1.9738,1.973
2001-01-26,15.25,0.055994,1.974,1.9732
2001-01-27,15.25,,,
2001-01-28,15.25,,,
2001-01-29,15.25,0.055994,1.9753,1.9745
2001-01-30,15.25,0.05596,1.9714,1.9706
2001-01-31,15.25,0.055891,1.9711,1.9703
2001-02-01,15.25,0.055891,1.9739,1.9731
2001-02-02,15.25,0.055822,1.9934,1.9926
2001-02-03,15.25,,,
2001-02-04,15.25,,,
2001-02-05,15.25,0.055822,1.9945,1.9937
2001-02-06,15.25,0.055994,1.998,1.9972
2001-02-07,15.25,0.056201,2.0045,2.0037
2001-02-08,15.25,0.056373,1.9959,1.9951
2001-02-09,15.25,0.056442,1.9884,1.9876
2001-02-10,15.25,,,
2001-02-11,15.25,,,
2001-02-12,15.25,0.056304,1.9813,1.9805
2001-02-13,15.25,0.055994,1.9803,1.9795
2001-02-14,15.25,0.055718,1.9894,1.9886
2001-02-15,15.25,0.056373,1.9812,1.9804
2001-02-16,15.25,0.05627,1.994,1.9932
2001-02-17,15.25,,,
2001-02-18,15.25,,,
2001-02-19,15.25,0.056063,2.0027,2.0019
2001-02-20,15.25,0.056545,2.0063,2.0055
2001-02-21,15.25,0.056373,2.024,2.0232
2001-02-22,15.25,0.056373,2.0368,2.036
2001-02-23,15.25,0.056476,2.0436,2.0428
2001-02-24,15.25,,,
2001-02-25,15.25,,,
2001-02-26,15.25,,,
2001-02-27,15.25,,,
2001-02-28,15.25,0.05596,2.0452,2.0444
2001-03-01,15.25,0.055891,2.0428,2.042
2001-03-02,15.25,0.055856,2.0355,2.0347
2001-03-03,15.25,,,
2001-03-04,15.25,,,
2001-03-05,15.25,0.056063,2.0232,2.0224
2001-03-06,15.25,0.055891,2.0208,2.02
2001-03-07,15.25,0.056132,2.0391,2.0383
2001-03-08,15.25,0.056201,2.0385,2.0377
2001-03-09,15.25,0.055856,2.0599,2.0591
2001-03-10,15.25,,,
2001-03-11,15.25,,,
2001-03-12,15.25,0.055787,2.0552,2.0544
2001-03-13,15.25,0.055925,2.0622,2.0614
2001-03-14,15.25,0.055925,2.0763,2.0755
2001-03-15,15.25,0.055856,2.0864,2.0856
2001-03-16,15.25,0.056304,2.1217,2.1209
2001-03-17,15.25,,,
2001-03-18,15.25,,,
2001-03-19,15.25,0.05658,2.1277,2.1269
2001-03-20,15.25,0.056683,2.0929,2.0921
2001-03-21,15.25,0.056683,2.1,2.0992
2001-03-22,15.75,0.0584,2.1419,2.1411
2001-03-23,15.75,0.0584,2.1586,2.1578
2001-03-24,15.75,,,
2001-03-25,15.75,,,
2001-03-26,15.75,0.0584,2.1373,2.1365
2001-03-27,15.75,0.0584,2.1236,2.1228
2001-03-28,15.75,0.0584,2.117,2.1162
2001-03-29,15.75,0.058366,2.1369,2.1361
2001-03-30,15.75,0.058366,2.1616,2.1608
2001-03-31,15.75,,,
2001-04-01,15.75,,,
2001-04-02,15.75,0.058332,2.1584,2.1576
2001-04-03,15.75,0.058263,2.1732,2.1724
2001-04-04,15.75,0.058263,2.1632,2.1624
2001-04-05,15.75,0.058298,2.1589,2.1581
2001-04-06,15.75,0.058332,2.1521,2.1513
2001-04-07,15.75,,,
2001-04-08,15.75,,,
2001-04-09,15.75,0.058263,2.1642,2.1634
2001-04-10,15.75,0.058366,2.1422,2.1414
2001-04-11,15.75,0.058298,2.1384,2.1376
2001-04-12,15.75,0.0584,2.1573,2.1565
2001-04-13,15.75,,,
2001-04-14,15.75,,,
2001-04-15,15.75,,,
2001-04-16,15.75,0.0584,2.1825,2.1817
2001-04-17,15.75,0.0584,2.1888,2.188
2001-04-18,15.75,0.058469,2.175,2.1742
2001-04-19,16.25,0.06011,2.1882,2.1874
2001-04-20,16.25,0.05994,2.2364,2.2356
2001-04-21,16.25,,,
2001-04-22,16.25,,,
2001-04-23,16.25,0.05994,2.2586,2.2578
2001-04-24,16.25,0.059974,2.2538,2.253
2001-04-25,16.25,0.05994,2.3011,2.3003
2001-04-26,16.25,0.059974,2.2541,2.2533
2001-04-27,16.25,0.059906,2.218,2.2172
2001-04-28,16.25,,,
2001-04-29,16.25,,,
2001-04-30,16.25,0.059871,2.1847,2.1839
2001-05-01,16.25,,,
2001-05-02,16.25,0.059769,2.2239,2.2231
2001-05-03,16.25,0.059803,2.2353,2.2345
2001-05-04,16.25,0.059906,2.2187,2.2179
2001-05-05,16.25,,,
2001-05-06,16.25,,,
2001-05-07,16.25,0.059871,2.1957,2.1949
2001-05-08,16.25,0.05994,2.2319,2.2311
2001-05-09,16.25,0.059871,2.2586,2.2578
2001-05-10,16.25,0.05994,2.2695,2.2687
2001-05-11,16.25,0.059871,2.2863,2.2855
2001-05-12,16.25,,,
2001-05-13,16.25,,,
2001-05-14,16.25,0.05994,2.3062,2.3054
2001-05-15,16.25,0.05994,2.3384,2.3376
2001-05-16,16.25,0.05994,2.3219,2.3211
2001-05-17,16.25,0.059906,2.3036,2.3028
2001-05-18,16.25,0.05994,2.2941,2.2933
2001-05-19,16.25,,,
2001-05-20,16.25,,,
2001-05-21,16.25,0.05994,2.3278,2.327
2001-05-22,16.25,0.05994,2.3062,2.3054
2001-05-23,16.25,0.060042,2.3427,2.3419
2001-05-24,16.75,0.061541,2.3494,2.3486
2001-05-25,16.75,0.061643,2.3403,2.3395
2001-05-26,16.75,,,
2001-05-27,16.75,,,
2001-05-28,16.75,0.061643,2.3265,2.3257
2001-05-29,16.75,0.061643,2.3425,2.3417
2001-05-30,16.75,0.061643,2.3596,2.3588
2001-05-31,16.75,0.061643,2.36,2.3592
2001-06-01,16.75,0.061677,2.3833,2.3825
2001-06-02,16.75,,,
2001-06-03,16.75,,,
2001-06-04,16.75,0.061643,2.3629,2.3621
2001-06-05,16.75,0.061575,2.3895,2.3887
2001-06-06,16.75,0.061473,2.3821,2.3813
2001-06-07,16.75,0.061405,2.388,2.3872
2001-06-08,16.75,0.061269,2.3619,2.3611
2001-06-09,16.75,,,
2001-06-10,16.75,,,
2001-06-11,16.75,0.061133,2.3722,2.3714
2001-06-12,16.75,0.061065,2.3906,2.3898
2001-06-13,16.75,0.061201,2.4078,2.407
2001-06-14,16.75,,,
2001-06-15,16.75,0.061133,2.4079,2.4071
2001-06-16,16.75,,,
2001-06-17,16.75,,,
2001-06-18,16.75,0.061609,2.4586,2.4578
2001-06-19,16.75,0.061643,2.4675,2.4667
2001-06-20,16.75,0.061881,2.4748,2.474
2001-06-21,18.25,0.066677,2.4054,2.4046
2001-06-22,18.25,0.066609,2.3296,2.3288
2001-06-23,18.25,,,
2001-06-24,18.25,,,
2001-06-25,18.25,0.06671,2.2997,2.2989
2001-06-26,18.25,0.06671,2.3139,2.3131
2001-06-27,18.25,0.066744,2.3236,2.3228
2001-06-28,18.25,0.066744,2.2923,2.2915
2001-06-29,18.25,0.066777,2.3049,2.3041
2001-06-30,18.25,,,
2001-07-01,18.25,,,
2001-07-02,18.25,0.066777,2.3249,2.3241
2001-07-03,18.25,0.066744,2.3395,2.3387
2001-07-04,18.25,0.066777,2.3907,2.3899
2001-07-05,18.25,0.066744,2.4113,2.4105
2001-07-06,18.25,0.066777,2.4943,2.4935
2001-07-07,18.25,,,
2001-07-08,18.25,,,
2001-07-09,18.25,0.06671,2.4548,2.454
2001-07-10,18.25,0.066777,2.4802,2.4794
2001-07-11,18.25,0.066811,2.53,2.5292
2001-07-12,18.25,0.066777,2.5423,2.5415
2001-07-13,18.25,0.066777,2.5538,2.553
2001-07-14,18.25,,,
2001-07-15,18.25,,,
2001-07-16,18.25,0.066811,2.5979,2.5971
2001-07-17,18.25,0.06671,2.5304,2.5296
2001-07-18,19.0,0.066945,2.4696,2.4688
2001-07-19,19.0,0.069053,2.5032,2.5024
2001-07-20,19.0,0.069053,2.4573,2.4565
2001-07-21,19.0,,,
2001-07-22,19.0,,,
2001-07-23,19.0,0.068886,2.4108,2.41
2001-07-24,19.0,0.068719,2.4247,2.4239
2001-07-25,19.0,0.068819,2.4914,2.4906
2001-07-26,19.0,0.068686,2.4836,2.4828
2001-07-27,19.0,0.068652,2.4971,2.4963
2001-07-28,19.0,,,
2001-07-29,19.0,,,
2001-07-30,19.0,0.068719,2.4334,2.4326
2001-07-31,19.0,0.068652,2.4313,2.4305
2001-08-01,19.0,0.068652,2.4935,2.4927
2001-08-02,19.0,0.068652,2.4877,2.4869
2001-08-03,19.0,0.068686,2.4884,2.4876
2001-08-04,19.0,,,
2001-08-05,19.0,,,
2001-08-06,19.0,0.068786,2.469,2.4682
2001-08-07,19.0,0.06912,2.4463,2.4455
2001-08-08,19.0,0.069053,2.4704,2.4696
2001-08-09,19.0,0.069053,2.4668,2.466
2001-08-10,19.0,0.069053,2.4842,2.4834
2001-08-11,19.0,,,
2001-08-12,19.0,,,
2001-08-13,19.0,0.06902,2.491,2.4902
2001-08-14,19.0,0.06902,2.514,2.5132
2001-08-15,19.0,0.068953,2.5005,2.4997
2001-08-16,19.0,0.069153,2.4877,2.4869
2001-08-17,19.0,0.069186,2.5235,2.5227
2001-08-18,19.0,,,
2001-08-19,19.0,,,
2001-08-20,19.0,0.06922,2.5306,2.5298
2001-08-21,19.0,0.069253,2.5353,2.5345
2001-08-22,19.0,0.069153,2.5231,2.5223
2001-08-23,19.0,0.069153,2.5282,2.5274
2001-08-24,19.0,0.069153,2.55,2.5492
2001-08-25,19.0,,,
2001-08-26,19.0,,,
2001-08-27,19.0,0.069153,2.5585,2.5577
2001-08-28,19.0,0.069086,2.5564,2.5556
2001-08-29,19.0,0.06902,2.5474,2.5466
2001-08-30,19.0,0.069086,2.5403,2.5395
2001-08-31,19.0,0.06922,2.5517,2.5509
2001-09-01,19.0,,,
2001-09-02,19.0,,,
2001-09-03,19.0,0.06922,2.559,2.5582
2001-09-04,19.0,0.06922,2.5642,2.5634
2001-09-05,19.0,0.069253,2.5669,2.5661
2001-09-06,19.0,0.069253,2.5927,2.5919
2001-09-07,19.0,,,
2001-09-08,19.0,,,
2001-09-09,19.0,,,
2001-09-10,19.0,0.069286,2.6013,2.6005
2001-09-11,19.0,0.06922,2.6369,2.6361
2001-09-12,19.0,0.06922,2.6741,2.6733
2001-09-13,19.0,0.069253,2.6978,2.697
2001-09-14,19.0,0.069253,2.6986,2.6978
2001-09-15,19.0,,,
2001-09-16,19.0,,,
2001-09-17,19.0,0.069253,2.6679,2.6671
2001-09-18,19.0,0.069253,2.6793,2.6785
2001-09-19,19.0,0.069253,2.7065,2.7057
2001-09-20,19.0,0.069253,2.7322,2.7314
2001-09-21,19.0,0.069253,2.8007,2.7999
2001-09-22,19.0,,,
2001-09-23,19.0,,,
2001-09-24,19.0,0.069286,2.7675,2.7667
2001-09-25,19.0,0.069286,2.7133,2.7125
2001-09-26,19.0,0.06932,2.7264,2.7256
2001-09-27,19.0,0.069353,2.705,2.7042
2001-09-28,19.0,0.069386,2.6713,2.6705
2001-09-29,19.0,,,
2001-09-30,19.0,,,
2001-10-01,19.0,0.069386,2.6866,2.6858
2001-10-02,19.0,0.06942,2.7038,2.703
2001-10-03,19.0,0.06942,2.7287,2.7279
2001-10-04,19.0,0.069386,2.7326,2.7318
2001-10-05,19.0,0.069353,2.754,2.7532
2001-10-06,19.0,,,
2001-10-07,19.0,,,
2001-10-08,19.0,0.069286,2.7828,2.782
2001-10-09,19.0,0.069253,2.7797,2.7789
2001-10-10,19.0,0.06922,2.7784,2.7776
2001-10-11,19.0,0.06922,2.7799,2.7791
2001-10-12,19.0,,,
2001-10-13,19.0,,,
2001-10-14,19.0,,,
2001-10-15,19.0,0.06922,2.779,2.7782
2001-10-16,19.0,0.06922,2.7526,2.7518
2001-10-17,19.0,0.06922,2.7211,2.7203
2001-10-18,19.0,0.06922,2.7425,2.7417
2001-10-19,19.0,0.06922,2.7573,2.7565
2001-10-20,19.0,,,
2001-10-21,19.0,,,
2001-10-22,19.0,0.06922,2.7176,2.7168
2001-10-23,19.0,0.06922,2.7168,2.716
2001-10-24,19.0,0.06922,2.7438,2.743
2001-10-25,19.0,0.06922,2.7428,2.742
2001-10-26,19.0,0.06922,2.729,2.7282
2001-10-27,19.0,,,
2001-10-28,19.0,,,
2001-10-29,19.0,0.06922,2.7246,2.7238
2001-10-30,19.0,0.06922,2.7231,2.7223
2001-10-31,19.0,0.06922,2.7071,2.7063
2001-11-01,19.0,0.06922,2.682,2.6812
2001-11-02,19.0,,,
2001-11-03,19.0,,,
2001-11-04,19.0,,,
2001-11-05,19.0,0.06922,2.6208,2.62
2001-11-06,19.0,0.069186,2.6003,2.5995
2001-11-07,19.0,0.06922,2.6055,2.6047
2001-11-08,19.0,0.069186,2.5571,2.5563
2001-11-09,19.0,0.069186,2.5347,2.5339
2001-11-10,19.0,,,
2001-11-11,19.0,,,
2001-11-12,19.0,0.06922,2.5502,2.5494
2001-11-13,19.0,0.06922,2.527,2.5262
2001-11-14,19.0,0.06922,2.5299,2.5291
2001-11-15,19.0,,,
2001-11-16,19.0,0.06922,2.5392,2.5384
2001-11-17,19.0,,,
2001-11-18,19.0,,,
2001-11-19,19.0,0.06922,2.5154,2.5146
2001-11-20,19.0,0.06922,2.535,2.5342
2001-11-21,19.0,0.06922,2.5411,2.5403
2001-11-22,19.0,0.06922,2.5383,2.5375
2001-11-23,19.0,0.06922,2.5134,2.5126
2001-11-24,19.0,,,
2001-11-25,19.0,,,
2001-11-26,19.0,0.06922,2.4894,2.4886
2001-11-27,19.0,0.06922,2.4604,2.4596
2001-11-28,19.0,0.06922,2.4857,2.4849
2001-11-29,19.0,0.06922,2.5072,2.5064
2001-11-30,19.0,0.06922,2.5287,2.5279
2001-12-01,19.0,,,
2001-12-02,19.0,,,
2001-12-03,19.0,0.06922,2.4672,2.4664
2001-12-04,19.0,0.06922,2.4289,2.4281
2001-12-05,19.0,0.06922,2.4306,2.4298
2001-12-06,19.0,0.06922,2.4435,2.4427
2001-12-07,19.0,0.06922,2.4005,2.3997
2001-12-08,19.0,,,
2001-12-09,19.0,,,
2001-12-10,19.0,0.06922,2.3579,2.3571
2001-12-11,19.0,0.06922,2.3417,2.3409
2001-12-12,19.0,0.06922,2.3551,2.3543
2001-12-13,19.0,0.06922,2.3847,2.3839
2001-12-14,19.0,0.06922,2.384,2.3832
2001-12-15,19.0,,,
2001-12-16,19.0,,,
2001-12-17,19.0,0.06922,2.358,2.3572
2001-12-18,19.0,0.06922,2.343,2.3422
2001-12-19,19.0,0.06922,2.293,2.2922
2001-12-20,19.0,0.06922,2.3202,2.3194
2001-12-21,19.0,0.06922,2.3311,2.3303
2001-12-22,19.0,,,
2001-12-23,19.0,,,
2001-12-24,19.0,0.06922,2.3378,2.337
2001-12-25,19.0,,,
2001-12-26,19.0,0.06922,2.3145,2.3137
2001-12-27,19.0,0.06922,2.3215,2.3207
2001-12-28,19.0,0.06922,2.3204,2.3196
2001-12-29,19.0,,,
2001-12-30,19.0,,,
2001-12-31,19.0,0.06922,2.3204,2.3196
2002-01-01,19.0,,,
2002-01-02,19.0,0.06922,2.3066,2.3058
2002-01-03,19.0,0.06922,2.2932,2.2924
2002-01-04,19.0,0.06922,2.3101,2.3093
2002-01-05,19.0,,,
2002-01-06,19.0,,,
2002-01-07,19.0,0.06922,2.3428,2.342
2002-01-08,19.0,0.06922,2.3454,2.3446
2002-01-09,19.0,0.06922,2.3794,2.3786
2002-01-10,19.0,0.06922,2.3896,2.3888
2002-01-11,19.0,0.06922,2.4168,2.416
2002-01-12,19.0,,,
2002-01-13,19.0,,,
2002-01-14,19.0,0.06922,2.4072,2.4064
2002-01-15,19.0,0.06922,2.3705,2.3697
2002-01-16,19.0,0.06922,2.3867,2.3859
2002-01-17,19.0,0.06922,2.3641,2.3633
2002-01-18,19.0,0.06922,2.3752,2.3744
2002-01-19,19.0,,,
2002-01-20,19.0,,,
2002-01-21,19.0,0.06922,2.3742,2.3734
2002-01-22,19.0,0.06922,2.3667,2.3659
2002-01-23,19.0,0.06922,2.3804,2.3796
2002-01-24,19.0,0.06922,2.3981,2.3973
2002-01-25,19.0,0.06922,2.4046,2.4038
2002-01-26,19.0,,,
2002-01-27,19.0,,,
2002-01-28,19.0,0.06922,2.4228,2.422
2002-01-29,19.0,0.06922,2.4234,2.4226
2002-01-30,19.0,0.06922,2.4384,2.4376
2002-01-31,19.0,0.06922,2.4183,2.4175
2002-02-01,19.0,0.06922,2.4161,2.4153
2002-02-02,19.0,,,
2002-02-03,19.0,,,
2002-02-04,19.0,0.06922,2.4228,2.422
2002-02-05,19.0,0.06922,2.4214,2.4206
2002-02-06,19.0,0.06922,2.4206,2.4198
2002-02-07,19.0,0.06922,2.4518,2.451
2002-02-08,19.0,0.06922,2.4691,2.4683
2002-02-09,19.0,,,
2002-02-10,19.0,,,
2002-02-11,19.0,,,
2002-02-12,19.0,,,
2002-02-13,19.0,0.06922,2.4232,2.4224
2002-02-14,19.0,0.06922,2.4249,2.4241
2002-02-15,19.0,0.06922,2.438,2.4372
2002-02-16,19.0,,,
2002-02-17,19.0,,,
2002-02-18,19.0,0.06922,2.4284,2.4276
2002-02-19,19.0,0.06922,2.4249,2.4241
2002-02-20,19.0,0.06922,2.4284,2.4276
2002-02-21,18.75,0.068385,2.4241,2.4233
2002-02-22,18.75,0.068385,2.4273,2.4265
2002-02-23,18.75,,,
2002-02-24,18.75,,,
2002-02-25,18.75,0.068385,2.4062,2.4054
2002-02-26,18.75,0.068385,2.3947,2.3939
2002-02-27,18.75,0.068385,2.3827,2.3819
2002-02-28,18.75,0.068352,2.3482,2.3474
2002-03-01,18.75,0.068385,2.3596,2.3588
2002-03-02,18.75,,,
2002-03-03,18.75,,,
2002-03-04,18.75,0.068385,2.3432,2.3424
2002-03-05,18.75,0.068385,2.3251,2.3243
2002-03-06,18.75,0.068385,2.352,2.3512
2002-03-07,18.75,0.068385,2.3663,2.3655
2002-03-08,18.75,0.068385,2.3582,2.3574
2002-03-09,18.75,,,
2002-03-10,18.75,,,
2002-03-11,18.75,0.068385,2.3487,2.3479
2002-03-12,18.75,0.068385,2.3496,2.3488
2002-03-13,18.75,0.068385,2.3368,2.336
2002-03-14,18.75,0.068385,2.3441,2.3433
2002-03-15,18.75,0.068385,2.3542,2.3534
2002-03-16,18.75,,,
2002-03-17,18.75,,,
2002-03-18,18.75,0.068385,2.3406,2.3398
2002-03-19,18.75,0.068385,2.3432,2.3424
2002-03-20,18.75,0.068352,2.338,2.3372
2002-03-21,18.5,0.067548,2.3475,2.3467
2002-03-22,18.5,0.067515,2.3508,2.35
2002-03-23,18.5,,,
2002-03-24,18.5,,,
2002-03-25,18.5,0.067548,2.3641,2.3633
2002-03-26,18.5,0.067548,2.3502,2.3494
2002-03-27,18.5,0.067515,2.3371,2.3363
2002-03-28,18.5,0.067448,2.3236,2.3228
2002-03-29,18.5,,,
2002-03-30,18.5,,,
2002-03-31,18.5,,,
2002-04-01,18.5,0.06728,2.322,2.3212
2002-04-02,18.5,0.067046,2.3022,2.3014
2002-04-03,18.5,0.067046,2.2977,2.2969
2002-04-04,18.5,0.067046,2.3118,2.311
2002-04-05,18.5,0.067046,2.2924,2.2916
2002-04-06,18.5,,,
2002-04-07,18.5,,,
2002-04-08,18.5,0.067046,2.2907,2.2899
2002-04-09,18.5,0.067046,2.2842,2.2834
2002-04-10,18.5,0.067046,2.2728,2.272
2002-04-11,18.5,0.067046,2.2709,2.2701
2002-04-12,18.5,0.067046,2.2988,2.298
2002-04-13,18.5,,,
2002-04-14,18.5,,,
2002-04-15,18.5,0.067046,2.318,2.3172
2002-04-16,18.5,0.067046,2.3172,2.3164
2002-04-17,18.5,0.067046,2.3165,2.3157
2002-04-18,18.5,0.067046,2.3327,2.3319
2002-04-19,18.5,0.067012,2.3269,2.3261
2002-04-20,18.5,,,
2002-04-21,18.5,,,
2002-04-22,18.5,0.066979,2.3347,2.3339
2002-04-23,18.5,0.066878,2.3487,2.3479
2002-04-24,18.5,0.066844,2.3568,2.356
2002-04-25,18.5,0.066945,2.3666,2.3658
2002-04-26,18.5,0.066912,2.3558,2.355
2002-04-27,18.5,,,
2002-04-28,18.5,,,
2002-04-29,18.5,0.066643,2.3689,2.3681
2002-04-30,18.5,0.066072,2.3625,2.3617
2002-05-01,18.5,,,
2002-05-02,18.5,0.066945,2.377,2.3762
2002-05-03,18.5,0.066844,2.4149,2.4141
2002-05-04,18.5,,,
2002-05-05,18.5,,,
2002-05-06,18.5,0.066811,2.4327,2.4319
2002-05-07,18.5,0.066643,2.4174,2.4166
2002-05-08,18.5,0.066609,2.4341,2.4333
2002-05-09,18.5,0.066844,2.4519,2.4511
2002-05-10,18.5,0.066945,2.4838,2.483
2002-05-11,18.5,,,
2002-05-12,18.5,,,
2002-05-13,18.5,0.067046,2.4952,2.4944
2002-05-14,18.5,0.067079,2.5154,2.5146
2002-05-15,18.5,0.067113,2.5117,2.5109
2002-05-16,18.5,0.067113,2.4799,2.4791
2002-05-17,18.5,0.067079,2.4763,2.4755
2002-05-18,18.5,,,
2002-05-19,18.5,,,
2002-05-20,18.5,0.067079,2.4737,2.4729
2002-05-21,18.5,0.067046,2.4787,2.4779
2002-05-22,18.5,0.066945,2.5016,2.5008
2002-05-23,18.5,0.067079,2.5296,2.5288
2002-05-24,18.5,0.067113,2.524,2.5232
2002-05-25,18.5,,,
2002-05-26,18.5,,,
2002-05-27,18.5,0.067079,2.5228,2.522
2002-05-28,18.5,0.067079,2.5248,2.524
2002-05-29,18.5,0.066811,2.5201,2.5193
2002-05-30,18.5,,,
2002-05-31,18.5,0.06624,2.522,2.5212
2002-06-01,18.5,,,
2002-06-02,18.5,,,
2002-06-03,18.5,0.063373,2.5413,2.5405
2002-06-04,18.5,0.058572,2.5697,2.5689
2002-06-05,18.5,0.061881,2.6086,2.6078
2002-06-06,18.5,0.065702,2.6418,2.641
2002-06-07,18.5,0.066475,2.6708,2.67
2002-06-08,18.5,,,
2002-06-09,18.5,,,
2002-06-10,18.5,0.066744,2.6367,2.6359
2002-06-11,18.5,0.066844,2.6664,2.6656
2002-06-12,18.5,0.066677,2.7486,2.7478
2002-06-13,18.5,0.066777,2.6922,2.6914
2002-06-14,18.5,0.066979,2.7181,2.7173
2002-06-15,18.5,,,
2002-06-16,18.5,,,
2002-06-17,18.5,0.067046,2.6823,2.6815
2002-06-18,18.5,0.067046,2.67,2.6692
2002-06-19,18.5,0.067046,2.703,2.7022
2002-06-20,18.5,0.067079,2.7505,2.7497
2002-06-21,18.5,0.067079,2.791,2.7902
2002-06-22,18.5,,,
2002-06-23,18.5,,,
2002-06-24,18.5,0.067079,2.8269,2.8261
2002-06-25,18.5,0.067079,2.7995,2.7987
2002-06-26,18.5,0.067079,2.8584,2.8576
2002-06-27,18.5,0.067079,2.8593,2.8585
2002-06-28,18.5,0.067079,2.8444,2.8436
2002-06-29,18.5,,,
2002-06-30,18.5,,,
2002-07-01,18.5,0.067079,2.8595,2.8587
2002-07-02,18.5,0.067046,2.9141,2.9133
2002-07-03,18.5,0.067046,2.8617,2.8609
2002-07-04,18.5,0.067012,2.8481,2.8473
2002-07-05,18.5,0.067012,2.8746,2.8738
2002-07-06,18.5,,,
2002-07-07,18.5,,,
2002-07-08,18.5,0.067079,2.8711,2.8703
2002-07-09,18.5,0.067079,2.8551,2.8543
2002-07-10,18.5,0.067046,2.8541,2.8533
2002-07-11,18.5,0.067046,2.8232,2.8224
2002-07-12,18.5,0.067012,2.8147,2.8139
2002-07-13,18.5,,,
2002-07-14,18.5,,,
2002-07-15,18.5,0.067012,2.8455,2.8447
2002-07-16,18.5,0.067012,2.8671,2.8663
2002-07-17,18.5,0.067012,2.8783,2.8775
2002-07-18,18.0,0.065332,2.8772,2.8764
2002-07-19,18.0,0.065332,2.8671,2.8663
2002-07-20,18.0,,,
2002-07-21,18.0,,,
2002-07-22,18.0,0.065332,2.8816,2.8808
2002-07-23,18.0,0.065332,2.9132,2.9124
2002-07-24,18.0,0.065264,2.9479,2.9471
2002-07-25,18.0,0.065264,2.9822,2.9814
2002-07-26,18.0,0.065264,3.0177,3.0169
2002-07-27,18.0,,,
2002-07-28,18.0,,,
2002-07-29,18.0,0.065231,3.1449,3.1441
2002-07-30,18.0,0.065163,3.2692,3.2684
2002-07-31,18.0,0.065264,3.4285,3.4277
2002-08-01,18.0,0.065129,3.3275,3.3267
2002-08-02,18.0,0.065163,3.0302,3.0294
2002-08-03,18.0,,,
2002-08-04,18.0,,,
2002-08-05,18.0,0.065264,3.0732,3.0724
2002-08-06,18.0,0.065264,3.207,3.2062
2002-08-07,18.0,0.065231,3.0598,3.059
2002-08-08,18.0,0.065129,2.8883,2.8875
2002-08-09,18.0,0.065129,2.9964,2.9956
2002-08-10,18.0,,,
2002-08-11,18.0,,,
2002-08-12,18.0,0.065129,3.0979,3.0971
2002-08-13,18.0,0.065096,3.2094,3.2086
2002-08-14,18.0,0.065264,3.1965,3.1957
2002-08-15,18.0,0.065264,3.1912,3.1904
2002-08-16,18.0,0.065096,3.162,3.1612
2002-08-17,18.0,,,
2002-08-18,18.0,,,
2002-08-19,18.0,0.065096,3.1142,3.1134
2002-08-20,18.0,0.065264,3.0923,3.0915
2002-08-21,18.0,0.065264,3.0794,3.0786
2002-08-22,18.0,0.065096,3.1417,3.1409
2002-08-23,18.0,0.065062,3.1136,3.1128
2002-08-24,18.0,,,
2002-08-25,18.0,,,
2002-08-26,18.0,0.065062,3.0788,3.078
2002-08-27,18.0,0.065062,3.0949,3.0941
2002-08-28,18.0,0.065264,3.1219,3.1211
2002-08-29,18.0,0.065129,3.1239,3.1231
2002-08-30,18.0,0.065096,3.0223,3.0215
2002-08-31,18.0,,,
2002-09-01,18.0,,,
2002-09-02,18.0,0.065264,3.0286,3.0278
2002-09-03,18.0,0.065264,3.0988,3.098
2002-09-04,18.0,0.065264,3.1325,3.1317
2002-09-05,18.0,0.065298,3.1512,3.1504
2002-09-06,18.0,0.065332,3.1783,3.1775
2002-09-07,18.0,,,
2002-09-08,18.0,,,
2002-09-09,18.0,0.065365,3.1312,3.1304
2002-09-10,18.0,0.065365,3.1306,3.1298
2002-09-11,18.0,0.065365,3.1153,3.1145
2002-09-12,18.0,0.065365,3.1239,3.1231
2002-09-13,18.0,0.065365,3.1506,3.1498
2002-09-14,18.0,,,
2002-09-15,18.0,,,
2002-09-16,18.0,0.065365,3.1884,3.1876
2002-09-17,18.0,0.065365,3.2248,3.224
2002-09-18,18.0,0.065365,3.324,3.3232
2002-09-19,18.0,0.065365,3.3843,3.3835
2002-09-20,18.0,0.065365,3.4277,3.4269
2002-09-21,18.0,,,
2002-09-22,18.0,,,
2002-09-23,18.0,0.065365,3.5448,3.544
2002-09-24,18.0,0.065365,3.6216,3.6208
2002-09-25,18.0,0.065365,3.7257,3.7249
2002-09-26,18.0,0.065365,3.7516,3.7508
2002-09-27,18.0,0.065365,3.8541,3.8533
2002-09-28,18.0,,,
2002-09-29,18.0,,,
2002-09-30,18.0,0.065365,3.8949,3.8941
2002-10-01,18.0,0.065365,3.7467,3.7459
2002-10-02,18.0,0.065365,3.5936,3.5928
2002-10-03,18.0,0.065365,3.6952,3.6944
2002-10-04,18.0,0.065365,3.6593,3.6585
2002-10-05,18.0,,,
2002-10-06,18.0,,,
2002-10-07,18.0,0.065365,3.6965,3.6957
2002-10-08,18.0,0.065365,3.7017,3.7009
2002-10-09,18.0,0.065365,3.852,3.8512
2002-10-10,18.0,0.065365,3.9228,3.922
2002-10-11,18.0,0.065365,3.9235,3.9227
2002-10-12,18.0,,,
2002-10-13,18.0,,,
2002-10-14,18.0,0.065365,3.8613,3.8605
2002-10-15,21.0,0.075343,3.8567,3.8559
2002-10-16,21.0,0.075343,3.8744,3.8736
2002-10-17,21.0,0.075343,3.9245,3.9237
2002-10-18,21.0,0.075343,3.8759,3.8751
2002-10-19,21.0,,,
2002-10-20,21.0,,,
2002-10-21,21.0,0.075343,3.9125,3.9117
2002-10-22,21.0,0.075343,3.9552,3.9544
2002-10-23,21.0,0.075343,3.8704,3.8696
2002-10-24,21.0,0.075343,3.8617,3.8609
2002-10-25,21.0,0.075343,3.8015,3.8007
2002-10-26,21.0,,,
2002-10-27,21.0,,,
2002-10-28,21.0,0.075343,3.7406,3.7398
2002-10-29,21.0,0.075343,3.8211,3.8203
2002-10-30,21.0,0.075343,3.7443,3.7435
2002-10-31,21.0,0.075343,3.645,3.6442
2002-11-01,21.0,0.075343,3.6113,3.6105
2002-11-02,21.0,,,
2002-11-03,21.0,,,
2002-11-04,21.0,0.075343,3.5418,3.541
2002-11-05,21.0,0.075343,3.5625,3.5617
2002-11-06,21.0,0.075343,3.5976,3.5968
2002-11-07,21.0,0.075343,3.6218,3.621
2002-11-08,21.0,0.075343,3.5271,3.5263
2002-11-09,21.0,,,
2002-11-10,21.0,,,
2002-11-11,21.0,0.075343,3.5035,3.5027
2002-11-12,21.0,0.075343,3.5527,3.5519
2002-11-13,21.0,0.075343,3.6342,3.6334
2002-11-14,21.0,0.075343,3.6797,3.6789
2002-11-15,21.0,,,
2002-11-16,21.0,,,
2002-11-17,21.0,,,
2002-11-18,21.0,0.075343,3.5889,3.5881
2002-11-19,21.0,0.075343,3.5547,3.5539
2002-11-20,21.0,0.075343,3.5146,3.5138
2002-11-21,22.0,0.078615,3.5103,3.5095
2002-11-22,22.0,0.078615,3.5616,3.5608
2002-11-23,22.0,,,
2002-11-24,22.0,,,
2002-11-25,22.0,0.078615,3.5492,3.5484
2002-11-26,22.0,0.078615,3.5872,3.5864
2002-11-27,22.0,0.078615,3.5898,3.589
2002-11-28,22.0,0.078615,3.603,3.6022
2002-11-29,22.0,0.078615,3.6365,3.6357
2002-11-30,22.0,,,
2002-12-01,22.0,,,
2002-12-02,22.0,0.078615,3.616,3.6152
2002-12-03,22.0,0.078615,3.6625,3.6617
2002-12-04,22.0,0.078615,3.7049,3.7041
2002-12-05,22.0,0.078615,3.7514,3.7506
2002-12-06,22.0,0.078615,3.7526,3.7518
2002-12-07,22.0,,,
2002-12-08,22.0,,,
2002-12-09,22.0,0.078615,3.798,3.7972
2002-12-10,22.0,0.078615,3.7685,3.7677
2002-12-11,22.0,0.078615,3.7954,3.7946
2002-12-12,22.0,0.078615,3.7535,3.7527
2002-12-13,22.0,0.078615,3.7342,3.7334
2002-12-14,22.0,,,
2002-12-15,22.0,,,
2002-12-16,22.0,0.078615,3.6318,3.631
2002-12-17,22.0,0.078615,3.5827,3.5819
2002-12-18,22.0,0.078615,3.5316,3.5308
2002-12-19,25.0,0.08827,3.5047,3.5039
2002-12-20,25.0,0.08827,3.4278,3.427
2002-12-21,25.0,,,
2002-12-22,25.0,,,
2002-12-23,25.0,0.08827,3.4947,3.4939
2002-12-24,25.0,0.08827,3.501,3.5002
2002-12-25,25.0,,,
2002-12-26,25.0,0.08827,3.5251,3.5243
2002-12-27,25.0,0.08827,3.5413,3.5405
2002-12-28,25.0,,,
2002-12-29,25.0,,,
2002-12-30,25.0,0.08827,3.5333,3.5325
2002-12-31,25.0,0.08827,3.5333,3.5325
2003-01-01,25.0,,,
2003-01-02,25.0,0.08827,3.5224,3.5216
2003-01-03,25.0,0.08827,3.4698,3.469
2003-01-04,25.0,,,
2003-01-05,25.0,,,
2003-01-06,25.0,0.08827,3.3664,3.3656
2003-01-07,25.0,0.08827,3.3423,3.3415
2003-01-08,25.0,0.08827,3.3124,3.3116
2003-01-09,25.0,0.08827,3.3297,3.3289
2003-01-10,25.0,0.08827,3.2918,3.291
2003-01-11,25.0,,,
2003-01-12,25.0,,,
2003-01-13,25.0,0.08827,3.2956,3.2948
2003-01-14,25.0,0.08827,3.2758,3.275
2003-01-15,25.0,0.08827,3.2983,3.2975
2003-01-16,25.0,0.08827,3.2937,3.2929
2003-01-17,25.0,0.08827,3.3632,3.3624
2003-01-18,25.0,,,
2003-01-19,25.0,,,
2003-01-20,25.0,0.08827,3.4103,3.4095
2003-01-21,25.0,0.08827,3.4402,3.4394
2003-01-22,25.0,0.08827,3.5189,3.5181
2003-01-23,25.5,0.089857,3.4901,3.4893
2003-01-24,25.5,0.089857,3.5923,3.5915
2003-01-25,25.5,,,
2003-01-26,25.5,,,
2003-01-27,25.5,0.089857,3.6623,3.6615
2003-01-28,25.5,0.089857,3.6312,3.6304
2003-01-29,25.5,0.089857,3.6417,3.6409
2003-01-30,25.5,0.089826,3.5696,3.5688
2003-01-31,25.5,0.089794,3.5258,3.525
2003-02-01,25.5,,,
2003-02-02,25.5,,,
2003-02-03,25.5,0.089794,3.493,3.4922
2003-02-04,25.5,0.089857,3.5406,3.5398
2003-02-05,25.5,0.089826,3.5845,3.5837
2003-02-06,25.5,0.089794,3.6045,3.6037
2003-02-07,25.5,0.089762,3.5802,3.5794
2003-02-08,25.5,,,
2003-02-09,25.5,,,
2003-02-10,25.5,0.08973,3.6042,3.6034
2003-02-11,25.5,0.089699,3.5737,3.5729
2003-02-12,25.5,0.089667,3.6003,3.5995
2003-02-13,25.5,0.089604,3.6359,3.6351
2003-02-14,25.5,0.089635,3.658,3.6572
2003-02-15,25.5,,,
2003-02-16,25.5,,,
2003-02-17,25.5,0.089604,3.6232,3.6224
2003-02-18,25.5,0.089509,3.5889,3.5881
2003-02-19,25.5,0.08954,3.5935,3.5927
2003-02-20,26.5,0.092572,3.6067,3.6059
2003-02-21,26.5,0.092666,3.6097,3.6089
2003-02-22,26.5,,,
2003-02-23,26.5,,,
2003-02-24,26.5,0.092761,3.587,3.5862
2003-02-25,26.5,0.092729,3.6013,3.6005
2003-02-26,26.5,0.092666,3.5817,3.5809
2003-02-27,26.5,0.092603,3.585,3.5842
2003-02-28,26.5,0.092635,3.5632,3.5624
2003-03-01,26.5,,,
2003-03-02,26.5,,,
2003-03-03,26.5,,,
2003-03-04,26.5,,,
2003-03-05,26.5,0.092666,3.5637,3.5629
2003-03-06,26.5,0.092635,3.526,3.5252
2003-03-07,26.5,0.092666,3.501,3.5002
2003-03-08,26.5,,,
2003-03-09,26.5,,,
2003-03-10,26.5,0.092666,3.5281,3.5273
2003-03-11,26.5,0.092698,3.5061,3.5053
2003-03-12,26.5,0.092698,3.4763,3.4755
2003-03-13,26.5,0.092729,3.4293,3.4285
2003-03-14,26.5,0.092729,3.3958,3.395
2003-03-15,26.5,,,
2003-03-16,26.5,,,
2003-03-17,26.5,0.092761,3.4442,3.4434
2003-03-18,26.5,0.092761,3.4308,3.43
2003-03-19,26.5,0.092823,3.4576,3.4568
2003-03-20,26.5,0.092823,3.483,3.4822
2003-03-21,26.5,0.092855,3.4462,3.4454
2003-03-22,26.5,,,
2003-03-23,26.5,,,
2003-03-24,26.5,0.092792,3.407,3.4062
2003-03-25,26.5,0.092792,3.3892,3.3884
2003-03-26,26.5,0.092823,3.3747,3.3739
2003-03-27,26.5,0.092792,3.4031,3.4023
2003-03-28,26.5,0.092761,3.3757,3.3749
2003-03-29,26.5,,,
2003-03-30,26.5,,,
2003-03-31,26.5,0.092761,3.3531,3.3523
2003-04-01,26.5,0.092761,3.3359,3.3351
2003-04-02,26.5,0.092729,3.2795,3.2787
2003-04-03,26.5,0.092729,3.2563,3.2555
2003-04-04,26.5,0.092761,3.2469,3.2461
2003-04-05,26.5,,,
2003-04-06,26.5,,,
2003-04-07,26.5,0.092761,3.1723,3.1715
2003-04-08,26.5,0.092761,3.1649,3.1641
2003-04-09,26.5,0.092761,3.1857,3.1849
2003-04-10,26.5,0.092761,3.2157,3.2149
2003-04-11,26.5,0.092761,3.2147,3.2139
2003-04-12,26.5,,,
2003-04-13,26.5,,,
2003-04-14,26.5,0.092761,3.1818,3.181
2003-04-15,26.5,0.092761,3.1154,3.1146
2003-04-16,26.5,0.092761,3.0752,3.0744
2003-04-17,26.5,0.092761,3.0289,3.0281
2003-04-18,26.5,,,
2003-04-19,26.5,,,
2003-04-20,26.5,,,
2003-04-21,26.5,,,
2003-04-22,26.5,0.092761,3.0639,3.0631
2003-04-23,26.5,0.092761,3.0147,3.0139
2003-04-24,26.5,0.092761,3.0029,3.0021
2003-04-25,26.5,0.092761,3.0123,3.0115
2003-04-26,26.5,,,
2003-04-27,26.5,,,
2003-04-28,26.5,0.092761,2.9915,2.9907
2003-04-29,26.5,0.092761,2.9251,2.9243
2003-04-30,26.5,0.092761,2.8898,2.889
2003-05-01,26.5,,,
2003-05-02,26.5,0.092761,2.9159,2.9151
2003-05-03,26.5,,,
2003-05-04,26.5,,,
2003-05-05,26.5,0.092761,2.9845,2.9837
2003-05-06,26.5,0.092761,3.0277,3.0269
2003-05-07,26.5,0.092761,2.9639,2.9631
2003-05-08,26.5,0.092761,2.9177,2.9169
2003-05-09,26.5,0.092761,2.8802,2.8794
2003-05-10,26.5,,,
2003-05-11,26.5,,,
2003-05-12,26.5,0.092761,2.8757,2.8749
2003-05-13,26.5,0.092761,2.8653,2.8645
2003-05-14,26.5,0.092761,2.8902,2.8894
2003-05-15,26.5,0.092761,2.9306,2.9298
2003-05-16,26.5,0.092761,2.9731,2.9723
2003-05-17,26.5,,,
2003-05-18,26.5,,,
2003-05-19,26.5,0.092761,2.9815,2.9807
2003-05-20,26.5,0.092761,3.0141,3.0133
2003-05-21,26.5,0.092729,3.0109,3.0101
2003-05-22,26.5,0.092729,2.9842,2.9834
2003-05-23,26.5,0.092698,2.9445,2.9437
2003-05-24,26.5,,,
2003-05-25,26.5,,,
2003-05-26,26.5,0.092666,2.9565,2.9557
2003-05-27,26.5,0.092635,3.0257,3.0249
2003-05-28,26.5,0.092635,3.014,3.0132
2003-05-29,26.5,0.092603,2.9488,2.948
2003-05-30,26.5,0.092603,2.9656,2.9648
2003-05-31,26.5,,,
2003-06-01,26.5,,,
2003-06-02,26.5,0.092572,2.978,2.9772
2003-06-03,26.5,0.092572,2.964,2.9632
2003-06-04,26.5,0.092572,2.9112,2.9104
2003-06-05,26.5,0.092572,2.8929,2.8921
2003-06-06,26.5,0.092603,2.8491,2.8483
2003-06-07,26.5,,,
2003-06-08,26.5,,,
2003-06-09,26.5,0.092603,2.8682,2.8674
2003-06-10,26.5,0.092603,2.8603,2.8595
2003-06-11,26.5,0.092603,2.8692,2.8684
2003-06-12,26.5,0.092572,2.862,2.8612
2003-06-13,26.5,0.092572,2.857,2.8562
2003-06-14,26.5,,,
2003-06-15,26.5,,,
2003-06-16,26.5,0.092572,2.8508,2.85
2003-06-17,26.5,0.092572,2.8744,2.8736
2003-06-18,26.5,0.09254,2.8902,2.8894
2003-06-19,26.5,,,
2003-06-20,26.0,0.090996,2.8933,2.8925
2003-06-21,26.0,,,
2003-06-22,26.0,,,
2003-06-23,26.0,0.090996,2.8788,2.878
2003-06-24,26.0,0.090996,2.8616,2.8608
2003-06-25,26.0,0.090996,2.8559,2.8551
2003-06-26,26.0,0.090996,2.894,2.8932
2003-06-27,26.0,0.090996,2.8812,2.8804
2003-06-28,26.0,,,
2003-06-29,26.0,,,
2003-06-30,26.0,0.090996,2.872,2.8712
2003-07-01,26.0,0.090996,2.8443,2.8435
2003-07-02,26.0,0.090996,2.8219,2.8211
2003-07-03,26.0,0.090996,2.8332,2.8324
2003-07-04,26.0,0.090996,2.8299,2.8291
2003-07-05,26.0,,,
2003-07-06,26.0,,,
2003-07-07,26.0,0.090996,2.8676,2.8668
2003-07-08,26.0,0.090964,2.8823,2.8815
2003-07-09,26.0,0.090964,2.8671,2.8663
2003-07-10,26.0,0.090964,2.8922,2.8914
2003-07-11,26.0,0.090964,2.9029,2.9021
2003-07-12,26.0,,,
2003-07-13,26.0,,,
2003-07-14,26.0,0.090933,2.8753,2.8745
2003-07-15,26.0,0.090933,2.8554,2.8546
2003-07-16,26.0,0.090933,2.8677,2.8669
2003-07-17,26.0,0.090901,2.8563,2.8555
2003-07-18,26.0,0.090901,2.8774,2.8766
2003-07-19,26.0,,,
2003-07-20,26.0,,,
2003-07-21,26.0,0.090838,2.8828,2.882
2003-07-22,26.0,0.090806,2.8826,2.8818
2003-07-23,26.0,0.090585,2.8878,2.887
2003-07-24,24.5,0.086326,2.8961,2.8953
2003-07-25,24.5,0.086326,2.8885,2.8877
2003-07-26,24.5,,,
2003-07-27,24.5,,,
2003-07-28,24.5,0.086358,2.8965,2.8957
2003-07-29,24.5,0.086358,2.9155,2.9147
2003-07-30,24.5,0.086358,2.9473,2.9465
2003-07-31,24.5,0.086358,2.9655,2.9647
2003-08-01,24.5,0.086454,3.0006,2.9998
2003-08-02,24.5,,,
2003-08-03,24.5,,,
2003-08-04,24.5,0.086486,3.074,3.0732
2003-08-05,24.5,0.086518,3.0366,3.0358
2003-08-06,24.5,0.086518,3.039,3.0382
2003-08-07,24.5,0.086549,3.0069,3.0061
2003-08-08,24.5,0.086549,2.9892,2.9884
2003-08-09,24.5,,,
2003-08-10,24.5,,,
2003-08-11,24.5,0.086549,2.9945,2.9937
2003-08-12,24.5,0.086518,3.0237,3.0229
2003-08-13,24.5,0.086518,3.0309,3.0301
2003-08-14,24.5,0.086486,3.014,3.0132
2003-08-15,24.5,0.086454,2.993,2.9922
2003-08-16,24.5,,,
2003-08-17,24.5,,,
2003-08-18,24.5,0.086454,2.9848,2.984
2003-08-19,24.5,0.086486,2.9973,2.9965
2003-08-20,24.5,0.08607,3.001,3.0002
2003-08-21,22.0,0.078386,3.0032,3.0024
2003-08-22,22.0,0.078419,2.9926,2.9918
2003-08-23,22.0,,,
2003-08-24,22.0,,,
2003-08-25,22.0,0.078419,2.9895,2.9887
2003-08-26,22.0,0.078419,2.9896,2.9888
2003-08-27,22.0,0.078419,2.9734,2.9726
2003-08-28,22.0,0.078386,2.9531,2.9523
2003-08-29,22.0,0.078386,2.9665,2.9657
2003-08-30,22.0,,,
2003-08-31,22.0,,,
2003-09-01,22.0,0.078386,2.984,2.9832
2003-09-02,22.0,0.078386,2.9789,2.9781
2003-09-03,22.0,0.078419,2.9568,2.956
2003-09-04,22.0,0.078419,2.9418,2.941
2003-09-05,22.0,0.078419,2.9216,2.9208
2003-09-06,22.0,,,
2003-09-07,22.0,,,
2003-09-08,22.0,0.078419,2.9155,2.9147
2003-09-09,22.0,0.078419,2.9306,2.9298
2003-09-10,22.0,0.078419,2.9125,2.9117
2003-09-11,22.0,0.078419,2.8991,2.8983
2003-09-12,22.0,0.078419,2.8959,2.8951
2003-09-13,22.0,,,
2003-09-14,22.0,,,
2003-09-15,22.0,0.078419,2.8898,2.889
2003-09-16,22.0,0.078419,2.8967,2.8959
2003-09-17,22.0,0.078386,2.9057,2.9049
2003-09-18,20.0,0.071879,2.8975,2.8967
2003-09-19,20.0,0.071879,2.9065,2.9057
2003-09-20,20.0,,,
2003-09-21,20.0,,,
2003-09-22,20.0,0.071879,2.9021,2.9013
2003-09-23,20.0,0.071879,2.9145,2.9137
2003-09-24,20.0,0.071879,2.9244,2.9236
2003-09-25,20.0,0.071879,2.9306,2.9298
2003-09-26,20.0,0.071879,2.9373,2.9365
2003-09-27,20.0,,,
2003-09-28,20.0,,,
2003-09-29,20.0,0.071846,2.9374,2.9366
2003-09-30,20.0,0.071846,2.9234,2.9226
2003-10-01,20.0,0.071813,2.9034,2.9026
2003-10-02,20.0,0.071813,2.8989,2.8981
2003-10-03,20.0,0.071846,2.8875,2.8867
2003-10-04,20.0,,,
2003-10-05,20.0,,,
2003-10-06,20.0,0.071846,2.8753,2.8745
2003-10-07,20.0,0.071846,2.8701,2.8693
2003-10-08,20.0,0.071846,2.8444,2.8436
2003-10-09,20.0,0.071846,2.8422,2.8414
2003-10-10,20.0,0.071846,2.8401,2.8393
2003-10-11,20.0,,,
2003-10-12,20.0,,,
2003-10-13,20.0,0.071846,2.8371,2.8363
2003-10-14,20.0,0.071846,2.8425,2.8417
2003-10-15,20.0,0.071846,2.8268,2.826
2003-10-16,20.0,0.071846,2.8409,2.8401
2003-10-17,20.0,0.071846,2.8635,2.8627
2003-10-18,20.0,,,
2003-10-19,20.0,,,
2003-10-20,20.0,0.071846,2.8839,2.8831
2003-10-21,20.0,0.071846,2.8642,2.8634
2003-10-22,20.0,0.071813,2.8602,2.8594
2003-10-23,19.0,0.068552,2.8698,2.869
2003-10-24,19.0,0.068552,2.8695,2.8687
2003-10-25,19.0,,,
2003-10-26,19.0,,,
2003-10-27,19.0,0.068552,2.8728,2.872
2003-10-28,19.0,0.068552,2.8675,2.8667
2003-10-29,19.0,0.068552,2.8537,2.8529
2003-10-30,19.0,0.068552,2.844,2.8432
2003-10-31,19.0,0.068552,2.8562,2.8554
2003-11-01,19.0,,,
2003-11-02,19.0,,,
2003-11-03,19.0,0.068552,2.8559,2.8551
2003-11-04,19.0,0.068552,2.8607,2.8599
2003-11-05,19.0,0.068552,2.8596,2.8588
2003-11-06,19.0,0.068552,2.8708,2.87
2003-11-07,19.0,0.068552,2.8699,2.8691
2003-11-08,19.0,,,
2003-11-09,19.0,,,
2003-11-10,19.0,0.068552,2.8807,2.8799
2003-11-11,19.0,0.068552,2.8955,2.8947
2003-11-12,19.0,0.068552,2.9112,2.9104
2003-11-13,19.0,0.068519,2.9196,2.9188
2003-11-14,19.0,0.068519,2.9418,2.941
2003-11-15,19.0,,,
2003-11-16,19.0,,,
2003-11-17,19.0,0.068519,2.9546,2.9538
2003-11-18,19.0,0.068452,2.9421,2.9413
2003-11-19,19.0,0.068418,2.9507,2.9499
2003-11-20,17.5,0.063475,2.948,2.9472
2003-11-21,17.5,0.063475,2.9301,2.9293
2003-11-22,17.5,,,
2003-11-23,17.5,,,
2003-11-24,17.5,0.063475,2.927,2.9262
2003-11-25,17.5,0.063475,2.9246,2.9238
2003-11-26,17.5,0.063441,2.9361,2.9353
2003-11-27,17.5,0.063441,2.9477,2.9469
2003-11-28,17.5,0.063407,2.9494,2.9486
2003-11-29,17.5,,,
2003-11-30,17.5,,,
2003-12-01,17.5,0.063373,2.9341,2.9333
2003-12-02,17.5,0.063475,2.9273,2.9265
2003-12-03,17.5,0.063441,2.9316,2.9308
2003-12-04,17.5,0.063441,2.9403,2.9395
2003-12-05,17.5,0.063441,2.9398,2.939
2003-12-06,17.5,,,
2003-12-07,17.5,,,
2003-12-08,17.5,0.063407,2.9422,2.9414
2003-12-09,17.5,0.063407,2.935,2.9342
2003-12-10,17.5,0.063373,2.9429,2.9421
2003-12-11,17.5,0.063339,2.9434,2.9426
2003-12-12,17.5,0.063305,2.942,2.9412
2003-12-13,17.5,,,
2003-12-14,17.5,,,
2003-12-15,17.5,0.063305,2.9293,2.9285
2003-12-16,17.5,0.063305,2.932,2.9312
2003-12-17,17.5,0.063238,2.9381,2.9373
2003-12-18,16.5,0.05994,2.9341,2.9333
2003-12-19,16.5,0.060076,2.9278,2.927
2003-12-20,16.5,,,
2003-12-21,16.5,,,
2003-12-22,16.5,0.060076,2.9239,2.9231
2003-12-23,16.5,0.060076,2.9175,2.9167
2003-12-24,16.5,0.060076,2.9082,2.9074
2003-12-25,16.5,,,
2003-12-26,16.5,0.060076,2.8994,2.8986
2003-12-27,16.5,,,
2003-12-28,16.5,,,
2003-12-29,16.5,0.060076,2.8883,2.8875
2003-12-30,16.5,0.060042,2.8892,2.8884
2003-12-31,16.5,0.060042,2.8892,2.8884
2004-01-01,16.5,,,
2004-01-02,16.5,0.060076,2.8862,2.8854
2004-01-03,16.5,,,
2004-01-04,16.5,,,
2004-01-05,16.5,0.060076,2.8627,2.8619
2004-01-06,16.5,0.060076,2.8508,2.85
2004-01-07,16.5,0.060042,2.8723,2.8715
2004-01-08,16.5,0.060042,2.8588,2.858
2004-01-09,16.5,0.060008,2.8422,2.8414
2004-01-10,16.5,,,
2004-01-11,16.5,,,
2004-01-12,16.5,0.060008,2.8163,2.8155
2004-01-13,16.5,0.060008,2.8022,2.8014
2004-01-14,16.5,0.059974,2.8142,2.8134
2004-01-15,16.5,0.059974,2.8126,2.8118
2004-01-16,16.5,0.05994,2.8184,2.8176
2004-01-17,16.5,,,
2004-01-18,16.5,,,
2004-01-19,16.5,0.05994,2.8419,2.8411
2004-01-20,16.5,0.05994,2.8382,2.8374
2004-01-21,16.5,0.059871,2.8417,2.8409
2004-01-22,16.5,0.060042,2.8417,2.8409
2004-01-23,16.5,0.060042,2.8435,2.8427
2004-01-24,16.5,,,
2004-01-25,16.5,,,
2004-01-26,16.5,0.060042,2.8431,2.8423
2004-01-27,16.5,0.060008,2.8587,2.8579
2004-01-28,16.5,0.060008,2.8785,2.8777
2004-01-29,16.5,0.05994,2.9236,2.9228
2004-01-30,16.5,0.059906,2.9409,2.9401
2004-01-31,16.5,,,
2004-02-01,16.5,,,
2004-02-02,16.5,0.059906,2.9486,2.9478
2004-02-03,16.5,0.059906,2.9326,2.9318
2004-02-04,16.5,0.059871,2.9106,2.9098
2004-02-05,16.5,0.059871,2.9335,2.9327
2004-02-06,16.5,0.059837,2.95,2.9492
2004-02-07,16.5,,,
2004-02-08,16.5,,,
2004-02-09,16.5,0.059837,2.9341,2.9333
2004-02-10,16.5,0.059803,2.9198,2.919
2004-02-11,16.5,0.059837,2.9253,2.9245
2004-02-12,16.5,0.059906,2.9042,2.9034
2004-02-13,16.5,0.060008,2.9085,2.9077
2004-02-14,16.5,,,
2004-02-15,16.5,,,
2004-02-16,16.5,0.060042,2.9066,2.9058
2004-02-17,16.5,0.060042,2.9125,2.9117
2004-02-18,16.5,0.060042,2.9296,2.9288
2004-02-19,16.5,0.060042,2.9509,2.9501
2004-02-20,16.5,0.060008,2.9878,2.987
2004-02-21,16.5,,,
2004-02-22,16.5,,,
2004-02-23,16.5,,,
2004-02-24,16.5,,,
2004-02-25,16.5,0.060008,2.9403,2.9395
2004-02-26,16.5,0.059974,2.9369,2.9361
2004-02-27,16.5,0.05994,2.9138,2.913
2004-02-28,16.5,,,
2004-02-29,16.5,,,
2004-03-01,16.5,0.059906,2.8945,2.8937
2004-03-02,16.5,0.059906,2.9086,2.9078
2004-03-03,16.5,0.059871,2.8812,2.8804
2004-03-04,16.5,0.059837,2.8878,2.887
2004-03-05,16.5,0.05994,2.879,2.8782
2004-03-06,16.5,,,
2004-03-07,16.5,,,
2004-03-08,16.5,0.059906,2.8752,2.8744
2004-03-09,16.5,0.059906,2.8758,2.875
2004-03-10,16.5,0.059871,2.8891,2.8883
2004-03-11,16.5,0.059837,2.9132,2.9124
2004-03-12,16.5,0.059803,2.9063,2.9055
2004-03-13,16.5,,,
2004-03-14,16.5,,,
2004-03-15,16.5,0.059769,2.9013,2.9005
2004-03-16,16.5,0.059735,2.9001,2.8993
2004-03-17,16.5,0.059701,2.907,2.9062
2004-03-18,16.25,0.058983,2.9135,2.9127
2004-03-19,16.25,0.059085,2.9,2.8992
2004-03-20,16.25,,,
2004-03-21,16.25,,,
2004-03-22,16.25,0.059222,2.9107,2.9099
2004-03-23,16.25,0.059325,2.9144,2.9136
2004-03-24,16.25,0.059291,2.9264,2.9256
2004-03-25,16.25,0.059256,2.9337,2.9329
2004-03-26,16.25,0.059291,2.941,2.9402
2004-03-27,16.25,,,
2004-03-28,16.25,,,
2004-03-29,16.25,0.059222,2.9365,2.9357
2004-03-30,16.25,0.059154,2.9216,2.9208
2004-03-31,16.25,0.059291,2.9086,2.9078
2004-04-01,16.25,0.059256,2.8904,2.8896
2004-04-02,16.25,0.059291,2.893,2.8922
2004-04-03,16.25,,,
2004-04-04,16.25,,,
2004-04-05,16.25,0.059291,2.8851,2.8843
2004-04-06,16.25,0.059256,2.8743,2.8735
2004-04-07,16.25,0.059256,2.8773,2.8765
2004-04-08,16.25,0.059222,2.8802,2.8794
2004-04-09,16.25,,,
2004-04-10,16.25,,,
2004-04-11,16.25,,,
2004-04-12,16.25,0.059222,2.8855,2.8847
2004-04-13,16.25,0.059188,2.8851,2.8843
2004-04-14,16.25,0.059119,2.8956,2.8948
2004-04-15,16.0,0.058435,2.9064,2.9056
2004-04-16,16.0,0.058435,2.9153,2.9145
2004-04-17,16.0,,,
2004-04-18,16.0,,,
2004-04-19,16.0,0.058503,2.9101,2.9093
2004-04-20,16.0,0.058503,2.9186,2.9178
2004-04-21,16.0,,,
2004-04-22,16.0,0.058435,2.9305,2.9297
2004-04-23,16.0,0.0584,2.9173,2.9165
2004-04-24,16.0,,,
2004-04-25,16.0,,,
2004-04-26,16.0,0.058366,2.9085,2.9077
2004-04-27,16.0,0.058332,2.9161,2.9153
2004-04-28,16.0,0.058298,2.9335,2.9327
2004-04-29,16.0,0.058229,2.9522,2.9514
2004-04-30,16.0,0.058229,2.9447,2.9439
2004-05-01,16.0,,,
2004-05-02,16.0,,,
2004-05-03,16.0,0.058195,2.9569,2.9561
2004-05-04,16.0,0.058195,2.9696,2.9688
2004-05-05,16.0,0.05816,2.9616,2.9608
2004-05-06,16.0,0.058126,2.9899,2.9891
2004-05-07,16.0,0.058092,3.0504,3.0496
2004-05-08,16.0,,,
2004-05-09,16.0,,,
2004-05-10,16.0,0.058058,3.1249,3.1241
2004-05-11,16.0,0.058023,3.1051,3.1043
2004-05-12,16.0,0.057989,3.1211,3.1203
2004-05-13,16.0,0.058023,3.1279,3.1271
2004-05-14,16.0,0.058126,3.0982,3.0974
2004-05-15,16.0,,,
2004-05-16,16.0,,,
2004-05-17,16.0,0.058092,3.122,3.1212
2004-05-18,16.0,0.058058,3.1169,3.1161
2004-05-19,16.0,0.057989,3.1059,3.1051
2004-05-20,16.0,0.058126,3.1813,3.1805
2004-05-21,16.0,0.058263,3.2051,3.2043
2004-05-22,16.0,,,
2004-05-23,16.0,,,
2004-05-24,16.0,0.058229,3.1798,3.179
2004-05-25,16.0,0.058195,3.1576,3.1568
2004-05-26,16.0,0.058229,3.157,3.1562
2004-05-27,16.0,0.058195,3.1524,3.1516
2004-05-28,16.0,0.05816,3.0961,3.0953
2004-05-29,16.0,,,
2004-05-30,16.0,,,
2004-05-31,16.0,0.05816,3.1291,3.1283
2004-06-01,16.0,0.05816,3.1567,3.1559
2004-06-02,16.0,0.058058,3.1302,3.1294
2004-06-03,16.0,0.058092,3.1443,3.1435
2004-06-04,16.0,0.058195,3.1335,3.1327
2004-06-05,16.0,,,
2004-06-06,16.0,,,
2004-06-07,16.0,0.058298,3.1119,3.1111
2004-06-08,16.0,0.058366,3.1155,3.1147
2004-06-09,16.0,0.058298,3.1166,3.1158
2004-06-10,16.0,,,
2004-06-11,16.0,0.058195,3.1402,3.1394
2004-06-12,16.0,,,
2004-06-13,16.0,,,
2004-06-14,16.0,0.058229,3.1651,3.1643
2004-06-15,16.0,0.058298,3.138,3.1372
2004-06-16,16.0,0.058229,3.1405,3.1397
2004-06-17,16.0,0.058195,3.128,3.1272
2004-06-18,16.0,0.058195,3.1388,3.138
2004-06-19,16.0,,,
2004-06-20,16.0,,,
2004-06-21,16.0,0.058263,3.1298,3.129
2004-06-22,16.0,0.058298,3.1341,3.1333
2004-06-23,16.0,0.058195,3.1258,3.125
2004-06-24,16.0,0.058195,3.103,3.1022
2004-06-25,16.0,0.058229,3.1096,3.1088
2004-06-26,16.0,,,
2004-06-27,16.0,,,
2004-06-28,16.0,0.058263,3.1247,3.1239
2004-06-29,16.0,0.058263,3.1183,3.1175
2004-06-30,16.0,0.058229,3.1075,3.1067
2004-07-01,16.0,0.058229,3.0747,3.0739
2004-07-02,16.0,0.058263,3.0502,3.0494
2004-07-03,16.0,,,
2004-07-04,16.0,,,
2004-07-05,16.0,0.058229,3.0316,3.0308
2004-07-06,16.0,0.058229,3.0418,3.041
2004-07-07,16.0,0.058195,3.0367,3.0359
2004-07-08,16.0,0.058126,3.0475,3.0467
2004-07-09,16.0,0.058126,3.0429,3.0421
2004-07-10,16.0,,,
2004-07-11,16.0,,,
2004-07-12,16.0,0.05816,3.0371,3.0363
2004-07-13,16.0,0.05816,3.042,3.0412
2004-07-14,16.0,0.058092,3.0284,3.0276
2004-07-15,16.0,0.058126,3.0215,3.0207
2004-07-16,16.0,0.058092,3.0021,3.0013
2004-07-17,16.0,,,
2004-07-18,16.0,,,
2004-07-19,16.0,0.058092,2.9939,2.9931
2004-07-20,16.0,0.058092,3.0041,3.0033
2004-07-21,16.0,0.058058,3.0247,3.0239
2004-07-22,16.0,0.058058,3.0392,3.0384
2004-07-23,16.0,0.058058,3.0465,3.0457
2004-07-24,16.0,,,
2004-07-25,16.0,,,
2004-07-26,16.0,0.058058,3.0573,3.0565
2004-07-27,16.0,0.058058,3.067,3.0662
2004-07-28,16.0,0.058092,3.0557,3.0549
2004-07-29,16.0,0.05816,3.0374,3.0366
2004-07-30,16.0,0.058298,3.0268,3.026
2004-07-31,16.0,,,
2004-08-01,16.0,,,
2004-08-02,16.0,0.058298,3.0466,3.0458
2004-08-03,16.0,0.058298,3.055,3.0542
2004-08-04,16.0,0.058332,3.0579,3.0571
2004-08-05,16.0,0.058366,3.0637,3.0629
2004-08-06,16.0,0.058435,3.0489,3.0481
2004-08-07,16.0,,,
2004-08-08,16.0,,,
2004-08-09,16.0,0.058435,3.0396,3.0388
2004-08-10,16.0,0.058469,3.0285,3.0277
2004-08-11,16.0,0.058503,3.0392,3.0384
2004-08-12,16.0,0.058503,3.0307,3.0299
2004-08-13,16.0,0.058503,3.0235,3.0227
2004-08-14,16.0,,,
2004-08-15,16.0,,,
2004-08-16,16.0,0.058503,3.0146,3.0138
2004-08-17,16.0,0.058503,2.9989,2.9981
2004-08-18,16.0,0.058469,2.9922,2.9914
2004-08-19,16.0,0.058435,2.9793,2.9785
2004-08-20,16.0,0.0584,2.9742,2.9734
2004-08-21,16.0,,,
2004-08-22,16.0,,,
2004-08-23,16.0,0.058366,2.9687,2.9679
2004-08-24,16.0,0.058332,2.9576,2.9568
2004-08-25,16.0,0.058366,2.9512,2.9504
2004-08-26,16.0,0.058435,2.9541,2.9533
2004-08-27,16.0,0.058503,2.9571,2.9563
2004-08-28,16.0,,,
2004-08-29,16.0,,,
2004-08-30,16.0,0.058606,2.9488,2.948
2004-08-31,16.0,0.058606,2.9338,2.933
2004-09-01,16.0,0.05864,2.9298,2.929
2004-09-02,16.0,0.05864,2.9361,2.9353
2004-09-03,16.0,0.05864,2.9289,2.9281
2004-09-04,16.0,,,
2004-09-05,16.0,,,
2004-09-06,16.0,0.05864,2.9142,2.9134
2004-09-07,16.0,,,
2004-09-08,16.0,0.058674,2.9014,2.9006
2004-09-09,16.0,0.058674,2.9028,2.902
2004-09-10,16.0,0.058709,2.8988,2.898
2004-09-11,16.0,,,
2004-09-12,16.0,,,
2004-09-13,16.0,0.058743,2.906,2.9052
2004-09-14,16.0,0.058811,2.9125,2.9117
2004-09-15,16.0,0.058811,2.9042,2.9034
2004-09-16,16.25,0.059667,2.8892,2.8884
2004-09-17,16.25,0.059701,2.8744,2.8736
2004-09-18,16.25,,,
2004-09-19,16.25,,,
2004-09-20,16.25,0.059735,2.8676,2.8668
2004-09-21,16.25,0.059735,2.8737,2.8729
2004-09-22,16.25,0.059735,2.8677,2.8669
2004-09-23,16.25,0.059735,2.8725,2.8717
2004-09-24,16.25,0.059735,2.8735,2.8727
2004-09-25,16.25,,,
2004-09-26,16.25,,,
2004-09-27,16.25,0.059735,2.8728,2.872
2004-09-28,16.25,0.059735,2.8692,2.8684
2004-09-29,16.25,0.059701,2.8602,2.8594
2004-09-30,16.25,0.059735,2.8586,2.8578
2004-10-01,16.25,0.059701,2.8513,2.8505
2004-10-02,16.25,,,
2004-10-03,16.25,,,
2004-10-04,16.25,0.059667,2.8265,2.8257
2004-10-05,16.25,0.059598,2.8241,2.8233
2004-10-06,16.25,0.059667,2.8362,2.8354
2004-10-07,16.25,0.059701,2.8518,2.851
2004-10-08,16.25,0.059735,2.8251,2.8243
2004-10-09,16.25,,,
2004-10-10,16.25,,,
2004-10-11,16.25,0.059735,2.8318,2.831
2004-10-12,16.25,,,
2004-10-13,16.25,0.059735,2.8374,2.8366
2004-10-14,16.25,0.059735,2.8631,2.8623
2004-10-15,16.25,0.059735,2.8623,2.8615
2004-10-16,16.25,,,
2004-10-17,16.25,,,
2004-10-18,16.25,0.059735,2.8547,2.8539
2004-10-19,16.25,0.059735,2.8706,2.8698
2004-10-20,16.25,0.059735,2.8847,2.8839
2004-10-21,16.75,0.061439,2.8535,2.8527
2004-10-22,16.75,0.061439,2.8489,2.8481
2004-10-23,16.75,,,
2004-10-24,16.75,,,
2004-10-25,16.75,0.061439,2.8817,2.8809
2004-10-26,16.75,0.061439,2.8729,2.8721
2004-10-27,16.75,0.061439,2.8585,2.8577
2004-10-28,16.75,0.061439,2.8655,2.8647
2004-10-29,16.75,0.061439,2.8565,2.8557
2004-10-30,16.75,,,
2004-10-31,16.75,,,
2004-11-01,16.75,0.061439,2.859,2.8582
2004-11-02,16.75,,,
2004-11-03,16.75,0.061405,2.8304,2.8296
2004-11-04,16.75,0.061405,2.8211,2.8203
2004-11-05,16.75,0.061405,2.8186,2.8178
2004-11-06,16.75,,,
2004-11-07,16.75,,,
2004-11-08,16.75,0.061439,2.8299,2.8291
2004-11-09,16.75,0.061439,2.8287,2.8279
2004-11-10,16.75,0.061439,2.8209,2.8201
2004-11-11,16.75,0.061439,2.82,2.8192
2004-11-12,16.75,0.061439,2.7991,2.7983
2004-11-13,16.75,,,
2004-11-14,16.75,,,
2004-11-15,16.75,,,
2004-11-16,16.75,0.061439,2.7856,2.7848
2004-11-17,16.75,0.061439,2.7674,2.7666
2004-11-18,17.25,0.063136,2.7603,2.7595
2004-11-19,17.25,0.063136,2.7637,2.7629
2004-11-20,17.25,,,
2004-11-21,17.25,,,
2004-11-22,17.25,0.063102,2.7678,2.767
2004-11-23,17.25,0.063102,2.7446,2.7438
2004-11-24,17.25,0.063136,2.7485,2.7477
2004-11-25,17.25,0.063102,2.7511,2.7503
2004-11-26,17.25,0.063068,2.7332,2.7324
2004-11-27,17.25,,,
2004-11-28,17.25,,,
2004-11-29,17.25,0.063068,2.7402,2.7394
2004-11-30,17.25,0.063035,2.7307,2.7299
2004-12-01,17.25,0.063102,2.7145,2.7137
2004-12-02,17.25,0.063102,2.7239,2.7231
2004-12-03,17.25,0.063102,2.7095,2.7087
2004-12-04,17.25,,,
2004-12-05,17.25,,,
2004-12-06,17.25,0.063136,2.7186,2.7178
2004-12-07,17.25,0.063136,2.7322,2.7314
2004-12-08,17.25,0.063136,2.7664,2.7656
2004-12-09,17.25,0.063136,2.7744,2.7736
2004-12-10,17.25,0.063136,2.7867,2.7859
2004-12-11,17.25,,,
2004-12-12,17.25,,,
2004-12-13,17.25,0.063136,2.7697,2.7689
2004-12-14,17.25,0.063136,2.758,2.7572
2004-12-15,17.25,0.06317,2.7508,2.75
2004-12-16,17.75,0.064826,2.7293,2.7285
2004-12-17,17.75,0.064826,2.7247,2.7239
2004-12-18,17.75,,,
2004-12-19,17.75,,,
2004-12-20,17.75,0.064826,2.6927,2.6919
2004-12-21,17.75,0.064826,2.6892,2.6884
2004-12-22,17.75,0.064826,2.699,2.6982
2004-12-23,17.75,0.064826,2.7067,2.7059
2004-12-24,17.75,0.064826,2.6912,2.6904
2004-12-25,17.75,,,
2004-12-26,17.75,,,
2004-12-27,17.75,0.064826,2.6983,2.6975
2004-12-28,17.75,0.064826,2.6895,2.6887
2004-12-29,17.75,0.064826,2.6836,2.6828
2004-12-30,17.75,0.06486,2.6544,2.6536
2004-12-31,17.75,0.06486,2.6544,2.6536
2005-01-01,17.75,,,
2005-01-02,17.75,,,
2005-01-03,17.75,0.064826,2.6682,2.6674
2005-01-04,17.75,0.064826,2.6887,2.6879
2005-01-05,17.75,0.064826,2.7096,2.7088
2005-01-06,17.75,0.064826,2.7207,2.7199
2005-01-07,17.75,0.064826,2.7032,2.7024
2005-01-08,17.75,,,
2005-01-09,17.75,,,
2005-01-10,17.75,0.064826,2.6973,2.6965
2005-01-11,17.75,0.064826,2.7106,2.7098
2005-01-12,17.75,0.064826,2.7113,2.7105
2005-01-13,17.75,0.064826,2.7011,2.7003
2005-01-14,17.75,0.064826,2.7074,2.7066
2005-01-15,17.75,,,
2005-01-16,17.75,,,
2005-01-17,17.75,0.064826,2.7007,2.6999
2005-01-18,17.75,0.064826,2.7139,2.7131
2005-01-19,17.75,0.06486,2.7185,2.7177
2005-01-20,18.25,0.066509,2.7222,2.7214
2005-01-21,18.25,0.066509,2.6999,2.6991
2005-01-22,18.25,,,
2005-01-23,18.25,,,
2005-01-24,18.25,0.066509,2.678,2.6772
2005-01-25,18.25,0.066509,2.6794,2.6786
2005-01-26,18.25,0.066509,2.6748,2.674
2005-01-27,18.25,0.066509,2.6645,2.6637
2005-01-28,18.25,0.066509,2.6587,2.6579
2005-01-29,18.25,,,
2005-01-30,18.25,,,
2005-01-31,18.25,0.066509,2.6248,2.624
2005-02-01,18.25,0.066509,2.613,2.6122
2005-02-02,18.25,0.066542,2.624,2.6232
2005-02-03,18.25,0.066542,2.6034,2.6026
2005-02-04,18.25,0.066542,2.603,2.6022
2005-02-05,18.25,,,
2005-02-06,18.25,,,
2005-02-07,18.25,,,
2005-02-08,18.25,,,
2005-02-09,18.25,0.066542,2.6078,2.607
2005-02-10,18.25,0.066542,2.6122,2.6114
2005-02-11,18.25,0.066576,2.6173,2.6165
2005-02-12,18.25,,,
2005-02-13,18.25,,,
2005-02-14,18.25,0.066576,2.5834,2.5826
2005-02-15,18.25,0.066576,2.5762,2.5754
2005-02-16,18.25,0.066576,2.5926,2.5918
2005-02-17,18.75,0.068218,2.5737,2.5729
2005-02-18,18.75,0.068218,2.5621,2.5613
2005-02-19,18.75,,,
2005-02-20,18.75,,,
2005-02-21,18.75,0.068218,2.5762,2.5754
2005-02-22,18.75,0.068218,2.5937,2.5929
2005-02-23,18.75,0.068218,2.5857,2.5849
2005-02-24,18.75,0.068218,2.6098,2.609
2005-02-25,18.75,0.068218,2.632,2.6312
2005-02-26,18.75,,,
2005-02-27,18.75,,,
2005-02-28,18.75,0.068184,2.595,2.5942
2005-03-01,18.75,0.068184,2.6011,2.6003
2005-03-02,18.75,0.068184,2.6368,2.636
2005-03-03,18.75,0.068184,2.6698,2.669
2005-03-04,18.75,0.068184,2.6615,2.6607
2005-03-05,18.75,,,
2005-03-06,18.75,,,
2005-03-07,18.75,0.068218,2.6624,2.6616
2005-03-08,18.75,0.068218,2.6934,2.6926
2005-03-09,18.75,0.068218,2.7113,2.7105
2005-03-10,18.75,0.068218,2.7319,2.7311
2005-03-11,18.75,0.068218,2.7021,2.7013
2005-03-12,18.75,,,
2005-03-13,18.75,,,
2005-03-14,18.75,0.068218,2.7523,2.7515
2005-03-15,18.75,0.068218,2.7621,2.7613
2005-03-16,18.75,0.068218,2.757,2.7562
2005-03-17,19.25,0.069853,2.7522,2.7514
2005-03-18,19.25,0.069853,2.7163,2.7155
2005-03-19,19.25,,,
2005-03-20,19.25,,,
2005-03-21,19.25,0.069853,2.7288,2.728
2005-03-22,19.25,0.069853,2.706,2.7052
2005-03-23,19.25,0.069853,2.7403,2.7395
2005-03-24,19.25,0.069853,2.7303,2.7295
2005-03-25,19.25,,,
2005-03-26,19.25,,,
2005-03-27,19.25,,,
2005-03-28,19.25,0.069886,2.7385,2.7377
2005-03-29,19.25,0.069886,2.7031,2.7023
2005-03-30,19.25,0.069886,2.6808,2.68
2005-03-31,19.25,0.069886,2.6662,2.6654
2005-04-01,19.25,0.069853,2.655,2.6542
2005-04-02,19.25,,,
2005-04-03,19.25,,,
2005-04-04,19.25,0.069853,2.6598,2.659
2005-04-05,19.25,0.069853,2.6255,2.6247
2005-04-06,19.25,0.069853,2.6067,2.6059
2005-04-07,19.25,0.069853,2.6019,2.6011
2005-04-08,19.25,0.069853,2.5942,2.5934
2005-04-09,19.25,,,
2005-04-10,19.25,,,
2005-04-11,19.25,0.069853,2.5783,2.5775
2005-04-12,19.25,0.069853,2.5899,2.5891
2005-04-13,19.25,0.069853,2.5598,2.559
2005-04-14,19.25,0.069853,2.5747,2.5739
2005-04-15,19.25,0.069853,2.5971,2.5963
2005-04-16,19.25,,,
2005-04-17,19.25,,,
2005-04-18,19.25,0.069853,2.6157,2.6149
2005-04-19,19.25,0.069853,2.5825,2.5817
2005-04-20,19.25,0.069853,2.5645,2.5637
2005-04-21,19.5,,,
2005-04-22,19.5,0.070685,2.5392,2.5384
2005-04-23,19.5,,,
2005-04-24,19.5,,,
2005-04-25,19.5,0.070685,2.5308,2.53
2005-04-26,19.5,0.070685,2.5355,2.5347
2005-04-27,19.5,0.070718,2.5195,2.5187
2005-04-28,19.5,0.070718,2.5217,2.5209
2005-04-29,19.5,0.070718,2.5313,2.5305
2005-04-30,19.5,,,
2005-05-01,19.5,,,
2005-05-02,19.5,0.070718,2.5146,2.5138
2005-05-03,19.5,0.070751,2.5007,2.4999
2005-05-04,19.5,0.070751,2.4765,2.4757
2005-05-05,19.5,0.070751,2.4687,2.4679
2005-05-06,19.5,0.070751,2.4594,2.4586
2005-05-07,19.5,,,
2005-05-08,19.5,,,
2005-05-09,19.5,0.070784,2.4538,2.453
2005-05-10,19.5,0.070784,2.465,2.4642
2005-05-11,19.5,0.070784,2.4719,2.4711
2005-05-12,19.5,0.070784,2.4648,2.464
2005-05-13,19.5,0.070784,2.4715,2.4707
2005-05-14,19.5,,,
2005-05-15,19.5,,,
2005-05-16,19.5,0.070784,2.4772,2.4764
2005-05-17,19.5,0.070784,2.4779,2.4771
2005-05-18,19.5,0.070751,2.4636,2.4628
2005-05-19,19.75,0.071581,2.4458,2.445
2005-05-20,19.75,0.071548,2.4493,2.4485
2005-05-21,19.75,,,
2005-05-22,19.75,,,
2005-05-23,19.75,0.071548,2.4299,2.4291
2005-05-24,19.75,0.071548,2.4313,2.4305
2005-05-25,19.75,0.071548,2.4116,2.4108
2005-05-26,19.75,,,
2005-05-27,19.75,0.071548,2.3934,2.3926
2005-05-28,19.75,,,
2005-05-29,19.75,,,
2005-05-30,19.75,0.071548,2.3784,2.3776
2005-05-31,19.75,0.071581,2.4038,2.403
2005-06-01,19.75,0.071581,2.4286,2.4278
2005-06-02,19.75,0.071548,2.4202,2.4194
2005-06-03,19.75,0.071548,2.4029,2.4021
2005-06-04,19.75,,,
2005-06-05,19.75,,,
2005-06-06,19.75,0.071548,2.4576,2.4568
2005-06-07,19.75,0.071548,2.4632,2.4624
2005-06-08,19.75,0.071548,2.4464,2.4456
2005-06-09,19.75,0.071548,2.4891,2.4883
2005-06-10,19.75,0.071548,2.4751,2.4743
2005-06-11,19.75,,,
2005-06-12,19.75,,,
2005-06-13,19.75,0.071548,2.4562,2.4554
2005-06-14,19.75,0.071548,2.4375,2.4367
2005-06-15,19.75,0.071548,2.4455,2.4447
2005-06-16,19.75,0.071515,2.4161,2.4153
2005-06-17,19.75,0.071515,2.3873,2.3865
2005-06-18,19.75,,,
2005-06-19,19.75,,,
2005-06-20,19.75,0.071515,2.3855,2.3847
2005-06-21,19.75,0.071515,2.3772,2.3764
2005-06-22,19.75,0.071515,2.3703,2.3695
2005-06-23,19.75,0.071515,2.3932,2.3924
2005-06-24,19.75,0.071515,2.3877,2.3869
2005-06-25,19.75,,,
2005-06-26,19.75,,,
2005-06-27,19.75,0.071515,2.383,2.3822
2005-06-28,19.75,0.071515,2.3694,2.3686
2005-06-29,19.75,0.071515,2.3549,2.3541
2005-06-30,19.75,0.071515,2.3504,2.3496
2005-07-01,19.75,0.071481,2.3459,2.3451
2005-07-02,19.75,,,
2005-07-03,19.75,,,
2005-07-04,19.75,0.071448,2.3715,2.3707
2005-07-05,19.75,0.071448,2.3668,2.366
2005-07-06,19.75,0.071448,2.3901,2.3893
2005-07-07,19.75,0.071448,2.389,2.3882
2005-07-08,19.75,0.071448,2.3683,2.3675
2005-07-09,19.75,,,
2005-07-10,19.75,,,
2005-07-11,19.75,0.071448,2.3502,2.3494
2005-07-12,19.75,0.071448,2.3353,2.3345
2005-07-13,19.75,0.071448,2.3482,2.3474
2005-07-14,19.75,0.071448,2.3433,2.3425
2005-07-15,19.75,0.071481,2.3427,2.3419
2005-07-16,19.75,,,
2005-07-17,19.75,,,
2005-07-18,19.75,0.071448,2.3304,2.3296
2005-07-19,19.75,0.071448,2.3434,2.3426
2005-07-20,19.75,0.071448,2.3522,2.3514
2005-07-21,19.75,0.071448,2.3405,2.3397
2005-07-22,19.75,0.071448,2.3761,2.3753
2005-07-23,19.75,,,
2005-07-24,19.75,,,
2005-07-25,19.75,0.071448,2.4287,2.4279
2005-07-26,19.75,0.071448,2.4656,2.4648
2005-07-27,19.75,0.071448,2.4439,2.4431
2005-07-28,19.75,0.071481,2.4211,2.4203
2005-07-29,19.75,0.071515,2.3905,2.3897
2005-07-30,19.75,,,
2005-07-31,19.75,,,
2005-08-01,19.75,0.071515,2.3785,2.3777
2005-08-02,19.75,0.071548,2.353,2.3522
2005-08-03,19.75,0.071548,2.3151,2.3143
2005-08-04,19.75,0.071581,2.3054,2.3046
2005-08-05,19.75,0.071581,2.2986,2.2978
2005-08-06,19.75,,,
2005-08-07,19.75,,,
2005-08-08,19.75,0.071581,2.31,2.3092
2005-08-09,19.75,0.071581,2.3151,2.3143
2005-08-10,19.75,0.071581,2.2767,2.2759
2005-08-11,19.75,0.071581,2.3169,2.3161
2005-08-12,19.75,0.071581,2.3758,2.375
2005-08-13,19.75,,,
2005-08-14,19.75,,,
2005-08-15,19.75,0.071581,2.3422,2.3414
2005-08-16,19.75,0.071614,2.3442,2.3434
2005-08-17,19.75,0.071548,2.3492,2.3484
2005-08-18,19.75,0.071515,2.3637,2.3629
2005-08-19,19.75,0.071515,2.4316,2.4308
2005-08-20,19.75,,,
2005-08-21,19.75,,,
2005-08-22,19.75,0.071515,2.4028,2.402
2005-08-23,19.75,0.071515,2.4097,2.4089
2005-08-24,19.75,0.071515,2.4235,2.4227
2005-08-25,19.75,0.071515,2.4203,2.4195
2005-08-26,19.75,0.071515,2.4129,2.4121
2005-08-27,19.75,,,
2005-08-28,19.75,,,
2005-08-29,19.75,0.071481,2.3995,2.3987
2005-08-30,19.75,0.071481,2.3861,2.3853
2005-08-31,19.75,0.071481,2.3637,2.3629
2005-09-01,19.75,0.071515,2.3623,2.3615
2005-09-02,19.75,0.071481,2.3429,2.3421
2005-09-03,19.75,,,
2005-09-04,19.75,,,
2005-09-05,19.75,0.071481,2.3295,2.3287
2005-09-06,19.75,0.071515,2.3262,2.3254
2005-09-07,19.75,,,
2005-09-08,19.75,0.071515,2.3198,2.319
2005-09-09,19.75,0.071515,2.3175,2.3167
2005-09-10,19.75,,,
2005-09-11,19.75,,,
2005-09-12,19.75,0.071515,2.3197,2.3189
2005-09-13,19.75,0.071515,2.3269,2.3261
2005-09-14,19.75,0.071515,2.33,2.3292
2005-09-15,19.5,0.070685,2.3012,2.3004
2005-09-16,19.5,0.070718,2.2937,2.2929
2005-09-17,19.5,,,
2005-09-18,19.5,,,
2005-09-19,19.5,0.070751,2.2905,2.2897
2005-09-20,19.5,0.070751,2.2948,2.294
2005-09-21,19.5,0.070718,2.2827,2.2819
2005-09-22,19.5,0.070751,2.2752,2.2744
2005-09-23,19.5,0.070718,2.2682,2.2674
2005-09-24,19.5,,,
2005-09-25,19.5,,,
2005-09-26,19.5,0.070718,2.2583,2.2575
2005-09-27,19.5,0.070718,2.2533,2.2525
2005-09-28,19.5,0.070784,2.2433,2.2425
2005-09-29,19.5,0.070784,2.2244,2.2236
2005-09-30,19.5,0.070818,2.2222,2.2214
2005-10-01,19.5,,,
2005-10-02,19.5,,,
2005-10-03,19.5,0.070651,2.2339,2.2331
2005-10-04,19.5,0.070585,2.2424,2.2416
2005-10-05,19.5,0.070552,2.2685,2.2677
2005-10-06,19.5,0.070552,2.2886,2.2878
2005-10-07,19.5,0.070552,2.263,2.2622
2005-10-08,19.5,,,
2005-10-09,19.5,,,
2005-10-10,19.5,0.070552,2.2384,2.2376
2005-10-11,19.5,0.070552,2.2351,2.2343
2005-10-12,19.5,,,
2005-10-13,19.5,0.070552,2.2627,2.2619
2005-10-14,19.5,0.070552,2.2511,2.2503
2005-10-15,19.5,,,
2005-10-16,19.5,,,
2005-10-17,19.5,0.070552,2.2352,2.2344
2005-10-18,19.5,0.070552,2.2405,2.2397
2005-10-19,19.5,0.070552,2.2535,2.2527
2005-10-20,19.0,0.068886,2.2443,2.2435
2005-10-21,19.0,0.068886,2.2546,2.2538
2005-10-22,19.0,,,
2005-10-23,19.0,,,
2005-10-24,19.0,0.068886,2.2623,2.2615
2005-10-25,19.0,0.068886,2.2618,2.261
2005-10-26,19.0,0.068886,2.2746,2.2738
2005-10-27,19.0,0.068886,2.2851,2.2843
2005-10-28,19.0,0.068886,2.2791,2.2783
2005-10-29,19.0,,,
2005-10-30,19.0,,,
2005-10-31,19.0,0.068886,2.2543,2.2535
2005-11-01,19.0,0.068886,2.2516,2.2508
2005-11-02,19.0,,,
2005-11-03,19.0,0.068886,2.2336,2.2328
2005-11-04,19.0,0.068919,2.2231,2.2223
2005-11-05,19.0,,,
2005-11-06,19.0,,,
2005-11-07,19.0,0.068953,2.2013,2.2005
2005-11-08,19.0,0.06902,2.2032,2.2024
2005-11-09,19.0,0.069086,2.1717,2.1709
2005-11-10,19.0,0.06912,2.1757,2.1749
2005-11-11,19.0,0.069153,2.1633,2.1625
2005-11-12,19.0,,,
2005-11-13,19.0,,,
2005-11-14,19.0,0.069153,2.199,2.1982
2005-11-15,19.0,,,
2005-11-16,19.0,0.06912,2.1974,2.1966
2005-11-17,19.0,0.069086,2.1866,2.1858
2005-11-18,19.0,0.069053,2.2187,2.2179
2005-11-19,19.0,,,
2005-11-20,19.0,,,
2005-11-21,19.0,0.068986,2.2181,2.2173
2005-11-22,19.0,0.068986,2.2511,2.2503
2005-11-23,19.0,0.068919,2.238,2.2372
2005-11-24,18.5,0.067247,2.237,2.2362
2005-11-25,18.5,0.06728,2.2329,2.2321
2005-11-26,18.5,,,
2005-11-27,18.5,,,
2005-11-28,18.5,0.067347,2.2094,2.2086
2005-11-29,18.5,0.067381,2.198,2.1972
2005-11-30,18.5,0.067481,2.207,2.2062
2005-12-01,18.5,0.067448,2.2177,2.2169
2005-12-02,18.5,0.067381,2.2061,2.2053
2005-12-03,18.5,,,
2005-12-04,18.5,,,
2005-12-05,18.5,0.067347,2.1968,2.196
2005-12-06,18.5,0.067314,2.1807,2.1799
2005-12-07,18.5,0.067314,2.18,2.1792
2005-12-08,18.5,0.067314,2.2127,2.2119
2005-12-09,18.5,0.067314,2.2446,2.2438
2005-12-10,18.5,,,
2005-12-11,18.5,,,
2005-12-12,18.5,0.067314,2.2634,2.2626
2005-12-13,18.5,0.067314,2.2565,2.2557
2005-12-14,18.5,0.067314,2.2779,2.2771
2005-12-15,18.0,0.065702,2.2957,2.2949
2005-12-16,18.0,0.065803,2.3356,2.3348
2005-12-17,18.0,,,
2005-12-18,18.0,,,
2005-12-19,18.0,0.065836,2.3735,2.3727
2005-12-20,18.0,0.065836,2.3497,2.3489
2005-12-21,18.0,0.065836,2.3168,2.316
2005-12-22,18.0,0.065836,2.3254,2.3246
2005-12-23,18.0,0.065836,2.3327,2.3319
2005-12-24,18.0,,,
2005-12-25,18.0,,,
2005-12-26,18.0,0.065836,2.3325,2.3317
2005-12-27,18.0,0.065836,2.3526,2.3518
2005-12-28,18.0,0.065836,2.3483,2.3475
2005-12-29,18.0,0.06587,2.3407,2.3399
2005-12-30,18.0,0.06587,2.3407,2.3399
2005-12-31,18.0,,,
2006-01-01,18.0,,,
2006-01-02,18.0,0.065635,2.337,2.3362
2006-01-03,18.0,0.065635,2.346,2.3452
2006-01-04,18.0,0.065601,2.3066,2.3058
2006-01-05,18.0,0.065567,2.2825,2.2817
2006-01-06,18.0,0.065534,2.287,2.2862
2006-01-07,18.0,,,
2006-01-08,18.0,,,
2006-01-09,18.0,0.065534,2.2632,2.2624
2006-01-10,18.0,0.065534,2.2638,2.263
2006-01-11,18.0,0.065534,2.2679,2.2671
2006-01-12,18.0,0.065534,2.2729,2.2721
2006-01-13,18.0,0.065534,2.2747,2.2739
2006-01-14,18.0,,,
2006-01-15,18.0,,,
2006-01-16,18.0,0.065534,2.2762,2.2754
2006-01-17,18.0,0.065534,2.2924,2.2916
2006-01-18,18.0,0.065534,2.3276,2.3268
2006-01-19,17.25,0.063001,2.3225,2.3217
2006-01-20,17.25,0.063001,2.2756,2.2748
2006-01-21,17.25,,,
2006-01-22,17.25,,,
2006-01-23,17.25,0.063001,2.2609,2.2601
2006-01-24,17.25,0.063001,2.244,2.2432
2006-01-25,17.25,0.063035,2.2433,2.2425
2006-01-26,17.25,0.063068,2.2382,2.2374
2006-01-27,17.25,0.063102,2.2152,2.2144
2006-01-28,17.25,,,
2006-01-29,17.25,,,
2006-01-30,17.25,0.063102,2.2116,2.2108
2006-01-31,17.25,0.063102,2.216,2.2152
2006-02-01,17.25,0.063102,2.2217,2.2209
2006-02-02,17.25,0.063136,2.221,2.2202
2006-02-03,17.25,0.063204,2.2202,2.2194
2006-02-04,17.25,,,
2006-02-05,17.25,,,
2006-02-06,17.25,0.063238,2.1877,2.1869
2006-02-07,17.25,0.063272,2.1866,2.1858
2006-02-08,17.25,0.063305,2.1956,2.1948
2006-02-09,17.25,0.063305,2.1778,2.177
2006-02-10,17.25,0.063305,2.1575,2.1567
2006-02-11,17.25,,,
2006-02-12,17.25,,,
2006-02-13,17.25,0.063305,2.1621,2.1613
2006-02-14,17.25,0.063305,2.1435,2.1427
2006-02-15,17.25,0.063305,2.1375,2.1367
2006-02-16,17.25,0.063305,2.1177,2.1169
2006-02-17,17.25,0.063305,2.1186,2.1178
2006-02-18,17.25,,,
2006-02-19,17.25,,,
2006-02-20,17.25,0.063305,2.1182,2.1174
2006-02-21,17.25,0.063305,2.1297,2.1289
2006-02-22,17.25,0.063305,2.1484,2.1476
2006-02-23,17.25,0.063305,2.1353,2.1345
2006-02-24,17.25,0.063305,2.1355,2.1347
2006-02-25,17.25,,,
2006-02-26,17.25,,,
2006-02-27,17.25,,,
2006-02-28,17.25,,,
2006-03-01,17.25,0.063305,2.1181,2.1173
2006-03-02,17.25,0.063305,2.1134,2.1126
2006-03-03,17.25,0.063305,2.1155,2.1147
2006-03-04,17.25,,,
2006-03-05,17.25,,,
2006-03-06,17.25,0.063305,2.1261,2.1253
2006-03-07,17.25,0.063305,2.1682,2.1674
2006-03-08,17.25,0.063305,2.1778,2.177
2006-03-09,16.5,0.060758,2.1615,2.1607
2006-03-10,16.5,0.060758,2.1447,2.1439
2006-03-11,16.5,,,
2006-03-12,16.5,,,
2006-03-13,16.5,0.060758,2.1349,2.1341
2006-03-14,16.5,0.060758,2.1269,2.1261
2006-03-15,16.5,0.060758,2.1215,2.1207
2006-03-16,16.5,0.060758,2.1067,2.1059
2006-03-17,16.5,0.060758,2.1188,2.118
2006-03-18,16.5,,,
2006-03-19,16.5,,,
2006-03-20,16.5,0.060758,2.1386,2.1378
2006-03-21,16.5,0.060758,2.1591,2.1583
2006-03-22,16.5,0.060758,2.1553,2.1545
2006-03-23,16.5,0.060758,2.1506,2.1498
2006-03-24,16.5,0.060758,2.1628,2.162
2006-03-25,16.5,,,
2006-03-26,16.5,,,
2006-03-27,16.5,0.060758,2.1804,2.1796
2006-03-28,16.5,0.060758,2.2238,2.223
2006-03-29,16.5,0.060758,2.2228,2.222
2006-03-30,16.5,0.060758,2.1952,2.1944
2006-03-31,16.5,0.060758,2.1724,2.1716
2006-04-01,16.5,,,
2006-04-02,16.5,,,
2006-04-03,16.5,0.060452,2.1542,2.1534
2006-04-04,16.5,0.060452,2.1293,2.1285
2006-04-05,16.5,0.060452,2.1344,2.1336
2006-04-06,16.5,0.060452,2.1299,2.1291
2006-04-07,16.5,0.060452,2.1409,2.1401
2006-04-08,16.5,,,
2006-04-09,16.5,,,
2006-04-10,16.5,0.060452,2.1522,2.1514
2006-04-11,16.5,0.060452,2.142,2.1412
2006-04-12,16.5,0.060452,2.1336,2.1328
2006-04-13,16.5,0.060452,2.1426,2.1418
2006-04-14,16.5,,,
2006-04-15,16.5,,,
2006-04-16,16.5,,,
2006-04-17,16.5,0.060452,2.1343,2.1335
2006-04-18,16.5,0.060452,2.1292,2.1284
2006-04-19,15.75,0.060417,2.1143,2.1135
2006-04-20,15.75,0.057852,2.1236,2.1228
2006-04-21,15.75,,,
2006-04-22,15.75,,,
2006-04-23,15.75,,,
2006-04-24,15.75,0.057817,2.1182,2.1174
2006-04-25,15.75,0.057817,2.1233,2.1225
2006-04-26,15.75,0.057817,2.1224,2.1216
2006-04-27,15.75,0.057852,2.1136,2.1128
2006-04-28,15.75,0.057886,2.0892,2.0884
2006-04-29,15.75,,,
2006-04-30,15.75,,,
2006-05-01,15.75,,,
2006-05-02,15.75,0.057886,2.0718,2.071
2006-05-03,15.75,0.05792,2.0706,2.0698
2006-05-04,15.75,0.05792,2.0667,2.0659
2006-05-05,15.75,0.058126,2.0587,2.0579
2006-05-06,15.75,,,
2006-05-07,15.75,,,
2006-05-08,15.75,0.058126,2.0651,2.0643
2006-05-09,15.75,0.058126,2.0642,2.0634
2006-05-10,15.75,0.05792,2.0586,2.0578
2006-05-11,15.75,0.057886,2.0881,2.0873
2006-05-12,15.75,0.058058,2.1307,2.1299
2006-05-13,15.75,,,
2006-05-14,15.75,,,
2006-05-15,15.75,0.058023,2.1774,2.1766
2006-05-16,15.75,0.058126,2.1403,2.1395
2006-05-17,15.75,0.057817,2.1826,2.1818
2006-05-18,15.75,0.057817,2.1833,2.1825
2006-05-19,15.75,0.057749,2.193,2.1922
2006-05-20,15.75,,,
2006-05-21,15.75,,,
2006-05-22,15.75,0.057749,2.2883,2.2875
2006-05-23,15.75,0.057783,2.2601,2.2593
2006-05-24,15.75,0.057749,2.3711,2.3703
2006-05-25,15.75,0.057783,2.315,2.3142
2006-05-26,15.75,0.057749,2.252,2.2512
2006-05-27,15.75,,,
2006-05-28,15.75,,,
2006-05-29,15.75,0.057783,2.2566,2.2558
2006-05-30,15.75,0.057749,2.3235,2.3227
2006-05-31,15.75,0.057749,2.3005,2.2997
2006-06-01,15.25,0.056063,2.2713,2.2705
2006-06-02,15.25,0.056028,2.2595,2.2587
2006-06-03,15.25,,,
2006-06-04,15.25,,,
2006-06-05,15.25,0.056063,2.2557,2.2549
2006-06-06,15.25,0.056063,2.2686,2.2678
2006-06-07,15.25,0.056063,2.25,2.2492
2006-06-08,15.25,0.056063,2.2701,2.2693
2006-06-09,15.25,0.056063,2.2615,2.2607
2006-06-10,15.25,,,
2006-06-11,15.25,,,
2006-06-12,15.25,0.056097,2.2707,2.2699
2006-06-13,15.25,0.056132,2.3018,2.301
2006-06-14,15.25,0.056097,2.2845,2.2837
2006-06-15,15.25,,,
2006-06-16,15.25,0.056097,2.2521,2.2513
2006-06-17,15.25,,,
2006-06-18,15.25,,,
2006-06-19,15.25,0.056097,2.2404,2.2396
2006-06-20,15.25,0.056097,2.2506,2.2498
2006-06-21,15.25,0.056097,2.2378,2.237
2006-06-22,15.25,0.056097,2.2391,2.2383
2006-06-23,15.25,0.056063,2.2462,2.2454
2006-06-24,15.25,,,
2006-06-25,15.25,,,
2006-06-26,15.25,0.056097,2.2259,2.2251
2006-06-27,15.25,0.056097,2.2315,2.2307
2006-06-28,15.25,0.056097,2.2262,2.2254
2006-06-29,15.25,0.056097,2.2063,2.2055
2006-06-30,15.25,0.056097,2.1643,2.1635
2006-07-01,15.25,,,
2006-07-02,15.25,,,
2006-07-03,15.25,0.056063,2.1701,2.1693
2006-07-04,15.25,0.056097,2.1646,2.1638
2006-07-05,15.25,0.056097,2.1955,2.1947
2006-07-06,15.25,0.056097,2.184,2.1832
2006-07-07,15.25,0.056097,2.1765,2.1757
2006-07-08,15.25,,,
2006-07-09,15.25,,,
2006-07-10,15.25,0.056097,2.175,2.1742
2006-07-11,15.25,0.056097,2.1859,2.1851
2006-07-12,15.25,0.056097,2.1915,2.1907
2006-07-13,15.25,0.056097,2.2106,2.2098
2006-07-14,15.25,0.056097,2.213,2.2122
2006-07-15,15.25,,,
2006-07-16,15.25,,,
2006-07-17,15.25,0.056028,2.2126,2.2118
2006-07-18,15.25,0.056132,2.1962,2.1954
2006-07-19,15.25,0.056063,2.181,2.1802
2006-07-20,14.75,0.054301,2.1895,2.1887
2006-07-21,14.75,0.054266,2.1935,2.1927
2006-07-22,14.75,,,
2006-07-23,14.75,,,
2006-07-24,14.75,0.054301,2.1916,2.1908
2006-07-25,14.75,0.054301,2.1993,2.1985
2006-07-26,14.75,0.054301,2.1984,2.1976
2006-07-27,14.75,0.054301,2.1899,2.1891
2006-07-28,14.75,0.054266,2.18,2.1792
2006-07-29,14.75,,,
2006-07-30,14.75,,,
2006-07-31,14.75,0.054301,2.1762,2.1754
2006-08-01,14.75,0.054301,2.1905,2.1897
2006-08-02,14.75,0.054301,2.1821,2.1813
2006-08-03,14.75,0.054335,2.1835,2.1827
2006-08-04,14.75,0.054301,2.172,2.1712
2006-08-05,14.75,,,
2006-08-06,14.75,,,
2006-08-07,14.75,0.054301,2.1793,2.1785
2006-08-08,14.75,0.054301,2.1839,2.1831
2006-08-09,14.75,0.054301,2.1687,2.1679
2006-08-10,14.75,0.054301,2.1628,2.162
2006-08-11,14.75,0.054335,2.1616,2.1608
2006-08-12,14.75,,,
2006-08-13,14.75,,,
2006-08-14,14.75,0.054405,2.1605,2.1597
2006-08-15,14.75,0.054439,2.148,2.1472
2006-08-16,14.75,0.054405,2.1329,2.1321
2006-08-17,14.75,0.054405,2.1365,2.1357
2006-08-18,14.75,0.054578,2.1456,2.1448
2006-08-19,14.75,,,
2006-08-20,14.75,,,
2006-08-21,14.75,0.054439,2.1361,2.1353
2006-08-22,14.75,0.054405,2.1355,2.1347
2006-08-23,14.75,0.05437,2.1354,2.1346
2006-08-24,14.75,0.054405,2.1523,2.1515
2006-08-25,14.75,0.05437,2.1571,2.1563
2006-08-26,14.75,,,
2006-08-27,14.75,,,
2006-08-28,14.75,0.054405,2.1473,2.1465
2006-08-29,14.75,0.054405,2.1419,2.1411
2006-08-30,14.75,0.054335,2.133,2.1322
2006-08-31,14.25,0.052635,2.1388,2.138
2006-09-01,14.25,0.0526,2.1468,2.146
2006-09-02,14.25,,,
2006-09-03,14.25,,,
2006-09-04,14.25,0.0526,2.1282,2.1274
2006-09-05,14.25,0.052635,2.1288,2.128
2006-09-06,14.25,0.0526,2.1443,2.1435
2006-09-07,14.25,,,
2006-09-08,14.25,0.0526,2.1582,2.1574
2006-09-09,14.25,,,
2006-09-10,14.25,,,
2006-09-11,14.25,0.0526,2.1751,2.1743
2006-09-12,14.25,0.0526,2.1732,2.1724
2006-09-13,14.25,0.0526,2.17,2.1692
2006-09-14,14.25,0.0526,2.1593,2.1585
2006-09-15,14.25,0.0526,2.154,2.1532
2006-09-16,14.25,,,
2006-09-17,14.25,,,
2006-09-18,14.25,0.052566,2.1453,2.1445
2006-09-19,14.25,0.0526,2.1518,2.151
2006-09-20,14.25,0.0526,2.169,2.1682
2006-09-21,14.25,0.052635,2.1969,2.1961
2006-09-22,14.25,0.0526,2.2177,2.2169
2006-09-23,14.25,,,
2006-09-24,14.25,,,
2006-09-25,14.25,0.0526,2.2188,2.218
2006-09-26,14.25,0.0526,2.198,2.1972
2006-09-27,14.25,0.0526,2.186,2.1852
2006-09-28,14.25,0.0526,2.1793,2.1785
2006-09-29,14.25,0.0526,2.1742,2.1734
2006-09-30,14.25,,,
2006-10-01,14.25,,,
2006-10-02,14.25,0.052566,2.1623,2.1615
2006-10-03,14.25,0.052566,2.1655,2.1647
2006-10-04,14.25,0.052566,2.1676,2.1668
2006-10-05,14.25,0.052566,2.1629,2.1621
2006-10-06,14.25,0.0526,2.1636,2.1628
2006-10-07,14.25,,,
2006-10-08,14.25,,,
2006-10-09,14.25,0.052566,2.1588,2.158
2006-10-10,14.25,0.052566,2.1497,2.1489
2006-10-11,14.25,0.052566,2.1546,2.1538
2006-10-12,14.25,,,
2006-10-13,14.25,0.052566,2.1419,2.1411
2006-10-14,14.25,,,
2006-10-15,14.25,,,
2006-10-16,14.25,0.052566,2.1331,2.1323
2006-10-17,14.25,0.052566,2.1361,2.1353
2006-10-18,14.25,0.052566,2.1339,2.1331
2006-10-19,13.75,0.050858,2.1387,2.1379
2006-10-20,13.75,0.050788,2.1457,2.1449
2006-10-21,13.75,,,
2006-10-22,13.75,,,
2006-10-23,13.75,0.050823,2.1391,2.1383
2006-10-24,13.75,0.050858,2.1467,2.1459
2006-10-25,13.75,0.050893,2.151,2.1502
2006-10-26,13.75,0.050893,2.1363,2.1355
2006-10-27,13.75,0.050858,2.1378,2.137
2006-10-28,13.75,,,
2006-10-29,13.75,,,
2006-10-30,13.75,0.050893,2.1456,2.1448
2006-10-31,13.75,0.050893,2.143,2.1422
2006-11-01,13.75,0.050893,2.141,2.1402
2006-11-02,13.75,,,
2006-11-03,13.75,0.050858,2.142,2.1412
2006-11-04,13.75,,,
2006-11-05,13.75,,,
2006-11-06,13.75,0.050928,2.1378,2.137
2006-11-07,13.75,0.050928,2.1353,2.1345
2006-11-08,13.75,0.050928,2.1464,2.1456
2006-11-09,13.75,0.050893,2.1412,2.1404
2006-11-10,13.75,0.050823,2.1489,2.1481
2006-11-11,13.75,,,
2006-11-12,13.75,,,
2006-11-13,13.75,0.050893,2.162,2.1612
2006-11-14,13.75,0.050858,2.1537,2.1529
2006-11-15,13.75,,,
2006-11-16,13.75,0.050823,2.1517,2.1509
2006-11-17,13.75,0.050823,2.1593,2.1585
2006-11-18,13.75,,,
2006-11-19,13.75,,,
2006-11-20,13.75,0.050893,2.1622,2.1614
2006-11-21,13.75,0.050893,2.1638,2.163
2006-11-22,13.75,0.050823,2.1623,2.1615
2006-11-23,13.75,0.050858,2.1683,2.1675
2006-11-24,13.75,0.050823,2.17,2.1692
2006-11-25,13.75,,,
2006-11-26,13.75,,,
2006-11-27,13.75,0.050823,2.18,2.1792
2006-11-28,13.75,0.050893,2.187,2.1862
2006-11-29,13.75,0.050893,2.1783,2.1775
2006-11-30,13.25,0.049143,2.1668,2.166
2006-12-01,13.25,0.049143,2.1672,2.1664
2006-12-02,13.25,,,
2006-12-03,13.25,,,
2006-12-04,13.25,0.049143,2.1693,2.1685
2006-12-05,13.25,0.049178,2.156,2.1552
2006-12-06,13.25,0.049143,2.1528,2.152
2006-12-07,13.25,0.049143,2.1428,2.142
2006-12-08,13.25,0.049143,2.1442,2.1434
2006-12-09,13.25,,,
2006-12-10,13.25,,,
2006-12-11,13.25,0.049178,2.1384,2.1376
2006-12-12,13.25,0.049143,2.1481,2.1473
2006-12-13,13.25,0.049178,2.1459,2.1451
2006-12-14,13.25,0.049178,2.146,2.1452
2006-12-15,13.25,0.049143,2.147,2.1462
2006-12-16,13.25,,,
2006-12-17,13.25,,,
2006-12-18,13.25,0.049178,2.147,2.1462
2006-12-19,13.25,0.049178,2.1572,2.1564
2006-12-20,13.25,0.049178,2.156,2.1552
2006-12-21,13.25,0.049178,2.1593,2.1585
2006-12-22,13.25,0.049178,2.1518,2.151
2006-12-23,13.25,,,
2006-12-24,13.25,,,
2006-12-25,13.25,,,
2006-12-26,13.25,0.049178,2.1437,2.1429
2006-12-27,13.25,0.049143,2.1497,2.1489
2006-12-28,13.25,0.049178,2.138,2.1372
2006-12-29,13.25,0.049178,2.138,2.1372
2006-12-30,13.25,,,
2006-12-31,13.25,,,
2007-01-01,13.25,,,
2007-01-02,13.25,0.049178,2.1342,2.1334
2007-01-03,13.25,0.049143,2.1372,2.1364
2007-01-04,13.25,0.049178,2.1429,2.1421
2007-01-05,13.25,0.049178,2.1474,2.1466
2007-01-06,13.25,,,
2007-01-07,13.25,,,
2007-01-08,13.25,0.049178,2.1505,2.1497
2007-01-09,13.25,0.049178,2.1506,2.1498
2007-01-10,13.25,0.049178,2.1556,2.1548
2007-01-11,13.25,0.049178,2.1465,2.1457
2007-01-12,13.25,0.049143,2.1421,2.1413
2007-01-13,13.25,,,
2007-01-14,13.25,,,
2007-01-15,13.25,0.049178,2.1407,2.1399
2007-01-16,13.25,0.049178,2.1444,2.1436
2007-01-17,13.25,0.049178,2.135,2.1342
2007-01-18,13.25,0.049178,2.1329,2.1321
2007-01-19,13.25,0.049178,2.1307,2.1299
2007-01-20,13.25,,,
2007-01-21,13.25,,,
2007-01-22,13.25,0.049178,2.1327,2.1319
2007-01-23,13.25,0.049178,2.1368,2.136
2007-01-24,13.25,0.049143,2.1286,2.1278
2007-01-25,13.0,0.0483,2.1281,2.1273
2007-01-26,13.0,0.04823,2.136,2.1352
2007-01-27,13.0,,,
2007-01-28,13.0,,,
2007-01-29,13.0,0.048265,2.136,2.1352
2007-01-30,13.0,0.048265,2.1329,2.1321
2007-01-31,13.0,0.048265,2.1247,2.1239
2007-02-01,13.0,0.048265,2.1093,2.1085
2007-02-02,13.0,0.048265,2.0982,2.0974
2007-02-03,13.0,,,
2007-02-04,13.0,,,
2007-02-05,13.0,0.048265,2.0964,2.0956
2007-02-06,13.0,0.048265,2.0833,2.0825
2007-02-07,13.0,0.048265,2.0852,2.0844
2007-02-08,13.0,0.048265,2.0951,2.0943
2007-02-09,13.0,0.048265,2.1033,2.1025
2007-02-10,13.0,,,
2007-02-11,13.0,,,
2007-02-12,13.0,0.048265,2.114,2.1132
2007-02-13,13.0,0.048265,2.1088,2.108
2007-02-14,13.0,0.048265,2.1,2.0992
2007-02-15,13.0,0.048265,2.0896,2.0888
2007-02-16,13.0,0.0483,2.0913,2.0905
2007-02-17,13.0,,,
2007-02-18,13.0,,,
2007-02-19,13.0,,,
2007-02-20,13.0,,,
2007-02-21,13.0,0.0483,2.0802,2.0794
2007-02-22,13.0,0.0483,2.0766,2.0758
2007-02-23,13.0,0.0483,2.0868,2.086
2007-02-24,13.0,,,
2007-02-25,13.0,,,
2007-02-26,13.0,0.048265,2.0863,2.0855
2007-02-27,13.0,0.048265,2.1099,2.1091
2007-02-28,13.0,0.048265,2.1182,2.1174
2007-03-01,13.0,0.048265,2.126,2.1252
2007-03-02,13.0,0.048265,2.1274,2.1266
2007-03-03,13.0,,,
2007-03-04,13.0,,,
2007-03-05,13.0,0.048265,2.1388,2.138
2007-03-06,13.0,0.048265,2.1209,2.1201
2007-03-07,13.0,0.048265,2.1121,2.1113
2007-03-08,12.75,0.04742,2.1054,2.1046
2007-03-09,12.75,0.04742,2.0983,2.0975
2007-03-10,12.75,,,
2007-03-11,12.75,,,
2007-03-12,12.75,0.04742,2.0902,2.0894
2007-03-13,12.75,0.047385,2.0962,2.0954
2007-03-14,12.75,0.047385,2.1044,2.1036
2007-03-15,12.75,0.047385,2.0909,2.0901
2007-03-16,12.75,0.047385,2.0915,2.0907
2007-03-17,12.75,,,
2007-03-18,12.75,,,
2007-03-19,12.75,0.047385,2.0792,2.0784
2007-03-20,12.75,0.047385,2.0763,2.0755
2007-03-21,12.75,0.047385,2.0676,2.0668
2007-03-22,12.75,0.047385,2.0602,2.0594
2007-03-23,12.75,0.047385,2.0652,2.0644
2007-03-24,12.75,,,
2007-03-25,12.75,,,
2007-03-26,12.75,0.047385,2.0601,2.0593
2007-03-27,12.75,0.047385,2.0637,2.0629
2007-03-28,12.75,0.047385,2.0716,2.0708
2007-03-29,12.75,0.047385,2.0545,2.0537
2007-03-30,12.75,0.047385,2.0504,2.0496
2007-03-31,12.75,,,
2007-04-01,12.75,,,
2007-04-02,12.75,0.047385,2.0478,2.047
2007-04-03,12.75,0.047385,2.0372,2.0364
2007-04-04,12.75,0.047385,2.0321,2.0313
2007-04-05,12.75,0.04742,2.0333,2.0325
2007-04-06,12.75,,,
2007-04-07,12.75,,,
2007-04-08,12.75,,,
2007-04-09,12.75,0.047385,2.0236,2.0228
2007-04-10,12.75,0.047385,2.0282,2.0274
2007-04-11,12.75,0.047385,2.0333,2.0325
2007-04-12,12.75,0.047385,2.0371,2.0363
2007-04-13,12.75,0.047385,2.0231,2.0223
2007-04-14,12.75,,,
2007-04-15,12.75,,,
2007-04-16,12.75,0.047385,2.034,2.0332
2007-04-17,12.75,0.04735,2.0348,2.034
2007-04-18,12.75,0.04735,2.0365,2.0357
2007-04-19,12.5,0.046503,2.0312,2.0304
2007-04-20,12.5,0.046503,2.0262,2.0254
2007-04-21,12.5,,,
2007-04-22,12.5,,,
2007-04-23,12.5,0.046503,2.029,2.0282
2007-04-24,12.5,0.046503,2.0385,2.0377
2007-04-25,12.5,0.046503,2.0236,2.0228
2007-04-26,12.5,0.046503,2.0252,2.0244
2007-04-27,12.5,0.046503,2.0321,2.0313
2007-04-28,12.5,,,
2007-04-29,12.5,,,
2007-04-30,12.5,0.046503,2.0339,2.0331
2007-05-01,12.5,,,
2007-05-02,12.5,0.046503,2.0268,2.026
2007-05-03,12.5,0.046503,2.0239,2.0231
2007-05-04,12.5,0.046503,2.0309,2.0301
2007-05-05,12.5,,,
2007-05-06,12.5,,,
2007-05-07,12.5,0.046503,2.0266,2.0258
2007-05-08,12.5,0.046503,2.0226,2.0218
2007-05-09,12.5,0.046503,2.0222,2.0214
2007-05-10,12.5,0.046503,2.0217,2.0209
2007-05-11,12.5,0.046503,2.0194,2.0186
2007-05-12,12.5,,,
2007-05-13,12.5,,,
2007-05-14,12.5,0.046503,2.0138,2.013
2007-05-15,12.5,0.046503,1.9922,1.9914
2007-05-16,12.5,0.046503,1.9586,1.9578
2007-05-17,12.5,0.046503,1.9573,1.9565
2007-05-18,12.5,0.046503,1.963,1.9622
2007-05-19,12.5,,,
2007-05-20,12.5,,,
2007-05-21,12.5,0.046503,1.9435,1.9427
2007-05-22,12.5,0.046503,1.9409,1.9401
2007-05-23,12.5,0.046503,1.9489,1.9481
2007-05-24,12.5,0.046503,1.9653,1.9645
2007-05-25,12.5,0.046503,1.952,1.9512
2007-05-26,12.5,,,
2007-05-27,12.5,,,
2007-05-28,12.5,0.046503,1.9441,1.9433
2007-05-29,12.5,0.046503,1.9461,1.9453
2007-05-30,12.5,0.046503,1.9468,1.946
2007-05-31,12.5,0.046503,1.9289,1.9281
2007-06-01,12.5,0.046503,1.9056,1.9048
2007-06-02,12.5,,,
2007-06-03,12.5,,,
2007-06-04,12.5,0.046503,1.9215,1.9207
2007-06-05,12.5,0.046503,1.9395,1.9387
2007-06-06,12.5,0.046503,1.9617,1.9609
2007-06-07,12.5,,,
2007-06-08,12.0,0.044734,1.9638,1.963
2007-06-09,12.0,,,
2007-06-10,12.0,,,
2007-06-11,12.0,0.044734,1.9473,1.9465
2007-06-12,12.0,0.044734,1.942,1.9412
2007-06-13,12.0,0.044734,1.9442,1.9434
2007-06-14,12.0,0.044734,1.9303,1.9295
2007-06-15,12.0,0.044734,1.9097,1.9089
2007-06-16,12.0,,,
2007-06-17,12.0,,,
2007-06-18,12.0,0.044734,1.9047,1.9039
2007-06-19,12.0,0.044734,1.9058,1.905
2007-06-20,12.0,0.044734,1.9198,1.919
2007-06-21,12.0,0.044734,1.9197,1.9189
2007-06-22,12.0,0.044734,1.9334,1.9326
2007-06-23,12.0,,,
2007-06-24,12.0,,,
2007-06-25,12.0,0.044734,1.9379,1.9371
2007-06-26,12.0,0.044734,1.9488,1.948
2007-06-27,12.0,0.044734,1.9499,1.9491
2007-06-28,12.0,0.044734,1.9256,1.9248
2007-06-29,12.0,0.044734,1.9262,1.9254
2007-06-30,12.0,,,
2007-07-01,12.0,,,
2007-07-02,12.0,0.044734,1.9176,1.9168
2007-07-03,12.0,0.044734,1.9122,1.9114
2007-07-04,12.0,0.044734,1.9099,1.9091
2007-07-05,12.0,0.044734,1.9157,1.9149
2007-07-06,12.0,0.044734,1.9033,1.9025
2007-07-07,12.0,,,
2007-07-08,12.0,,,
2007-07-09,12.0,0.044734,1.8992,1.8984
2007-07-10,12.0,0.044734,1.8947,1.8939
2007-07-11,12.0,0.044734,1.89,1.8892
2007-07-12,12.0,0.044734,1.8767,1.8759
2007-07-13,12.0,0.044734,1.8684,1.8676
2007-07-14,12.0,,,
2007-07-15,12.0,,,
2007-07-16,12.0,0.044734,1.8647,1.8639
2007-07-17,12.0,0.044734,1.8621,1.8613
2007-07-18,12.0,0.044734,1.8609,1.8601
2007-07-19,11.5,0.042956,1.8536,1.8528
2007-07-20,11.5,0.042956,1.8606,1.8598
2007-07-21,11.5,,,
2007-07-22,11.5,,,
2007-07-23,11.5,0.042956,1.8448,1.844
2007-07-24,11.5,0.042956,1.8525,1.8517
2007-07-25,11.5,0.042956,1.8643,1.8635
2007-07-26,11.5,0.042956,1.9054,1.9046
2007-07-27,11.5,0.042956,1.9069,1.9061
2007-07-28,11.5,,,
2007-07-29,11.5,,,
2007-07-30,11.5,0.042956,1.8809,1.8801
2007-07-31,11.5,0.042956,1.8776,1.8768
2007-08-01,11.5,0.042956,1.8856,1.8848
2007-08-02,11.5,0.042956,1.8729,1.8721
2007-08-03,11.5,0.042956,1.8814,1.8806
2007-08-04,11.5,,,
2007-08-05,11.5,,,
2007-08-06,11.5,0.042956,1.9106,1.9098
2007-08-07,11.5,0.042956,1.9077,1.9069
2007-08-08,11.5,0.042956,1.8866,1.8858
2007-08-09,11.5,0.042956,1.9191,1.9183
2007-08-10,11.5,0.042956,1.955,1.9542
2007-08-11,11.5,,,
2007-08-12,11.5,,,
2007-08-13,11.5,0.042921,1.9411,1.9403
2007-08-14,11.5,0.042956,1.9809,1.9801
2007-08-15,11.5,0.042956,2.0043,2.0035
2007-08-16,11.5,0.042956,2.1124,2.1116
2007-08-17,11.5,0.042956,2.0376,2.0368
2007-08-18,11.5,,,
2007-08-19,11.5,,,
2007-08-20,11.5,0.042956,2.028,2.0272
2007-08-21,11.5,0.042956,2.0385,2.0377
2007-08-22,11.5,0.042956,2.0173,2.0165
2007-08-23,11.5,0.042956,1.9939,1.9931
2007-08-24,11.5,0.042956,1.9855,1.9847
2007-08-25,11.5,,,
2007-08-26,11.5,,,
2007-08-27,11.5,0.042956,1.9489,1.9481
2007-08-28,11.5,0.042956,1.9849,1.9841
2007-08-29,11.5,0.042956,1.9864,1.9856
2007-08-30,11.5,0.042956,1.9777,1.9769
2007-08-31,11.5,0.042956,1.962,1.9612
2007-09-01,11.5,,,
2007-09-02,11.5,,,
2007-09-03,11.5,0.042956,1.9547,1.9539
2007-09-04,11.5,0.042956,1.9528,1.952
2007-09-05,11.5,0.042956,1.964,1.9632
2007-09-06,11.25,0.042065,1.9545,1.9537
2007-09-07,11.25,,,
2007-09-08,11.25,,,
2007-09-09,11.25,,,
2007-09-10,11.25,0.042065,1.9591,1.9583
2007-09-11,11.25,0.042065,1.9304,1.9296
2007-09-12,11.25,0.042065,1.9125,1.9117
2007-09-13,11.25,0.042065,1.8991,1.8983
2007-09-14,11.25,0.042065,1.9031,1.9023
2007-09-15,11.25,,,
2007-09-16,11.25,,,
2007-09-17,11.25,0.042065,1.9123,1.9115
2007-09-18,11.25,0.042065,1.896,1.8952
2007-09-19,11.25,0.042065,1.8639,1.8631
2007-09-20,11.25,0.042065,1.8637,1.8629
2007-09-21,11.25,0.042065,1.8618,1.861
2007-09-22,11.25,,,
2007-09-23,11.25,,,
2007-09-24,11.25,0.042065,1.8694,1.8686
2007-09-25,11.25,0.042065,1.8656,1.8648
2007-09-26,11.25,0.042065,1.8493,1.8485
2007-09-27,11.25,0.042065,1.8409,1.8401
2007-09-28,11.25,0.042065,1.8389,1.8381
2007-09-29,11.25,,,
2007-09-30,11.25,,,
2007-10-01,11.25,0.042065,1.8225,1.8217
2007-10-02,11.25,0.042065,1.8235,1.8227
2007-10-03,11.25,0.042065,1.8274,1.8266
2007-10-04,11.25,0.042065,1.8284,1.8276
2007-10-05,11.25,0.042065,1.8092,1.8084
2007-10-06,11.25,,,
2007-10-07,11.25,,,
2007-10-08,11.25,0.042065,1.8133,1.8125
2007-10-09,11.25,0.042065,1.8108,1.81
2007-10-10,11.25,0.042065,1.8048,1.804
2007-10-11,11.25,0.042065,1.792,1.7912
2007-10-12,11.25,,,
2007-10-13,11.25,,,
2007-10-14,11.25,,,
2007-10-15,11.25,0.042065,1.8078,1.807
2007-10-16,11.25,0.042065,1.8242,1.8234
2007-10-17,11.25,0.042065,1.8138,1.813
2007-10-18,11.25,0.042065,1.8071,1.8063
2007-10-19,11.25,0.042065,1.7964,1.7956
2007-10-20,11.25,,,
2007-10-21,11.25,,,
2007-10-22,11.25,0.042065,1.8206,1.8198
2007-10-23,11.25,0.042065,1.8007,1.7999
2007-10-24,11.25,0.042065,1.7969,1.7961
2007-10-25,11.25,0.042065,1.7896,1.7888
2007-10-26,11.25,0.042065,1.7752,1.7744
2007-10-27,11.25,,,
2007-10-28,11.25,,,
2007-10-29,11.25,0.042065,1.7595,1.7587
2007-10-30,11.25,0.042029,1.7552,1.7544
2007-10-31,11.25,0.042065,1.744,1.7432
2007-11-01,11.25,0.042065,1.746,1.7452
2007-11-02,11.25,,,
2007-11-03,11.25,,,
2007-11-04,11.25,,,
2007-11-05,11.25,0.042065,1.7556,1.7548
2007-11-06,11.25,0.042065,1.7325,1.7317
2007-11-07,11.25,0.042065,1.74,1.7392
2007-11-08,11.25,0.042065,1.7354,1.7346
2007-11-09,11.25,0.042065,1.749,1.7482
2007-11-10,11.25,,,
2007-11-11,11.25,,,
2007-11-12,11.25,0.042065,1.774,1.7732
2007-11-13,11.25,0.042065,1.7682,1.7674
2007-11-14,11.25,0.042065,1.7378,1.737
2007-11-15,11.25,,,
2007-11-16,11.25,0.042065,1.7414,1.7406
2007-11-17,11.25,,,
2007-11-18,11.25,,,
2007-11-19,11.25,0.042065,1.7593,1.7585
2007-11-20,11.25,0.042065,1.7647,1.7639
2007-11-21,11.25,0.042065,1.7866,1.7858
2007-11-22,11.25,0.042065,1.7747,1.7739
2007-11-23,11.25,0.042065,1.7962,1.7954
2007-11-24,11.25,,,
2007-11-25,11.25,,,
2007-11-26,11.25,0.042065,1.811,1.8102
2007-11-27,11.25,0.042065,1.8501,1.8493
2007-11-28,11.25,0.042065,1.8018,1.801
2007-11-29,11.25,0.042065,1.7905,1.7897
2007-11-30,11.25,0.042065,1.7837,1.7829
2007-12-01,11.25,,,
2007-12-02,11.25,,,
2007-12-03,11.25,0.042065,1.7888,1.788
2007-12-04,11.25,0.042065,1.8233,1.8225
2007-12-05,11.25,0.042065,1.7956,1.7948
2007-12-06,11.25,0.042065,1.7873,1.7865
2007-12-07,11.25,0.042065,1.7616,1.7608
2007-12-08,11.25,,,
2007-12-09,11.25,,,
2007-12-10,11.25,0.042065,1.762,1.7612
2007-12-11,11.25,0.042065,1.765,1.7642
2007-12-12,11.25,0.042065,1.7624,1.7616
2007-12-13,11.25,0.042065,1.7746,1.7738
2007-12-14,11.25,0.042065,1.7959,1.7951
2007-12-15,11.25,,,
2007-12-16,11.25,,,
2007-12-17,11.25,0.042065,1.8123,1.8115
2007-12-18,11.25,0.042065,1.8091,1.8083
2007-12-19,11.25,0.042065,1.8019,1.8011
2007-12-20,11.25,0.042065,1.8032,1.8024
2007-12-21,11.25,0.042065,1.7966,1.7958
2007-12-22,11.25,,,
2007-12-23,11.25,,,
2007-12-24,11.25,0.042065,1.7909,1.7901
2007-12-25,11.25,,,
2007-12-26,11.25,0.042065,1.7795,1.7787
2007-12-27,11.25,0.042065,1.7671,1.7663
2007-12-28,11.25,0.042065,1.7713,1.7705
2007-12-29,11.25,,,
2007-12-30,11.25,,,
2007-12-31,11.25,0.042065,1.7713,1.7705
2008-01-01,11.25,,,
2008-01-02,11.25,0.042065,1.7722,1.7714
2008-01-03,11.25,0.042065,1.7569,1.7561
2008-01-04,11.25,0.042065,1.7574,1.7566
2008-01-05,11.25,,,
2008-01-06,11.25,,,
2008-01-07,11.25,0.042029,1.7675,1.7667
2008-01-08,11.25,0.042029,1.7554,1.7546
2008-01-09,11.25,0.042065,1.7691,1.7683
2008-01-10,11.25,0.042065,1.7628,1.762
2008-01-11,11.25,0.042065,1.7536,1.7528
2008-01-12,11.25,,,
2008-01-13,11.25,,,
2008-01-14,11.25,0.042065,1.7414,1.7406
2008-01-15,11.25,0.042065,1.745,1.7442
2008-01-16,11.25,0.042065,1.763,1.7622
2008-01-17,11.25,0.042065,1.7687,1.7679
2008-01-18,11.25,0.042065,1.785,1.7842
2008-01-19,11.25,,,
2008-01-20,11.25,,,
2008-01-21,11.25,0.042029,1.8301,1.8293
2008-01-22,11.25,0.042065,1.8041,1.8033
2008-01-23,11.25,0.042065,1.8147,1.8139
2008-01-24,11.25,0.042029,1.7883,1.7875
2008-01-25,11.25,0.042065,1.7912,1.7904
2008-01-26,11.25,,,
2008-01-27,11.25,,,
2008-01-28,11.25,0.042065,1.7906,1.7898
2008-01-29,11.25,0.042065,1.7762,1.7754
2008-01-30,11.25,0.042065,1.7802,1.7794
2008-01-31,11.25,0.042065,1.7603,1.7595
2008-02-01,11.25,0.042065,1.7451,1.7443
2008-02-02,11.25,,,
2008-02-03,11.25,,,
2008-02-04,11.25,,,
2008-02-05,11.25,,,
2008-02-06,11.25,0.042065,1.7531,1.7523
2008-02-07,11.25,0.042065,1.7627,1.7619
2008-02-08,11.25,0.042065,1.7681,1.7673
2008-02-09,11.25,,,
2008-02-10,11.25,,,
2008-02-11,11.25,0.042065,1.7601,1.7593
2008-02-12,11.25,0.042065,1.7478,1.747
2008-02-13,11.25,0.042065,1.7459,1.7451
2008-02-14,11.25,0.042065,1.7469,1.7461
2008-02-15,11.25,0.042029,1.7541,1.7533
2008-02-16,11.25,,,
2008-02-17,11.25,,,
2008-02-18,11.25,0.042065,1.7394,1.7386
2008-02-19,11.25,0.042065,1.7329,1.7321
2008-02-20,11.25,0.042065,1.7351,1.7343
2008-02-21,11.25,0.042065,1.7104,1.7096
2008-02-22,11.25,0.042065,1.704,1.7032
2008-02-23,11.25,,,
2008-02-24,11.25,,,
2008-02-25,11.25,0.042065,1.7062,1.7054
2008-02-26,11.25,0.042065,1.6882,1.6874
2008-02-27,11.25,0.042065,1.6715,1.6707
2008-02-28,11.25,0.042065,1.6723,1.6715
2008-02-29,11.25,0.042065,1.6833,1.6825
2008-03-01,11.25,,,
2008-03-02,11.25,,,
2008-03-03,11.25,0.042065,1.6816,1.6808
2008-03-04,11.25,0.042029,1.673,1.6722
2008-03-05,11.25,0.042065,1.67,1.6692
2008-03-06,11.25,0.042065,1.672,1.6712
2008-03-07,11.25,0.042065,1.6841,1.6833
2008-03-08,11.25,,,
2008-03-09,11.25,,,
2008-03-10,11.25,0.042065,1.6996,1.6988
2008-03-11,11.25,0.042065,1.6947,1.6939
2008-03-12,11.25,0.042065,1.6796,1.6788
2008-03-13,11.25,0.042065,1.6971,1.6963
2008-03-14,11.25,0.042065,1.6947,1.6939
2008-03-15,11.25,,,
2008-03-16,11.25,,,
2008-03-17,11.25,0.042065,1.7248,1.724
2008-03-18,11.25,0.042029,1.7007,1.6999
2008-03-19,11.25,0.042065,1.7045,1.7037
2008-03-20,11.25,0.042065,1.7424,1.7416
2008-03-21,11.25,,,
2008-03-22,11.25,,,
2008-03-23,11.25,,,
2008-03-24,11.25,0.042065,1.7407,1.7399
2008-03-25,11.25,0.042065,1.7341,1.7333
2008-03-26,11.25,0.042065,1.7288,1.728
2008-03-27,11.25,0.042065,1.7345,1.7337
2008-03-28,11.25,0.042065,1.7456,1.7448
2008-03-29,11.25,,,
2008-03-30,11.25,,,
2008-03-31,11.25,0.042065,1.7491,1.7483
2008-04-01,11.25,0.042065,1.7534,1.7526
2008-04-02,11.25,0.041886,1.7273,1.7265
2008-04-03,11.25,0.042065,1.7252,1.7244
2008-04-04,11.25,0.042065,1.7117,1.7109
2008-04-05,11.25,,,
2008-04-06,11.25,,,
2008-04-07,11.25,0.042065,1.699,1.6982
2008-04-08,11.25,0.042065,1.7038,1.703
2008-04-09,11.25,0.042065,1.6878,1.687
2008-04-10,11.25,0.042065,1.6822,1.6814
2008-04-11,11.25,0.042065,1.6876,1.6868
2008-04-12,11.25,,,
2008-04-13,11.25,,,
2008-04-14,11.25,0.042065,1.6867,1.6859
2008-04-15,11.25,0.042065,1.6822,1.6814
2008-04-16,11.25,0.042065,1.6699,1.6691
2008-04-17,11.75,0.043846,1.6588,1.658
2008-04-18,11.75,0.043739,1.6693,1.6685
2008-04-19,11.75,,,
2008-04-20,11.75,,,
2008-04-21,11.75,,,
2008-04-22,11.75,0.043704,1.6575,1.6567
2008-04-23,11.75,0.043704,1.6582,1.6574
2008-04-24,11.75,0.043633,1.6687,1.6679
2008-04-25,11.75,0.043561,1.6688,1.668
2008-04-26,11.75,,,
2008-04-27,11.75,,,
2008-04-28,11.75,0.043597,1.6764,1.6756
2008-04-29,11.75,0.043597,1.7058,1.705
2008-04-30,11.75,0.043597,1.6872,1.6864
2008-05-01,11.75,,,
2008-05-02,11.75,0.043597,1.6506,1.6498
2008-05-03,11.75,,,
2008-05-04,11.75,,,
2008-05-05,11.75,0.043597,1.6578,1.657
2008-05-06,11.75,0.043597,1.6615,1.6607
2008-05-07,11.75,0.043597,1.6741,1.6733
2008-05-08,11.75,0.043561,1.6936,1.6928
2008-05-09,11.75,0.043597,1.6949,1.6941
2008-05-10,11.75,,,
2008-05-11,11.75,,,
2008-05-12,11.75,0.043597,1.6743,1.6735
2008-05-13,11.75,0.043633,1.6583,1.6575
2008-05-14,11.75,0.043668,1.6641,1.6633
2008-05-15,11.75,0.043668,1.6601,1.6593
2008-05-16,11.75,0.043704,1.6434,1.6426
2008-05-17,11.75,,,
2008-05-18,11.75,,,
2008-05-19,11.75,0.043704,1.646,1.6452
2008-05-20,11.75,0.043704,1.657,1.6562
2008-05-21,11.75,0.043704,1.6492,1.6484
2008-05-22,11.75,,,
2008-05-23,11.75,0.043704,1.6547,1.6539
2008-05-24,11.75,,,
2008-05-25,11.75,,,
2008-05-26,11.75,0.043704,1.661,1.6602
2008-05-27,11.75,0.043704,1.6681,1.6673
2008-05-28,11.75,0.043704,1.663,1.6622
2008-05-29,11.75,0.043704,1.6496,1.6488
2008-05-30,11.75,0.043704,1.6294,1.6286
2008-05-31,11.75,,,
2008-06-01,11.75,,,
2008-06-02,11.75,0.043704,1.632,1.6312
2008-06-03,11.75,0.043704,1.6215,1.6207
2008-06-04,11.75,0.043704,1.6307,1.6299
2008-06-05,12.25,0.045478,1.6262,1.6254
2008-06-06,12.25,0.045478,1.6282,1.6274
2008-06-07,12.25,,,
2008-06-08,12.25,,,
2008-06-09,12.25,0.045478,1.6265,1.6257
2008-06-10,12.25,0.045549,1.6392,1.6384
2008-06-11,12.25,0.045584,1.6428,1.642
2008-06-12,12.25,0.045584,1.64,1.6392
2008-06-13,12.25,0.045584,1.6368,1.636
2008-06-14,12.25,,,
2008-06-15,12.25,,,
2008-06-16,12.25,0.045584,1.6277,1.6269
2008-06-17,12.25,0.045584,1.6127,1.6119
2008-06-18,12.25,0.045584,1.6113,1.6105
2008-06-19,12.25,0.045584,1.6051,1.6043
2008-06-20,12.25,0.045584,1.6042,1.6034
2008-06-21,12.25,,,
2008-06-22,12.25,,,
2008-06-23,12.25,0.045584,1.6117,1.6109
2008-06-24,12.25,0.045584,1.6046,1.6038
2008-06-25,12.25,0.045584,1.6001,1.5993
2008-06-26,12.25,0.045584,1.5951,1.5943
2008-06-27,12.25,0.045584,1.6077,1.6069
2008-06-28,12.25,,,
2008-06-29,12.25,,,
2008-06-30,12.25,0.045584,1.5919,1.5911
2008-07-01,12.25,0.045584,1.6061,1.6053
2008-07-02,12.25,0.045584,1.5993,1.5985
2008-07-03,12.25,0.045584,1.6089,1.6081
2008-07-04,12.25,0.045584,1.61,1.6092
2008-07-05,12.25,,,
2008-07-06,12.25,,,
2008-07-07,12.25,0.045584,1.6041,1.6033
2008-07-08,12.25,0.045584,1.6027,1.6019
2008-07-09,12.25,0.045584,1.6092,1.6084
2008-07-10,12.25,0.045584,1.6147,1.6139
2008-07-11,12.25,0.045584,1.6032,1.6024
2008-07-12,12.25,,,
2008-07-13,12.25,,,
2008-07-14,12.25,0.045584,1.5942,1.5934
2008-07-15,12.25,0.045584,1.591,1.5902
2008-07-16,12.25,0.045584,1.596,1.5952
2008-07-17,12.25,0.045584,1.5913,1.5905
2008-07-18,12.25,0.045584,1.5938,1.593
2008-07-19,12.25,,,
2008-07-20,12.25,,,
2008-07-21,12.25,0.045584,1.5818,1.581
2008-07-22,12.25,0.045584,1.5811,1.5803
2008-07-23,12.25,0.045549,1.5834,1.5826
2008-07-24,13.0,0.048194,1.5781,1.5773
2008-07-25,13.0,0.04823,1.5745,1.5737
2008-07-26,13.0,,,
2008-07-27,13.0,,,
2008-07-28,13.0,0.04823,1.5754,1.5746
2008-07-29,13.0,0.04823,1.573,1.5722
2008-07-30,13.0,0.04823,1.5641,1.5633
2008-07-31,13.0,0.04823,1.5666,1.5658
2008-08-01,13.0,0.04823,1.5593,1.5585
2008-08-02,13.0,,,
2008-08-03,13.0,,,
2008-08-04,13.0,0.04823,1.5659,1.5651
2008-08-05,13.0,0.04823,1.5732,1.5724
2008-08-06,13.0,0.04823,1.5782,1.5774
2008-08-07,13.0,0.04823,1.5843,1.5835
2008-08-08,13.0,0.04823,1.6136,1.6128
2008-08-09,13.0,,,
2008-08-10,13.0,,,
2008-08-11,13.0,0.04823,1.6148,1.614
2008-08-12,13.0,0.048194,1.6161,1.6153
2008-08-13,13.0,0.048194,1.6211,1.6203
2008-08-14,13.0,0.04823,1.6204,1.6196
2008-08-15,13.0,0.04823,1.6389,1.6381
2008-08-16,13.0,,,
2008-08-17,13.0,,,
2008-08-18,13.0,0.04823,1.6349,1.6341
2008-08-19,13.0,0.04823,1.6343,1.6335
2008-08-20,13.0,0.04823,1.6207,1.6199
2008-08-21,13.0,0.04823,1.6143,1.6135
2008-08-22,13.0,0.04823,1.6217,1.6209
2008-08-23,13.0,,,
2008-08-24,13.0,,,
2008-08-25,13.0,0.04823,1.6275,1.6267
2008-08-26,13.0,0.04823,1.6375,1.6367
2008-08-27,13.0,0.04823,1.6213,1.6205
2008-08-28,13.0,0.04823,1.6262,1.6254
2008-08-29,13.0,0.04823,1.6344,1.6336
2008-08-30,13.0,,,
2008-08-31,13.0,,,
2008-09-01,13.0,0.048194,1.6447,1.6439
2008-09-02,13.0,0.04823,1.6602,1.6594
2008-09-03,13.0,0.04823,1.6728,1.672
2008-09-04,13.0,0.04823,1.701,1.7002
2008-09-05,13.0,0.04823,1.7305,1.7297
2008-09-06,13.0,,,
2008-09-07,13.0,,,
2008-09-08,13.0,0.048194,1.7282,1.7274
2008-09-09,13.0,0.04823,1.7544,1.7536
2008-09-10,13.0,0.04823,1.7858,1.785
2008-09-11,13.75,0.050823,1.8255,1.8247
2008-09-12,13.75,0.050823,1.7912,1.7904
2008-09-13,13.75,,,
2008-09-14,13.75,,,
2008-09-15,13.75,0.050823,1.8125,1.8117
2008-09-16,13.75,0.050823,1.841,1.8402
2008-09-17,13.75,0.050823,1.866,1.8652
2008-09-18,13.75,0.050823,1.9159,1.9151
2008-09-19,13.75,0.050823,1.8398,1.839
2008-09-20,13.75,,,
2008-09-21,13.75,,,
2008-09-22,13.75,0.050823,1.7989,1.7981
2008-09-23,13.75,0.050823,1.8242,1.8234
2008-09-24,13.75,0.050823,1.8445,1.8437
2008-09-25,13.75,0.050823,1.8277,1.8269
2008-09-26,13.75,0.050823,1.8555,1.8547
2008-09-27,13.75,,,
2008-09-28,13.75,,,
2008-09-29,13.75,0.050858,1.9559,1.9551
2008-09-30,13.75,0.050823,1.9143,1.9135
2008-10-01,13.75,0.050823,1.9213,1.9205
2008-10-02,13.75,0.050858,2.0081,2.0073
2008-10-03,13.75,0.050858,2.054,2.0532
2008-10-04,13.75,,,
2008-10-05,13.75,,,
2008-10-06,13.75,0.050858,2.1769,2.1761
2008-10-07,13.75,0.050858,2.1883,2.1875
2008-10-08,13.75,0.050858,2.3924,2.3916
2008-10-09,13.75,0.050858,2.1818,2.181
2008-10-10,13.75,0.050858,2.288,2.2872
2008-10-11,13.75,,,
2008-10-12,13.75,,,
2008-10-13,13.75,0.050858,2.1562,2.1554
2008-10-14,13.75,0.050858,2.0789,2.0781
2008-10-15,13.75,0.050858,2.1551,2.1543
2008-10-16,13.75,0.050823,2.1854,2.1846
2008-10-17,13.75,0.050823,2.102,2.1012
2008-10-18,13.75,,,
2008-10-19,13.75,,,
2008-10-20,13.75,0.050823,2.1174,2.1166
2008-10-21,13.75,0.050823,2.1941,2.1933
2008-10-22,13.75,0.050823,2.365,2.3642
2008-10-23,13.75,0.050823,2.3147,2.3139
2008-10-24,13.75,0.050823,2.3112,2.3104
2008-10-25,13.75,,,
2008-10-26,13.75,,,
2008-10-27,13.75,0.050823,2.2524,2.2516
2008-10-28,13.75,0.050823,2.17,2.1692
2008-10-29,13.75,0.050858,2.132,2.1312
2008-10-30,13.75,0.050858,2.1151,2.1143
2008-10-31,13.75,0.050788,2.1153,2.1145
2008-11-01,13.75,,,
2008-11-02,13.75,,,
2008-11-03,13.75,0.050788,2.1818,2.181
2008-11-04,13.75,0.050788,2.1227,2.1219
2008-11-05,13.75,0.050788,2.121,2.1202
2008-11-06,13.75,0.050788,2.1593,2.1585
2008-11-07,13.75,0.050753,2.1613,2.1605
2008-11-08,13.75,,,
2008-11-09,13.75,,,
2008-11-10,13.75,0.050753,2.1335,2.1327
2008-11-11,13.75,0.050753,2.201,2.2002
2008-11-12,13.75,0.050753,2.2632,2.2624
2008-11-13,13.75,0.050753,2.3314,2.3306
2008-11-14,13.75,0.050718,2.28,2.2792
2008-11-15,13.75,,,
2008-11-16,13.75,,,
2008-11-17,13.75,0.050718,2.294,2.2932
2008-11-18,13.75,0.050718,2.2996,2.2988
2008-11-19,13.75,0.050753,2.3766,2.3758
2008-11-20,13.75,0.050718,2.3962,2.3954
2008-11-21,13.75,0.050718,2.4277,2.4269
2008-11-22,13.75,,,
2008-11-23,13.75,,,
2008-11-24,13.75,0.050753,2.35,2.3492
2008-11-25,13.75,0.050753,2.3056,2.3048
2008-11-26,13.75,0.050753,2.3221,2.3213
2008-11-27,13.75,0.050753,2.2657,2.2649
2008-11-28,13.75,0.050788,2.3331,2.3323
2008-11-29,13.75,,,
2008-11-30,13.75,,,
2008-12-01,13.75,0.050788,2.3565,2.3557
2008-12-02,13.75,0.050823,2.3457,2.3449
2008-12-03,13.75,0.050823,2.4213,2.4205
2008-12-04,13.75,0.050823,2.4905,2.4897
2008-12-05,13.75,0.050823,2.5004,2.4996
2008-12-06,13.75,,,
2008-12-07,13.75,,,
2008-12-08,13.75,0.050823,2.4689,2.4681
2008-12-09,13.75,0.050823,2.4829,2.4821
2008-12-10,13.75,0.050823,2.4683,2.4675
2008-12-11,13.75,0.050823,2.3397,2.3389
2008-12-12,13.75,0.050823,2.392,2.3912
2008-12-13,13.75,,,
2008-12-14,13.75,,,
2008-12-15,13.75,0.050823,2.369,2.3682
2008-12-16,13.75,0.050823,2.3783,2.3775
2008-12-17,13.75,0.050823,2.3576,2.3568
2008-12-18,13.75,0.050823,2.3572,2.3564
2008-12-19,13.75,0.050823,2.3859,2.3851
2008-12-20,13.75,,,
2008-12-21,13.75,,,
2008-12-22,13.75,0.050823,2.374,2.3732
2008-12-23,13.75,0.050823,2.3829,2.3821
2008-12-24,13.75,0.050823,2.3751,2.3743
2008-12-25,13.75,,,
2008-12-26,13.75,0.050823,2.3613,2.3605
2008-12-27,13.75,,,
2008-12-28,13.75,,,
2008-12-29,13.75,0.050823,2.3956,2.3948
2008-12-30,13.75,0.050823,2.337,2.3362
2008-12-31,13.75,0.050858,2.337,2.3362
2009-01-01,13.75,,,
2009-01-02,13.75,0.050858,2.3298,2.329
2009-01-03,13.75,,,
2009-01-04,13.75,,,
2009-01-05,13.75,0.050823,2.278,2.2772
2009-01-06,13.75,0.050823,2.1889,2.1881
2009-01-07,13.75,0.050823,2.2174,2.2166
2009-01-08,13.75,0.050823,2.2683,2.2675
2009-01-09,13.75,0.050823,2.2867,2.2859
2009-01-10,13.75,,,
2009-01-11,13.75,,,
2009-01-12,13.75,0.050823,2.2969,2.2961
2009-01-13,13.75,0.050823,2.3083,2.3075
2009-01-14,13.75,0.050823,2.3341,2.3333
2009-01-15,13.75,0.050823,2.3803,2.3795
2009-01-16,13.75,0.050823,2.3248,2.324
2009-01-17,13.75,,,
2009-01-18,13.75,,,
2009-01-19,13.75,0.050823,2.3306,2.3298
2009-01-20,13.75,0.050788,2.3548,2.354
2009-01-21,13.75,0.050788,2.3544,2.3536
2009-01-22,12.75,0.047279,2.3299,2.3291
2009-01-23,12.75,0.047314,2.3568,2.356
2009-01-24,12.75,,,
2009-01-25,12.75,,,
2009-01-26,12.75,0.047279,2.3149,2.3141
2009-01-27,12.75,0.047314,2.3109,2.3101
2009-01-28,12.75,0.047314,2.2982,2.2974
2009-01-29,12.75,0.047314,2.2761,2.2753
2009-01-30,12.75,0.047314,2.3162,2.3154
2009-01-31,12.75,,,
2009-02-01,12.75,,,
2009-02-02,12.75,0.047314,2.3475,2.3467
2009-02-03,12.75,0.047314,2.3144,2.3136
2009-02-04,12.75,0.047314,2.2994,2.2986
2009-02-05,12.75,0.047314,2.3065,2.3057
2009-02-06,12.75,0.047314,2.2658,2.265
2009-02-07,12.75,,,
2009-02-08,12.75,,,
2009-02-09,12.75,0.047314,2.2446,2.2438
2009-02-10,12.75,0.047314,2.2528,2.252
2009-02-11,12.75,0.047314,2.287,2.2862
2009-02-12,12.75,0.047314,2.2909,2.2901
2009-02-13,12.75,0.047314,2.268,2.2672
2009-02-14,12.75,,,
2009-02-15,12.75,,,
2009-02-16,12.75,0.047314,2.2719,2.2711
2009-02-17,12.75,0.047314,2.3131,2.3123
2009-02-18,12.75,0.047314,2.3396,2.3388
2009-02-19,12.75,0.047314,2.3249,2.3241
2009-02-20,12.75,0.047314,2.3916,2.3908
2009-02-21,12.75,,,
2009-02-22,12.75,,,
2009-02-23,12.75,,,
2009-02-24,12.75,,,
2009-02-25,12.75,0.047314,2.3814,2.3806
2009-02-26,12.75,0.047314,2.3503,2.3495
2009-02-27,12.75,0.047314,2.3784,2.3776
2009-02-28,12.75,,,
2009-03-01,12.75,,,
2009-03-02,12.75,0.047314,2.4121,2.4113
2009-03-03,12.75,0.047314,2.4218,2.421
2009-03-04,12.75,0.047314,2.3917,2.3909
2009-03-05,12.75,0.047314,2.3822,2.3814
2009-03-06,12.75,0.047314,2.3768,2.376
2009-03-07,12.75,,,
2009-03-08,12.75,,,
2009-03-09,12.75,0.047314,2.3781,2.3773
2009-03-10,12.75,0.047314,2.3515,2.3507
2009-03-11,12.75,0.047314,2.3366,2.3358
2009-03-12,11.25,0.041993,2.3158,2.315
2009-03-13,11.25,0.041993,2.3012,2.3004
2009-03-14,11.25,,,
2009-03-15,11.25,,,
2009-03-16,11.25,0.041993,2.2705,2.2697
2009-03-17,11.25,0.041993,2.2833,2.2825
2009-03-18,11.25,0.041993,2.2806,2.2798
2009-03-19,11.25,0.041993,2.2379,2.2371
2009-03-20,11.25,0.041993,2.2567,2.2559
2009-03-21,11.25,,,
2009-03-22,11.25,,,
2009-03-23,11.25,0.041993,2.2505,2.2497
2009-03-24,11.25,0.041993,2.2567,2.2559
2009-03-25,11.25,0.041993,2.2435,2.2427
2009-03-26,11.25,0.041993,2.2375,2.2367
2009-03-27,11.25,0.041993,2.2745,2.2737
2009-03-28,11.25,,,
2009-03-29,11.25,,,
2009-03-30,11.25,0.041993,2.3297,2.3289
2009-03-31,11.25,0.041993,2.3152,2.3144
2009-04-01,11.25,0.041993,2.2899,2.2891
2009-04-02,11.25,0.041993,2.2355,2.2347
2009-04-03,11.25,0.041993,2.2072,2.2064
2009-04-04,11.25,,,
2009-04-05,11.25,,,
2009-04-06,11.25,0.041993,2.2252,2.2244
2009-04-07,11.25,0.041993,2.2249,2.2241
2009-04-08,11.25,0.041993,2.2014,2.2006
2009-04-09,11.25,0.041993,2.1766,2.1758
2009-04-10,11.25,,,
2009-04-11,11.25,,,
2009-04-12,11.25,,,
2009-04-13,11.25,0.041993,2.1699,2.1691
2009-04-14,11.25,0.041993,2.1876,2.1868
2009-04-15,11.25,0.041993,2.1992,2.1984
2009-04-16,11.25,0.041993,2.1791,2.1783
2009-04-17,11.25,0.041993,2.1864,2.1856
2009-04-18,11.25,,,
2009-04-19,11.25,,,
2009-04-20,11.25,0.041993,2.235,2.2342
2009-04-21,11.25,,,
2009-04-22,11.25,0.041993,2.2128,2.212
2009-04-23,11.25,0.041993,2.2107,2.2099
2009-04-24,11.25,0.041993,2.1933,2.1925
2009-04-25,11.25,,,
2009-04-26,11.25,,,
2009-04-27,11.25,0.041993,2.2165,2.2157
2009-04-28,11.25,0.041993,2.2037,2.2029
2009-04-29,11.25,0.041957,2.1838,2.183
2009-04-30,10.25,0.038406,2.1783,2.1775
2009-05-01,10.25,,,
2009-05-02,10.25,,,
2009-05-03,10.25,,,
2009-05-04,10.25,0.038406,2.1369,2.1361
2009-05-05,10.25,0.038406,2.1476,2.1468
2009-05-06,10.25,0.038406,2.1213,2.1205
2009-05-07,10.25,0.038406,2.0984,2.0976
2009-05-08,10.25,0.038406,2.075,2.0742
2009-05-09,10.25,,,
2009-05-10,10.25,,,
2009-05-11,10.25,0.038406,2.0579,2.0571
2009-05-12,10.25,0.03837,2.0649,2.0641
2009-05-13,10.25,0.038406,2.0992,2.0984
2009-05-14,10.25,0.038406,2.0929,2.0921
2009-05-15,10.25,0.038406,2.0762,2.0754
2009-05-16,10.25,,,
2009-05-17,10.25,,,
2009-05-18,10.25,0.038406,2.0784,2.0776
2009-05-19,10.25,0.038406,2.0488,2.048
2009-05-20,10.25,0.038406,2.0199,2.0191
2009-05-21,10.25,0.038406,2.0264,2.0256
2009-05-22,10.25,0.038406,2.0279,2.0271
2009-05-23,10.25,,,
2009-05-24,10.25,,,
2009-05-25,10.25,0.038406,2.0234,2.0226
2009-05-26,10.25,0.038406,2.0261,2.0253
2009-05-27,10.25,0.038406,2.0095,2.0087
2009-05-28,10.25,0.038406,2.0144,2.0136
2009-05-29,10.25,0.038406,1.973,1.9722
2009-05-30,10.25,,,
2009-05-31,10.25,,,
2009-06-01,10.25,0.038406,1.944,1.9432
2009-06-02,10.25,0.038406,1.937,1.9362
2009-06-03,10.25,0.038406,1.96,1.9592
2009-06-04,10.25,0.038406,1.9497,1.9489
2009-06-05,10.25,0.038406,1.9534,1.9526
2009-06-06,10.25,,,
2009-06-07,10.25,,,
2009-06-08,10.25,0.038406,1.9704,1.9696
2009-06-09,10.25,0.038406,1.9385,1.9377
2009-06-10,10.25,0.03837,1.9474,1.9466
2009-06-11,10.25,,,
2009-06-12,9.25,0.034786,1.9301,1.9293
2009-06-13,9.25,,,
2009-06-14,9.25,,,
2009-06-15,9.25,0.034786,1.9458,1.945
2009-06-16,9.25,0.034786,1.9461,1.9453
2009-06-17,9.25,0.034786,1.9784,1.9776
2009-06-18,9.25,0.034786,1.9709,1.9701
2009-06-19,9.25,0.034786,1.9592,1.9584
2009-06-20,9.25,,,
2009-06-21,9.25,,,
2009-06-22,9.25,0.034786,2.0074,2.0066
2009-06-23,9.25,0.034786,2.0019,2.0011
2009-06-24,9.25,0.034786,1.9724,1.9716
2009-06-25,9.25,0.034786,1.9562,1.9554
2009-06-26,9.25,0.034786,1.9396,1.9388
2009-06-27,9.25,,,
2009-06-28,9.25,,,
2009-06-29,9.25,0.034786,1.9487,1.9479
2009-06-30,9.25,0.034786,1.9516,1.9508
2009-07-01,9.25,0.034786,1.9342,1.9334
2009-07-02,9.25,0.034786,1.9469,1.9461
2009-07-03,9.25,0.034786,1.9474,1.9466
2009-07-04,9.25,,,
2009-07-05,9.25,,,
2009-07-06,9.25,0.034786,1.9711,1.9703
2009-07-07,9.25,0.034786,1.9641,1.9633
2009-07-08,9.25,0.034786,1.9982,1.9974
2009-07-09,9.25,0.034786,1.9921,1.9913
2009-07-10,9.25,0.034786,2.0147,2.0139
2009-07-11,9.25,,,
2009-07-12,9.25,,,
2009-07-13,9.25,0.034786,1.9895,1.9887
2009-07-14,9.25,0.034786,1.9704,1.9696
2009-07-15,9.25,0.034786,1.942,1.9412
2009-07-16,9.25,0.034786,1.934,1.9332
2009-07-17,9.25,0.034786,1.929,1.9282
2009-07-18,9.25,,,
2009-07-19,9.25,,,
2009-07-20,9.25,0.034786,1.9068,1.906
2009-07-21,9.25,0.034786,1.9043,1.9035
2009-07-22,9.25,0.034749,1.9029,1.9021
2009-07-23,8.75,0.032963,1.8922,1.8914
2009-07-24,8.75,0.032963,1.896,1.8952
2009-07-25,8.75,,,
2009-07-26,8.75,,,
2009-07-27,8.75,0.032963,1.8837,1.8829
2009-07-28,8.75,0.032927,1.8819,1.8811
2009-07-29,8.75,0.032963,1.8982,1.8974
2009-07-30,8.75,0.032927,1.8811,1.8803
2009-07-31,8.75,0.032927,1.8726,1.8718
2009-08-01,8.75,,,
2009-08-02,8.75,,,
2009-08-03,8.75,0.032927,1.8369,1.8361
2009-08-04,8.75,0.032927,1.8272,1.8264
2009-08-05,8.75,0.032927,1.8181,1.8173
2009-08-06,8.75,0.032927,1.8348,1.834
2009-08-07,8.75,0.032927,1.8232,1.8224
2009-08-08,8.75,,,
2009-08-09,8.75,,,
2009-08-10,8.75,0.032927,1.8412,1.8404
2009-08-11,8.75,0.032927,1.8457,1.8449
2009-08-12,8.75,0.032927,1.8386,1.8378
2009-08-13,8.75,0.032927,1.8325,1.8317
2009-08-14,8.75,0.032927,1.8385,1.8377
2009-08-15,8.75,,,
2009-08-16,8.75,,,
2009-08-17,8.75,0.032927,1.8682,1.8674
2009-08-18,8.75,0.032927,1.8574,1.8566
2009-08-19,8.75,0.032927,1.8433,1.8425
2009-08-20,8.75,0.032927,1.8434,1.8426
2009-08-21,8.75,0.032927,1.8297,1.8289
2009-08-22,8.75,,,
2009-08-23,8.75,,,
2009-08-24,8.75,0.032927,1.8339,1.8331
2009-08-25,8.75,0.032927,1.8419,1.8411
2009-08-26,8.75,0.032927,1.867,1.8662
2009-08-27,8.75,0.032927,1.8669,1.8661
2009-08-28,8.75,0.032927,1.874,1.8732
2009-08-29,8.75,,,
2009-08-30,8.75,,,
2009-08-31,8.75,0.032927,1.8864,1.8856
2009-09-01,8.75,0.032927,1.8829,1.8821
2009-09-02,8.75,0.032927,1.9038,1.903
2009-09-03,8.75,0.032927,1.8702,1.8694
2009-09-04,8.75,0.032927,1.8501,1.8493
2009-09-05,8.75,,,
2009-09-06,8.75,,,
2009-09-07,8.75,,,
2009-09-08,8.75,0.032927,1.8254,1.8246
2009-09-09,8.75,0.032927,1.828,1.8272
2009-09-10,8.75,0.032927,1.8261,1.8253
2009-09-11,8.75,0.032927,1.8179,1.8171
2009-09-12,8.75,,,
2009-09-13,8.75,,,
2009-09-14,8.75,0.032927,1.8197,1.8189
2009-09-15,8.75,0.032927,1.8087,1.8079
2009-09-16,8.75,0.032927,1.7984,1.7976
2009-09-17,8.75,0.032927,1.8094,1.8086
2009-09-18,8.75,0.032927,1.8049,1.8041
2009-09-19,8.75,,,
2009-09-20,8.75,,,
2009-09-21,8.75,0.032927,1.8172,1.8164
2009-09-22,8.75,0.032927,1.8061,1.8053
2009-09-23,8.75,0.032927,1.7916,1.7908
2009-09-24,8.75,0.032927,1.7917,1.7909
2009-09-25,8.75,0.032927,1.8017,1.8009
2009-09-26,8.75,,,
2009-09-27,8.75,,,
2009-09-28,8.75,0.032927,1.791,1.7902
2009-09-29,8.75,0.032927,1.7928,1.792
2009-09-30,8.75,0.032927,1.7781,1.7773
2009-10-01,8.75,0.032927,1.7794,1.7786
2009-10-02,8.75,0.032927,1.7844,1.7836
2009-10-03,8.75,,,
2009-10-04,8.75,,,
2009-10-05,8.75,0.032927,1.7673,1.7665
2009-10-06,8.75,0.032927,1.7533,1.7525
2009-10-07,8.75,0.032927,1.7595,1.7587
2009-10-08,8.75,0.032927,1.7412,1.7404
2009-10-09,8.75,0.032927,1.7389,1.7381
2009-10-10,8.75,,,
2009-10-11,8.75,,,
2009-10-12,8.75,,,
2009-10-13,8.75,0.032927,1.7298,1.729
2009-10-14,8.75,0.032927,1.7099,1.7091
2009-10-15,8.75,0.032927,1.7037,1.7029
2009-10-16,8.75,0.032927,1.7135,1.7127
2009-10-17,8.75,,,
2009-10-18,8.75,,,
2009-10-19,8.75,0.032927,1.713,1.7122
2009-10-20,8.75,0.032927,1.745,1.7442
2009-10-21,8.75,0.032927,1.744,1.7432
2009-10-22,8.75,0.032927,1.7304,1.7296
2009-10-23,8.75,0.032927,1.7113,1.7105
2009-10-24,8.75,,,
2009-10-25,8.75,,,
2009-10-26,8.75,0.032927,1.7157,1.7149
2009-10-27,8.75,0.032927,1.7342,1.7334
2009-10-28,8.75,0.032927,1.7447,1.7439
2009-10-29,8.75,0.032927,1.7436,1.7428
2009-10-30,8.75,0.032927,1.744,1.7432
2009-10-31,8.75,,,
2009-11-01,8.75,,,
2009-11-02,8.75,,,
2009-11-03,8.75,0.032927,1.7588,1.758
2009-11-04,8.75,0.032927,1.7271,1.7263
2009-11-05,8.75,0.032927,1.724,1.7232
2009-11-06,8.75,0.032927,1.7179,1.7171
2009-11-07,8.75,,,
2009-11-08,8.75,,,
2009-11-09,8.75,0.032927,1.7024,1.7016
2009-11-10,8.75,0.032927,1.7096,1.7088
2009-11-11,8.75,0.032927,1.7112,1.7104
2009-11-12,8.75,0.032927,1.725,1.7242
2009-11-13,8.75,0.032927,1.729,1.7282
2009-11-14,8.75,,,
2009-11-15,8.75,,,
2009-11-16,8.75,0.032927,1.7127,1.7119
2009-11-17,8.75,0.032927,1.7153,1.7145
2009-11-18,8.75,0.032927,1.7103,1.7095
2009-11-19,8.75,0.032927,1.7287,1.7279
2009-11-20,8.75,0.032927,1.7356,1.7348
2009-11-21,8.75,,,
2009-11-22,8.75,,,
2009-11-23,8.75,0.032927,1.7245,1.7237
2009-11-24,8.75,0.032927,1.7282,1.7274
2009-11-25,8.75,0.032927,1.7272,1.7264
2009-11-26,8.75,0.032927,1.7409,1.7401
2009-11-27,8.75,0.032927,1.7443,1.7435
2009-11-28,8.75,,,
2009-11-29,8.75,,,
2009-11-30,8.75,0.032927,1.7505,1.7497
2009-12-01,8.75,0.032927,1.7293,1.7285
2009-12-02,8.75,0.032927,1.7201,1.7193
2009-12-03,8.75,0.032927,1.7096,1.7088
2009-12-04,8.75,0.032927,1.7131,1.7123
2009-12-05,8.75,,,
2009-12-06,8.75,,,
2009-12-07,8.75,0.032927,1.7302,1.7294
2009-12-08,8.75,0.032927,1.7482,1.7474
2009-12-09,8.75,0.032927,1.7611,1.7603
2009-12-10,8.75,0.032927,1.7627,1.7619
2009-12-11,8.75,0.032927,1.7521,1.7513
2009-12-12,8.75,,,
2009-12-13,8.75,,,
2009-12-14,8.75,0.032927,1.7483,1.7475
2009-12-15,8.75,0.032927,1.7557,1.7549
2009-12-16,8.75,0.032927,1.7518,1.751
2009-12-17,8.75,0.032927,1.7823,1.7815
2009-12-18,8.75,0.032927,1.7879,1.7871
2009-12-19,8.75,,,
2009-12-20,8.75,,,
2009-12-21,8.75,0.032927,1.7787,1.7779
2009-12-22,8.75,0.032927,1.7825,1.7817
2009-12-23,8.75,0.032927,1.7763,1.7755
2009-12-24,8.75,0.032927,1.7527,1.7519
2009-12-25,8.75,,,
2009-12-26,8.75,,,
2009-12-27,8.75,,,
2009-12-28,8.75,0.032927,1.7398,1.739
2009-12-29,8.75,0.03289,1.7421,1.7413
2009-12-30,8.75,0.032927,1.7412,1.7404
2009-12-31,8.75,0.032927,1.7412,1.7404
2010-01-01,8.75,,,
2010-01-02,8.75,,,
2010-01-03,8.75,,,
2010-01-04,8.75,0.032927,1.724,1.7232
2010-01-05,8.75,0.032927,1.7227,1.7219
2010-01-06,8.75,0.032927,1.7337,1.7329
2010-01-07,8.75,0.032927,1.7413,1.7405
2010-01-08,8.75,0.032927,1.739,1.7382
2010-01-09,8.75,,,
2010-01-10,8.75,,,
2010-01-11,8.75,0.032927,1.7323,1.7315
2010-01-12,8.75,0.032927,1.7439,1.7431
2010-01-13,8.75,0.032927,1.7442,1.7434
2010-01-14,8.75,0.032927,1.7648,1.764
2010-01-15,8.75,0.032927,1.7711,1.7703
2010-01-16,8.75,,,
2010-01-17,8.75,,,
2010-01-18,8.75,0.032927,1.7721,1.7713
2010-01-19,8.75,0.032927,1.7747,1.7739
2010-01-20,8.75,0.032927,1.7854,1.7846
2010-01-21,8.75,0.032927,1.7903,1.7895
2010-01-22,8.75,0.032927,1.8187,1.8179
2010-01-23,8.75,,,
2010-01-24,8.75,,,
2010-01-25,8.75,0.032927,1.8194,1.8186
2010-01-26,8.75,0.03289,1.8367,1.8359
2010-01-27,8.75,0.032927,1.8513,1.8505
2010-01-28,8.75,0.032927,1.856,1.8552
2010-01-29,8.75,0.032927,1.8748,1.874
2010-01-30,8.75,,,
2010-01-31,8.75,,,
2010-02-01,8.75,0.032927,1.8773,1.8765
2010-02-02,8.75,0.032927,1.8363,1.8355
2010-02-03,8.75,0.032927,1.8337,1.8329
2010-02-04,8.75,0.032927,1.8715,1.8707
2010-02-05,8.75,0.032927,1.8753,1.8745
2010-02-06,8.75,,,
2010-02-07,8.75,,,
2010-02-08,8.75,0.032927,1.873,1.8722
2010-02-09,8.75,0.032927,1.855,1.8542
2010-02-10,8.75,0.032927,1.8483,1.8475
2010-02-11,8.75,0.032927,1.8516,1.8508
2010-02-12,8.75,0.032927,1.867,1.8662
2010-02-13,8.75,,,
2010-02-14,8.75,,,
2010-02-15,8.75,,,
2010-02-16,8.75,,,
2010-02-17,8.75,0.032927,1.8313,1.8305
2010-02-18,8.75,0.032927,1.8266,1.8258
2010-02-19,8.75,0.032927,1.8116,1.8108
2010-02-20,8.75,,,
2010-02-21,8.75,,,
2010-02-22,8.75,0.032927,1.8046,1.8038
2010-02-23,8.75,0.032927,1.8186,1.8178
2010-02-24,8.75,0.032927,1.8203,1.8195
2010-02-25,8.75,0.032927,1.8364,1.8356
2010-02-26,8.75,0.032927,1.811,1.8102
2010-02-27,8.75,,,
2010-02-28,8.75,,,
2010-03-01,8.75,0.032927,1.8,1.7992
2010-03-02,8.75,0.032927,1.7851,1.7843
2010-03-03,8.75,0.032927,1.7846,1.7838
2010-03-04,8.75,0.032927,1.7888,1.788
2010-03-05,8.75,0.032927,1.7824,1.7816
2010-03-06,8.75,,,
2010-03-07,8.75,,,
2010-03-08,8.75,0.032927,1.7826,1.7818
2010-03-09,8.75,0.032927,1.7899,1.7891
2010-03-10,8.75,0.032927,1.7716,1.7708
2010-03-11,8.75,0.032927,1.7693,1.7685
2010-03-12,8.75,0.032927,1.7637,1.7629
2010-03-13,8.75,,,
2010-03-14,8.75,,,
2010-03-15,8.75,0.032927,1.7644,1.7636
2010-03-16,8.75,0.032927,1.7666,1.7658
2010-03-17,8.75,0.032927,1.764,1.7632
2010-03-18,8.75,0.032927,1.7848,1.784
2010-03-19,8.75,0.032927,1.7954,1.7946
2010-03-20,8.75,,,
2010-03-21,8.75,,,
2010-03-22,8.75,0.032927,1.803,1.8022
2010-03-23,8.75,0.032927,1.7813,1.7805
2010-03-24,8.75,0.032927,1.7904,1.7896
2010-03-25,8.75,0.032927,1.8008,1.8
2010-03-26,8.75,0.032927,1.8231,1.8223
2010-03-27,8.75,,,
2010-03-28,8.75,,,
2010-03-29,8.75,0.032927,1.8064,1.8056
2010-03-30,8.75,0.032927,1.7952,1.7944
2010-03-31,8.75,0.032927,1.781,1.7802
2010-04-01,8.75,0.032927,1.7701,1.7693
2010-04-02,8.75,,,
2010-04-03,8.75,,,
2010-04-04,8.75,,,
2010-04-05,8.75,0.032927,1.7573,1.7565
2010-04-06,8.75,0.032927,1.7605,1.7597
2010-04-07,8.75,0.032927,1.7662,1.7654
2010-04-08,8.75,0.032927,1.7806,1.7798
2010-04-09,8.75,0.032927,1.773,1.7722
2010-04-10,8.75,,,
2010-04-11,8.75,,,
2010-04-12,8.75,0.032927,1.7608,1.76
2010-04-13,8.75,0.032927,1.7584,1.7576
2010-04-14,8.75,0.032927,1.7446,1.7438
2010-04-15,8.75,0.032927,1.7483,1.7475
2010-04-16,8.75,0.032927,1.7558,1.755
2010-04-17,8.75,,,
2010-04-18,8.75,,,
2010-04-19,8.75,0.032927,1.7588,1.758
2010-04-20,8.75,0.032927,1.7497,1.7489
2010-04-21,8.75,,,
2010-04-22,8.75,0.032927,1.7626,1.7618
2010-04-23,8.75,0.03289,1.7624,1.7616
2010-04-24,8.75,,,
2010-04-25,8.75,,,
2010-04-26,8.75,0.03289,1.7446,1.7438
2010-04-27,8.75,0.03289,1.7592,1.7584
2010-04-28,8.75,0.03289,1.7558,1.755
2010-04-29,9.5,0.035621,1.7321,1.7313
2010-04-30,9.5,0.035657,1.7306,1.7298
2010-05-01,9.5,,,
2010-05-02,9.5,,,
2010-05-03,9.5,0.035657,1.7315,1.7307
2010-05-04,9.5,0.035657,1.7557,1.7549
2010-05-05,9.5,0.035657,1.7862,1.7854
2010-05-06,9.5,0.035657,1.8353,1.8345
2010-05-07,9.5,0.035657,1.8343,1.8335
2010-05-08,9.5,,,
2010-05-09,9.5,,,
2010-05-10,9.5,0.035657,1.7833,1.7825
2010-05-11,9.5,0.035657,1.7843,1.7835
2010-05-12,9.5,0.035657,1.7723,1.7715
2010-05-13,9.5,0.035657,1.7737,1.7729
2010-05-14,9.5,0.035657,1.7967,1.7959
2010-05-15,9.5,,,
2010-05-16,9.5,,,
2010-05-17,9.5,0.035657,1.8045,1.8037
2010-05-18,9.5,0.035657,1.7921,1.7913
2010-05-19,9.5,0.035657,1.8366,1.8358
2010-05-20,9.5,0.035657,1.8677,1.8669
2010-05-21,9.5,0.035657,1.871,1.8702
2010-05-22,9.5,,,
2010-05-23,9.5,,,
2010-05-24,9.5,0.035621,1.8522,1.8514
2010-05-25,9.5,0.035657,1.8811,1.8803
2010-05-26,9.5,0.035657,1.8461,1.8453
2010-05-27,9.5,0.035657,1.8328,1.832
2010-05-28,9.5,0.035621,1.8229,1.8221
2010-05-29,9.5,,,
2010-05-30,9.5,,,
2010-05-31,9.5,0.035621,1.8167,1.8159
2010-06-01,9.5,0.035657,1.8255,1.8247
2010-06-02,9.5,0.035657,1.8362,1.8354
2010-06-03,9.5,,,
2010-06-04,9.5,0.035657,1.8401,1.8393
2010-06-05,9.5,,,
2010-06-06,9.5,,,
2010-06-07,9.5,0.035657,1.8634,1.8626
2010-06-08,9.5,0.035657,1.8658,1.865
2010-06-09,9.5,0.035657,1.8423,1.8415
2010-06-10,10.25,0.03837,1.8185,1.8177
2010-06-11,10.25,0.03837,1.8125,1.8117
2010-06-12,10.25,,,
2010-06-13,10.25,,,
2010-06-14,10.25,0.03837,1.803,1.8022
2010-06-15,10.25,0.03837,1.7971,1.7963
2010-06-16,10.25,0.03837,1.7893,1.7885
2010-06-17,10.25,0.03837,1.7817,1.7809
2010-06-18,10.25,0.03837,1.7761,1.7753
2010-06-19,10.25,,,
2010-06-20,10.25,,,
2010-06-21,10.25,0.03837,1.7663,1.7655
2010-06-22,10.25,0.03837,1.768,1.7672
2010-06-23,10.25,0.03837,1.7908,1.79
2010-06-24,10.25,0.03837,1.7907,1.7899
2010-06-25,10.25,0.03837,1.7781,1.7773
2010-06-26,10.25,,,
2010-06-27,10.25,,,
2010-06-28,10.25,0.038406,1.7826,1.7818
2010-06-29,10.25,0.038406,1.8076,1.8068
2010-06-30,10.25,0.038406,1.8015,1.8007
2010-07-01,10.25,0.038406,1.8006,1.7998
2010-07-02,10.25,0.038406,1.7785,1.7777
2010-07-03,10.25,,,
2010-07-04,10.25,,,
2010-07-05,10.25,0.038406,1.7755,1.7747
2010-07-06,10.25,0.038406,1.7665,1.7657
2010-07-07,10.25,0.038406,1.7719,1.7711
2010-07-08,10.25,0.038406,1.7652,1.7644
2010-07-09,10.25,0.038406,1.7572,1.7564
2010-07-10,10.25,,,
2010-07-11,10.25,,,
2010-07-12,10.25,0.038406,1.7644,1.7636
2010-07-13,10.25,0.038406,1.7525,1.7517
2010-07-14,10.25,0.038406,1.7657,1.7649
2010-07-15,10.25,0.038406,1.769,1.7682
2010-07-16,10.25,0.038406,1.7792,1.7784
2010-07-17,10.25,,,
2010-07-18,10.25,,,
2010-07-19,10.25,0.038406,1.7854,1.7846
2010-07-20,10.25,0.038406,1.78,1.7792
2010-07-21,10.25,0.038406,1.7766,1.7758
2010-07-22,10.75,0.040203,1.7629,1.7621
2010-07-23,10.75,0.040203,1.7617,1.7609
2010-07-24,10.75,,,
2010-07-25,10.75,,,
2010-07-26,10.75,0.040203,1.7669,1.7661
2010-07-27,10.75,0.040203,1.7658,1.765
2010-07-28,10.75,0.040203,1.765,1.7642
2010-07-29,10.75,0.040203,1.7643,1.7635
2010-07-30,10.75,0.040203,1.7572,1.7564
2010-07-31,10.75,,,
2010-08-01,10.75,,,
2010-08-02,10.75,0.040203,1.7489,1.7481
2010-08-03,10.75,0.040203,1.7594,1.7586
2010-08-04,10.75,0.040203,1.7563,1.7555
2010-08-05,10.75,0.040203,1.7535,1.7527
2010-08-06,10.75,0.040203,1.7566,1.7558
2010-08-07,10.75,,,
2010-08-08,10.75,,,
2010-08-09,10.75,0.040203,1.7537,1.7529
2010-08-10,10.75,0.040203,1.7576,1.7568
2010-08-11,10.75,0.040203,1.7663,1.7655
2010-08-12,10.75,0.040203,1.7731,1.7723
2010-08-13,10.75,0.040203,1.7716,1.7708
2010-08-14,10.75,,,
2010-08-15,10.75,,,
2010-08-16,10.75,0.040203,1.7639,1.7631
2010-08-17,10.75,0.040203,1.7528,1.752
2010-08-18,10.75,0.040203,1.7513,1.7505
2010-08-19,10.75,0.040203,1.7584,1.7576
2010-08-20,10.75,0.040203,1.7597,1.7589
2010-08-21,10.75,,,
2010-08-22,10.75,,,
2010-08-23,10.75,0.040203,1.7587,1.7579
2010-08-24,10.75,0.040203,1.7727,1.7719
2010-08-25,10.75,0.040203,1.7668,1.766
2010-08-26,10.75,0.040203,1.7596,1.7588
2010-08-27,10.75,0.040203,1.7544,1.7536
2010-08-28,10.75,,,
2010-08-29,10.75,,,
2010-08-30,10.75,0.040203,1.7591,1.7583
2010-08-31,10.75,0.040203,1.756,1.7552
2010-09-01,10.75,0.040203,1.7441,1.7433
2010-09-02,10.75,0.040203,1.7367,1.7359
2010-09-03,10.75,0.040203,1.7281,1.7273
2010-09-04,10.75,,,
2010-09-05,10.75,,,
2010-09-06,10.75,0.040203,1.7259,1.7251
2010-09-07,10.75,,,
2010-09-08,10.75,0.040203,1.7231,1.7223
2010-09-09,10.75,0.040203,1.7238,1.723
2010-09-10,10.75,0.040203,1.7186,1.7178
2010-09-11,10.75,,,
2010-09-12,10.75,,,
2010-09-13,10.75,0.040203,1.7174,1.7166
2010-09-14,10.75,0.040203,1.7076,1.7068
2010-09-15,10.75,0.040203,1.7169,1.7161
2010-09-16,10.75,0.040203,1.7184,1.7176
2010-09-17,10.75,0.040203,1.7166,1.7158
2010-09-18,10.75,,,
2010-09-19,10.75,,,
2010-09-20,10.75,0.040203,1.7216,1.7208
2010-09-21,10.75,0.040203,1.7255,1.7247
2010-09-22,10.75,0.040203,1.7184,1.7176
2010-09-23,10.75,0.040203,1.7194,1.7186
2010-09-24,10.75,0.040203,1.712,1.7112
2010-09-25,10.75,,,
2010-09-26,10.75,,,
2010-09-27,10.75,0.040203,1.71,1.7092
2010-09-28,10.75,0.040203,1.7093,1.7085
2010-09-29,10.75,0.040203,1.7053,1.7045
2010-09-30,10.75,0.040203,1.6942,1.6934
2010-10-01,10.75,0.040203,1.6812,1.6804
2010-10-02,10.75,,,
2010-10-03,10.75,,,
2010-10-04,10.75,0.040203,1.6882,1.6874
2010-10-05,10.75,0.040203,1.6808,1.68
2010-10-06,10.75,0.040203,1.6758,1.675
2010-10-07,10.75,0.040203,1.6777,1.6769
2010-10-08,10.75,0.040203,1.6804,1.6796
2010-10-09,10.75,,,
2010-10-10,10.75,,,
2010-10-11,10.75,0.040203,1.6648,1.664
2010-10-12,10.75,,,
2010-10-13,10.75,0.040203,1.6554,1.6546
2010-10-14,10.75,0.040203,1.6596,1.6588
2010-10-15,10.75,0.040203,1.6604,1.6596
2010-10-16,10.75,,,
2010-10-17,10.75,,,
2010-10-18,10.75,0.040203,1.6686,1.6678
2010-10-19,10.75,0.040203,1.6868,1.686
2010-10-20,10.75,0.040203,1.6735,1.6727
2010-10-21,10.75,0.040203,1.6897,1.6889
2010-10-22,10.75,0.040203,1.6997,1.6989
2010-10-23,10.75,,,
2010-10-24,10.75,,,
2010-10-25,10.75,0.040203,1.7026,1.7018
2010-10-26,10.75,0.040203,1.7045,1.7037
2010-10-27,10.75,0.040203,1.7077,1.7069
2010-10-28,10.75,0.040203,1.7112,1.7104
2010-10-29,10.75,0.040203,1.7014,1.7006
2010-10-30,10.75,,,
2010-10-31,10.75,,,
2010-11-01,10.75,0.040203,1.7044,1.7036
2010-11-02,10.75,,,
2010-11-03,10.75,0.040203,1.6937,1.6929
2010-11-04,10.75,0.040203,1.6819,1.6811
2010-11-05,10.75,0.040203,1.6801,1.6793
2010-11-06,10.75,,,
2010-11-07,10.75,,,
2010-11-08,10.75,0.040203,1.697,1.6962
2010-11-09,10.75,0.040203,1.697,1.6962
2010-11-10,10.75,0.040203,1.707,1.7062
2010-11-11,10.75,0.040203,1.7178,1.717
2010-11-12,10.75,0.040203,1.7198,1.719
2010-11-13,10.75,,,
2010-11-14,10.75,,,
2010-11-15,10.75,,,
2010-11-16,10.75,0.040203,1.7295,1.7287
2010-11-17,10.75,0.040203,1.7298,1.729
2010-11-18,10.75,0.040203,1.7143,1.7135
2010-11-19,10.75,0.040203,1.7189,1.7181
2010-11-20,10.75,,,
2010-11-21,10.75,,,
2010-11-22,10.75,0.040203,1.7235,1.7227
2010-11-23,10.75,0.040203,1.7336,1.7328
2010-11-24,10.75,0.040203,1.7247,1.7239
2010-11-25,10.75,0.040203,1.7206,1.7198
2010-11-26,10.75,0.040203,1.7298,1.729
2010-11-27,10.75,,,
2010-11-28,10.75,,,
2010-11-29,10.75,0.040203,1.7271,1.7263
2010-11-30,10.75,0.040203,1.7161,1.7153
2010-12-01,10.75,0.040203,1.7052,1.7044
2010-12-02,10.75,0.040203,1.7029,1.7021
2010-12-03,10.75,0.040203,1.6917,1.6909
2010-12-04,10.75,,,
2010-12-05,10.75,,,
2010-12-06,10.75,0.040203,1.6836,1.6828
2010-12-07,10.75,0.040203,1.6739,1.6731
2010-12-08,10.75,0.040203,1.6892,1.6884
2010-12-09,10.75,0.040203,1.7024,1.7016
2010-12-10,10.75,0.040203,1.7117,1.7109
2010-12-11,10.75,,,
2010-12-12,10.75,,,
2010-12-13,10.75,0.040203,1.7027,1.7019
2010-12-14,10.75,0.040203,1.6949,1.6941
2010-12-15,10.75,0.040203,1.6988,1.698
2010-12-16,10.75,0.040239,1.7028,1.702
2010-12-17,10.75,0.040203,1.7098,1.709
2010-12-18,10.75,,,
2010-12-19,10.75,,,
2010-12-20,10.75,0.040203,1.7082,1.7074
2010-12-21,10.75,0.040203,1.6974,1.6966
2010-12-22,10.75,0.040203,1.6946,1.6938
2010-12-23,10.75,0.040203,1.6984,1.6976
2010-12-24,10.75,0.040203,1.6903,1.6895
2010-12-25,10.75,,,
2010-12-26,10.75,,,
2010-12-27,10.75,0.040203,1.6922,1.6914
2010-12-28,10.75,0.040203,1.6866,1.6858
2010-12-29,10.75,0.040203,1.6788,1.678
2010-12-30,10.75,0.040239,1.6662,1.6654
2010-12-31,10.75,0.040239,1.6662,1.6654
2011-01-01,10.75,,,
2011-01-02,10.75,,,
2011-01-03,10.75,0.040239,1.651,1.6502
2011-01-04,10.75,0.040203,1.6556,1.6548
2011-01-05,10.75,0.040239,1.6713,1.6705
2011-01-06,10.75,0.040203,1.6857,1.6849
2011-01-07,10.75,0.040239,1.6861,1.6853
2011-01-08,10.75,,,
2011-01-09,10.75,,,
2011-01-10,10.75,0.040203,1.6912,1.6904
2011-01-11,10.75,0.040203,1.6887,1.6879
2011-01-12,10.75,0.040203,1.6773,1.6765
2011-01-13,10.75,0.040203,1.6701,1.6693
2011-01-14,10.75,0.040203,1.6843,1.6835
2011-01-15,10.75,,,
2011-01-16,10.75,,,
2011-01-17,10.75,0.040203,1.6818,1.681
2011-01-18,10.75,0.040203,1.6745,1.6737
2011-01-19,10.75,0.040203,1.6714,1.6706
2011-01-20,11.25,0.041993,1.6715,1.6707
2011-01-21,11.25,0.041993,1.6723,1.6715
2011-01-22,11.25,,,
2011-01-23,11.25,,,
2011-01-24,11.25,0.041993,1.6731,1.6723
2011-01-25,11.25,0.041993,1.6745,1.6737
2011-01-26,11.25,0.041993,1.6692,1.6684
2011-01-27,11.25,0.042029,1.672,1.6712
2011-01-28,11.25,0.042029,1.6782,1.6774
2011-01-29,11.25,,,
2011-01-30,11.25,,,
2011-01-31,11.25,0.042029,1.6734,1.6726
2011-02-01,11.25,0.041993,1.6631,1.6623
2011-02-02,11.25,0.042029,1.6671,1.6663
2011-02-03,11.25,0.042029,1.6697,1.6689
2011-02-04,11.25,0.042029,1.6738,1.673
2011-02-05,11.25,,,
2011-02-06,11.25,,,
2011-02-07,11.25,0.042029,1.6776,1.6768
2011-02-08,11.25,0.042029,1.6711,1.6703
2011-02-09,11.25,0.042029,1.6643,1.6635
2011-02-10,11.25,0.042029,1.668,1.6672
2011-02-11,11.25,0.042029,1.6679,1.6671
2011-02-12,11.25,,,
2011-02-13,11.25,,,
2011-02-14,11.25,0.042029,1.6681,1.6673
2011-02-15,11.25,0.042029,1.6682,1.6674
2011-02-16,11.25,0.042029,1.6704,1.6696
2011-02-17,11.25,0.042029,1.6661,1.6653
2011-02-18,11.25,0.042029,1.6677,1.6669
2011-02-19,11.25,,,
2011-02-20,11.25,,,
2011-02-21,11.25,0.042029,1.6667,1.6659
2011-02-22,11.25,0.042029,1.6694,1.6686
2011-02-23,11.25,0.042029,1.672,1.6712
2011-02-24,11.25,0.042029,1.6649,1.6641
2011-02-25,11.25,0.042029,1.6625,1.6617
2011-02-26,11.25,,,
2011-02-27,11.25,,,
2011-02-28,11.25,0.042029,1.6612,1.6604
2011-03-01,11.25,0.042029,1.6627,1.6619
2011-03-02,11.25,0.042029,1.661,1.6602
2011-03-03,11.75,0.04381,1.6545,1.6537
2011-03-04,11.75,0.04381,1.6462,1.6454
2011-03-05,11.75,,,
2011-03-06,11.75,,,
2011-03-07,11.75,,,
2011-03-08,11.75,,,
2011-03-09,11.75,0.04381,1.6559,1.6551
2011-03-10,11.75,0.04381,1.6612,1.6604
2011-03-11,11.75,0.04381,1.6649,1.6641
2011-03-12,11.75,,,
2011-03-13,11.75,,,
2011-03-14,11.75,0.04381,1.6631,1.6623
2011-03-15,11.75,0.04381,1.6692,1.6684
2011-03-16,11.75,0.04381,1.6674,1.6666
2011-03-17,11.75,0.04381,1.6757,1.6749
2011-03-18,11.75,0.04381,1.672,1.6712
2011-03-19,11.75,,,
2011-03-20,11.75,,,
2011-03-21,11.75,0.04381,1.6652,1.6644
2011-03-22,11.75,0.04381,1.6638,1.663
2011-03-23,11.75,0.04381,1.6602,1.6594
2011-03-24,11.75,0.04381,1.6593,1.6585
2011-03-25,11.75,0.04381,1.6581,1.6573
2011-03-26,11.75,,,
2011-03-27,11.75,,,
2011-03-28,11.75,0.04381,1.6614,1.6606
2011-03-29,11.75,0.04381,1.6546,1.6538
2011-03-30,11.75,0.04381,1.636,1.6352
2011-03-31,11.75,0.04381,1.6287,1.6279
2011-04-01,11.75,0.04381,1.6194,1.6186
2011-04-02,11.75,,,
2011-04-03,11.75,,,
2011-04-04,11.75,0.04381,1.611,1.6102
2011-04-05,11.75,0.04381,1.6087,1.6079
2011-04-06,11.75,0.04381,1.6097,1.6089
2011-04-07,11.75,0.04381,1.5927,1.5919
2011-04-08,11.75,0.04381,1.5762,1.5754
2011-04-09,11.75,,,
2011-04-10,11.75,,,
2011-04-11,11.75,0.04381,1.5805,1.5797
2011-04-12,11.75,0.04381,1.587,1.5862
2011-04-13,11.75,0.04381,1.5864,1.5856
2011-04-14,11.75,0.04381,1.5842,1.5834
2011-04-15,11.75,0.04381,1.5776,1.5768
2011-04-16,11.75,,,
2011-04-17,11.75,,,
2011-04-18,11.75,0.04381,1.5912,1.5904
2011-04-19,11.75,0.04381,1.5792,1.5784
2011-04-20,11.75,0.04381,1.5722,1.5714
2011-04-21,11.75,,,
2011-04-22,11.75,,,
2011-04-23,11.75,,,
2011-04-24,11.75,,,
2011-04-25,12.0,0.044698,1.572,1.5712
2011-04-26,12.0,0.044698,1.5654,1.5646
2011-04-27,12.0,0.044698,1.5705,1.5697
2011-04-28,12.0,0.044698,1.5853,1.5845
2011-04-29,12.0,0.044698,1.5733,1.5725
2011-04-30,12.0,,,
2011-05-01,12.0,,,
2011-05-02,12.0,0.044698,1.5747,1.5739
2011-05-03,12.0,0.044698,1.589,1.5882
2011-05-04,12.0,0.044698,1.603,1.6022
2011-05-05,12.0,0.044698,1.6219,1.6211
2011-05-06,12.0,0.044698,1.6111,1.6103
2011-05-07,12.0,,,
2011-05-08,12.0,,,
2011-05-09,12.0,0.044698,1.6199,1.6191
2011-05-10,12.0,0.044698,1.6069,1.6061
2011-05-11,12.0,0.044698,1.6178,1.617
2011-05-12,12.0,0.044698,1.6207,1.6199
2011-05-13,12.0,0.044698,1.6328,1.632
2011-05-14,12.0,,,
2011-05-15,12.0,,,
2011-05-16,12.0,0.044698,1.6317,1.6309
2011-05-17,12.0,0.044698,1.629,1.6282
2011-05-18,12.0,0.044698,1.6166,1.6158
2011-05-19,12.0,0.044698,1.6165,1.6157
2011-05-20,12.0,0.044698,1.6169,1.6161
2011-05-21,12.0,,,
2011-05-22,12.0,,,
2011-05-23,12.0,0.044698,1.6339,1.6331
2011-05-24,12.0,0.044698,1.6256,1.6248
2011-05-25,12.0,0.044698,1.6297,1.6289
2011-05-26,12.0,0.044698,1.6196,1.6188
2011-05-27,12.0,0.044698,1.6038,1.603
2011-05-28,12.0,,,
2011-05-29,12.0,,,
2011-05-30,12.0,0.044698,1.5958,1.595
2011-05-31,12.0,0.044698,1.5799,1.5791
2011-06-01,12.0,0.044698,1.5878,1.587
2011-06-02,12.0,0.044698,1.5805,1.5797
2011-06-03,12.0,0.044698,1.5744,1.5736
2011-06-04,12.0,,,
2011-06-05,12.0,,,
2011-06-06,12.0,0.044698,1.581,1.5802
2011-06-07,12.0,0.044698,1.5764,1.5756
2011-06-08,12.0,0.044698,1.582,1.5812
2011-06-09,12.25,0.045584,1.5877,1.5869
2011-06-10,12.25,0.045584,1.5938,1.593
2011-06-11,12.25,,,
2011-06-12,12.25,,,
2011-06-13,12.25,0.045584,1.5888,1.588
2011-06-14,12.25,0.045584,1.5821,1.5813
2011-06-15,12.25,0.045584,1.596,1.5952
2011-06-16,12.25,0.045584,1.6108,1.61
2011-06-17,12.25,0.045584,1.5979,1.5971
2011-06-18,12.25,,,
2011-06-19,12.25,,,
2011-06-20,12.25,0.045584,1.5969,1.5961
2011-06-21,12.25,0.045584,1.591,1.5902
2011-06-22,12.25,0.045584,1.5877,1.5869
2011-06-23,12.25,,,
2011-06-24,12.25,0.045584,1.5988,1.598
2011-06-25,12.25,,,
2011-06-26,12.25,,,
2011-06-27,12.25,0.045584,1.5969,1.5961
2011-06-28,12.25,0.045584,1.5833,1.5825
2011-06-29,12.25,0.045584,1.573,1.5722
2011-06-30,12.25,0.045584,1.5611,1.5603
2011-07-01,12.25,0.045584,1.5599,1.5591
2011-07-02,12.25,,,
2011-07-03,12.25,,,
2011-07-04,12.25,0.045584,1.558,1.5572
2011-07-05,12.25,0.045584,1.5637,1.5629
2011-07-06,12.25,0.045584,1.5662,1.5654
2011-07-07,12.25,0.045584,1.5581,1.5573
2011-07-08,12.25,0.045584,1.5634,1.5626
2011-07-09,12.25,,,
2011-07-10,12.25,,,
2011-07-11,12.25,0.045584,1.5796,1.5788
2011-07-12,12.25,0.045584,1.5773,1.5765
2011-07-13,12.25,0.045584,1.5762,1.5754
2011-07-14,12.25,0.045584,1.5729,1.5721
2011-07-15,12.25,0.045584,1.5743,1.5735
2011-07-16,12.25,,,
2011-07-17,12.25,,,
2011-07-18,12.25,0.045584,1.5828,1.582
2011-07-19,12.25,0.045584,1.5691,1.5683
2011-07-20,12.25,0.045584,1.5651,1.5643
2011-07-21,12.5,0.046468,1.5567,1.5559
2011-07-22,12.5,0.046468,1.5547,1.5539
2011-07-23,12.5,,,
2011-07-24,12.5,,,
2011-07-25,12.5,0.046468,1.5449,1.5441
2011-07-26,12.5,0.046468,1.5345,1.5337
2011-07-27,12.5,0.046468,1.5639,1.5631
2011-07-28,12.5,0.046468,1.5651,1.5643
2011-07-29,12.5,0.046468,1.5563,1.5555
2011-07-30,12.5,,,
2011-07-31,12.5,,,
2011-08-01,12.5,0.046468,1.5551,1.5543
2011-08-02,12.5,0.046468,1.5656,1.5648
2011-08-03,12.5,0.046468,1.5651,1.5643
2011-08-04,12.5,0.046468,1.5752,1.5744
2011-08-05,12.5,0.046468,1.5895,1.5887
2011-08-06,12.5,,,
2011-08-07,12.5,,,
2011-08-08,12.5,0.046468,1.5999,1.5991
2011-08-09,12.5,0.046468,1.6334,1.6326
2011-08-10,12.5,0.046468,1.6183,1.6175
2011-08-11,12.5,0.046468,1.6306,1.6298
2011-08-12,12.5,0.046468,1.6157,1.6149
2011-08-13,12.5,,,
2011-08-14,12.5,,,
2011-08-15,12.5,0.046468,1.5956,1.5948
2011-08-16,12.5,0.046468,1.5918,1.591
2011-08-17,12.5,0.046468,1.583,1.5822
2011-08-18,12.5,0.046468,1.6062,1.6054
2011-08-19,12.5,0.046468,1.596,1.5952
2011-08-20,12.5,,,
2011-08-21,12.5,,,
2011-08-22,12.5,0.046468,1.6009,1.6001
2011-08-23,12.5,0.046468,1.6036,1.6028
2011-08-24,12.5,0.046468,1.6039,1.6031
2011-08-25,12.5,0.046432,1.6154,1.6146
2011-08-26,12.5,0.046432,1.6114,1.6106
2011-08-27,12.5,,,
2011-08-28,12.5,,,
2011-08-29,12.5,0.046432,1.5974,1.5966
2011-08-30,12.5,0.046432,1.5904,1.5896
2011-08-31,12.5,0.046432,1.5872,1.5864
2011-09-01,12.0,0.044663,1.604,1.6032
2011-09-02,12.0,0.044663,1.6343,1.6335
2011-09-03,12.0,,,
2011-09-04,12.0,,,
2011-09-05,12.0,0.044663,1.6522,1.6514
2011-09-06,12.0,0.044663,1.6583,1.6575
2011-09-07,12.0,,,
2011-09-08,12.0,0.044663,1.6566,1.6558
2011-09-09,12.0,0.044663,1.6774,1.6766
2011-09-10,12.0,,,
2011-09-11,12.0,,,
2011-09-12,12.0,0.044663,1.6899,1.6891
2011-09-13,12.0,0.044663,1.7127,1.7119
2011-09-14,12.0,0.044663,1.7288,1.728
2011-09-15,12.0,0.044663,1.7106,1.7098
2011-09-16,12.0,0.044663,1.7122,1.7114
2011-09-17,12.0,,,
2011-09-18,12.0,,,
2011-09-19,12.0,0.044627,1.7763,1.7755
2011-09-20,12.0,0.044627,1.787,1.7862
2011-09-21,12.0,0.044627,1.828,1.8272
2011-09-22,12.0,0.044627,1.9016,1.9008
2011-09-23,12.0,0.044627,1.8735,1.8727
2011-09-24,12.0,,,
2011-09-25,12.0,,,
2011-09-26,12.0,0.044627,1.8445,1.8437
2011-09-27,12.0,0.044627,1.8008,1.8
2011-09-28,12.0,0.044627,1.8131,1.8123
2011-09-29,12.0,0.044627,1.8291,1.8283
2011-09-30,12.0,0.044627,1.8544,1.8536
2011-10-01,12.0,,,
2011-10-02,12.0,,,
2011-10-03,12.0,0.044627,1.8811,1.8804
2011-10-04,12.0,0.044627,1.8856,1.8848
2011-10-05,12.0,0.044627,1.8456,1.8449
2011-10-06,12.0,0.044627,1.8116,1.8109
2011-10-07,12.0,0.044627,1.7666,1.7659
2011-10-08,12.0,,,
2011-10-09,12.0,,,
2011-10-10,12.0,0.044627,1.7478,1.7471
2011-10-11,12.0,0.044627,1.7658,1.7652
2011-10-12,12.0,,,
2011-10-13,12.0,0.044627,1.7536,1.7529
2011-10-14,12.0,0.044627,1.7376,1.7369
2011-10-15,12.0,,,
2011-10-16,12.0,,,
2011-10-17,12.0,0.044627,1.7488,1.7481
2011-10-18,12.0,0.044627,1.7724,1.7717
2011-10-19,12.0,0.044592,1.7604,1.7597
2011-10-20,11.5,0.042849,1.7826,1.7819
2011-10-21,11.5,0.042849,1.7803,1.7796
2011-10-22,11.5,,,
2011-10-23,11.5,,,
2011-10-24,11.5,0.042849,1.7768,1.7761
2011-10-25,11.5,0.042849,1.7548,1.7541
2011-10-26,11.5,0.042849,1.7606,1.7599
2011-10-27,11.5,0.042849,1.7323,1.7316
2011-10-28,11.5,0.042849,1.6986,1.6979
2011-10-29,11.5,,,
2011-10-30,11.5,,,
2011-10-31,11.5,0.042849,1.6885,1.6878
2011-11-01,11.5,0.042849,1.7506,1.7499
2011-11-02,11.5,,,
2011-11-03,11.5,0.042849,1.727,1.7262
2011-11-04,11.5,0.042849,1.7415,1.7408
2011-11-05,11.5,,,
2011-11-06,11.5,,,
2011-11-07,11.5,0.042849,1.7503,1.7496
2011-11-08,11.5,0.042849,1.7453,1.7446
2011-11-09,11.5,0.042849,1.7516,1.751
2011-11-10,11.5,0.042849,1.761,1.7603
2011-11-11,11.5,0.042849,1.7547,1.754
2011-11-12,11.5,,,
2011-11-13,11.5,,,
2011-11-14,11.5,0.042849,1.7649,1.7642
2011-11-15,11.5,,,
2011-11-16,11.5,0.042849,1.7772,1.7765
2011-11-17,11.5,0.042849,1.7775,1.7767
2011-11-18,11.5,0.042849,1.7723,1.7716
2011-11-19,11.5,,,
2011-11-20,11.5,,,
2011-11-21,11.5,0.042849,1.8061,1.8053
2011-11-22,11.5,0.042849,1.8069,1.8062
2011-11-23,11.5,0.042849,1.8441,1.8434
2011-11-24,11.5,0.042849,1.866,1.8652
2011-11-25,11.5,0.042849,1.8937,1.893
2011-11-26,11.5,,,
2011-11-27,11.5,,,
2011-11-28,11.5,0.042849,1.8596,1.859
2011-11-29,11.5,0.042849,1.8486,1.8478
2011-11-30,11.5,0.042849,1.8109,1.8102
2011-12-01,11.0,0.041063,1.7929,1.7922
2011-12-02,11.0,0.041063,1.7843,1.7836
2011-12-03,11.0,,,
2011-12-04,11.0,,,
2011-12-05,11.0,0.041063,1.783,1.7823
2011-12-06,11.0,0.041063,1.7913,1.7906
2011-12-07,11.0,0.041063,1.798,1.7974
2011-12-08,11.0,0.041063,1.7941,1.7934
2011-12-09,11.0,0.041063,1.813,1.8123
2011-12-10,11.0,,,
2011-12-11,11.0,,,
2011-12-12,11.0,0.041063,1.8219,1.8211
2011-12-13,11.0,0.041063,1.8409,1.8403
2011-12-14,11.0,0.041063,1.8728,1.8721
2011-12-15,11.0,0.041063,1.8609,1.8602
2011-12-16,11.0,0.041063,1.8465,1.8458
2011-12-17,11.0,,,
2011-12-18,11.0,,,
2011-12-19,11.0,0.041063,1.8616,1.8608
2011-12-20,11.0,0.041063,1.8508,1.8501
2011-12-21,11.0,0.041063,1.8556,1.855
2011-12-22,11.0,0.041063,1.8578,1.8571
2011-12-23,11.0,0.041063,1.856,1.8554
2011-12-24,11.0,,,
2011-12-25,11.0,,,
2011-12-26,11.0,0.041063,1.8566,1.8559
2011-12-27,11.0,0.041063,1.8585,1.8578
2011-12-28,11.0,0.041063,1.8634,1.8626
2011-12-29,11.0,0.041063,1.8758,1.8751
2011-12-30,11.0,0.041099,1.8758,1.8751
2011-12-31,11.0,,,
2012-01-01,11.0,,,
2012-01-02,11.0,0.041063,1.8683,1.8676
2012-01-03,11.0,0.041063,1.8457,1.845
2012-01-04,11.0,0.041063,1.8272,1.8265
2012-01-05,11.0,0.041063,1.8371,1.8365
2012-01-06,11.0,0.041063,1.8449,1.8442
2012-01-07,11.0,,,
2012-01-08,11.0,,,
2012-01-09,11.0,0.041063,1.8442,1.8435
2012-01-10,11.0,0.041063,1.8042,1.8036
2012-01-11,11.0,0.041063,1.8048,1.8041
2012-01-12,11.0,0.041063,1.7874,1.7867
2012-01-13,11.0,0.041063,1.7853,1.7846
2012-01-14,11.0,,,
2012-01-15,11.0,,,
2012-01-16,11.0,0.041063,1.7836,1.783
2012-01-17,11.0,0.041063,1.776,1.7754
2012-01-18,11.0,0.041063,1.7791,1.7785
2012-01-19,10.5,0.03927,1.7648,1.7642
2012-01-20,10.5,0.03927,1.767,1.7664
2012-01-21,10.5,,,
2012-01-22,10.5,,,
2012-01-23,10.5,0.03927,1.7528,1.7521
2012-01-24,10.5,0.03927,1.7649,1.7643
2012-01-25,10.5,0.03927,1.7632,1.7623
2012-01-26,10.5,0.03927,1.7389,1.7382
2012-01-27,10.5,0.03927,1.7436,1.7429
2012-01-28,10.5,,,
2012-01-29,10.5,,,
2012-01-30,10.5,0.03927,1.7509,1.7502
2012-01-31,10.5,0.03927,1.7391,1.7385
2012-02-01,10.5,0.03927,1.7376,1.737
2012-02-02,10.5,0.03927,1.7326,1.732
2012-02-03,10.5,0.03927,1.7223,1.7216
2012-02-04,10.5,,,
2012-02-05,10.5,,,
2012-02-06,10.5,0.03927,1.7249,1.7243
2012-02-07,10.5,0.03927,1.7261,1.7255
2012-02-08,10.5,0.03927,1.7195,1.7189
2012-02-09,10.5,0.03927,1.7225,1.7219
2012-02-10,10.5,0.03927,1.726,1.7254
2012-02-11,10.5,,,
2012-02-12,10.5,,,
2012-02-13,10.5,0.03927,1.7169,1.7162
2012-02-14,10.5,0.03927,1.7173,1.7167
2012-02-15,10.5,0.03927,1.7158,1.7151
2012-02-16,10.5,0.03927,1.7326,1.732
2012-02-17,10.5,0.03927,1.7136,1.713
2012-02-18,10.5,,,
2012-02-19,10.5,,,
2012-02-20,10.5,,,
2012-02-21,10.5,,,
2012-02-22,10.5,0.03927,1.7076,1.7069
2012-02-23,10.5,0.03927,1.704,1.7033
2012-02-24,10.5,0.03927,1.7098,1.7091
2012-02-25,10.5,,,
2012-02-26,10.5,,,
2012-02-27,10.5,0.03927,1.7088,1.7082
2012-02-28,10.5,0.03927,1.7024,1.7017
2012-02-29,10.5,0.03927,1.7092,1.7086
2012-03-01,10.5,0.03927,1.7152,1.7146
2012-03-02,10.5,0.03927,1.7245,1.7239
2012-03-03,10.5,,,
2012-03-04,10.5,,,
2012-03-05,10.5,0.03927,1.7314,1.7308
2012-03-06,10.5,0.03927,1.7556,1.755
2012-03-07,10.5,0.03927,1.7692,1.7685
2012-03-08,9.75,0.036564,1.7697,1.7691
2012-03-09,9.75,0.036564,1.7767,1.7761
2012-03-10,9.75,,,
2012-03-11,9.75,,,
2012-03-12,9.75,0.036564,1.8157,1.8151
2012-03-13,9.75,0.036564,1.8102,1.8096
2012-03-14,9.75,0.036564,1.8146,1.814
2012-03-15,9.75,0.036564,1.8006,1.8
2012-03-16,9.75,0.036564,1.8018,1.8012
2012-03-17,9.75,,,
2012-03-18,9.75,,,
2012-03-19,9.75,0.036564,1.809,1.8084
2012-03-20,9.75,0.036564,1.8259,1.8253
2012-03-21,9.75,0.036564,1.8267,1.8261
2012-03-22,9.75,0.036564,1.825,1.8244
2012-03-23,9.75,0.036564,1.8194,1.8188
2012-03-24,9.75,,,
2012-03-25,9.75,,,
2012-03-26,9.75,0.036564,1.8143,1.8137
2012-03-27,9.75,0.036564,1.8135,1.8129
2012-03-28,9.75,0.036564,1.8223,1.8217
2012-03-29,9.75,0.036564,1.8334,1.8327
2012-03-30,9.75,0.036564,1.8221,1.8215
2012-03-31,9.75,,,
2012-04-01,9.75,,,
2012-04-02,9.75,0.036564,1.8314,1.8308
2012-04-03,9.75,0.036564,1.8256,1.825
2012-04-04,9.75,0.036564,1.8316,1.831
2012-04-05,9.75,0.036564,1.8301,1.8295
2012-04-06,9.75,,,
2012-04-07,9.75,,,
2012-04-08,9.75,,,
2012-04-09,9.75,0.036564,1.826,1.8254
2012-04-10,9.75,0.036564,1.8317,1.8311
2012-04-11,9.75,0.036564,1.8303,1.8297
2012-04-12,9.75,0.036564,1.827,1.8264
2012-04-13,9.75,0.036564,1.8364,1.8358
2012-04-14,9.75,,,
2012-04-15,9.75,,,
2012-04-16,9.75,0.036564,1.8373,1.8367
2012-04-17,9.75,0.036564,1.8454,1.8447
2012-04-18,9.75,0.036564,1.8694,1.8688
2012-04-19,9.0,0.033839,1.8867,1.8861
2012-04-20,9.0,0.033839,1.8786,1.878
2012-04-21,9.0,,,
2012-04-22,9.0,,,
2012-04-23,9.0,0.033839,1.8864,1.8858
2012-04-24,9.0,0.033839,1.878,1.8774
2012-04-25,9.0,0.033839,1.8807,1.8801
2012-04-26,9.0,0.033839,1.8871,1.8864
2012-04-27,9.0,0.033839,1.8852,1.8846
2012-04-28,9.0,,,
2012-04-29,9.0,,,
2012-04-30,9.0,0.033839,1.8918,1.8912
2012-05-01,9.0,,,
2012-05-02,9.0,0.033839,1.9149,1.9143
2012-05-03,9.0,0.033839,1.9277,1.9271
2012-05-04,9.0,0.033839,1.921,1.9204
2012-05-05,9.0,,,
2012-05-06,9.0,,,
2012-05-07,9.0,0.033839,1.9268,1.9262
2012-05-08,9.0,0.033839,1.9366,1.936
2012-05-09,9.0,0.033839,1.9577,1.9571
2012-05-10,9.0,0.033839,1.9581,1.9576
2012-05-11,9.0,0.033839,1.9513,1.9507
2012-05-12,9.0,,,
2012-05-13,9.0,,,
2012-05-14,9.0,0.033803,1.9866,1.986
2012-05-15,9.0,0.033803,1.9947,1.9941
2012-05-16,9.0,0.033803,1.9974,1.9968
2012-05-17,9.0,0.033803,1.9973,1.9967
2012-05-18,9.0,0.033803,2.0095,2.0088
2012-05-19,9.0,,,
2012-05-20,9.0,,,
2012-05-21,9.0,0.033803,2.0374,2.0368
2012-05-22,9.0,0.033803,2.0493,2.0487
2012-05-23,9.0,0.033803,2.0816,2.0809
2012-05-24,9.0,0.033803,2.0384,2.0378
2012-05-25,9.0,0.033803,2.0032,2.0026
2012-05-26,9.0,,,
2012-05-27,9.0,,,
2012-05-28,9.0,0.033803,1.9778,1.9772
2012-05-29,9.0,0.033803,1.9944,1.9938
2012-05-30,9.0,0.033766,2.0078,2.0072
2012-05-31,8.5,0.031976,2.0223,2.0217
2012-06-01,8.5,0.031976,2.035,2.0344
2012-06-02,8.5,,,
2012-06-03,8.5,,,
2012-06-04,8.5,0.031976,2.041,2.0404
2012-06-05,8.5,0.031976,2.0266,2.0259
2012-06-06,8.5,0.031976,2.0183,2.0176
2012-06-07,8.5,,,
2012-06-08,8.5,0.031976,2.0353,2.0347
2012-06-09,8.5,,,
2012-06-10,8.5,,,
2012-06-11,8.5,0.031976,2.0348,2.0342
2012-06-12,8.5,0.031976,2.0564,2.0558
2012-06-13,8.5,0.031976,2.0604,2.0597
2012-06-14,8.5,0.031976,2.0691,2.0685
2012-06-15,8.5,0.031976,2.0443,2.0437
2012-06-16,8.5,,,
2012-06-17,8.5,,,
2012-06-18,8.5,0.031976,2.0634,2.0628
2012-06-19,8.5,0.031976,2.044,2.0433
2012-06-20,8.5,0.031976,2.0293,2.0287
2012-06-21,8.5,0.031976,2.0363,2.0357
2012-06-22,8.5,0.031976,2.0555,2.0549
2012-06-23,8.5,,,
2012-06-24,8.5,,,
2012-06-25,8.5,0.031976,2.0718,2.0712
2012-06-26,8.5,0.031976,2.0743,2.0737
2012-06-27,8.5,0.031976,2.0764,2.0758
2012-06-28,8.5,0.031976,2.0904,2.0897
2012-06-29,8.5,0.032012,2.0213,2.0207
2012-06-30,8.5,,,
2012-07-01,8.5,,,
2012-07-02,8.5,0.031976,1.9893,1.9887
2012-07-03,8.5,0.031976,1.9888,1.9882
2012-07-04,8.5,0.031976,2.0201,2.0195
2012-07-05,8.5,0.031976,2.0292,2.0287
2012-07-06,8.5,0.031976,2.0359,2.0353
2012-07-07,8.5,,,
2012-07-08,8.5,,,
2012-07-09,8.5,0.031976,2.0312,2.0303
2012-07-10,8.5,0.031976,2.0332,2.0327
2012-07-11,8.5,0.031976,2.031,2.0304
2012-07-12,8.0,0.03014,2.0471,2.0465
2012-07-13,8.0,0.03014,2.0338,2.0332
2012-07-14,8.0,,,
2012-07-15,8.0,,,
2012-07-16,8.0,0.03014,2.038,2.0375
2012-07-17,8.0,0.03014,2.0349,2.0343
2012-07-18,8.0,0.03014,2.0258,2.0253
2012-07-19,8.0,0.03014,2.0239,2.0233
2012-07-20,8.0,0.03014,2.0227,2.022
2012-07-21,8.0,,,
2012-07-22,8.0,,,
2012-07-23,8.0,0.03014,2.0412,2.0406
2012-07-24,8.0,0.03014,2.0418,2.0413
2012-07-25,8.0,0.03014,2.0403,2.0397
2012-07-26,8.0,0.03014,2.0255,2.0249
2012-07-27,8.0,0.03014,2.0173,2.0167
2012-07-28,8.0,,,
2012-07-29,8.0,,,
2012-07-30,8.0,0.03014,2.0313,2.0308
2012-07-31,8.0,0.03014,2.0499,2.0494
2012-08-01,8.0,0.03014,2.0432,2.0426
2012-08-02,8.0,0.03014,2.0475,2.047
2012-08-03,8.0,0.03014,2.0313,2.0307
2012-08-04,8.0,,,
2012-08-05,8.0,,,
2012-08-06,8.0,0.03014,2.0279,2.0273
2012-08-07,8.0,0.03014,2.0281,2.0276
2012-08-08,8.0,0.03014,2.0273,2.0267
2012-08-09,8.0,0.03014,2.0182,2.0177
2012-08-10,8.0,0.03014,2.0175,2.0169
2012-08-11,8.0,,,
2012-08-12,8.0,,,
2012-08-13,8.0,0.03014,2.0266,2.026
2012-08-14,8.0,0.03014,2.0258,2.0252
2012-08-15,8.0,0.03014,2.0234,2.0228
2012-08-16,8.0,0.03014,2.0214,2.0208
2012-08-17,8.0,0.03014,2.0182,2.0176
2012-08-18,8.0,,,
2012-08-19,8.0,,,
2012-08-20,8.0,0.03014,2.0209,2.0203
2012-08-21,8.0,0.03014,2.0173,2.0167
2012-08-22,8.0,0.03014,2.021,2.0204
2012-08-23,8.0,0.03014,2.0241,2.0236
2012-08-24,8.0,0.03014,2.0255,2.025
2012-08-25,8.0,,,
2012-08-26,8.0,,,
2012-08-27,8.0,0.03014,2.0293,2.0287
2012-08-28,8.0,0.03014,2.0433,2.0427
2012-08-29,8.0,0.03014,2.0509,2.0503
2012-08-30,7.5,0.028296,2.0513,2.0507
2012-08-31,7.5,0.028296,2.0372,2.0366
2012-09-01,7.5,,,
2012-09-02,7.5,,,
2012-09-03,7.5,0.028296,2.0335,2.0329
2012-09-04,7.5,0.028296,2.0392,2.0386
2012-09-05,7.5,0.028296,2.0385,2.038
2012-09-06,7.5,0.028296,2.0381,2.0375
2012-09-07,7.5,,,
2012-09-08,7.5,,,
2012-09-09,7.5,,,
2012-09-10,7.5,0.028296,2.0241,2.0235
2012-09-11,7.5,0.028296,2.0197,2.0192
2012-09-12,7.5,0.028296,2.0204,2.0198
2012-09-13,7.5,0.028296,2.0254,2.0249
2012-09-14,7.5,0.028296,2.0139,2.0133
2012-09-15,7.5,,,
2012-09-16,7.5,,,
2012-09-17,7.5,0.028296,2.0312,2.0306
2012-09-18,7.5,0.028296,2.0274,2.0268
2012-09-19,7.5,0.028296,2.0236,2.023
2012-09-20,7.5,0.028296,2.0263,2.0257
2012-09-21,7.5,0.028296,2.024,2.0235
2012-09-22,7.5,,,
2012-09-23,7.5,,,
2012-09-24,7.5,0.028296,2.0273,2.0267
2012-09-25,7.5,0.028296,2.0251,2.0245
2012-09-26,7.5,0.028296,2.0341,2.0335
2012-09-27,7.5,0.028296,2.0311,2.0305
2012-09-28,7.5,0.028296,2.0306,2.03
2012-09-29,7.5,,,
2012-09-30,7.5,,,
2012-10-01,7.5,0.028296,2.026,2.0254
2012-10-02,7.5,0.028296,2.0266,2.026
2012-10-03,7.5,0.028296,2.0266,2.026
2012-10-04,7.5,0.028296,2.0224,2.0218
2012-10-05,7.5,0.028296,2.0246,2.024
2012-10-06,7.5,,,
2012-10-07,7.5,,,
2012-10-08,7.5,0.028296,2.0313,2.0307
2012-10-09,7.5,0.028296,2.0337,2.0331
2012-10-10,7.5,0.028296,2.0378,2.0373
2012-10-11,7.25,0.027371,2.0369,2.0363
2012-10-12,7.25,,,
2012-10-13,7.25,,,
2012-10-14,7.25,,,
2012-10-15,7.25,0.027371,2.0382,2.0377
2012-10-16,7.25,0.027371,2.0351,2.0345
2012-10-17,7.25,0.027371,2.0336,2.033
2012-10-18,7.25,0.027371,2.0295,2.029
2012-10-19,7.25,0.027371,2.0272,2.0266
2012-10-20,7.25,,,
2012-10-21,7.25,,,
2012-10-22,7.25,0.027371,2.0266,2.026
2012-10-23,7.25,0.027371,2.0286,2.0281
2012-10-24,7.25,0.027371,2.0263,2.0257
2012-10-25,7.25,0.027371,2.0261,2.0256
2012-10-26,7.25,0.027371,2.0263,2.0257
2012-10-27,7.25,,,
2012-10-28,7.25,,,
2012-10-29,7.25,0.027371,2.0296,2.0291
2012-10-30,7.25,0.027371,2.0323,2.0318
2012-10-31,7.25,0.027371,2.0313,2.0308
2012-11-01,7.25,0.027371,2.0312,2.0306
2012-11-02,7.25,,,
2012-11-03,7.25,,,
2012-11-04,7.25,,,
2012-11-05,7.25,0.027371,2.035,2.0344
2012-11-06,7.25,0.027371,2.0341,2.0336
2012-11-07,7.25,0.027371,2.033,2.0324
2012-11-08,7.25,0.027371,2.0357,2.0352
2012-11-09,7.25,0.027371,2.0512,2.0507
2012-11-10,7.25,,,
2012-11-11,7.25,,,
2012-11-12,7.25,0.027371,2.0476,2.047
2012-11-13,7.25,0.027371,2.0614,2.0609
2012-11-14,7.25,0.027371,2.0629,2.0624
2012-11-15,7.25,,,
2012-11-16,7.25,0.027371,2.0712,2.0706
2012-11-17,7.25,,,
2012-11-18,7.25,,,
2012-11-19,7.25,0.027371,2.0745,2.074
2012-11-20,7.25,0.027371,2.0835,2.0827
2012-11-21,7.25,0.027371,2.0924,2.0918
2012-11-22,7.25,0.027371,2.0912,2.0907
2012-11-23,7.25,0.027371,2.0985,2.098
2012-11-24,7.25,,,
2012-11-25,7.25,,,
2012-11-26,7.25,0.027371,2.0787,2.0782
2012-11-27,7.25,0.027371,2.0752,2.0746
2012-11-28,7.25,0.027371,2.0912,2.0907
2012-11-29,7.25,0.027371,2.0991,2.0986
2012-11-30,7.25,0.027371,2.1074,2.1068
2012-12-01,7.25,,,
2012-12-02,7.25,,,
2012-12-03,7.25,0.027371,2.1121,2.1115
2012-12-04,7.25,0.027371,2.1077,2.1072
2012-12-05,7.25,0.027371,2.1046,2.104
2012-12-06,7.25,0.027371,2.0836,2.0831
2012-12-07,7.25,0.027371,2.0804,2.0798
2012-12-08,7.25,,,
2012-12-09,7.25,,,
2012-12-10,7.25,0.027371,2.081,2.0804
2012-12-11,7.25,0.027334,2.0743,2.0737
2012-12-12,7.25,0.027334,2.0801,2.0795
2012-12-13,7.25,0.027334,2.0751,2.0745
2012-12-14,7.25,0.027297,2.084,2.0834
2012-12-15,7.25,,,
2012-12-16,7.25,,,
2012-12-17,7.25,0.027297,2.0902,2.0896
2012-12-18,7.25,0.02726,2.0966,2.096
2012-12-19,7.25,0.02726,2.0791,2.0785
2012-12-20,7.25,0.02726,2.0625,2.062
2012-12-21,7.25,0.02726,2.0758,2.0751
2012-12-22,7.25,,,
2012-12-23,7.25,,,
2012-12-24,7.25,0.027556,2.0774,2.0767
2012-12-25,7.25,,,
2012-12-26,7.25,0.027742,2.0569,2.0563
2012-12-27,7.25,0.027779,2.0483,2.0477
2012-12-28,7.25,0.027853,2.0435,2.0429
2012-12-29,7.25,,,
2012-12-30,7.25,,,
2012-12-31,7.25,0.027927,2.0435,2.0429
2013-01-01,7.25,,,
2013-01-02,7.25,0.02726,2.0415,2.0409
2013-01-03,7.25,0.02726,2.0464,2.0458
2013-01-04,7.25,0.02726,2.0425,2.0419
2013-01-05,7.25,,,
2013-01-06,7.25,,,
2013-01-07,7.25,0.02726,2.0312,2.0306
2013-01-08,7.25,0.02726,2.0286,2.028
2013-01-09,7.25,0.02726,2.0417,2.0411
2013-01-10,7.25,0.02726,2.0358,2.0352
2013-01-11,7.25,0.02726,2.0341,2.0335
2013-01-12,7.25,,,
2013-01-13,7.25,,,
2013-01-14,7.25,0.02726,2.0334,2.0328
2013-01-15,7.25,0.02726,2.0374,2.0368
2013-01-16,7.25,0.02726,2.0409,2.0403
2013-01-17,7.25,0.02726,2.0411,2.0405
2013-01-18,7.25,0.02726,2.0441,2.0435
2013-01-19,7.25,,,
2013-01-20,7.25,,,
2013-01-21,7.25,0.02726,2.042,2.0415
2013-01-22,7.25,0.02726,2.0471,2.0466
2013-01-23,7.25,0.02726,2.0394,2.0388
2013-01-24,7.25,0.02726,2.0344,2.0338
2013-01-25,7.25,0.02726,2.0285,2.0277
2013-01-26,7.25,,,
2013-01-27,7.25,,,
2013-01-28,7.25,0.02726,2.0241,2.0235
2013-01-29,7.25,0.02726,1.9912,1.9906
2013-01-30,7.25,0.02726,1.99,1.9894
2013-01-31,7.25,0.02726,1.9883,1.9877
2013-02-01,7.25,0.02726,1.9843,1.9838
2013-02-02,7.25,,,
2013-02-03,7.25,,,
2013-02-04,7.25,0.02726,1.9893,1.9888
2013-02-05,7.25,0.02726,1.9881,1.9875
2013-02-06,7.25,0.02726,1.9884,1.9878
2013-02-07,7.25,0.02726,1.9789,1.9783
2013-02-08,7.25,0.02726,1.9636,1.963
2013-02-09,7.25,,,
2013-02-10,7.25,,,
2013-02-11,7.25,,,
2013-02-12,7.25,,,
2013-02-13,7.25,0.02726,1.967,1.9665
2013-02-14,7.25,0.02726,1.9666,1.966
2013-02-15,7.25,0.02726,1.96,1.9594
2013-02-16,7.25,,,
2013-02-17,7.25,,,
2013-02-18,7.25,0.02726,1.9676,1.967
2013-02-19,7.25,0.02726,1.9597,1.9591
2013-02-20,7.25,0.02726,1.957,1.9564
2013-02-21,7.25,0.02726,1.972,1.9715
2013-02-22,7.25,0.02726,1.9705,1.9699
2013-02-23,7.25,,,
2013-02-24,7.25,,,
2013-02-25,7.25,0.02726,1.9676,1.967
2013-02-26,7.25,0.027519,1.9818,1.9812
2013-02-27,7.25,0.027594,1.9807,1.9801
2013-02-28,7.25,0.027594,1.9754,1.9749
2013-03-01,7.25,0.027371,1.9848,1.9843
2013-03-02,7.25,,,
2013-03-03,7.25,,,
2013-03-04,7.25,0.027297,1.9827,1.9822
2013-03-05,7.25,0.027297,1.9693,1.9688
2013-03-06,7.25,0.027371,1.9673,1.9668
2013-03-07,7.25,0.027297,1.9642,1.9636
2013-03-08,7.25,0.027334,1.9528,1.9522
2013-03-09,7.25,,,
2013-03-10,7.25,,,
2013-03-11,7.25,0.027334,1.9552,1.9546
2013-03-12,7.25,0.027371,1.9585,1.9579
2013-03-13,7.25,0.027408,1.9619,1.9614
2013-03-14,7.25,0.027445,1.9676,1.9671
2013-03-15,7.25,0.027445,1.9749,1.9743
2013-03-16,7.25,,,
2013-03-17,7.25,,,
2013-03-18,7.25,0.027445,1.9871,1.9865
2013-03-19,7.25,0.027445,1.983,1.9824
2013-03-20,7.25,0.027445,1.9868,1.9862
2013-03-21,7.25,0.027445,1.9931,1.9925
2013-03-22,7.25,0.027445,2.0126,2.012
2013-03-23,7.25,,,
2013-03-24,7.25,,,
2013-03-25,7.25,0.027445,2.014,2.0134
2013-03-26,7.25,0.027445,2.0087,2.0081
2013-03-27,7.25,0.027445,2.0185,2.0179
2013-03-28,7.25,0.027445,2.0138,2.0132
2013-03-29,7.25,,,
2013-03-30,7.25,,,
2013-03-31,7.25,,,
2013-04-01,7.25,0.027445,2.0186,2.018
2013-04-02,7.25,0.027445,2.0179,2.0173
2013-04-03,7.25,0.027445,2.0239,2.0233
2013-04-04,7.25,0.027445,2.0201,2.0195
2013-04-05,7.25,0.027445,2.0035,2.0029
2013-04-06,7.25,,,
2013-04-07,7.25,,,
2013-04-08,7.25,0.027445,1.9902,1.9897
2013-04-09,7.25,0.027445,1.9861,1.9855
2013-04-10,7.25,0.027445,1.981,1.9804
2013-04-11,7.25,0.027445,1.9736,1.9731
2013-04-12,7.25,0.027445,1.9761,1.9755
2013-04-13,7.25,,,
2013-04-14,7.25,,,
2013-04-15,7.25,0.027445,1.979,1.9784
2013-04-16,7.25,0.027445,1.9903,1.9897
2013-04-17,7.25,0.027445,1.9939,1.9933
2013-04-18,7.5,0.02837,2.0152,2.0146
2013-04-19,7.5,0.02837,2.0089,2.0084
2013-04-20,7.5,,,
2013-04-21,7.5,,,
2013-04-22,7.5,0.028333,2.0154,2.0148
2013-04-23,7.5,0.028333,2.017,2.0164
2013-04-24,7.5,0.028333,2.0244,2.0238
2013-04-25,7.5,0.028333,2.0119,2.0114
2013-04-26,7.5,0.028333,2.0001,1.9995
2013-04-27,7.5,,,
2013-04-28,7.5,,,
2013-04-29,7.5,0.028333,1.9999,1.9993
2013-04-30,7.5,0.028333,2.0017,2.0011
2013-05-01,7.5,,,
2013-05-02,7.5,0.028333,2.0095,2.0089
2013-05-03,7.5,0.028333,2.0093,2.0088
2013-05-04,7.5,,,
2013-05-05,7.5,,,
2013-05-06,7.5,0.028333,2.0143,2.0137
2013-05-07,7.5,0.028333,2.011,2.0104
2013-05-08,7.5,0.028333,2.003,2.0024
2013-05-09,7.5,0.028333,2.0051,2.0046
2013-05-10,7.5,0.028333,2.0231,2.0225
2013-05-11,7.5,,,
2013-05-12,7.5,,,
2013-05-13,7.5,0.028333,2.015,2.0144
2013-05-14,7.5,0.028333,2.0063,2.0057
2013-05-15,7.5,0.028333,2.0233,2.0227
2013-05-16,7.5,0.028333,2.0254,2.0249
2013-05-17,7.5,0.028333,2.0354,2.0348
2013-05-18,7.5,,,
2013-05-19,7.5,,,
2013-05-20,7.5,0.028333,2.0333,2.0328
2013-05-21,7.5,0.028333,2.0402,2.0396
2013-05-22,7.5,0.028333,2.0387,2.0381
2013-05-23,7.5,0.028333,2.0537,2.0531
2013-05-24,7.5,0.028333,2.0495,2.0489
2013-05-25,7.5,,,
2013-05-26,7.5,,,
2013-05-27,7.5,0.028333,2.0527,2.0521
2013-05-28,7.5,0.028333,2.0616,2.061
2013-05-29,7.5,0.028333,2.0894,2.0888
2013-05-30,8.0,,,
2013-05-31,8.0,0.030177,2.1319,2.1314
2013-06-01,8.0,,,
2013-06-02,8.0,,,
2013-06-03,8.0,0.030177,2.1355,2.1349
2013-06-04,8.0,0.030177,2.1282,2.1276
2013-06-05,8.0,0.030177,2.1235,2.1229
2013-06-06,8.0,0.030177,2.125,2.1244
2013-06-07,8.0,0.030177,2.1372,2.1367
2013-06-08,8.0,,,
2013-06-09,8.0,,,
2013-06-10,8.0,0.030177,2.1506,2.1501
2013-06-11,8.0,0.030177,2.1521,2.1515
2013-06-12,8.0,0.030177,2.142,2.1415
2013-06-13,8.0,0.030177,2.1447,2.1441
2013-06-14,8.0,0.030177,2.1367,2.1361
2013-06-15,8.0,,,
2013-06-16,8.0,,,
2013-06-17,8.0,0.030177,2.1538,2.1532
2013-06-18,8.0,0.030177,2.1706,2.17
2013-06-19,8.0,0.030177,2.1744,2.1738
2013-06-20,8.0,0.030177,2.2523,2.2517
2013-06-21,8.0,0.030177,2.2648,2.2642
2013-06-22,8.0,,,
2013-06-23,8.0,,,
2013-06-24,8.0,0.030177,2.2515,2.2509
2013-06-25,8.0,0.030177,2.2185,2.218
2013-06-26,8.0,0.030177,2.1975,2.1969
2013-06-27,8.0,0.030177,2.1846,2.184
2013-06-28,8.0,0.030177,2.2156,2.215
2013-06-29,8.0,,,
2013-06-30,8.0,,,
2013-07-01,8.0,0.030177,2.2297,2.2292
2013-07-02,8.0,0.030177,2.2412,2.2407
2013-07-03,8.0,0.030177,2.2634,2.2628
2013-07-04,8.0,0.030177,2.2595,2.2589
2013-07-05,8.0,0.030177,2.2645,2.2639
2013-07-06,8.0,,,
2013-07-07,8.0,,,
2013-07-08,8.0,0.030177,2.2583,2.2577
2013-07-09,8.0,0.030177,2.2628,2.2615
2013-07-10,8.0,0.030177,2.2697,2.2691
2013-07-11,8.5,0.032012,2.2672,2.2666
2013-07-12,8.5,0.032012,2.267,2.2664
2013-07-13,8.5,,,
2013-07-14,8.5,,,
2013-07-15,8.5,0.032012,2.2548,2.2543
2013-07-16,8.5,0.032012,2.2353,2.2347
2013-07-17,8.5,0.032012,2.2372,2.2366
2013-07-18,8.5,0.032012,2.2297,2.2291
2013-07-19,8.5,0.032012,2.2364,2.2358
2013-07-20,8.5,,,
2013-07-21,8.5,,,
2013-07-22,8.5,0.032012,2.2386,2.238
2013-07-23,8.5,0.032012,2.2267,2.2261
2013-07-24,8.5,0.032012,2.2348,2.2342
2013-07-25,8.5,0.032012,2.2497,2.2491
2013-07-26,8.5,0.032012,2.2488,2.2483
2013-07-27,8.5,,,
2013-07-28,8.5,,,
2013-07-29,8.5,0.032012,2.2609,2.2603
2013-07-30,8.5,0.032012,2.2734,2.2729
2013-07-31,8.5,0.032012,2.2903,2.2897
2013-08-01,8.5,0.032012,2.2914,2.2908
2013-08-02,8.5,0.032012,2.2933,2.2927
2013-08-03,8.5,,,
2013-08-04,8.5,,,
2013-08-05,8.5,0.032012,2.301,2.3004
2013-08-06,8.5,0.032012,2.2955,2.2949
2013-08-07,8.5,0.032012,2.3028,2.3022
2013-08-08,8.5,0.032012,2.2882,2.2876
2013-08-09,8.5,0.032012,2.2748,2.2743
2013-08-10,8.5,,,
2013-08-11,8.5,,,
2013-08-12,8.5,0.032012,2.2722,2.2716
2013-08-13,8.5,0.032012,2.3035,2.3029
2013-08-14,8.5,0.032012,2.3118,2.3112
2013-08-15,8.5,0.032012,2.3434,2.3428
2013-08-16,8.5,0.032012,2.3565,2.3559
2013-08-17,8.5,,,
2013-08-18,8.5,,,
2013-08-19,8.5,0.032012,2.398,2.3974
2013-08-20,8.5,0.032012,2.3943,2.3937
2013-08-21,8.5,0.032012,2.4169,2.4163
2013-08-22,8.5,0.032012,2.4457,2.4451
2013-08-23,8.5,0.032012,2.3868,2.3862
2013-08-24,8.5,,,
2013-08-25,8.5,,,
2013-08-26,8.5,0.032012,2.3705,2.3699
2013-08-27,8.5,0.032012,2.3998,2.3992
2013-08-28,8.5,0.032012,2.3515,2.3509
2013-08-29,9.0,0.033839,2.3578,2.3572
2013-08-30,9.0,0.033839,2.3725,2.3719
2013-08-31,9.0,,,
2013-09-01,9.0,,,
2013-09-02,9.0,0.033839,2.3643,2.3637
2013-09-03,9.0,0.033839,2.3897,2.3891
2013-09-04,9.0,0.033839,2.3538,2.3532
2013-09-05,9.0,0.033839,2.3314,2.3308
2013-09-06,9.0,0.033839,2.2979,2.2973
2013-09-07,9.0,,,
2013-09-08,9.0,,,
2013-09-09,9.0,0.033839,2.2868,2.2862
2013-09-10,9.0,0.033839,2.2779,2.2773
2013-09-11,9.0,0.033839,2.2947,2.2941
2013-09-12,9.0,0.033839,2.2769,2.2763
2013-09-13,9.0,0.033839,2.2785,2.2779
2013-09-14,9.0,,,
2013-09-15,9.0,,,
2013-09-16,9.0,0.033839,2.2649,2.2643
2013-09-17,9.0,0.033839,2.2617,2.2611
2013-09-18,9.0,0.033839,2.2489,2.2483
2013-09-19,9.0,0.033839,2.2036,2.2029
2013-09-20,9.0,0.033839,2.2053,2.2047
2013-09-21,9.0,,,
2013-09-22,9.0,,,
2013-09-23,9.0,0.033839,2.2033,2.2026
2013-09-24,9.0,0.033839,2.2031,2.2025
2013-09-25,9.0,0.033839,2.2224,2.2218
2013-09-26,9.0,0.033839,2.2285,2.2279
2013-09-27,9.0,0.033839,2.2571,2.2565
2013-09-28,9.0,,,
2013-09-29,9.0,,,
2013-09-30,9.0,0.033839,2.23,2.2294
2013-10-01,9.0,0.033839,2.2123,2.2118
2013-10-02,9.0,0.033839,2.2088,2.2082
2013-10-03,9.0,0.033839,2.2069,2.2063
2013-10-04,9.0,0.033839,2.2051,2.2045
2013-10-05,9.0,,,
2013-10-06,9.0,,,
2013-10-07,9.0,0.033839,2.2087,2.2081
2013-10-08,9.0,0.033839,2.2016,2.201
2013-10-09,9.0,0.033839,2.2054,2.2048
2013-10-10,9.5,0.035657,2.185,2.1844
2013-10-11,9.5,0.035657,2.1821,2.1815
2013-10-12,9.5,,,
2013-10-13,9.5,,,
2013-10-14,9.5,0.035657,2.1817,2.1811
2013-10-15,9.5,0.035657,2.1818,2.1812
2013-10-16,9.5,0.035657,2.1629,2.1623
2013-10-17,9.5,0.035657,2.1611,2.1605
2013-10-18,9.5,0.035657,2.1616,2.161
2013-10-19,9.5,,,
2013-10-20,9.5,,,
2013-10-21,9.5,0.035657,2.1738,2.1732
2013-10-22,9.5,0.035657,2.176,2.1754
2013-10-23,9.5,0.035657,2.1826,2.1821
2013-10-24,9.5,0.035657,2.2003,2.1997
2013-10-25,9.5,0.035657,2.1848,2.1842
2013-10-26,9.5,,,
2013-10-27,9.5,,,
2013-10-28,9.5,0.035657,2.1846,2.184
2013-10-29,9.5,0.035657,2.1804,2.1798
2013-10-30,9.5,0.035657,2.1888,2.1882
2013-10-31,9.5,0.035657,2.2026,2.202
2013-11-01,9.5,0.035657,2.2468,2.2462
2013-11-02,9.5,,,
2013-11-03,9.5,,,
2013-11-04,9.5,0.035657,2.2426,2.242
2013-11-05,9.5,0.035657,2.2747,2.2741
2013-11-06,9.5,0.035657,2.2785,2.2779
2013-11-07,9.5,0.035657,2.2825,2.2819
2013-11-08,9.5,0.035657,2.317,2.3164
2013-11-09,9.5,,,
2013-11-10,9.5,,,
2013-11-11,9.5,0.035657,2.3142,2.3136
2013-11-12,9.5,0.035657,2.3362,2.3356
2013-11-13,9.5,0.035657,2.3234,2.3228
2013-11-14,9.5,0.035657,2.3289,2.3283
2013-11-15,9.5,,,
2013-11-16,9.5,,,
2013-11-17,9.5,,,
2013-11-18,9.5,0.035657,2.2828,2.2822
2013-11-19,9.5,0.035657,2.2662,2.2656
2013-11-20,9.5,0.035657,2.2726,2.2713
2013-11-21,9.5,0.035657,2.3067,2.3061
2013-11-22,9.5,0.035657,2.2913,2.2906
2013-11-23,9.5,,,
2013-11-24,9.5,,,
2013-11-25,9.5,0.035657,2.2871,2.2865
2013-11-26,9.5,0.035657,2.304,2.3034
2013-11-27,9.5,0.035657,2.3058,2.3052
2013-11-28,10.0,0.037468,2.3208,2.3202
2013-11-29,10.0,0.037468,2.3249,2.3243
2013-11-30,10.0,,,
2013-12-01,10.0,,,
2013-12-02,10.0,0.037468,2.3449,2.3443
2013-12-03,10.0,0.037468,2.3558,2.3552
2013-12-04,10.0,0.037468,2.374,2.3734
2013-12-05,10.0,0.037468,2.3747,2.3741
2013-12-06,10.0,0.037431,2.3525,2.3519
2013-12-07,10.0,,,
2013-12-08,10.0,,,
2013-12-09,10.0,0.037468,2.3225,2.3218
2013-12-10,10.0,0.037468,2.3102,2.3096
2013-12-11,10.0,0.037468,2.3262,2.3256
2013-12-12,10.0,0.037468,2.3338,2.3333
2013-12-13,10.0,0.037468,2.3354,2.3348
2013-12-14,10.0,,,
2013-12-15,10.0,,,
2013-12-16,10.0,0.037468,2.3255,2.3249
2013-12-17,10.0,0.037468,2.3221,2.3215
2013-12-18,10.0,0.037468,2.3274,2.3268
2013-12-19,10.0,0.037468,2.3528,2.3522
2013-12-20,10.0,0.037468,2.3817,2.3811
2013-12-21,10.0,,,
2013-12-22,10.0,,,
2013-12-23,10.0,0.037468,2.3706,2.37
2013-12-24,10.0,0.037468,2.3554,2.3543
2013-12-25,10.0,,,
2013-12-26,10.0,0.037468,2.3507,2.3501
2013-12-27,10.0,0.037468,2.3538,2.3532
2013-12-28,10.0,,,
2013-12-29,10.0,,,
2013-12-30,10.0,0.037468,2.3426,2.342
2013-12-31,10.0,0.037468,2.3426,2.342
2014-01-01,10.0,,,
2014-01-02,10.0,0.037468,2.3975,2.3969
2014-01-03,10.0,0.037468,2.3741,2.3734
2014-01-04,10.0,,,
2014-01-05,10.0,,,
2014-01-06,10.0,0.037468,2.3789,2.3783
2014-01-07,10.0,0.037468,2.3634,2.3628
2014-01-08,10.0,0.037468,2.3779,2.3773
2014-01-09,10.0,0.037468,2.396,2.3954
2014-01-10,10.0,0.037468,2.3819,2.3813
2014-01-11,10.0,,,
2014-01-12,10.0,,,
2014-01-13,10.0,0.037468,2.3491,2.3485
2014-01-14,10.0,0.037468,2.3617,2.3611
2014-01-15,10.0,0.037468,2.347,2.3465
2014-01-16,10.5,0.03927,2.3683,2.3677
2014-01-17,10.5,0.03927,2.3601,2.3595
2014-01-18,10.5,,,
2014-01-19,10.5,,,
2014-01-20,10.5,0.03927,2.3335,2.3329
2014-01-21,10.5,0.03927,2.3608,2.3602
2014-01-22,10.5,0.03927,2.3601,2.3595
2014-01-23,10.5,0.03927,2.3761,2.3755
2014-01-24,10.5,0.03927,2.4129,2.4123
2014-01-25,10.5,,,
2014-01-26,10.5,,,
2014-01-27,10.5,0.03927,2.4044,2.4038
2014-01-28,10.5,0.03927,2.4165,2.4159
2014-01-29,10.5,0.03927,2.4397,2.439
2014-01-30,10.5,0.03927,2.4224,2.4218
2014-01-31,10.5,0.03927,2.4263,2.4257
2014-02-01,10.5,,,
2014-02-02,10.5,,,
2014-02-03,10.5,0.03927,2.409,2.4084
2014-02-04,10.5,0.03927,2.4177,2.4171
2014-02-05,10.5,0.03927,2.4106,2.4101
2014-02-06,10.5,0.03927,2.4041,2.4035
2014-02-07,10.5,0.03927,2.3817,2.3811
2014-02-08,10.5,,,
2014-02-09,10.5,,,
2014-02-10,10.5,0.03927,2.3936,2.393
2014-02-11,10.5,0.03927,2.4076,2.407
2014-02-12,10.5,0.03927,2.4086,2.408
2014-02-13,10.5,0.03927,2.4238,2.4232
2014-02-14,10.5,0.03927,2.3924,2.3919
2014-02-15,10.5,,,
2014-02-16,10.5,,,
2014-02-17,10.5,0.03927,2.387,2.3864
2014-02-18,10.5,0.03927,2.3983,2.3977
2014-02-19,10.5,0.03927,2.3986,2.398
2014-02-20,10.5,0.03927,2.3799,2.3793
2014-02-21,10.5,0.03927,2.3625,2.3619
2014-02-22,10.5,,,
2014-02-23,10.5,,,
2014-02-24,10.5,0.03927,2.3391,2.3385
2014-02-25,10.5,0.03927,2.3367,2.3361
2014-02-26,10.5,0.03927,2.3454,2.3448
2014-02-27,10.75,0.040168,2.3436,2.3431
2014-02-28,10.75,0.040168,2.3334,2.3327
2014-03-01,10.75,,,
2014-03-02,10.75,,,
2014-03-03,10.75,,,
2014-03-04,10.75,,,
2014-03-05,10.75,0.040168,2.324,2.3234
2014-03-06,10.75,0.040168,2.3094,2.3088
2014-03-07,10.75,0.040168,2.3382,2.3376
2014-03-08,10.75,,,
2014-03-09,10.75,,,
2014-03-10,10.75,0.040168,2.341,2.3404
2014-03-11,10.75,0.040168,2.3461,2.3455
2014-03-12,10.75,0.040168,2.3649,2.3643
2014-03-13,10.75,0.040168,2.3486,2.348
2014-03-14,10.75,0.040168,2.3638,2.3631
2014-03-15,10.75,,,
2014-03-16,10.75,,,
2014-03-17,10.75,0.040168,2.3518,2.3513
2014-03-18,10.75,0.040168,2.3522,2.3516
2014-03-19,10.75,0.040168,2.3338,2.3333
2014-03-20,10.75,0.040168,2.342,2.3414
2014-03-21,10.75,0.040168,2.3245,2.3239
2014-03-22,10.75,,,
2014-03-23,10.75,,,
2014-03-24,10.75,0.040168,2.3248,2.3242
2014-03-25,10.75,0.040168,2.3124,2.3118
2014-03-26,10.75,0.040168,2.3119,2.3113
2014-03-27,10.75,0.040168,2.283,2.2824
2014-03-28,10.75,0.040168,2.2603,2.2597
2014-03-29,10.75,,,
2014-03-30,10.75,,,
2014-03-31,10.75,0.040168,2.263,2.2624
2014-04-01,10.75,0.040168,2.262,2.2614
2014-04-02,10.75,0.040168,2.2711,2.2705
2014-04-03,11.0,0.041063,2.2811,2.2805
2014-04-04,11.0,0.041063,2.242,2.2414
2014-04-05,11.0,,,
2014-04-06,11.0,,,
2014-04-07,11.0,0.041063,2.2326,2.232
2014-04-08,11.0,0.041063,2.1974,2.1968
2014-04-09,11.0,0.041063,2.2111,2.2105
2014-04-10,11.0,0.041063,2.1987,2.1982
2014-04-11,11.0,0.041063,2.2059,2.2053
2014-04-12,11.0,,,
2014-04-13,11.0,,,
2014-04-14,11.0,0.041063,2.2096,2.209
2014-04-15,11.0,0.041063,2.2257,2.2251
2014-04-16,11.0,0.041063,2.2342,2.2336
2014-04-17,11.0,0.041063,2.2482,2.2476
2014-04-18,11.0,,,
2014-04-19,11.0,,,
2014-04-20,11.0,,,
2014-04-21,11.0,,,
2014-04-22,11.0,0.041063,2.2449,2.2443
2014-04-23,11.0,0.041063,2.2426,2.242
2014-04-24,11.0,0.041063,2.2229,2.2223
2014-04-25,11.0,0.041063,2.2325,2.2319
2014-04-26,11.0,,,
2014-04-27,11.0,,,
2014-04-28,11.0,0.041063,2.237,2.2364
2014-04-29,11.0,0.041063,2.2199,2.2193
2014-04-30,11.0,0.041063,2.236,2.2354
2014-05-01,11.0,,,
2014-05-02,11.0,0.041063,2.2221,2.2215
2014-05-03,11.0,,,
2014-05-04,11.0,,,
2014-05-05,11.0,0.041063,2.2286,2.228
2014-05-06,11.0,0.041063,2.2322,2.2316
2014-05-07,11.0,0.041063,2.2282,2.2276
2014-05-08,11.0,0.041063,2.2107,2.2101
2014-05-09,11.0,0.041063,2.2192,2.2186
2014-05-10,11.0,,,
2014-05-11,11.0,,,
2014-05-12,11.0,0.041063,2.2164,2.2158
2014-05-13,11.0,0.041063,2.2101,2.2095
2014-05-14,11.0,0.041063,2.2129,2.2123
2014-05-15,11.0,0.041063,2.2166,2.216
2014-05-16,11.0,0.041063,2.211,2.2104
2014-05-17,11.0,,,
2014-05-18,11.0,,,
2014-05-19,11.0,0.041063,2.2111,2.2105
2014-05-20,11.0,0.041063,2.2156,2.215
2014-05-21,11.0,0.041063,2.2111,2.2105
2014-05-22,11.0,0.041063,2.2131,2.2125
2014-05-23,11.0,0.041063,2.2187,2.2181
2014-05-24,11.0,,,
2014-05-25,11.0,,,
2014-05-26,11.0,0.041063,2.2209,2.2203
2014-05-27,11.0,0.041063,2.2354,2.2348
2014-05-28,11.0,0.041063,2.2405,2.2399
2014-05-29,11.0,0.041063,2.2251,2.2245
2014-05-30,11.0,0.041063,2.239,2.2384
2014-05-31,11.0,,,
2014-06-01,11.0,,,
2014-06-02,11.0,0.041063,2.264,2.2634
2014-06-03,11.0,0.041063,2.2654,2.2648
2014-06-04,11.0,0.041063,2.2802,2.2796
2014-06-05,11.0,0.041063,2.2695,2.2689
2014-06-06,11.0,0.041063,2.2445,2.2439
2014-06-07,11.0,,,
2014-06-08,11.0,,,
2014-06-09,11.0,0.041063,2.2336,2.233
2014-06-10,11.0,0.041063,2.2296,2.229
2014-06-11,11.0,0.041063,2.2307,2.2301
2014-06-12,11.0,0.041063,2.2306,2.2298
2014-06-13,11.0,0.041063,2.2347,2.2341
2014-06-14,11.0,,,
2014-06-15,11.0,,,
2014-06-16,11.0,0.041063,2.2313,2.2307
2014-06-17,11.0,0.041063,2.2486,2.248
2014-06-18,11.0,0.041063,2.2534,2.2528
2014-06-19,11.0,,,
2014-06-20,11.0,0.041063,2.238,2.2374
2014-06-21,11.0,,,
2014-06-22,11.0,,,
2014-06-23,11.0,0.041063,2.2195,2.2189
2014-06-24,11.0,0.041063,2.2217,2.2211
2014-06-25,11.0,0.041063,2.2052,2.2046
2014-06-26,11.0,0.041063,2.2089,2.2083
2014-06-27,11.0,0.041063,2.1975,2.1969
2014-06-28,11.0,,,
2014-06-29,11.0,,,
2014-06-30,11.0,0.041063,2.2025,2.2019
2014-07-01,11.0,0.041063,2.2054,2.2048
2014-07-02,11.0,0.041063,2.2134,2.2127
2014-07-03,11.0,0.041063,2.2281,2.2275
2014-07-04,11.0,0.041063,2.2149,2.2143
2014-07-05,11.0,,,
2014-07-06,11.0,,,
2014-07-07,11.0,0.041063,2.2201,2.2195
2014-07-08,11.0,0.041063,2.215,2.2144
2014-07-09,11.0,0.041063,2.2139,2.2128
2014-07-10,11.0,0.041063,2.2237,2.2231
2014-07-11,11.0,0.041063,2.2228,2.2222
2014-07-12,11.0,,,
2014-07-13,11.0,,,
2014-07-14,11.0,0.041063,2.2176,2.217
2014-07-15,11.0,0.041063,2.2195,2.2189
2014-07-16,11.0,0.041063,2.2193,2.2187
2014-07-17,11.0,0.041063,2.2403,2.2397
2014-07-18,11.0,0.041063,2.2362,2.2356
2014-07-19,11.0,,,
2014-07-20,11.0,,,
2014-07-21,11.0,0.041063,2.2238,2.2232
2014-07-22,11.0,0.041063,2.2129,2.2123
2014-07-23,11.0,0.041063,2.2202,2.2196
2014-07-24,11.0,0.041063,2.2204,2.2198
2014-07-25,11.0,0.041063,2.2293,2.2287
2014-07-26,11.0,,,
2014-07-27,11.0,,,
2014-07-28,11.0,0.041063,2.2302,2.2296
2014-07-29,11.0,0.041063,2.2278,2.2272
2014-07-30,11.0,0.041063,2.2447,2.2441
2014-07-31,11.0,0.041063,2.2674,2.2668
2014-08-01,11.0,0.041063,2.2607,2.26
2014-08-02,11.0,,,
2014-08-03,11.0,,,
2014-08-04,11.0,0.041063,2.2577,2.2571
2014-08-05,11.0,0.041063,2.2756,2.275
2014-08-06,11.0,0.041063,2.279,2.2784
2014-08-07,11.0,0.041063,2.2802,2.2796
2014-08-08,11.0,0.041063,2.2986,2.298
2014-08-09,11.0,,,
2014-08-10,11.0,,,
2014-08-11,11.0,0.041063,2.2779,2.2773
2014-08-12,11.0,0.041063,2.277,2.2764
2014-08-13,11.0,0.041063,2.2692,2.2686
2014-08-14,11.0,0.041063,2.2703,2.2697
2014-08-15,11.0,0.041099,2.269,2.2684
2014-08-16,11.0,,,
2014-08-17,11.0,,,
2014-08-18,11.0,0.041063,2.2595,2.2589
2014-08-19,11.0,0.041063,2.2587,2.2581
2014-08-20,11.0,0.041099,2.255,2.2544
2014-08-21,11.0,0.041099,2.2582,2.2576
2014-08-22,11.0,0.041063,2.2778,2.2772
2014-08-23,11.0,,,
2014-08-24,11.0,,,
2014-08-25,11.0,0.041063,2.2808,2.2802
2014-08-26,11.0,0.041063,2.2748,2.2742
2014-08-27,11.0,0.041063,2.2591,2.2585
2014-08-28,11.0,0.041063,2.2499,2.2493
2014-08-29,11.0,0.041063,2.2396,2.239
2014-08-30,11.0,,,
2014-08-31,11.0,,,
2014-09-01,11.0,0.041063,2.2364,2.2358
2014-09-02,11.0,0.041063,2.2521,2.2515
2014-09-03,11.0,0.041063,2.2319,2.2313
2014-09-04,11.0,0.041063,2.2356,2.235
2014-09-05,11.0,0.041063,2.2416,2.241
2014-09-06,11.0,,,
2014-09-07,11.0,,,
2014-09-08,11.0,0.041063,2.2491,2.2485
2014-09-09,11.0,0.041063,2.2813,2.2807
2014-09-10,11.0,0.041063,2.2967,2.2961
2014-09-11,11.0,0.041063,2.288,2.2874
2014-09-12,11.0,0.041063,2.3251,2.3244
2014-09-13,11.0,,,
2014-09-14,11.0,,,
2014-09-15,11.0,0.041063,2.3401,2.3395
2014-09-16,11.0,0.041063,2.3351,2.3345
2014-09-17,11.0,0.041063,2.3384,2.3378
2014-09-18,11.0,0.041063,2.3668,2.3661
2014-09-19,11.0,0.041063,2.3656,2.365
2014-09-20,11.0,,,
2014-09-21,11.0,,,
2014-09-22,11.0,0.041063,2.387,2.3864
2014-09-23,11.0,0.041063,2.4026,2.402
2014-09-24,11.0,0.041063,2.407,2.4064
2014-09-25,11.0,0.041063,2.4085,2.4078
2014-09-26,11.0,0.041063,2.431,2.4304
2014-09-27,11.0,,,
2014-09-28,11.0,,,
2014-09-29,11.0,0.041063,2.4522,2.4516
2014-09-30,11.0,0.041063,2.451,2.4504
2014-10-01,11.0,0.041063,2.4623,2.4617
2014-10-02,11.0,0.041063,2.4785,2.4779
2014-10-03,11.0,0.041063,2.4932,2.4926
2014-10-04,11.0,,,
2014-10-05,11.0,,,
2014-10-06,11.0,0.041063,2.4098,2.4092
2014-10-07,11.0,0.041063,2.4038,2.4032
2014-10-08,11.0,0.041063,2.4072,2.4065
2014-10-09,11.0,0.041063,2.3914,2.3908
2014-10-10,11.0,0.041063,2.4103,2.4096
2014-10-11,11.0,,,
2014-10-12,11.0,,,
2014-10-13,11.0,0.041063,2.3923,2.3917
2014-10-14,11.0,0.041063,2.3991,2.3985
2014-10-15,11.0,0.041063,2.4316,2.431
2014-10-16,11.0,0.041063,2.477,2.4763
2014-10-17,11.0,0.041063,2.4477,2.447
2014-10-18,11.0,,,
2014-10-19,11.0,,,
2014-10-20,11.0,0.041063,2.4554,2.4548
2014-10-21,11.0,0.041063,2.4797,2.4791
2014-10-22,11.0,0.041063,2.4781,2.4775
2014-10-23,11.0,0.041063,2.5004,2.4998
2014-10-24,11.0,0.041063,2.4805,2.4799
2014-10-25,11.0,,,
2014-10-26,11.0,,,
2014-10-27,11.0,0.041063,2.5341,2.5335
2014-10-28,11.0,0.041063,2.4869,2.4863
2014-10-29,11.0,0.041063,2.4346,2.434
2014-10-30,11.25,0.041957,2.4119,2.4113
2014-10-31,11.25,0.041957,2.4442,2.4436
2014-11-01,11.25,,,
2014-11-02,11.25,,,
2014-11-03,11.25,0.041957,2.4839,2.4833
2014-11-04,11.25,0.041957,2.5195,2.5189
2014-11-05,11.25,0.041957,2.5168,2.5162
2014-11-06,11.25,0.041957,2.5325,2.5319
2014-11-07,11.25,0.041957,2.5721,2.5715
2014-11-08,11.25,,,
2014-11-09,11.25,,,
2014-11-10,11.25,0.041957,2.539,2.5384
2014-11-11,11.25,0.041957,2.5644,2.5638
2014-11-12,11.25,0.041957,2.555,2.5544
2014-11-13,11.25,0.041957,2.5725,2.5719
2014-11-14,11.25,0.041957,2.6136,2.6129
2014-11-15,11.25,,,
2014-11-16,11.25,,,
2014-11-17,11.25,0.041957,2.6035,2.6029
2014-11-18,11.25,0.041957,2.5967,2.5961
2014-11-19,11.25,0.041957,2.5849,2.5843
2014-11-20,11.25,0.041957,2.545,2.544
2014-11-21,11.25,0.041957,2.5391,2.5384
2014-11-22,11.25,,,
2014-11-23,11.25,,,
2014-11-24,11.25,0.041957,2.5282,2.5276
2014-11-25,11.25,0.041957,2.5237,2.523
2014-11-26,11.25,0.041957,2.5103,2.5097
2014-11-27,11.25,0.041957,2.5065,2.5059
2014-11-28,11.25,0.041957,2.5601,2.5595
2014-11-29,11.25,,,
2014-11-30,11.25,,,
2014-12-01,11.25,0.041957,2.5624,2.5618
2014-12-02,11.25,0.041957,2.5664,2.5658
2014-12-03,11.25,0.041957,2.5607,2.5601
2014-12-04,11.75,0.043739,2.5797,2.5791
2014-12-05,11.75,0.043739,2.5888,2.5882
2014-12-06,11.75,,,
2014-12-07,11.75,,,
2014-12-08,11.75,0.043739,2.5923,2.5917
2014-12-09,11.75,0.043739,2.6016,2.601
2014-12-10,11.75,0.043739,2.5931,2.5925
2014-12-11,11.75,0.043739,2.6271,2.6265
2014-12-12,11.75,0.043739,2.6558,2.6552
2014-12-13,11.75,,,
2014-12-14,11.75,,,
2014-12-15,11.75,0.043739,2.6717,2.6711
2014-12-16,11.75,0.043739,2.7403,2.7397
2014-12-17,11.75,0.043739,2.7246,2.724
2014-12-18,11.75,0.043739,2.6676,2.6669
2014-12-19,11.75,0.043739,2.6486,2.648
2014-12-20,11.75,,,
2014-12-21,11.75,,,
2014-12-22,11.75,0.043739,2.6527,2.652
2014-12-23,11.75,0.043739,2.6775,2.6769
2014-12-24,11.75,0.043739,2.6832,2.6822
2014-12-25,11.75,,,
2014-12-26,11.75,0.043739,2.6812,2.6806
2014-12-27,11.75,,,
2014-12-28,11.75,,,
2014-12-29,11.75,0.043739,2.6783,2.6777
2014-12-30,11.75,0.043739,2.6562,2.6556
2014-12-31,11.75,0.043739,2.6562,2.6556
2015-01-01,11.75,,,
2015-01-02,11.75,0.043739,2.6929,2.6923
2015-01-03,11.75,,,
2015-01-04,11.75,,,
2015-01-05,11.75,0.043739,2.7107,2.7101
2015-01-06,11.75,0.043739,2.7023,2.7016
2015-01-07,11.75,0.043739,2.6807,2.6801
2015-01-08,11.75,0.043739,2.6919,2.6913
2015-01-09,11.75,0.043739,2.6583,2.6577
2015-01-10,11.75,,,
2015-01-11,11.75,,,
2015-01-12,11.75,0.043739,2.6575,2.6569
2015-01-13,11.75,0.043739,2.6485,2.6479
2015-01-14,11.75,0.043739,2.6222,2.6216
2015-01-15,11.75,0.043739,2.6122,2.6116
2015-01-16,11.75,0.043739,2.6193,2.6187
2015-01-17,11.75,,,
2015-01-18,11.75,,,
2015-01-19,11.75,0.043739,2.6243,2.6237
2015-01-20,11.75,0.043739,2.6247,2.6241
2015-01-21,11.75,0.043739,2.5968,2.5961
2015-01-22,12.25,0.045513,2.5754,2.5748
2015-01-23,12.25,0.045513,2.5856,2.585
2015-01-24,12.25,,,
2015-01-25,12.25,,,
2015-01-26,12.25,0.045513,2.5966,2.596
2015-01-27,12.25,0.045513,2.5809,2.5803
2015-01-28,12.25,0.045513,2.5797,2.5791
2015-01-29,12.25,0.045513,2.596,2.5954
2015-01-30,12.25,0.045513,2.6623,2.6617
2015-01-31,12.25,,,
2015-02-01,12.25,,,
2015-02-02,12.25,0.045513,2.6894,2.6888
2015-02-03,12.25,0.045513,2.7059,2.7053
2015-02-04,12.25,0.045513,2.7148,2.7142
2015-02-05,12.25,0.045513,2.7386,2.738
2015-02-06,12.25,0.045513,2.7641,2.7635
2015-02-07,12.25,,,
2015-02-08,12.25,,,
2015-02-09,12.25,0.045513,2.7873,2.7867
2015-02-10,12.25,0.045513,2.8075,2.8069
2015-02-11,12.25,0.045513,2.8576,2.857
2015-02-12,12.25,0.045513,2.8625,2.8619
2015-02-13,12.25,0.045513,2.8392,2.8385
2015-02-14,12.25,,,
2015-02-15,12.25,,,
2015-02-16,12.25,,,
2015-02-17,12.25,,,
2015-02-18,12.25,0.045513,2.843,2.8424
2015-02-19,12.25,0.045513,2.8545,2.8539
2015-02-20,12.25,0.045513,2.8701,2.8694
2015-02-21,12.25,,,
2015-02-22,12.25,,,
2015-02-23,12.25,0.045513,2.8811,2.8805
2015-02-24,12.25,0.045513,2.8649,2.8643
2015-02-25,12.25,0.045513,2.8646,2.864
2015-02-26,12.25,0.045513,2.8728,2.8721
2015-02-27,12.25,0.045513,2.8782,2.8777
2015-02-28,12.25,,,
2015-03-01,12.25,,,
2015-03-02,12.25,0.045513,2.8655,2.8649
2015-03-03,12.25,0.045513,2.9051,2.9045
2015-03-04,12.25,0.045513,2.9804,2.9798
2015-03-05,12.75,0.047279,2.9931,2.9925
2015-03-06,12.75,0.047279,3.0366,3.036
2015-03-07,12.75,,,
2015-03-08,12.75,,,
2015-03-09,12.75,0.047279,3.1018,3.1012
2015-03-10,12.75,0.047279,3.1299,3.1293
2015-03-11,12.75,0.047279,3.1162,3.1156
2015-03-12,12.75,0.047279,3.1171,3.1165
2015-03-13,12.75,0.047279,3.2264,3.2258
2015-03-14,12.75,,,
2015-03-15,12.75,,,
2015-03-16,12.75,0.047279,3.2257,3.2251
2015-03-17,12.75,0.047279,3.2683,3.2677
2015-03-18,12.75,0.047279,3.2518,3.2512
2015-03-19,12.75,0.047279,3.2642,3.2635
2015-03-20,12.75,0.047279,3.2423,3.2417
2015-03-21,12.75,,,
2015-03-22,12.75,,,
2015-03-23,12.75,0.047279,3.18,3.1793
2015-03-24,12.75,0.047279,3.131,3.1304
2015-03-25,12.75,0.047279,3.1476,3.1469
2015-03-26,12.75,0.047279,3.1915,3.1909
2015-03-27,12.75,0.047279,3.2259,3.2253
2015-03-28,12.75,,,
2015-03-29,12.75,,,
2015-03-30,12.75,0.047279,3.2601,3.2595
2015-03-31,12.75,0.047279,3.208,3.2074
2015-04-01,12.75,0.047279,3.1556,3.1549
2015-04-02,12.75,0.047279,3.1492,3.1486
2015-04-03,12.75,,,
2015-04-04,12.75,,,
2015-04-05,12.75,,,
2015-04-06,12.75,0.047279,3.0926,3.092
2015-04-07,12.75,0.047279,3.1231,3.1225
2015-04-08,12.75,0.047279,3.0834,3.0828
2015-04-09,12.75,0.047279,3.0466,3.0459
2015-04-10,12.75,0.047279,3.0796,3.0789
2015-04-11,12.75,,,
2015-04-12,12.75,,,
2015-04-13,12.75,0.047279,3.1011,3.1005
2015-04-14,12.75,0.047279,3.088,3.0874
2015-04-15,12.75,0.047279,3.0681,3.0675
2015-04-16,12.75,0.047279,3.0249,3.0243
2015-04-17,12.75,0.047279,3.0544,3.0538
2015-04-18,12.75,,,
2015-04-19,12.75,,,
2015-04-20,12.75,0.047279,3.0473,3.0467
2015-04-21,12.75,,,
2015-04-22,12.75,0.047279,3.0186,3.018
2015-04-23,12.75,0.047279,3.0084,3.0077
2015-04-24,12.75,0.047279,2.9745,2.9739
2015-04-25,12.75,,,
2015-04-26,12.75,,,
2015-04-27,12.75,0.047314,2.9236,2.9229
2015-04-28,12.75,0.04735,2.8943,2.8937
2015-04-29,12.75,0.04735,2.9375,2.9369
2015-04-30,13.25,0.049037,2.9936,2.993
2015-05-01,13.25,,,
2015-05-02,13.25,,,
2015-05-03,13.25,,,
2015-05-04,13.25,0.049037,3.0754,3.0748
2015-05-05,13.25,0.049037,3.0626,3.0619
2015-05-06,13.25,0.049037,3.042,3.0414
2015-05-07,13.25,0.049037,3.0421,3.0415
2015-05-08,13.25,0.049037,2.9966,2.9959
2015-05-09,13.25,,,
2015-05-10,13.25,,,
2015-05-11,13.25,0.049037,3.0175,3.0169
2015-05-12,13.25,0.049037,3.0389,3.0382
2015-05-13,13.25,0.049037,3.0103,3.0096
2015-05-14,13.25,0.049037,3.0032,3.0026
2015-05-15,13.25,0.049037,2.9894,2.9887
2015-05-16,13.25,,,
2015-05-17,13.25,,,
2015-05-18,13.25,0.049037,3.0145,3.0139
2015-05-19,13.25,0.049037,3.0284,3.0278
2015-05-20,13.25,0.049037,3.0347,3.034
2015-05-21,13.25,0.049037,3.0295,3.0289
2015-05-22,13.25,0.049037,3.0653,3.0647
2015-05-23,13.25,,,
2015-05-24,13.25,,,
2015-05-25,13.25,0.049037,3.1212,3.1206
2015-05-26,13.25,0.049037,3.1351,3.1345
2015-05-27,13.25,0.049037,3.174,3.1734
2015-05-28,13.25,0.049037,3.1748,3.1741
2015-05-29,13.25,0.049037,3.1788,3.1781
2015-05-30,13.25,,,
2015-05-31,13.25,,,
2015-06-01,13.25,0.049037,3.1789,3.1783
2015-06-02,13.25,0.049037,3.1443,3.1437
2015-06-03,13.25,0.049037,3.1184,3.1178
2015-06-04,13.75,,,
2015-06-05,13.75,0.050788,3.1684,3.1677
2015-06-06,13.75,,,
2015-06-07,13.75,,,
2015-06-08,13.75,0.050788,3.119,3.1184
2015-06-09,13.75,0.050788,3.0991,3.0985
2015-06-10,13.75,0.050788,3.0843,3.0837
2015-06-11,13.75,0.050788,3.1514,3.1508
2015-06-12,13.75,0.050788,3.1107,3.1101
2015-06-13,13.75,,,
2015-06-14,13.75,,,
2015-06-15,13.75,0.050788,3.1036,3.103
2015-06-16,13.75,0.050788,3.1082,3.1076
2015-06-17,13.75,0.050788,3.0989,3.0983
2015-06-18,13.75,0.050788,3.0472,3.0466
2015-06-19,13.75,0.050788,3.0788,3.0782
2015-06-20,13.75,,,
2015-06-21,13.75,,,
2015-06-22,13.75,0.050788,3.0757,3.0751
2015-06-23,13.75,0.050788,3.1042,3.1036
2015-06-24,13.75,0.050788,3.0852,3.0846
2015-06-25,13.75,0.050788,3.1015,3.1009
2015-06-26,13.75,0.050788,3.1271,3.1265
2015-06-27,13.75,,,
2015-06-28,13.75,,,
2015-06-29,13.75,0.050788,3.139,3.1383
2015-06-30,13.75,0.050788,3.1026,3.1019
2015-07-01,13.75,0.050788,3.1191,3.1185
2015-07-02,13.75,0.050788,3.1173,3.1166
2015-07-03,13.75,0.050788,3.1271,3.1265
2015-07-04,13.75,,,
2015-07-05,13.75,,,
2015-07-06,13.75,0.050788,3.1431,3.1425
2015-07-07,13.75,0.050788,3.1809,3.1803
2015-07-08,13.75,0.050788,3.2282,3.2275
2015-07-09,13.75,0.050788,3.2163,3.2152
2015-07-10,13.75,0.050788,3.1897,3.1891
2015-07-11,13.75,,,
2015-07-12,13.75,,,
2015-07-13,13.75,0.050788,3.1594,3.1588
2015-07-14,13.75,0.050788,3.123,3.1224
2015-07-15,13.75,0.050788,3.1532,3.1526
2015-07-16,13.75,0.050788,3.1375,3.1369
2015-07-17,13.75,0.050788,3.1832,3.1826
2015-07-18,13.75,,,
2015-07-19,13.75,,,
2015-07-20,13.75,0.050788,3.2149,3.2143
2015-07-21,13.75,0.050788,3.1813,3.1807
2015-07-22,13.75,0.050788,3.2094,3.2088
2015-07-23,13.75,0.050788,3.285,3.2844
2015-07-24,13.75,0.050788,3.3254,3.3248
2015-07-25,13.75,,,
2015-07-26,13.75,,,
2015-07-27,13.75,0.050788,3.3557,3.3551
2015-07-28,13.75,0.050788,3.3815,3.3808
2015-07-29,13.75,0.050788,3.3419,3.3413
2015-07-30,14.25,0.052531,3.3652,3.3646
2015-07-31,14.25,0.052531,3.394,3.3934
2015-08-01,14.25,,,
2015-08-02,14.25,,,
2015-08-03,14.25,0.052531,3.4425,3.4419
2015-08-04,14.25,0.052531,3.4675,3.4669
2015-08-05,14.25,0.052531,3.4851,3.4844
2015-08-06,14.25,0.052531,3.5347,3.5341
2015-08-07,14.25,0.052531,3.5181,3.5175
2015-08-08,14.25,,,
2015-08-09,14.25,,,
2015-08-10,14.25,0.052531,3.4909,3.4903
2015-08-11,14.25,0.052531,3.4925,3.4919
2015-08-12,14.25,0.052531,3.4826,3.482
2015-08-13,14.25,0.052531,3.5074,3.5068
2015-08-14,14.25,0.052531,3.4761,3.4755
2015-08-15,14.25,,,
2015-08-16,14.25,,,
2015-08-17,14.25,0.052531,3.4746,3.4739
2015-08-18,14.25,0.052531,3.4811,3.4805
2015-08-19,14.25,0.052531,3.4849,3.4843
2015-08-20,14.25,0.052531,3.4751,3.4745
2015-08-21,14.25,0.052531,3.4896,3.489
2015-08-22,14.25,,,
2015-08-23,14.25,,,
2015-08-24,14.25,0.052531,3.5494,3.5488
2015-08-25,14.25,0.052531,3.5345,3.5339
2015-08-26,14.25,0.052531,3.6326,3.632
2015-08-27,14.25,0.052531,3.5555,3.5549
2015-08-28,14.25,0.052531,3.579,3.5784
2015-08-29,14.25,,,
2015-08-30,14.25,,,
2015-08-31,14.25,0.052531,3.6467,3.6461
2015-09-01,14.25,0.052531,3.6725,3.6719
2015-09-02,14.25,0.052531,3.7314,3.7307
2015-09-03,14.25,0.052531,3.776,3.7753
2015-09-04,14.25,0.052531,3.7986,3.798
2015-09-05,14.25,,,
2015-09-06,14.25,,,
2015-09-07,14.25,,,
2015-09-08,14.25,0.052531,3.8028,3.8021
2015-09-09,14.25,0.052531,3.787,3.7864
2015-09-10,14.25,0.052531,3.8698,3.8691
2015-09-11,14.25,0.052531,3.8698,3.8692
2015-09-12,14.25,,,
2015-09-13,14.25,,,
2015-09-14,14.25,0.052531,3.8653,3.8647
2015-09-15,14.25,0.052531,3.8599,3.8593
2015-09-16,14.25,0.052531,3.8368,3.8361
2015-09-17,14.25,0.052531,3.8921,3.8915
2015-09-18,14.25,0.052531,3.9021,3.9015
2015-09-19,14.25,,,
2015-09-20,14.25,,,
2015-09-21,14.25,0.052531,3.9821,3.9815
2015-09-22,14.25,0.052531,4.0425,4.0419
2015-09-23,14.25,0.052531,4.1041,4.1034
2015-09-24,14.25,0.052531,4.1949,4.1942
2015-09-25,14.25,0.052531,3.9479,3.9472
2015-09-26,14.25,,,
2015-09-27,14.25,,,
2015-09-28,14.25,0.052531,4.0099,4.0093
2015-09-29,14.25,0.052531,4.1172,4.1165
2015-09-30,14.25,0.052531,3.9729,3.9722
2015-10-01,14.25,0.052531,3.9794,3.9788
2015-10-02,14.25,0.052531,4.001,4.0003
2015-10-03,14.25,,,
2015-10-04,14.25,,,
2015-10-05,14.25,0.052531,3.9141,3.9135
2015-10-06,14.25,0.052531,3.8567,3.8561
2015-10-07,14.25,0.052531,3.806,3.8053
2015-10-08,14.25,0.052531,3.8517,3.8511
2015-10-09,14.25,0.052531,3.7386,3.738
2015-10-10,14.25,,,
2015-10-11,14.25,,,
2015-10-12,14.25,,,
2015-10-13,14.25,0.052531,3.825,3.8243
2015-10-14,14.25,0.052531,3.8507,3.8501
2015-10-15,14.25,0.052531,3.8344,3.8337
2015-10-16,14.25,0.052531,3.8438,3.8432
2015-10-17,14.25,,,
2015-10-18,14.25,,,
2015-10-19,14.25,0.052531,3.9015,3.9009
2015-10-20,14.25,0.052531,3.8656,3.865
2015-10-21,14.25,0.052531,3.9386,3.938
2015-10-22,14.25,0.052531,3.936,3.9354
2015-10-23,14.25,0.052531,3.8988,3.8982
2015-10-24,14.25,,,
2015-10-25,14.25,,,
2015-10-26,14.25,0.052531,3.8582,3.8575
2015-10-27,14.25,0.052531,3.9114,3.9108
2015-10-28,14.25,0.052531,3.8797,3.8791
2015-10-29,14.25,0.052531,3.9328,3.9321
2015-10-30,14.25,0.052531,3.8589,3.8582
2015-10-31,14.25,,,
2015-11-01,14.25,,,
2015-11-02,14.25,,,
2015-11-03,14.25,0.052531,3.8126,3.812
2015-11-04,14.25,0.052531,3.7687,3.768
2015-11-05,14.25,0.052531,3.7893,3.7887
2015-11-06,14.25,0.052531,3.8059,3.8053
2015-11-07,14.25,,,
2015-11-08,14.25,,,
2015-11-09,14.25,0.052531,3.7928,3.7922
2015-11-10,14.25,0.052531,3.7981,3.7975
2015-11-11,14.25,0.052531,3.7327,3.732
2015-11-12,14.25,0.052531,3.7996,3.799
2015-11-13,14.25,0.052531,3.8023,3.8016
2015-11-14,14.25,,,
2015-11-15,14.25,,,
2015-11-16,14.25,0.052531,3.8336,3.833
2015-11-17,14.25,0.052531,3.8052,3.8045
2015-11-18,14.25,0.052531,3.7921,3.7915
2015-11-19,14.25,0.052531,3.7442,3.7435
2015-11-20,14.25,0.052531,3.701,3.7
2015-11-21,14.25,,,
2015-11-22,14.25,,,
2015-11-23,14.25,0.052531,3.7231,3.7224
2015-11-24,14.25,0.052531,3.7081,3.7075
2015-11-25,14.25,0.052531,3.7688,3.7682
2015-11-26,14.25,0.052531,3.7606,3.76
2015-11-27,14.25,0.052531,3.7399,3.7392
2015-11-28,14.25,,,
2015-11-29,14.25,,,
2015-11-30,14.25,0.052531,3.8506,3.8499
2015-12-01,14.25,0.052531,3.8745,3.8739
2015-12-02,14.25,0.052531,3.8545,3.8539
2015-12-03,14.25,0.052531,3.797,3.7964
2015-12-04,14.25,0.052531,3.7575,3.7569
2015-12-05,14.25,,,
2015-12-06,14.25,,,
2015-12-07,14.25,0.052531,3.7476,3.747
2015-12-08,14.25,0.052531,3.7921,3.7915
2015-12-09,14.25,0.052531,3.758,3.7573
2015-12-10,14.25,0.052531,3.7685,3.7679
2015-12-11,14.25,0.052531,3.8548,3.8541
2015-12-12,14.25,,,
2015-12-13,14.25,,,
2015-12-14,14.25,0.052531,3.9023,3.9017
2015-12-15,14.25,0.052531,3.8703,3.8697
2015-12-16,14.25,0.052531,3.9357,3.9351
2015-12-17,14.25,0.052531,3.8929,3.8923
2015-12-18,14.25,0.052531,3.9062,3.9056
2015-12-19,14.25,,,
2015-12-20,14.25,,,
2015-12-21,14.25,0.052531,3.9831,3.9825
2015-12-22,14.25,0.052531,3.977,3.9764
2015-12-23,14.25,0.052531,3.9632,3.9626
2015-12-24,14.25,0.052531,3.9524,3.9511
2015-12-25,14.25,,,
2015-12-26,14.25,,,
2015-12-27,14.25,,,
2015-12-28,14.25,0.052531,3.9186,3.918
2015-12-29,14.25,0.052531,3.8492,3.8486
2015-12-30,14.25,0.052531,3.9048,3.9042
2015-12-31,14.25,0.052531,3.9048,3.9042
2016-01-01,14.25,,,
2016-01-02,14.25,,,
2016-01-03,14.25,,,
2016-01-04,14.25,0.052531,4.0387,4.038
2016-01-05,14.25,0.052531,4.0114,4.0108
2016-01-06,14.25,0.052531,4.0303,4.0297
2016-01-07,14.25,0.052531,4.0475,4.0469
2016-01-08,14.25,0.052531,4.025,4.0244
2016-01-09,14.25,,,
2016-01-10,14.25,,,
2016-01-11,14.25,0.052531,4.0153,4.0147
2016-01-12,14.25,0.052531,4.0299,4.0293
2016-01-13,14.25,0.052531,3.9863,3.9857
2016-01-14,14.25,0.052531,4.0223,4.0217
2016-01-15,14.25,0.052531,4.0402,4.0396
2016-01-16,14.25,,,
2016-01-17,14.25,,,
2016-01-18,14.25,0.052531,4.0364,4.0358
2016-01-19,14.25,0.052531,4.0303,4.0297
2016-01-20,14.25,0.052531,4.0861,4.0855
2016-01-21,14.25,0.052531,4.1558,4.1552
2016-01-22,14.25,0.052531,4.1232,4.1226
2016-01-23,14.25,,,
2016-01-24,14.25,,,
2016-01-25,14.25,0.052531,4.1002,4.0991
2016-01-26,14.25,0.052531,4.0967,4.0961
2016-01-27,14.25,0.052531,4.0448,4.0441
2016-01-28,14.25,0.052531,4.0838,4.0832
2016-01-29,14.25,0.052531,4.0428,4.0422
2016-01-30,14.25,,,
2016-01-31,14.25,,,
2016-02-01,14.25,0.052531,3.9986,3.9979
2016-02-02,14.25,0.052531,3.9919,3.9913
2016-02-03,14.25,0.052531,3.9558,3.9552
2016-02-04,14.25,0.052531,3.8653,3.8646
2016-02-05,14.25,0.052531,3.8975,3.8969
2016-02-06,14.25,,,
2016-02-07,14.25,,,
2016-02-08,14.25,,,
2016-02-09,14.25,,,
2016-02-10,14.25,0.052531,3.9412,3.9406
2016-02-11,14.25,0.052531,3.9642,3.9636
2016-02-12,14.25,0.052531,3.9891,3.9884
2016-02-13,14.25,,,
2016-02-14,14.25,,,
2016-02-15,14.25,0.052531,3.9885,3.9879
2016-02-16,14.25,0.052531,4.0213,4.0207
2016-02-17,14.25,0.052531,4.0318,4.0312
2016-02-18,14.25,0.052531,4.0091,4.0084
2016-02-19,14.25,0.052531,4.0492,4.0486
2016-02-20,14.25,,,
2016-02-21,14.25,,,
2016-02-22,14.25,0.052531,3.9618,3.9612
2016-02-23,14.25,0.052531,3.9684,3.9678
2016-02-24,14.25,0.052531,3.99,3.9894
2016-02-25,14.25,0.052531,3.94,3.9394
2016-02-26,14.25,0.052531,3.9578,3.9571
2016-02-27,14.25,,,
2016-02-28,14.25,,,
2016-02-29,14.25,0.052531,3.9796,3.979
2016-03-01,14.25,0.052531,3.9913,3.9907
2016-03-02,14.25,0.052531,3.9116,3.911
2016-03-03,14.25,0.052531,3.8504,3.8498
2016-03-04,14.25,0.052531,3.7188,3.7182
2016-03-05,14.25,,,
2016-03-06,14.25,,,
2016-03-07,14.25,0.052531,3.7714,3.7708
2016-03-08,14.25,0.052531,3.7813,3.7807
2016-03-09,14.25,0.052531,3.7037,3.7031
2016-03-10,14.25,0.052531,3.67,3.6694
2016-03-11,14.25,0.052531,3.6271,3.6265
2016-03-12,14.25,,,
2016-03-13,14.25,,,
2016-03-14,14.25,0.052531,3.6239,3.6232
2016-03-15,14.25,0.052531,3.7116,3.711
2016-03-16,14.25,0.052531,3.8079,3.8073
2016-03-17,14.25,0.052531,3.6445,3.6439
2016-03-18,14.25,0.052531,3.6146,3.614
2016-03-19,14.25,,,
2016-03-20,14.25,,,
2016-03-21,14.25,0.052531,3.6229,3.6223
2016-03-22,14.25,0.052531,3.6073,3.6067
2016-03-23,14.25,0.052531,3.6531,3.6525
2016-03-24,14.25,0.052531,3.6948,3.6942
2016-03-25,14.25,,,
2016-03-26,14.25,,,
2016-03-27,14.25,,,
2016-03-28,14.25,0.052531,3.6408,3.6401
2016-03-29,14.25,0.052531,3.6687,3.6681
2016-03-30,14.25,0.052531,3.6116,3.611
2016-03-31,14.25,0.052531,3.5589,3.5583
2016-04-01,14.25,0.052531,3.5799,3.5793
2016-04-02,14.25,,,
2016-04-03,14.25,,,
2016-04-04,14.25,0.052531,3.5871,3.5865
2016-04-05,14.25,0.052531,3.6581,3.6575
2016-04-06,14.25,0.052531,3.6749,3.6743
2016-04-07,14.25,0.052531,3.6921,3.6915
2016-04-08,14.25,0.052531,3.6385,3.6379
2016-04-09,14.25,,,
2016-04-10,14.25,,,
2016-04-11,14.25,0.052531,3.5284,3.5278
2016-04-12,14.25,0.052531,3.5406,3.54
2016-04-13,14.25,0.052531,3.5429,3.5423
2016-04-14,14.25,0.052531,3.5126,3.512
2016-04-15,14.25,0.052531,3.5276,3.527
2016-04-16,14.25,,,
2016-04-17,14.25,,,
2016-04-18,14.25,0.052531,3.5904,3.5898
2016-04-19,14.25,0.052531,3.5538,3.5532
2016-04-20,14.25,0.052531,3.5503,3.5497
2016-04-21,14.25,,,
2016-04-22,14.25,0.052531,3.5829,3.5823
2016-04-23,14.25,,,
2016-04-24,14.25,,,
2016-04-25,14.25,0.052531,3.5472,3.5466
2016-04-26,14.25,0.052531,3.5301,3.5294
2016-04-27,14.25,0.052531,3.5295,3.5289
2016-04-28,14.25,0.052531,3.4992,3.4986
2016-04-29,14.25,0.052531,3.4508,3.4502
2016-04-30,14.25,,,
2016-05-01,14.25,,,
2016-05-02,14.25,0.052531,3.4991,3.4985
2016-05-03,14.25,0.052531,3.555,3.5544
2016-05-04,14.25,0.052531,3.5397,3.5391
2016-05-05,14.25,0.052531,3.5296,3.529
2016-05-06,14.25,0.052531,3.5362,3.5356
2016-05-07,14.25,,,
2016-05-08,14.25,,,
2016-05-09,14.25,0.052531,3.5387,3.538
2016-05-10,14.25,0.052531,3.4772,3.4766
2016-05-11,14.25,0.052531,3.4645,3.4639
2016-05-12,14.25,0.052531,3.4877,3.4871
2016-05-13,14.25,0.052531,3.5041,3.5035
2016-05-14,14.25,,,
2016-05-15,14.25,,,
2016-05-16,14.25,0.052531,3.5035,3.5029
2016-05-17,14.25,0.052531,3.5037,3.5031
2016-05-18,14.25,0.052531,3.5368,3.5362
2016-05-19,14.25,0.052531,3.6003,3.5997
2016-05-20,14.25,0.052531,3.5419,3.5413
2016-05-21,14.25,,,
2016-05-22,14.25,,,
2016-05-23,14.25,0.052531,3.566,3.5654
2016-05-24,14.25,0.052531,3.5491,3.5485
2016-05-25,14.25,0.052531,3.5804,3.5798
2016-05-26,14.25,,,
2016-05-27,14.25,0.052531,3.6168,3.6162
2016-05-28,14.25,,,
2016-05-29,14.25,,,
2016-05-30,14.25,0.052531,3.5997,3.5991
2016-05-31,14.25,0.052531,3.5951,3.5945
2016-06-01,14.25,0.052531,3.6126,3.612
2016-06-02,14.25,0.052531,3.5961,3.5955
2016-06-03,14.25,0.052531,3.5409,3.5403
2016-06-04,14.25,,,
2016-06-05,14.25,,,
2016-06-06,14.25,0.052531,3.5098,3.5092
2016-06-07,14.25,0.052531,3.4745,3.4739
2016-06-08,14.25,0.052531,3.3898,3.3892
2016-06-09,14.25,0.052531,3.3817,3.3811
2016-06-10,14.25,0.052531,3.4261,3.4255
2016-06-11,14.25,,,
2016-06-12,14.25,,,
2016-06-13,14.25,0.052531,3.4533,3.4527
2016-06-14,14.25,0.052531,3.4839,3.4833
2016-06-15,14.25,0.052531,3.4768,3.4762
2016-06-16,14.25,0.052531,3.4904,3.4898
2016-06-17,14.25,0.052531,3.4372,3.4366
2016-06-18,14.25,,,
2016-06-19,14.25,,,
2016-06-20,14.25,0.052531,3.3835,3.3829
2016-06-21,14.25,0.052531,3.3897,3.3891
2016-06-22,14.25,0.052531,3.3883,3.3877
2016-06-23,14.25,0.052531,3.3533,3.3527
2016-06-24,14.25,0.052531,3.3772,3.3766
2016-06-25,14.25,,,
2016-06-26,14.25,,,
2016-06-27,14.25,0.052531,3.3934,3.3928
2016-06-28,14.25,0.052531,3.3267,3.3261
2016-06-29,14.25,0.052531,3.2435,3.2429
2016-06-30,14.25,0.052531,3.2098,3.2092
2016-07-01,14.25,0.052531,3.2298,3.2292
2016-07-02,14.25,,,
2016-07-03,14.25,,,
2016-07-04,14.25,0.052531,3.248,3.2474
2016-07-05,14.25,0.052531,3.2904,3.2898
2016-07-06,14.25,0.052531,3.3242,3.3236
2016-07-07,14.25,0.052531,3.3388,3.3382
2016-07-08,14.25,0.052531,3.2968,3.2962
2016-07-09,14.25,,,
2016-07-10,14.25,,,
2016-07-11,14.25,0.052531,3.3031,3.3025
2016-07-12,14.25,0.052531,3.275,3.2744
2016-07-13,14.25,0.052531,3.2896,3.289
2016-07-14,14.25,0.052531,3.2311,3.2305
2016-07-15,14.25,0.052531,3.2656,3.265
2016-07-16,14.25,,,
2016-07-17,14.25,,,
2016-07-18,14.25,0.052531,3.2634,3.2628
2016-07-19,14.25,0.052531,3.2801,3.2795
2016-07-20,14.25,0.052531,3.2512,3.2506
2016-07-21,14.25,0.052531,3.2585,3.2579
2016-07-22,14.25,0.052531,3.2854,3.2848
2016-07-23,14.25,,,
2016-07-24,14.25,,,
2016-07-25,14.25,0.052531,3.2819,3.2813
2016-07-26,14.25,0.052531,3.279,3.2784
2016-07-27,14.25,0.052531,3.282,3.2814
2016-07-28,14.25,0.052531,3.274,3.2734
2016-07-29,14.25,0.052531,3.239,3.2384
2016-07-30,14.25,,,
2016-07-31,14.25,,,
2016-08-01,14.25,0.052531,3.2662,3.2656
2016-08-02,14.25,0.052531,3.249,3.2484
2016-08-03,14.25,0.052531,3.2733,3.2727
2016-08-04,14.25,0.052531,3.2183,3.2177
2016-08-05,14.25,0.052531,3.1859,3.1853
2016-08-06,14.25,,,
2016-08-07,14.25,,,
2016-08-08,14.25,0.052531,3.1771,3.1765
2016-08-09,14.25,0.052531,3.1503,3.1497
2016-08-10,14.25,0.052531,3.1302,3.1296
2016-08-11,14.25,0.052531,3.1364,3.1358
2016-08-12,14.25,0.052531,3.1602,3.1596
2016-08-13,14.25,,,
2016-08-14,14.25,,,
2016-08-15,14.25,0.052531,3.1672,3.1666
2016-08-16,14.25,0.052531,3.1749,3.1743
2016-08-17,14.25,0.052531,3.2248,3.2242
2016-08-18,14.25,0.052531,3.2215,3.2209
2016-08-19,14.25,0.052531,3.2267,3.2261
2016-08-20,14.25,,,
2016-08-21,14.25,,,
2016-08-22,14.25,0.052531,3.2163,3.2157
2016-08-23,14.25,0.052531,3.2054,3.2047
2016-08-24,14.25,0.052531,3.2372,3.2366
2016-08-25,14.25,0.052531,3.2319,3.2313
2016-08-26,14.25,0.052531,3.2153,3.2147
2016-08-27,14.25,,,
2016-08-28,14.25,,,
2016-08-29,14.25,0.052531,3.2613,3.2607
2016-08-30,14.25,0.052531,3.2525,3.2519
2016-08-31,14.25,0.052531,3.2403,3.2397
2016-09-01,14.25,0.052531,3.2472,3.2466
2016-09-02,14.25,0.052531,3.2431,3.2425
2016-09-03,14.25,,,
2016-09-04,14.25,,,
2016-09-05,14.25,0.052531,3.2721,3.2715
2016-09-06,14.25,0.052531,3.2452,3.2446
2016-09-07,14.25,,,
2016-09-08,14.25,0.052531,3.1934,3.1928
2016-09-09,14.25,0.052531,3.2638,3.2632
2016-09-10,14.25,,,
2016-09-11,14.25,,,
2016-09-12,14.25,0.052531,3.2854,3.2848
2016-09-13,14.25,0.052531,3.2972,3.2966
2016-09-14,14.25,0.052531,3.3262,3.3256
2016-09-15,14.25,0.052531,3.3326,3.332
2016-09-16,14.25,0.052531,3.3004,3.2998
2016-09-17,14.25,,,
2016-09-18,14.25,,,
2016-09-19,14.25,0.052531,3.2636,3.263
2016-09-20,14.25,0.052531,3.254,3.2534
2016-09-21,14.25,0.052531,3.2408,3.2402
2016-09-22,14.25,0.052531,3.2015,3.2009
2016-09-23,14.25,0.052531,3.2242,3.2236
2016-09-24,14.25,,,
2016-09-25,14.25,,,
2016-09-26,14.25,0.052531,3.24,3.2394
2016-09-27,14.25,0.052531,3.2358,3.2352
2016-09-28,14.25,0.052531,3.2476,3.247
2016-09-29,14.25,0.052531,3.2235,3.2229
2016-09-30,14.25,0.052531,3.2462,3.2456
2016-10-01,14.25,,,
2016-10-02,14.25,,,
2016-10-03,14.25,0.052531,3.2338,3.2332
2016-10-04,14.25,0.052531,3.2203,3.2197
2016-10-05,14.25,0.052531,3.2359,3.2353
2016-10-06,14.25,0.052531,3.231,3.2304
2016-10-07,14.25,0.052531,3.2134,3.2128
2016-10-08,14.25,,,
2016-10-09,14.25,,,
2016-10-10,14.25,0.052531,3.2125,3.2119
2016-10-11,14.25,0.052531,3.2136,3.213
2016-10-12,14.25,,,
2016-10-13,14.25,0.052531,3.2087,3.2081
2016-10-14,14.25,0.052531,3.1864,3.1858
2016-10-15,14.25,,,
2016-10-16,14.25,,,
2016-10-17,14.25,0.052531,3.1963,3.1957
2016-10-18,14.25,0.052531,3.1874,3.1868
2016-10-19,14.25,0.052531,3.18,3.1794
2016-10-20,14.0,0.05166,3.1605,3.1599
2016-10-21,14.0,0.05166,3.1593,3.1587
2016-10-22,14.0,,,
2016-10-23,14.0,,,
2016-10-24,14.0,0.05166,3.1311,3.1305
2016-10-25,14.0,0.05166,3.1193,3.1187
2016-10-26,14.0,0.05166,3.1219,3.1213
2016-10-27,14.0,0.05166,3.1429,3.1423
2016-10-28,14.0,0.05166,3.1815,3.1809
2016-10-29,14.0,,,
2016-10-30,14.0,,,
2016-10-31,14.0,0.05166,3.1811,3.1805
2016-11-01,14.0,0.05166,3.2053,3.2047
2016-11-02,14.0,,,
2016-11-03,14.0,0.05166,3.231,3.2304
2016-11-04,14.0,0.05166,3.2449,3.2443
2016-11-05,14.0,,,
2016-11-06,14.0,,,
2016-11-07,14.0,0.05166,3.2024,3.2018
2016-11-08,14.0,0.05166,3.2024,3.2018
2016-11-09,14.0,0.05166,3.2258,3.2252
2016-11-10,14.0,0.05166,3.3104,3.3098
2016-11-11,14.0,0.05166,3.4377,3.4371
2016-11-12,14.0,,,
2016-11-13,14.0,,,
2016-11-14,14.0,0.05166,3.4446,3.444
2016-11-15,14.0,,,
2016-11-16,14.0,0.05166,3.4183,3.4177
2016-11-17,14.0,0.05166,3.4052,3.4046
2016-11-18,14.0,0.05166,3.3917,3.3911
2016-11-19,14.0,,,
2016-11-20,14.0,,,
2016-11-21,14.0,0.05166,3.3517,3.3511
2016-11-22,14.0,0.05166,3.3476,3.347
2016-11-23,14.0,0.05166,3.3927,3.3921
2016-11-24,14.0,0.05166,3.3987,3.3981
2016-11-25,14.0,0.05166,3.4279,3.4273
2016-11-26,14.0,,,
2016-11-27,14.0,,,
2016-11-28,14.0,0.05166,3.3996,3.399
2016-11-29,14.0,0.05166,3.406,3.4054
2016-11-30,14.0,0.05166,3.3967,3.3961
2016-12-01,13.75,0.050788,3.4362,3.4356
2016-12-02,13.75,0.050788,3.465,3.4644
2016-12-03,13.75,,,
2016-12-04,13.75,,,
2016-12-05,13.75,0.050788,3.4598,3.4592
2016-12-06,13.75,0.050788,3.4354,3.4348
2016-12-07,13.75,0.050788,3.3895,3.3889
2016-12-08,13.75,0.050788,3.4008,3.4002
2016-12-09,13.75,0.050788,3.3858,3.3852
2016-12-10,13.75,,,
2016-12-11,13.75,,,
2016-12-12,13.75,0.050788,3.3697,3.3691
2016-12-13,13.75,0.050788,3.334,3.3334
2016-12-14,13.75,0.050788,3.3103,3.3097
2016-12-15,13.75,0.050788,3.383,3.3824
2016-12-16,13.75,0.050788,3.3712,3.3706
2016-12-17,13.75,,,
2016-12-18,13.75,,,
2016-12-19,13.75,0.050788,3.3778,3.3772
2016-12-20,13.75,0.050788,3.3586,3.358
2016-12-21,13.75,0.050788,3.3297,3.3291
2016-12-22,13.75,0.050788,3.3302,3.3296
2016-12-23,13.75,0.050788,3.2696,3.269
2016-12-24,13.75,,,
2016-12-25,13.75,,,
2016-12-26,13.75,0.050788,3.2701,3.2695
2016-12-27,13.75,0.050788,3.2776,3.277
2016-12-28,13.75,0.050788,3.2774,3.2768
2016-12-29,13.75,0.050788,3.2591,3.2585
2016-12-30,13.75,0.050788,3.2591,3.2585
2016-12-31,13.75,,,
2017-01-01,13.75,,,
2017-01-02,13.75,0.050788,3.2729,3.2723
2017-01-03,13.75,0.050788,3.2632,3.2626
2017-01-04,13.75,0.050788,3.2333,3.2327
2017-01-05,13.75,0.050788,3.2129,3.2123
2017-01-06,13.75,0.050788,3.2057,3.2051
2017-01-07,13.75,,,
2017-01-08,13.75,,,
2017-01-09,13.75,0.050788,3.2097,3.2091
2017-01-10,13.75,0.050788,3.1918,3.1912
2017-01-11,13.75,0.050788,3.2154,3.2148
2017-01-12,13.0,0.048159,3.1661,3.1655
2017-01-13,13.0,0.048159,3.2034,3.2028
2017-01-14,13.0,,,
2017-01-15,13.0,,,
2017-01-16,13.0,0.048159,3.2234,3.2228
2017-01-17,13.0,0.048159,3.21,3.2094
2017-01-18,13.0,0.048159,3.2211,3.2205
2017-01-19,13.0,0.048159,3.2113,3.2107
2017-01-20,13.0,0.048159,3.1918,3.1912
2017-01-21,13.0,,,
2017-01-22,13.0,,,
2017-01-23,13.0,0.048159,3.1609,3.1603
2017-01-24,13.0,0.048159,3.1649,3.1643
2017-01-25,13.0,0.048159,3.169,3.1679
2017-01-26,13.0,0.048159,3.1804,3.1798
2017-01-27,13.0,0.048159,3.1596,3.159
2017-01-28,13.0,,,
2017-01-29,13.0,,,
2017-01-30,13.0,0.048159,3.1316,3.131
2017-01-31,13.0,0.048159,3.127,3.1264
2017-02-01,13.0,0.048159,3.1479,3.1473
2017-02-02,13.0,0.048159,3.1196,3.119
2017-02-03,13.0,0.048159,3.1241,3.1235
2017-02-04,13.0,,,
2017-02-05,13.0,,,
2017-02-06,13.0,0.048159,3.1179,3.1173
2017-02-07,13.0,0.048159,3.1304,3.1298
2017-02-08,13.0,0.048159,3.1255,3.1248
2017-02-09,13.0,0.048159,3.1185,3.1179
2017-02-10,13.0,0.048159,3.1155,3.1149
2017-02-11,13.0,,,
2017-02-12,13.0,,,
2017-02-13,13.0,0.048159,3.1175,3.1169
2017-02-14,13.0,0.048159,3.1004,3.0998
2017-02-15,13.0,0.048159,3.0779,3.0773
2017-02-16,13.0,0.048159,3.051,3.0504
2017-02-17,13.0,0.048159,3.095,3.0944
2017-02-18,13.0,,,
2017-02-19,13.0,,,
2017-02-20,13.0,0.048159,3.0918,3.0912
2017-02-21,13.0,0.048159,3.097,3.0964
2017-02-22,13.0,0.048159,3.0824,3.0818
2017-02-23,12.25,0.045513,3.0638,3.0632
2017-02-24,12.25,0.045513,3.0993,3.0987
2017-02-25,12.25,,,
2017-02-26,12.25,,,
2017-02-27,12.25,,,
2017-02-28,12.25,,,
2017-03-01,12.25,0.045513,3.0976,3.097
2017-03-02,12.25,0.045513,3.1138,3.1132
2017-03-03,12.25,0.045513,3.1364,3.1358
2017-03-04,12.25,,,
2017-03-05,12.25,,,
2017-03-06,12.25,0.045513,3.1111,3.1105
2017-03-07,12.25,0.045513,3.1185,3.1179
2017-03-08,12.25,0.045513,3.1477,3.1471
2017-03-09,12.25,0.045513,3.1735,3.1729
2017-03-10,12.25,0.045513,3.1623,3.1617
2017-03-11,12.25,,,
2017-03-12,12.25,,,
2017-03-13,12.25,0.045513,3.1541,3.1535
2017-03-14,12.25,0.045513,3.1639,3.1633
2017-03-15,12.25,0.045513,3.1629,3.1623
2017-03-16,12.25,0.045513,3.108,3.1074
2017-03-17,12.25,0.045513,3.1075,3.1069
2017-03-18,12.25,,,
2017-03-19,12.25,,,
2017-03-20,12.25,0.045513,3.0898,3.0892
2017-03-21,12.25,0.045513,3.0765,3.0759
2017-03-22,12.25,0.045513,3.0939,3.0933
2017-03-23,12.25,0.045513,3.1248,3.1242
2017-03-24,12.25,0.045513,3.1282,3.1276
2017-03-25,12.25,,,
2017-03-26,12.25,,,
2017-03-27,12.25,0.045513,3.1256,3.125
2017-03-28,12.25,0.045513,3.1303,3.1297
2017-03-29,12.25,0.045513,3.1229,3.1223
2017-03-30,12.25,0.045513,3.1247,3.1241
2017-03-31,12.25,0.045513,3.1684,3.1678
2017-04-01,12.25,,,
2017-04-02,12.25,,,
2017-04-03,12.25,0.045513,3.1167,3.1161
2017-04-04,12.25,0.045513,3.1231,3.1225
2017-04-05,12.25,0.045513,3.0923,3.0917
2017-04-06,12.25,0.045513,3.116,3.1154
2017-04-07,12.25,0.045513,3.1302,3.1296
2017-04-08,12.25,,,
2017-04-09,12.25,,,
2017-04-10,12.25,0.045513,3.1409,3.1403
2017-04-11,12.25,0.045513,3.1424,3.1418
2017-04-12,12.25,0.045513,3.1463,3.1457
2017-04-13,11.25,0.041957,3.1269,3.1263
2017-04-14,11.25,,,
2017-04-15,11.25,,,
2017-04-16,11.25,,,
2017-04-17,11.25,0.041957,3.1036,3.103
2017-04-18,11.25,0.041957,3.0958,3.0952
2017-04-19,11.25,0.041957,3.1294,3.1288
2017-04-20,11.25,0.041957,3.1453,3.1447
2017-04-21,11.25,,,
2017-04-22,11.25,,,
2017-04-23,11.25,,,
2017-04-24,11.25,0.041957,3.1251,3.1245
2017-04-25,11.25,0.041957,3.1577,3.1571
2017-04-26,11.25,0.041957,3.1847,3.1841
2017-04-27,11.25,0.041957,3.1763,3.1757
2017-04-28,11.25,0.041957,3.1984,3.1978
2017-04-29,11.25,,,
2017-04-30,11.25,,,
2017-05-01,11.25,,,
2017-05-02,11.25,0.041957,3.1724,3.1718
2017-05-03,11.25,0.041957,3.1489,3.1483
2017-05-04,11.25,0.041957,3.178,3.1774
2017-05-05,11.25,0.041957,3.1764,3.1758
2017-05-06,11.25,,,
2017-05-07,11.25,,,
2017-05-08,11.25,0.041957,3.1938,3.1932
2017-05-09,11.25,0.041957,3.1857,3.1851
2017-05-10,11.25,0.041957,3.1606,3.16
2017-05-11,11.25,0.041957,3.1559,3.1553
2017-05-12,11.25,0.041957,3.129,3.1284
2017-05-13,11.25,,,
2017-05-14,11.25,,,
2017-05-15,11.25,0.041957,3.1011,3.1005
2017-05-16,11.25,0.041957,3.0924,3.0918
2017-05-17,11.25,0.041957,3.1076,3.107
2017-05-18,11.25,0.041957,3.3807,3.3756
2017-05-19,11.25,0.041957,3.2878,3.2872
2017-05-20,11.25,,,
2017-05-21,11.25,,,
2017-05-22,11.25,0.041957,3.2863,3.2857
2017-05-23,11.25,0.041957,3.2654,3.2648
2017-05-24,11.25,0.041957,3.2629,3.2623
2017-05-25,11.25,0.041957,3.2824,3.2818
2017-05-26,11.25,0.041957,3.2614,3.2608
2017-05-27,11.25,,,
2017-05-28,11.25,,,
2017-05-29,11.25,0.041957,3.2709,3.2703
2017-05-30,11.25,0.041957,3.2659,3.2653
2017-05-31,11.25,0.041957,3.2437,3.2431
2017-06-01,10.25,0.03837,3.2307,3.2301
2017-06-02,10.25,0.03837,3.2401,3.2395
2017-06-03,10.25,,,
2017-06-04,10.25,,,
2017-06-05,10.25,0.03837,3.282,3.2814
2017-06-06,10.25,0.03837,3.2817,3.2811
2017-06-07,10.25,0.03837,3.2747,3.2741
2017-06-08,10.25,0.03837,3.2838,3.2832
2017-06-09,10.25,0.03837,3.274,3.2734
2017-06-10,10.25,,,
2017-06-11,10.25,,,
2017-06-12,10.25,0.03837,3.2986,3.298
2017-06-13,10.25,0.03837,3.3208,3.3202
2017-06-14,10.25,0.03837,3.2836,3.283
2017-06-15,10.25,,,
2017-06-16,10.25,0.03837,3.2892,3.2886
2017-06-17,10.25,,,
2017-06-18,10.25,,,
2017-06-19,10.25,0.03837,3.2975,3.2969
2017-06-20,10.25,0.03837,3.3145,3.3139
2017-06-21,10.25,0.03837,3.3247,3.3241
2017-06-22,10.25,0.03837,3.3362,3.3356
2017-06-23,10.25,0.03837,3.3342,3.3336
2017-06-24,10.25,,,
2017-06-25,10.25,,,
2017-06-26,10.25,0.03837,3.3128,3.3122
2017-06-27,10.25,0.03837,3.3172,3.3166
2017-06-28,10.25,0.03837,3.303,3.3024
2017-06-29,10.25,0.03837,3.2952,3.2946
2017-06-30,10.25,0.03837,3.3082,3.3076
2017-07-01,10.25,,,
2017-07-02,10.25,,,
2017-07-03,10.25,0.03837,3.3015,3.3009
2017-07-04,10.25,0.03837,3.305,3.3044
2017-07-05,10.25,0.03837,3.3193,3.3187
2017-07-06,10.25,0.03837,3.3064,3.3058
2017-07-07,10.25,0.03837,3.2895,3.2889
2017-07-08,10.25,,,
2017-07-09,10.25,,,
2017-07-10,10.25,0.03837,3.265,3.2644
2017-07-11,10.25,0.03837,3.2522,3.2516
2017-07-12,10.25,0.03837,3.2264,3.2258
2017-07-13,10.25,0.03837,3.2108,3.2102
2017-07-14,10.25,0.03837,3.1899,3.1893
2017-07-15,10.25,,,
2017-07-16,10.25,,,
2017-07-17,10.25,0.03837,3.1821,3.1815
2017-07-18,10.25,0.03837,3.1668,3.1662
2017-07-19,10.25,0.03837,3.1533,3.1527
2017-07-20,10.25,0.03837,3.1402,3.1396
2017-07-21,10.25,0.03837,3.1256,3.125
2017-07-22,10.25,,,
2017-07-23,10.25,,,
2017-07-24,10.25,0.03837,3.1459,3.1453
2017-07-25,10.25,0.03837,3.1556,3.155
2017-07-26,10.25,0.03837,3.1657,3.1651
2017-07-27,9.25,0.034749,3.1513,3.1507
2017-07-28,9.25,0.034749,3.1457,3.1451
2017-07-29,9.25,,,
2017-07-30,9.25,,,
2017-07-31,9.25,0.034749,3.1307,3.1301
2017-08-01,9.25,0.034749,3.1161,3.1154
2017-08-02,9.25,0.034749,3.1268,3.1262
2017-08-03,9.25,0.034749,3.1194,3.1188
2017-08-04,9.25,0.034749,3.1224,3.1218
2017-08-05,9.25,,,
2017-08-06,9.25,,,
2017-08-07,9.25,0.034749,3.1267,3.1261
2017-08-08,9.25,0.034749,3.132,3.1314
2017-08-09,9.25,0.034749,3.1464,3.1458
2017-08-10,9.25,0.034749,3.1543,3.1537
2017-08-11,9.25,0.034749,3.1695,3.1689
2017-08-12,9.25,,,
2017-08-13,9.25,,,
2017-08-14,9.25,0.034749,3.1888,3.1882
2017-08-15,9.25,0.034749,3.1976,3.197
2017-08-16,9.25,0.034749,3.167,3.1664
2017-08-17,9.25,0.034749,3.1603,3.1597
2017-08-18,9.25,0.034749,3.1654,3.1648
2017-08-19,9.25,,,
2017-08-20,9.25,,,
2017-08-21,9.25,0.034749,3.1443,3.1437
2017-08-22,9.25,0.034749,3.1539,3.1533
2017-08-23,9.25,0.034749,3.1569,3.1563
2017-08-24,9.25,0.034749,3.1404,3.1398
2017-08-25,9.25,0.034749,3.1462,3.1456
2017-08-26,9.25,,,
2017-08-27,9.25,,,
2017-08-28,9.25,0.034749,3.1563,3.1557
2017-08-29,9.25,0.034749,3.1695,3.1689
2017-08-30,9.25,0.034749,3.1638,3.1632
2017-08-31,9.25,0.034749,3.1471,3.1465
2017-09-01,9.25,0.034749,3.1333,3.1327
2017-09-02,9.25,,,
2017-09-03,9.25,,,
2017-09-04,9.25,0.034749,3.1389,3.1383
2017-09-05,9.25,0.034749,3.1203,3.1197
2017-09-06,9.25,0.034749,3.1133,3.1127
2017-09-07,9.25,,,
2017-09-08,8.25,0.031096,3.0908,3.0902
2017-09-09,8.25,,,
2017-09-10,8.25,,,
2017-09-11,8.25,0.031096,3.0852,3.0846
2017-09-12,8.25,0.031096,3.1144,3.1138
2017-09-13,8.25,0.031096,3.1343,3.1337
2017-09-14,8.25,0.031096,3.1354,3.1348
2017-09-15,8.25,0.031096,3.1255,3.1249
2017-09-16,8.25,,,
2017-09-17,8.25,,,
2017-09-18,8.25,0.031096,3.1239,3.1233
2017-09-19,8.25,0.031096,3.1323,3.1317
2017-09-20,8.25,0.031096,3.1281,3.1275
2017-09-21,8.25,0.031096,3.1347,3.1341
2017-09-22,8.25,0.031096,3.1285,3.1279
2017-09-23,8.25,,,
2017-09-24,8.25,,,
2017-09-25,8.25,0.031096,3.1412,3.1406
2017-09-26,8.25,0.031096,3.1674,3.1668
2017-09-27,8.25,0.031096,3.1932,3.1926
2017-09-28,8.25,0.031096,3.1871,3.1865
2017-09-29,8.25,0.031096,3.168,3.1674
2017-09-30,8.25,,,
2017-10-01,8.25,,,
2017-10-02,8.25,0.031096,3.1642,3.1636
2017-10-03,8.25,0.031096,3.1502,3.1496
2017-10-04,8.25,0.031096,3.1315,3.1309
2017-10-05,8.25,0.031096,3.1347,3.1341
2017-10-06,8.25,0.031096,3.1648,3.1642
2017-10-07,8.25,,,
2017-10-08,8.25,,,
2017-10-09,8.25,0.031096,3.177,3.1764
2017-10-10,8.25,0.031096,3.1688,3.1682
2017-10-11,8.25,0.031096,3.1639,3.1633
2017-10-12,8.25,,,
2017-10-13,8.25,0.031096,3.1572,3.1567
2017-10-14,8.25,,,
2017-10-15,8.25,,,
2017-10-16,8.25,0.031096,3.1607,3.1601
2017-10-17,8.25,0.031096,3.1769,3.1763
2017-10-18,8.25,0.031096,3.1673,3.1667
2017-10-19,8.25,0.031096,3.1732,3.1727
2017-10-20,8.25,0.031096,3.1833,3.1827
2017-10-21,8.25,,,
2017-10-22,8.25,,,
2017-10-23,8.25,0.031096,3.2003,3.1997
2017-10-24,8.25,0.031096,3.247,3.2464
2017-10-25,8.25,0.031096,3.2387,3.2381
2017-10-26,7.5,0.028333,3.2444,3.2438
2017-10-27,7.5,0.028333,3.2801,3.2795
2017-10-28,7.5,,,
2017-10-29,7.5,,,
2017-10-30,7.5,0.028333,3.2547,3.2541
2017-10-31,7.5,0.028333,3.2769,3.2763
2017-11-01,7.5,0.028333,3.2736,3.273
2017-11-02,7.5,,,
2017-11-03,7.5,0.028333,3.292,3.2914
2017-11-04,7.5,,,
2017-11-05,7.5,,,
2017-11-06,7.5,0.028333,3.2851,3.2845
2017-11-07,7.5,0.028333,3.2733,3.2727
2017-11-08,7.5,0.028333,3.2509,3.2503
2017-11-09,7.5,0.028333,3.2515,3.2509
2017-11-10,7.5,0.028333,3.2661,3.2655
2017-11-11,7.5,,,
2017-11-12,7.5,,,
2017-11-13,7.5,0.028333,3.2873,3.2867
2017-11-14,7.5,0.028333,3.2834,3.2828
2017-11-15,7.5,,,
2017-11-16,7.5,0.028333,3.2808,3.2802
2017-11-17,7.5,0.028333,3.2788,3.2782
2017-11-18,7.5,,,
2017-11-19,7.5,,,
2017-11-20,7.5,0.028333,3.2623,3.2608
2017-11-21,7.5,0.028333,3.2591,3.2585
2017-11-22,7.5,0.028333,3.2561,3.2555
2017-11-23,7.5,0.028333,3.2371,3.2365
2017-11-24,7.5,0.028333,3.23,3.2294
2017-11-25,7.5,,,
2017-11-26,7.5,,,
2017-11-27,7.5,0.028333,3.2218,3.2212
2017-11-28,7.5,0.028333,3.2232,3.2226
2017-11-29,7.5,0.028333,3.2136,3.213
2017-11-30,7.5,0.028333,3.2616,3.261
2017-12-01,7.5,0.028333,3.2636,3.263
2017-12-02,7.5,,,
2017-12-03,7.5,,,
2017-12-04,7.5,0.028333,3.2506,3.25
2017-12-05,7.5,0.028333,3.2322,3.2316
2017-12-06,7.5,0.028333,3.2354,3.2348
2017-12-07,7.0,0.026481,3.2892,3.2886
2017-12-08,7.0,0.026481,3.2811,3.2805
2017-12-09,7.0,,,
2017-12-10,7.0,,,
2017-12-11,7.0,0.026481,3.2845,3.2839
2017-12-12,7.0,0.026481,3.3149,3.3143
2017-12-13,7.0,0.026481,3.3036,3.303
2017-12-14,7.0,0.026481,3.3332,3.3326
2017-12-15,7.0,0.026481,3.3182,3.3176
2017-12-16,7.0,,,
2017-12-17,7.0,,,
2017-12-18,7.0,0.026481,3.2881,3.2875
2017-12-19,7.0,0.026481,3.2883,3.2877
2017-12-20,7.0,0.026481,3.2909,3.2903
2017-12-21,7.0,0.026481,3.3045,3.3039
2017-12-22,7.0,0.026481,3.3209,3.3203
2017-12-23,7.0,,,
2017-12-24,7.0,,,
2017-12-25,7.0,,,
2017-12-26,7.0,0.026481,3.32,3.3194
2017-12-27,7.0,0.026481,3.3031,3.3024
2017-12-28,7.0,0.026481,3.308,3.3074
2017-12-29,7.0,0.026481,3.308,3.3074
2017-12-30,7.0,,,
2017-12-31,7.0,,,
2018-01-01,7.0,,,
2018-01-02,7.0,0.026481,3.2697,3.2691
2018-01-03,7.0,0.026481,3.2535,3.2529
2018-01-04,7.0,0.026481,3.2318,3.2312
2018-01-05,7.0,0.026481,3.2409,3.2403
2018-01-06,7.0,,,
2018-01-07,7.0,,,
2018-01-08,7.0,0.026481,3.2357,3.2351
2018-01-09,7.0,0.026481,3.2397,3.2391
2018-01-10,7.0,0.026481,3.2467,3.2461
2018-01-11,7.0,0.026481,3.2301,3.2295
2018-01-12,7.0,0.026481,3.2197,3.2192
2018-01-13,7.0,,,
2018-01-14,7.0,,,
2018-01-15,7.0,0.026481,3.1963,3.1957
2018-01-16,7.0,0.026481,3.2219,3.2213
2018-01-17,7.0,0.026481,3.2324,3.2318
2018-01-18,7.0,0.026481,3.2129,3.2123
2018-01-19,7.0,0.026481,3.2087,3.2081
2018-01-20,7.0,,,
2018-01-21,7.0,,,
2018-01-22,7.0,0.026481,3.1934,3.1928
2018-01-23,7.0,0.026481,3.2249,3.2243
2018-01-24,7.0,0.026481,3.197,3.1964
2018-01-25,7.0,0.026481,3.1391,3.138
2018-01-26,7.0,0.026481,3.145,3.1444
2018-01-27,7.0,,,
2018-01-28,7.0,,,
2018-01-29,7.0,0.026481,3.1655,3.1648
2018-01-30,7.0,0.026481,3.1661,3.1655
2018-01-31,7.0,0.026481,3.1624,3.1618
2018-02-01,7.0,0.026481,3.173,3.1724
2018-02-02,7.0,0.026481,3.206,3.2054
2018-02-03,7.0,,,
2018-02-04,7.0,,,
2018-02-05,7.0,0.026481,3.2355,3.2349
2018-02-06,7.0,0.026481,3.2613,3.2607
2018-02-07,7.0,0.026481,3.2467,3.2461
2018-02-08,6.75,0.025552,3.2692,3.2686
2018-02-09,6.75,0.025552,3.2821,3.2815
2018-02-10,6.75,,,
2018-02-11,6.75,,,
2018-02-12,6.75,,,
2018-02-13,6.75,,,
2018-02-14,6.75,0.025552,3.2536,3.2531
2018-02-15,6.75,0.025552,3.2208,3.2202
2018-02-16,6.75,0.025552,3.2381,3.2375
2018-02-17,6.75,,,
2018-02-18,6.75,,,
2018-02-19,6.75,0.025552,3.2347,3.2341
2018-02-20,6.75,0.025552,3.2507,3.2501
2018-02-21,6.75,0.025552,3.2555,3.2549
2018-02-22,6.75,0.025552,3.2598,3.2592
2018-02-23,6.75,0.025552,3.2417,3.2411
2018-02-24,6.75,,,
2018-02-25,6.75,,,
2018-02-26,6.75,0.025552,3.2351,3.2345
2018-02-27,6.75,0.025552,3.2383,3.2377
2018-02-28,6.75,0.025552,3.2449,3.2443
2018-03-01,6.75,0.025552,3.262,3.2614
2018-03-02,6.75,0.025552,3.2614,3.2608
2018-03-03,6.75,,,
2018-03-04,6.75,,,
2018-03-05,6.75,0.025552,3.2582,3.2576
2018-03-06,6.75,0.025552,3.2246,3.224
2018-03-07,6.75,0.025552,3.2318,3.2312
2018-03-08,6.75,0.025552,3.2518,3.2512
2018-03-09,6.75,0.025552,3.2496,3.249
2018-03-10,6.75,,,
2018-03-11,6.75,,,
2018-03-12,6.75,0.025552,3.2606,3.26
2018-03-13,6.75,0.025552,3.2492,3.2486
2018-03-14,6.75,0.025552,3.2584,3.2578
2018-03-15,6.75,0.025552,3.2859,3.2853
2018-03-16,6.75,0.025552,3.2905,3.2899
2018-03-17,6.75,,,
2018-03-18,6.75,,,
2018-03-19,6.75,0.025552,3.2911,3.2905
2018-03-20,6.75,0.025552,3.2981,3.2975
2018-03-21,6.75,0.025552,3.2921,3.2915
2018-03-22,6.5,0.02462,3.3033,3.3027
2018-03-23,6.5,0.02462,3.3041,3.3035
2018-03-24,6.5,,,
2018-03-25,6.5,,,
2018-03-26,6.5,0.02462,3.3034,3.3028
2018-03-27,6.5,0.02462,3.3256,3.325
2018-03-28,6.5,0.02462,3.338,3.3374
2018-03-29,6.5,0.02462,3.3238,3.3232
2018-03-30,6.5,,,
2018-03-31,6.5,,,
2018-04-01,6.5,,,
2018-04-02,6.5,0.02462,3.3104,3.3098
2018-04-03,6.5,0.02462,3.3139,3.3133
2018-04-04,6.5,0.02462,3.3538,3.3532
2018-04-05,6.5,0.02462,3.3196,3.319
2018-04-06,6.5,0.02462,3.3666,3.366
2018-04-07,6.5,,,
2018-04-08,6.5,,,
2018-04-09,6.5,0.02462,3.3903,3.3897
2018-04-10,6.5,0.02462,3.4195,3.4189
2018-04-11,6.5,0.02462,3.4052,3.4046
2018-04-12,6.5,0.02462,3.3858,3.3852
2018-04-13,6.5,0.02462,3.4105,3.4099
2018-04-14,6.5,,,
2018-04-15,6.5,,,
2018-04-16,6.5,0.02462,3.4263,3.4257
2018-04-17,6.5,0.02462,3.4041,3.4035
2018-04-18,6.5,0.02462,3.3844,3.3838
2018-04-19,6.5,0.02462,3.3977,3.3971
2018-04-20,6.5,0.02462,3.4101,3.4096
2018-04-21,6.5,,,
2018-04-22,6.5,,,
2018-04-23,6.5,0.02462,3.4421,3.4415
2018-04-24,6.5,0.02462,3.4667,3.4661
2018-04-25,6.5,0.02462,3.504,3.5034
2018-04-26,6.5,0.02462,3.4977,3.4971
2018-04-27,6.5,0.02462,3.4676,3.467
2018-04-28,6.5,,,
2018-04-29,6.5,,,
2018-04-30,6.5,0.02462,3.4811,3.4805
2018-05-01,6.5,,,
2018-05-02,6.5,0.02462,3.5424,3.5418
2018-05-03,6.5,0.02462,3.5484,3.5478
2018-05-04,6.5,0.02462,3.5308,3.5302
2018-05-05,6.5,,,
2018-05-06,6.5,,,
2018-05-07,6.5,0.02462,3.5458,3.5452
2018-05-08,6.5,0.02462,3.5788,3.5782
2018-05-09,6.5,0.02462,3.5943,3.5937
2018-05-10,6.5,0.02462,3.5566,3.5561
2018-05-11,6.5,0.02462,3.5716,3.571
2018-05-12,6.5,,,
2018-05-13,6.5,,,
2018-05-14,6.5,0.02462,3.6097,3.6091
2018-05-15,6.5,0.02462,3.6753,3.6747
2018-05-16,6.5,0.02462,3.6803,3.6797
2018-05-17,6.5,0.02462,3.6874,3.6868
2018-05-18,6.5,0.02462,3.7503,3.7497
2018-05-19,6.5,,,
2018-05-20,6.5,,,
2018-05-21,6.5,0.02462,3.7072,3.7066
2018-05-22,6.5,0.02462,3.6502,3.6496
2018-05-23,6.5,0.02462,3.6507,3.6501
2018-05-24,6.5,0.02462,3.6436,3.643
2018-05-25,6.5,0.02462,3.6587,3.6581
2018-05-26,6.5,,,
2018-05-27,6.5,,,
2018-05-28,6.5,0.02462,3.7092,3.7086
2018-05-29,6.5,0.02462,3.7289,3.7283
2018-05-30,6.5,0.02462,3.737,3.7364
2018-05-31,6.5,,,
2018-06-01,6.5,0.02462,3.7413,3.7407
2018-06-02,6.5,,,
2018-06-03,6.5,,,
2018-06-04,6.5,0.02462,3.7424,3.7418
2018-06-05,6.5,0.02462,3.7752,3.7746
2018-06-06,6.5,0.02462,3.8193,3.8187
2018-06-07,6.5,0.02462,3.9,3.8994
2018-06-08,6.5,0.02462,3.7859,3.7853
2018-06-09,6.5,,,
2018-06-10,6.5,,,
2018-06-11,6.5,0.02462,3.6913,3.6907
2018-06-12,6.5,0.02462,3.7044,3.7038
2018-06-13,6.5,0.02462,3.7054,3.7048
2018-06-14,6.5,0.02462,3.7057,3.7051
2018-06-15,6.5,0.02462,3.7738,3.7732
2018-06-16,6.5,,,
2018-06-17,6.5,,,
2018-06-18,6.5,0.02462,3.7543,3.7537
2018-06-19,6.5,0.02462,3.7566,3.756
2018-06-20,6.5,0.02462,3.7335,3.7329
2018-06-21,6.5,0.02462,3.7894,3.7888
2018-06-22,6.5,0.02462,3.7663,3.7657
2018-06-23,6.5,,,
2018-06-24,6.5,,,
2018-06-25,6.5,0.02462,3.776,3.7754
2018-06-26,6.5,0.02462,3.7721,3.7715
2018-06-27,6.5,0.02462,3.8358,3.8352
2018-06-28,6.5,0.02462,3.8521,3.8515
2018-06-29,6.5,0.02462,3.8558,3.8552
2018-06-30,6.5,,,
2018-07-01,6.5,,,
2018-07-02,6.5,0.02462,3.9055,3.9049
2018-07-03,6.5,0.02462,3.892,3.8914
2018-07-04,6.5,0.02462,3.9058,3.9052
2018-07-05,6.5,0.02462,3.9192,3.9186
2018-07-06,6.5,0.02462,3.9264,3.9258
2018-07-07,6.5,,,
2018-07-08,6.5,,,
2018-07-09,6.5,0.02462,3.8692,3.868
2018-07-10,6.5,0.02462,3.8452,3.8446
2018-07-11,6.5,0.02462,3.8417,3.8411
2018-07-12,6.5,0.02462,3.8564,3.8558
2018-07-13,6.5,0.02462,3.8745,3.8739
2018-07-14,6.5,,,
2018-07-15,6.5,,,
2018-07-16,6.5,0.02462,3.8579,3.8573
2018-07-17,6.5,0.02462,3.8671,3.8665
2018-07-18,6.5,0.02462,3.8474,3.8468
2018-07-19,6.5,0.02462,3.8847,3.8841
2018-07-20,6.5,0.02462,3.7793,3.7787
2018-07-21,6.5,,,
2018-07-22,6.5,,,
2018-07-23,6.5,0.02462,3.7915,3.7909
2018-07-24,6.5,0.02462,3.7459,3.7453
2018-07-25,6.5,0.02462,3.712,3.7114
2018-07-26,6.5,0.02462,3.7243,3.7237
2018-07-27,6.5,0.02462,3.7164,3.7158
2018-07-28,6.5,,,
2018-07-29,6.5,,,
2018-07-30,6.5,0.02462,3.7155,3.7149
2018-07-31,6.5,0.02462,3.7549,3.7543
2018-08-01,6.5,0.02462,3.7491,3.7485
2018-08-02,6.5,0.02462,3.7645,3.7639
2018-08-03,6.5,0.02462,3.7201,3.7195
2018-08-04,6.5,,,
2018-08-05,6.5,,,
2018-08-06,6.5,0.02462,3.7214,3.7208
2018-08-07,6.5,0.02462,3.7118,3.7112
2018-08-08,6.5,0.02462,3.7519,3.7513
2018-08-09,6.5,0.02462,3.803,3.8024
2018-08-10,6.5,0.02462,3.8472,3.8466
2018-08-11,6.5,,,
2018-08-12,6.5,,,
2018-08-13,6.5,0.02462,3.8988,3.8982
2018-08-14,6.5,0.02462,3.8812,3.8806
2018-08-15,6.5,0.02462,3.9134,3.9128
2018-08-16,6.5,0.02462,3.881,3.8804
2018-08-17,6.5,0.02462,3.9389,3.9383
2018-08-18,6.5,,,
2018-08-19,6.5,,,
2018-08-20,6.5,0.02462,3.943,3.9424
2018-08-21,6.5,0.02462,3.9873,3.9867
2018-08-22,6.5,0.02462,4.074,4.0734
2018-08-23,6.5,0.02462,4.0727,4.0721
2018-08-24,6.5,0.02462,4.0854,4.0848
2018-08-25,6.5,,,
2018-08-26,6.5,,,
2018-08-27,6.5,0.02462,4.0687,4.0681
2018-08-28,6.5,0.02462,4.1192,4.1186
2018-08-29,6.5,0.02462,4.1353,4.1347
2018-08-30,6.5,0.02462,4.1812,4.1806
2018-08-31,6.5,0.02462,4.1353,4.1347
2018-09-01,6.5,,,
2018-09-02,6.5,,,
2018-09-03,6.5,0.02462,4.1279,4.1273
2018-09-04,6.5,0.02462,4.1652,4.1646
2018-09-05,6.5,0.02462,4.1609,4.1603
2018-09-06,6.5,0.02462,4.146,4.1454
2018-09-07,6.5,,,
2018-09-08,6.5,,,
2018-09-09,6.5,,,
2018-09-10,6.5,0.02462,4.1007,4.1001
2018-09-11,6.5,0.02462,4.1641,4.1635
2018-09-12,6.5,0.02462,4.1259,4.1253
2018-09-13,6.5,0.02462,4.1637,4.1631
2018-09-14,6.5,0.02462,4.1879,4.1873
2018-09-15,6.5,,,
2018-09-16,6.5,,,
2018-09-17,6.5,0.02462,4.1695,4.1689
2018-09-18,6.5,0.02462,4.1369,4.1363
2018-09-19,6.5,0.02462,4.1351,4.1345
2018-09-20,6.5,0.02462,4.0997,4.0991
2018-09-21,6.5,0.02462,4.0728,4.0722
2018-09-22,6.5,,,
2018-09-23,6.5,,,
2018-09-24,6.5,0.02462,4.0594,4.0588
2018-09-25,6.5,0.02462,4.1286,4.128
2018-09-26,6.5,0.02462,4.057,4.0564
2018-09-27,6.5,0.02462,4.0092,4.0086
2018-09-28,6.5,0.02462,4.0039,4.0033
2018-09-29,6.5,,,
2018-09-30,6.5,,,
2018-10-01,6.5,0.02462,4.0273,4.0267
2018-10-02,6.5,0.02462,3.9505,3.9499
2018-10-03,6.5,0.02462,3.8542,3.8536
2018-10-04,6.5,0.02462,3.9047,3.9041
2018-10-05,6.5,0.02462,3.8699,3.8693
2018-10-06,6.5,,,
2018-10-07,6.5,,,
2018-10-08,6.5,0.02462,3.7588,3.7582
2018-10-09,6.5,0.02462,3.7391,3.7385
2018-10-10,6.5,0.02462,3.751,3.7504
2018-10-11,6.5,0.02462,3.746,3.7454
2018-10-12,6.5,,,
2018-10-13,6.5,,,
2018-10-14,6.5,,,
2018-10-15,6.5,0.02462,3.7332,3.7326
2018-10-16,6.5,0.02462,3.7079,3.7073
2018-10-17,6.5,0.02462,3.7008,3.7002
2018-10-18,6.5,0.02462,3.6963,3.6957
2018-10-19,6.5,0.02462,3.7079,3.7073
2018-10-20,6.5,,,
2018-10-21,6.5,,,
2018-10-22,6.5,0.02462,3.6903,3.6897
2018-10-23,6.5,0.02462,3.708,3.7074
2018-10-24,6.5,0.02462,3.706,3.7054
2018-10-25,6.5,0.02462,3.7014,3.7008
2018-10-26,6.5,0.02462,3.6753,3.6746
2018-10-27,6.5,,,
2018-10-28,6.5,,,
2018-10-29,6.5,0.02462,3.6368,3.6362
2018-10-30,6.5,0.02462,3.7019,3.7013
2018-10-31,6.5,0.02462,3.7177,3.7171
2018-11-01,6.5,0.02462,3.6973,3.6968
2018-11-02,6.5,,,
2018-11-03,6.5,,,
2018-11-04,6.5,,,
2018-11-05,6.5,0.02462,3.7048,3.7042
2018-11-06,6.5,0.02462,3.7492,3.7486
2018-11-07,6.5,0.02462,3.7592,3.7586
2018-11-08,6.5,0.02462,3.7391,3.7385
2018-11-09,6.5,0.02462,3.7506,3.75
2018-11-10,6.5,,,
2018-11-11,6.5,,,
2018-11-12,6.5,0.02462,3.7478,3.7472
2018-11-13,6.5,0.02462,3.7792,3.7786
2018-11-14,6.5,0.02462,3.7924,3.7918
2018-11-15,6.5,,,
2018-11-16,6.5,0.02462,3.7525,3.7519
2018-11-17,6.5,,,
2018-11-18,6.5,,,
2018-11-19,6.5,0.02462,3.7553,3.7547
2018-11-20,6.5,0.02462,3.7591,3.7574
2018-11-21,6.5,0.02462,3.7872,3.7866
2018-11-22,6.5,0.02462,3.8103,3.8097
2018-11-23,6.5,0.02462,3.8081,3.8075
2018-11-24,6.5,,,
2018-11-25,6.5,,,
2018-11-26,6.5,0.02462,3.8655,3.8649
2018-11-27,6.5,0.02462,3.8925,3.8919
2018-11-28,6.5,0.02462,3.8631,3.8625
2018-11-29,6.5,0.02462,3.8568,3.8562
2018-11-30,6.5,0.02462,3.8633,3.8627
2018-12-01,6.5,,,
2018-12-02,6.5,,,
2018-12-03,6.5,0.02462,3.8285,3.8279
2018-12-04,6.5,0.02462,3.8313,3.8307
2018-12-05,6.5,0.02462,3.8561,3.8555
2018-12-06,6.5,0.02462,3.9178,3.9172
2018-12-07,6.5,0.02462,3.8964,3.8958
2018-12-08,6.5,,,
2018-12-09,6.5,,,
2018-12-10,6.5,0.02462,3.911,3.9104
2018-12-11,6.5,0.02462,3.9013,3.9007
2018-12-12,6.5,0.02462,3.8629,3.8623
2018-12-13,6.5,0.02462,3.879,3.8784
2018-12-14,6.5,0.02462,3.909,3.9084
2018-12-15,6.5,,,
2018-12-16,6.5,,,
2018-12-17,6.5,0.02462,3.9121,3.9115
2018-12-18,6.5,0.02462,3.8997,3.8991
2018-12-19,6.5,0.02462,3.8907,3.8901
2018-12-20,6.5,0.02462,3.8443,3.8437
2018-12-21,6.5,0.02462,3.8671,3.8665
2018-12-22,6.5,,,
2018-12-23,6.5,,,
2018-12-24,6.5,0.02462,3.8855,3.8839
2018-12-25,6.5,,,
2018-12-26,6.5,0.02462,3.9258,3.9252
2018-12-27,6.5,0.02462,3.933,3.9324
2018-12-28,6.5,0.02462,3.8748,3.8742
2018-12-29,6.5,,,
2018-12-30,6.5,,,
2018-12-31,6.5,0.02462,3.8748,3.8742
2019-01-01,6.5,,,
2019-01-02,6.5,0.02462,3.8595,3.8589
2019-01-03,6.5,0.02462,3.7683,3.7677
2019-01-04,6.5,0.02462,3.7627,3.7621
2019-01-05,6.5,,,
2019-01-06,6.5,,,
2019-01-07,6.5,0.02462,3.7062,3.7056
2019-01-08,6.5,0.02462,3.7208,3.7202
2019-01-09,6.5,0.02462,3.6931,3.6925
2019-01-10,6.5,0.02462,3.6869,3.6863
2019-01-11,6.5,0.02462,3.7141,3.7135
2019-01-12,6.5,,,
2019-01-13,6.5,,,
2019-01-14,6.5,0.02462,3.726,3.7255
2019-01-15,6.5,0.02462,3.7049,3.7043
2019-01-16,6.5,0.02462,3.7197,3.7191
2019-01-17,6.5,0.02462,3.7591,3.7585
2019-01-18,6.5,0.02462,3.7486,3.748
2019-01-19,6.5,,,
2019-01-20,6.5,,,
2019-01-21,6.5,0.02462,3.7705,3.7699
2019-01-22,6.5,0.02462,3.7615,3.7609
2019-01-23,6.5,0.02462,3.7994,3.7988
2019-01-24,6.5,0.02462,3.7815,3.7809
2019-01-25,6.5,0.02462,3.7626,3.7613
2019-01-26,6.5,,,
2019-01-27,6.5,,,
2019-01-28,6.5,0.02462,3.7676,3.767
2019-01-29,6.5,0.02462,3.737,3.7364
2019-01-30,6.5,0.02462,3.7151,3.7145
2019-01-31,6.5,0.02462,3.6519,3.6513
2019-02-01,6.5,0.02462,3.6694,3.6688
2019-02-02,6.5,,,
2019-02-03,6.5,,,
2019-02-04,6.5,0.02462,3.6756,3.675
2019-02-05,6.5,0.02462,3.6741,3.6735
2019-02-06,6.5,0.02462,3.7019,3.7013
2019-02-07,6.5,0.02462,3.7193,3.7187
2019-02-08,6.5,0.02462,3.7184,3.7178
2019-02-09,6.5,,,
2019-02-10,6.5,,,
2019-02-11,6.5,0.02462,3.7391,3.7385
2019-02-12,6.5,0.02462,3.7296,3.729
2019-02-13,6.5,0.02462,3.7277,3.7271
2019-02-14,6.5,0.02462,3.7756,3.775
2019-02-15,6.5,0.02462,3.7155,3.7149
2019-02-16,6.5,,,
2019-02-17,6.5,,,
2019-02-18,6.5,0.02462,3.7316,3.731
2019-02-19,6.5,0.02462,3.7206,3.72
2019-02-20,6.5,0.02462,3.71,3.7094
2019-02-21,6.5,0.02462,3.7595,3.7589
2019-02-22,6.5,0.02462,3.743,3.7424
2019-02-23,6.5,,,
2019-02-24,6.5,,,
2019-02-25,6.5,0.02462,3.7285,3.7279
2019-02-26,6.5,0.02462,3.7595,3.7589
2019-02-27,6.5,0.02462,3.7351,3.7345
2019-02-28,6.5,0.02462,3.7385,3.7379
2019-03-01,6.5,0.02462,3.7832,3.7826
2019-03-02,6.5,,,
2019-03-03,6.5,,,
2019-03-04,6.5,,,
2019-03-05,6.5,,,
2019-03-06,6.5,0.02462,3.8303,3.8297
2019-03-07,6.5,0.02462,3.8487,3.8481
2019-03-08,6.5,0.02462,3.8678,3.8672
2019-03-09,6.5,,,
2019-03-10,6.5,,,
2019-03-11,6.5,0.02462,3.8461,3.8455
2019-03-12,6.5,0.02462,3.8129,3.8123
2019-03-13,6.5,0.02462,3.8265,3.8259
2019-03-14,6.5,0.02462,3.8327,3.8321
2019-03-15,6.5,0.02462,3.8344,3.8338
2019-03-16,6.5,,,
2019-03-17,6.5,,,
2019-03-18,6.5,0.02462,3.8111,3.8105
2019-03-19,6.5,0.02462,3.7762,3.7756
2019-03-20,6.5,0.02462,3.7897,3.7891
2019-03-21,6.5,0.02462,3.7967,3.7961
2019-03-22,6.5,0.02462,3.8815,3.8809
2019-03-23,6.5,,,
2019-03-24,6.5,,,
2019-03-25,6.5,0.02462,3.877,3.8764
2019-03-26,6.5,0.02462,3.8646,3.864
2019-03-27,6.5,0.02462,3.9389,3.9383
2019-03-28,6.5,0.02462,3.9682,3.9676
2019-03-29,6.5,0.02462,3.8967,3.8961
2019-03-30,6.5,,,
2019-03-31,6.5,,,
2019-04-01,6.5,0.02462,3.8682,3.8676
2019-04-02,6.5,0.02462,3.8661,3.8655
2019-04-03,6.5,0.02462,3.8436,3.843
2019-04-04,6.5,0.02462,3.8713,3.8707
2019-04-05,6.5,0.02462,3.8622,3.8616
2019-04-06,6.5,,,
2019-04-07,6.5,,,
2019-04-08,6.5,0.02462,3.8658,3.8652
2019-04-09,6.5,0.02462,3.8563,3.8557
2019-04-10,6.5,0.02462,3.8345,3.8339
2019-04-11,6.5,0.02462,3.8399,3.8393
2019-04-12,6.5,0.02462,3.8685,3.8679
2019-04-13,6.5,,,
2019-04-14,6.5,,,
2019-04-15,6.5,0.02462,3.873,3.8724
2019-04-16,6.5,0.02462,3.8913,3.8907
2019-04-17,6.5,0.02462,3.9225,3.9219
2019-04-18,6.5,0.02462,3.937,3.9364
2019-04-19,6.5,,,
2019-04-20,6.5,,,
2019-04-21,6.5,,,
2019-04-22,6.5,0.02462,3.923,3.9224
2019-04-23,6.5,0.02462,3.9436,3.943
2019-04-24,6.5,0.02462,3.963,3.9624
2019-04-25,6.5,0.02462,3.9725,3.9719
2019-04-26,6.5,0.02462,3.9353,3.9347
2019-04-27,6.5,,,
2019-04-28,6.5,,,
2019-04-29,6.5,0.02462,3.9364,3.9358
2019-04-30,6.5,0.02462,3.9453,3.9447
2019-05-01,6.5,,,
2019-05-02,6.5,0.02462,3.965,3.9644
2019-05-03,6.5,0.02462,3.9388,3.9382
2019-05-04,6.5,,,
2019-05-05,6.5,,,
2019-05-06,6.5,0.02462,3.9624,3.9618
2019-05-07,6.5,0.02462,3.988,3.9874
2019-05-08,6.5,0.02462,3.9344,3.9338
2019-05-09,6.5,0.02462,3.9673,3.9667
2019-05-10,6.5,0.02462,3.9578,3.9572
2019-05-11,6.5,,,
2019-05-12,6.5,,,
2019-05-13,6.5,0.02462,3.989,3.9884
2019-05-14,6.5,0.02462,3.9788,3.9782
2019-05-15,6.5,0.02462,4.0031,4.0025
2019-05-16,6.5,0.02462,4.0138,4.0132
2019-05-17,6.5,0.02462,4.0844,4.0838
2019-05-18,6.5,,,
2019-05-19,6.5,,,
2019-05-20,6.5,0.02462,4.1056,4.105
2019-05-21,6.5,0.02462,4.081,4.0804
2019-05-22,6.5,0.02462,4.0228,4.0222
2019-05-23,6.5,0.02462,4.0513,4.0507
2019-05-24,6.5,0.02462,4.0322,4.0316
2019-05-25,6.5,,,
2019-05-26,6.5,,,
2019-05-27,6.5,0.02462,4.021,4.0204
2019-05-28,6.5,0.02462,4.0275,4.0269
2019-05-29,6.5,0.02462,3.9965,3.9959
2019-05-30,6.5,0.02462,3.972,3.9714
2019-05-31,6.5,0.02462,3.9407,3.9401
2019-06-01,6.5,,,
2019-06-02,6.5,,,
2019-06-03,6.5,0.02462,3.9003,3.8997
2019-06-04,6.5,0.02462,3.871,3.8704
2019-06-05,6.5,0.02462,3.8611,3.8605
2019-06-06,6.5,0.02462,3.8726,3.872
2019-06-07,6.5,0.02462,3.8571,3.8565
2019-06-08,6.5,,,
2019-06-09,6.5,,,
2019-06-10,6.5,0.02462,3.879,3.8784
2019-06-11,6.5,0.02462,3.8664,3.8658
2019-06-12,6.5,0.02462,3.8437,3.8431
2019-06-13,6.5,0.02462,3.8429,3.8423
2019-06-14,6.5,0.02462,3.8813,3.8807
2019-06-15,6.5,,,
2019-06-16,6.5,,,
2019-06-17,6.5,0.02462,3.8895,3.8889
2019-06-18,6.5,0.02462,3.8608,3.8602
2019-06-19,6.5,0.02462,3.8723,3.8717
2019-06-20,6.5,,,
2019-06-21,6.5,0.02462,3.8255,3.8249
2019-06-22,6.5,,,
2019-06-23,6.5,,,
2019-06-24,6.5,0.02462,3.8234,3.8228
2019-06-25,6.5,0.02462,3.8303,3.8297
2019-06-26,6.5,0.02462,3.8441,3.8435
2019-06-27,6.5,0.02462,3.8642,3.8636
2019-06-28,6.5,0.02462,3.8322,3.8316
2019-06-29,6.5,,,
2019-06-30,6.5,,,
2019-07-01,6.5,0.02462,3.8193,3.8187
2019-07-02,6.5,0.02462,3.8564,3.8558
2019-07-03,6.5,0.02462,3.8475,3.8469
2019-07-04,6.5,0.02462,3.794,3.7934
2019-07-05,6.5,0.02462,3.8204,3.8198
2019-07-06,6.5,,,
2019-07-07,6.5,,,
2019-07-08,6.5,0.02462,3.8065,3.8059
2019-07-09,6.5,0.02462,3.7858,3.7846
2019-07-10,6.5,0.02462,3.7697,3.7691
2019-07-11,6.5,0.02462,3.7533,3.7527
2019-07-12,6.5,0.02462,3.7452,3.7446
2019-07-13,6.5,,,
2019-07-14,6.5,,,
2019-07-15,6.5,0.02462,3.7463,3.7457
2019-07-16,6.5,0.02462,3.7624,3.7618
2019-07-17,6.5,0.02462,3.7618,3.7612
2019-07-18,6.5,0.02462,3.7489,3.7483
2019-07-19,6.5,0.02462,3.7408,3.7402
2019-07-20,6.5,,,
2019-07-21,6.5,,,
2019-07-22,6.5,0.02462,3.74,3.7394
2019-07-23,6.5,0.02462,3.7621,3.7615
2019-07-24,6.5,0.02462,3.7596,3.759
2019-07-25,6.5,0.02462,3.7849,3.7843
2019-07-26,6.5,0.02462,3.7741,3.7735
2019-07-27,6.5,,,
2019-07-28,6.5,,,
2019-07-29,6.5,0.02462,3.7909,3.7903
2019-07-30,6.5,0.02462,3.79,3.7894
2019-07-31,6.5,0.02462,3.7649,3.7643
2019-08-01,6.0,0.022751,3.8296,3.829
2019-08-02,6.0,0.022751,3.8739,3.8733
2019-08-03,6.0,,,
2019-08-04,6.0,,,
2019-08-05,6.0,0.022751,3.9404,3.9398
2019-08-06,6.0,0.022751,3.9643,3.9637
2019-08-07,6.0,0.022751,3.985,3.9844
2019-08-08,6.0,0.022751,3.9409,3.9403
2019-08-09,6.0,0.022751,3.9362,3.9356
2019-08-10,6.0,,,
2019-08-11,6.0,,,
2019-08-12,6.0,0.022751,3.9966,3.996
2019-08-13,6.0,0.022751,3.9736,3.973
2019-08-14,6.0,0.022751,4.0074,4.0068
2019-08-15,6.0,0.022751,4.0188,4.0182
2019-08-16,6.0,0.022751,3.9933,3.9927
2019-08-17,6.0,,,
2019-08-18,6.0,,,
2019-08-19,6.0,0.022751,4.0274,4.0268
2019-08-20,6.0,0.022751,4.0425,4.0419
2019-08-21,6.0,0.022751,4.0254,4.0248
2019-08-22,6.0,0.022751,4.0444,4.0438
2019-08-23,6.0,0.022751,4.0851,4.0845
2019-08-24,6.0,,,
2019-08-25,6.0,,,
2019-08-26,6.0,0.022751,4.1367,4.1361
2019-08-27,6.0,0.022751,4.1557,4.1551
2019-08-28,6.0,0.022751,4.1559,4.1553
2019-08-29,6.0,0.022751,4.168,4.1674
2019-08-30,6.0,0.022751,4.1385,4.1379
2019-08-31,6.0,,,
2019-09-01,6.0,,,
2019-09-02,6.0,0.022751,4.1581,4.1575
2019-09-03,6.0,0.022751,4.1657,4.1651
2019-09-04,6.0,0.022751,4.1249,4.1243
2019-09-05,6.0,0.022751,4.0859,4.0853
2019-09-06,6.0,0.022751,4.065,4.0644
2019-09-07,6.0,,,
2019-09-08,6.0,,,
2019-09-09,6.0,0.022751,4.0766,4.076
2019-09-10,6.0,0.022751,4.1108,4.1102
2019-09-11,6.0,0.022751,4.0631,4.0625
2019-09-12,6.0,0.022751,4.0494,4.0488
2019-09-13,6.0,0.022751,4.0616,4.061
2019-09-14,6.0,,,
2019-09-15,6.0,,,
2019-09-16,6.0,0.022751,4.0872,4.0866
2019-09-17,6.0,0.022751,4.0998,4.0992
2019-09-18,6.0,0.022751,4.0972,4.0966
2019-09-19,5.5,0.020872,4.1393,4.1387
2019-09-20,5.5,0.020872,4.1687,4.1681
2019-09-21,5.5,,,
2019-09-22,5.5,,,
2019-09-23,5.5,0.020872,4.1734,4.1728
2019-09-24,5.5,0.020872,4.1721,4.1715
2019-09-25,5.5,0.020872,4.1827,4.1821
2019-09-26,5.5,0.020872,4.1469,4.1463
2019-09-27,5.5,0.020872,4.1587,4.1581
2019-09-28,5.5,,,
2019-09-29,5.5,,,
2019-09-30,5.5,0.020872,4.1644,4.1638
2019-10-01,5.5,0.020872,4.174,4.1734
2019-10-02,5.5,0.020872,4.1546,4.154
2019-10-03,5.5,0.020872,4.1012,4.1006
2019-10-04,5.5,0.020872,4.061,4.0604
2019-10-05,5.5,,,
2019-10-06,5.5,,,
2019-10-07,5.5,0.020872,4.0688,4.0682
2019-10-08,5.5,0.020872,4.0868,4.0862
2019-10-09,5.5,0.020872,4.0954,4.0948
2019-10-10,5.5,0.020872,4.1145,4.1139
2019-10-11,5.5,0.020872,4.106,4.1054
2019-10-12,5.5,,,
2019-10-13,5.5,,,
2019-10-14,5.5,0.020872,4.1263,4.1257
2019-10-15,5.5,0.020872,4.1488,4.1482
2019-10-16,5.5,0.020872,4.1714,4.1708
2019-10-17,5.5,0.020872,4.1457,4.1452
2019-10-18,5.5,0.020872,4.1376,4.137
2019-10-19,5.5,,,
2019-10-20,5.5,,,
2019-10-21,5.5,0.020872,4.1319,4.1313
2019-10-22,5.5,0.020872,4.0858,4.0852
2019-10-23,5.5,0.020872,4.0721,4.0715
2019-10-24,5.5,0.020872,4.0089,4.0083
2019-10-25,5.5,0.020872,4.0133,4.0127
2019-10-26,5.5,,,
2019-10-27,5.5,,,
2019-10-28,5.5,0.020872,3.9793,3.9786
2019-10-29,5.5,0.020872,3.9946,3.994
2019-10-30,5.5,0.020872,4.0186,4.018
2019-10-31,5.0,0.018985,4.0041,4.0035
2019-11-01,5.0,0.018985,3.9786,3.978
2019-11-02,5.0,,,
2019-11-03,5.0,,,
2019-11-04,5.0,0.018985,3.9922,3.9916
2019-11-05,5.0,0.018985,4.0043,4.0037
2019-11-06,5.0,0.018985,4.0351,4.0345
2019-11-07,5.0,0.018985,4.0927,4.0921
2019-11-08,5.0,0.018985,4.1365,4.1359
2019-11-09,5.0,,,
2019-11-10,5.0,,,
2019-11-11,5.0,0.018985,4.1559,4.1553
2019-11-12,5.0,0.018985,4.1756,4.175
2019-11-13,5.0,0.018985,4.1767,4.1761
2019-11-14,5.0,0.018985,4.1831,4.1825
2019-11-15,5.0,,,
2019-11-16,5.0,,,
2019-11-17,5.0,,,
2019-11-18,5.0,0.018985,4.1827,4.1821
2019-11-19,5.0,0.018985,4.2084,4.2078
2019-11-20,5.0,0.018985,4.2037,4.2027
2019-11-21,5.0,0.018985,4.2012,4.2006
2019-11-22,5.0,0.018985,4.1832,4.1826
2019-11-23,5.0,,,
2019-11-24,5.0,,,
2019-11-25,5.0,0.018985,4.2089,4.2083
2019-11-26,5.0,0.018985,4.2559,4.2553
2019-11-27,5.0,0.018985,4.2602,4.2596
2019-11-28,5.0,0.018985,4.248,4.2474
2019-11-29,5.0,0.018985,4.224,4.2234
2019-11-30,5.0,,,
2019-12-01,5.0,,,
2019-12-02,5.0,0.018985,4.2261,4.2255
2019-12-03,5.0,0.018985,4.2008,4.2002
2019-12-04,5.0,0.018985,4.1926,4.192
2019-12-05,5.0,0.018985,4.2136,4.213
2019-12-06,5.0,0.018985,4.1783,4.1777
2019-12-07,5.0,,,
2019-12-08,5.0,,,
2019-12-09,5.0,0.018985,4.1503,4.1497
2019-12-10,5.0,0.018985,4.1427,4.1421
2019-12-11,5.0,0.018985,4.1153,4.1147
2019-12-12,4.5,0.017089,4.1092,4.1086
2019-12-13,4.5,0.017089,4.0949,4.0943
2019-12-14,4.5,,,
2019-12-15,4.5,,,
2019-12-16,4.5,0.017089,4.0801,4.0795
2019-12-17,4.5,0.017089,4.0687,4.0681
2019-12-18,4.5,0.017089,4.0548,4.0542
2019-12-19,4.5,0.017089,4.0633,4.0627
2019-12-20,4.5,0.017089,4.0777,4.0771
2019-12-21,4.5,,,
2019-12-22,4.5,,,
2019-12-23,4.5,0.017089,4.0757,4.0751
2019-12-24,4.5,0.017089,4.0813,4.0793
2019-12-25,4.5,,,
2019-12-26,4.5,0.017089,4.0601,4.0595
2019-12-27,4.5,0.017089,4.0545,4.0539
2019-12-28,4.5,,,
2019-12-29,4.5,,,
2019-12-30,4.5,0.017089,4.0307,4.0301
2019-12-31,4.5,0.017089,4.0307,4.0301
2020-01-01,4.5,,,
2020-01-02,4.5,0.017089,4.0213,4.0207
2020-01-03,4.5,0.017089,4.0522,4.0516
2020-01-04,4.5,,,
2020-01-05,4.5,,,
2020-01-06,4.5,0.017089,4.0554,4.0548
2020-01-07,4.5,0.017089,4.0841,4.0835
2020-01-08,4.5,0.017089,4.0672,4.0666
2020-01-09,4.5,0.017089,4.0744,4.0738
2020-01-10,4.5,0.017089,4.0745,4.0739
2020-01-11,4.5,,,
2020-01-12,4.5,,,
2020-01-13,4.5,0.017089,4.1309,4.1303
2020-01-14,4.5,0.017089,4.1443,4.1437
2020-01-15,4.5,0.017089,4.1622,4.1616
2020-01-16,4.5,0.017089,4.1726,4.172
2020-01-17,4.5,0.017089,4.1837,4.1831
2020-01-18,4.5,,,
2020-01-19,4.5,,,
2020-01-20,4.5,0.017089,4.1829,4.1823
2020-01-21,4.5,0.017089,4.2014,4.2008
2020-01-22,4.5,0.017089,4.1889,4.1883
2020-01-23,4.5,0.017089,4.1662,4.1656
2020-01-24,4.5,0.017089,4.1769,4.1763
2020-01-25,4.5,,,
2020-01-26,4.5,,,
2020-01-27,4.5,0.017089,4.2196,4.219
2020-01-28,4.5,0.017089,4.2064,4.2058
2020-01-29,4.5,0.017089,4.2013,4.2007
2020-01-30,4.5,0.017089,4.2523,4.2517
2020-01-31,4.5,0.017089,4.2695,4.2689
2020-02-01,4.5,,,
2020-02-02,4.5,,,
2020-02-03,4.5,0.017089,4.2475,4.2469
2020-02-04,4.5,0.017089,4.2381,4.2375
2020-02-05,4.5,0.017089,4.2449,4.2443
2020-02-06,4.25,0.016137,4.2477,4.2471
2020-02-07,4.25,0.016137,4.3076,4.307
2020-02-08,4.25,,,
2020-02-09,4.25,,,
2020-02-10,4.25,0.016137,4.3195,4.3189
2020-02-11,4.25,0.016137,4.3148,4.3142
2020-02-12,4.25,0.016137,4.3366,4.336
2020-02-13,4.25,0.016137,4.3389,4.3383
2020-02-14,4.25,0.016137,4.3163,4.3157
2020-02-15,4.25,,,
2020-02-16,4.25,,,
2020-02-17,4.25,0.016137,4.3157,4.3151
2020-02-18,4.25,0.016137,4.3471,4.3465
2020-02-19,4.25,0.016137,4.3728,4.3722
2020-02-20,4.25,0.016137,4.3873,4.3867
2020-02-21,4.25,0.016137,4.3924,4.3918
2020-02-22,4.25,,,
2020-02-23,4.25,,,
2020-02-24,4.25,,,
2020-02-25,4.25,,,
2020-02-26,4.25,0.016137,4.4359,4.4353
2020-02-27,4.25,0.016137,4.4764,4.4758
2020-02-28,4.25,0.016137,4.4987,4.4981
2020-02-29,4.25,,,
2020-03-01,4.25,,,
2020-03-02,4.25,0.016137,4.4946,4.494
2020-03-03,4.25,0.016137,4.4883,4.4877
2020-03-04,4.25,0.016137,4.5258,4.5252
2020-03-05,4.25,0.016137,4.6207,4.6201
2020-03-06,4.25,0.016137,4.6459,4.6453
2020-03-07,4.25,,,
2020-03-08,4.25,,,
2020-03-09,4.25,0.016137,4.7379,4.7373
2020-03-10,4.25,0.016137,4.6693,4.6687
2020-03-11,4.25,0.016137,4.6738,4.6732
2020-03-12,4.25,0.016137,4.8833,4.8825
2020-03-13,4.25,0.016137,4.7362,4.7355
2020-03-14,4.25,,,
2020-03-15,4.25,,,
2020-03-16,4.25,0.016137,4.9471,4.9464
2020-03-17,4.25,0.016137,5.0496,5.0489
2020-03-18,4.25,0.016137,5.1107,5.1101
2020-03-19,3.75,0.014227,5.1444,5.1437
2020-03-20,3.75,0.014227,5.0248,5.0241
2020-03-21,3.75,,,
2020-03-22,3.75,,,
2020-03-23,3.75,0.014227,5.0805,5.0798
2020-03-24,3.75,0.014227,5.0713,5.0707
2020-03-25,3.75,0.014227,5.0706,5.07
2020-03-26,3.75,0.014227,5.001,5.0004
2020-03-27,3.75,0.014227,5.1109,5.1103
2020-03-28,3.75,,,
2020-03-29,3.75,,,
2020-03-30,3.75,0.014227,5.1594,5.1588
2020-03-31,3.75,0.014227,5.1987,5.1981
2020-04-01,3.75,0.014227,5.2404,5.2399
2020-04-02,3.75,0.014227,5.2651,5.2645
2020-04-03,3.75,0.014227,5.2997,5.2991
2020-04-04,3.75,,,
2020-04-05,3.75,,,
2020-04-06,3.75,0.014227,5.2471,5.2465
2020-04-07,3.75,0.014227,5.2217,5.2211
2020-04-08,3.75,0.014227,5.2123,5.2117
2020-04-09,3.75,0.014227,5.0779,5.0773
2020-04-10,3.75,,,
2020-04-11,3.75,,,
2020-04-12,3.75,,,
2020-04-13,3.75,0.014227,5.1824,5.1818
2020-04-14,3.75,0.014227,5.1858,5.1852
2020-04-15,3.75,0.014227,5.2579,5.2573
2020-04-16,3.75,0.014227,5.2377,5.2371
2020-04-17,3.75,0.014227,5.2573,5.2567
2020-04-18,3.75,,,
2020-04-19,3.75,,,
2020-04-20,3.75,0.014227,5.2837,5.2831
2020-04-21,3.75,,,
2020-04-22,3.75,0.014227,5.3847,5.3841
2020-04-23,3.75,0.014227,5.4467,5.4461
2020-04-24,3.75,0.014227,5.651,5.6504
2020-04-25,3.75,,,
2020-04-26,3.75,,,
2020-04-27,3.75,0.014227,5.6358,5.6352
2020-04-28,3.75,0.014227,5.5683,5.5677
2020-04-29,3.75,0.014227,5.4291,5.4285
2020-04-30,3.75,0.014227,5.427,5.4264
2020-05-01,3.75,,,
2020-05-02,3.75,,,
2020-05-03,3.75,,,
2020-05-04,3.75,0.014227,5.5816,5.5811
2020-05-05,3.75,0.014227,5.5354,5.5348
2020-05-06,3.75,0.014227,5.6676,5.667
2020-05-07,3.0,0.011345,5.8365,5.8359
2020-05-08,3.0,0.011345,5.7653,5.7647
2020-05-09,3.0,,,
2020-05-10,3.0,,,
2020-05-11,3.0,0.011345,5.7954,5.7948
2020-05-12,3.0,0.011345,5.7723,5.7717
2020-05-13,3.0,0.011345,5.9022,5.9016
2020-05-14,3.0,0.011345,5.9372,5.9366
2020-05-15,3.0,0.011345,5.8229,5.8223
2020-05-16,3.0,,,
2020-05-17,3.0,,,
2020-05-18,3.0,0.011345,5.7375,5.7369
2020-05-19,3.0,0.011345,5.7216,5.721
2020-05-20,3.0,0.011345,5.6968,5.6962
2020-05-21,3.0,0.011345,5.6019,5.6013
2020-05-22,3.0,0.011345,5.5808,5.5802
2020-05-23,3.0,,,
2020-05-24,3.0,,,
2020-05-25,3.0,0.011345,5.4772,5.4766
2020-05-26,3.0,0.011345,5.3707,5.3701
2020-05-27,3.0,0.011345,5.2992,5.2986
2020-05-28,3.0,0.011345,5.3405,5.3399
2020-05-29,3.0,0.011345,5.4263,5.4257
2020-05-30,3.0,,,
2020-05-31,3.0,,,
2020-06-01,3.0,0.011345,5.3639,5.3633
2020-06-02,3.0,0.011345,5.2601,5.2595
2020-06-03,3.0,0.011345,5.0516,5.051
2020-06-04,3.0,0.011345,5.1041,5.1035
2020-06-05,3.0,0.011345,4.9775,4.9769
2020-06-06,3.0,,,
2020-06-07,3.0,,,
2020-06-08,3.0,0.011345,4.9331,4.9325
2020-06-09,3.0,0.011345,4.9057,4.9051
2020-06-10,3.0,0.011345,4.8894,4.8888
2020-06-11,3.0,,,
2020-06-12,3.0,0.011345,5.0373,5.0367
2020-06-13,3.0,,,
2020-06-14,3.0,,,
2020-06-15,3.0,0.011345,5.1883,5.1877
2020-06-16,3.0,0.011345,5.1285,5.1279
2020-06-17,3.0,0.011345,5.2499,5.2492
2020-06-18,2.25,0.008442,5.3468,5.3462
2020-06-19,2.25,0.008442,5.3466,5.346
2020-06-20,2.25,,,
2020-06-21,2.25,,,
2020-06-22,2.25,0.008442,5.2226,5.222
2020-06-23,2.25,0.008442,5.1705,5.1699
2020-06-24,2.25,0.008442,5.2435,5.2429
2020-06-25,2.25,0.008442,5.3287,5.3281
2020-06-26,2.25,0.008442,5.4629,5.4623
2020-06-27,2.25,,,
2020-06-28,2.25,,,
2020-06-29,2.25,0.008442,5.4416,5.441
2020-06-30,2.25,0.008442,5.476,5.4754
2020-07-01,2.25,0.008442,5.3651,5.3646
2020-07-02,2.25,0.008442,5.3028,5.3022
2020-07-03,2.25,0.008442,5.3374,5.3368
2020-07-04,2.25,,,
2020-07-05,2.25,,,
2020-07-06,2.25,0.008442,5.3085,5.3079
2020-07-07,2.25,0.008442,5.3318,5.3312
2020-07-08,2.25,0.008442,5.3482,5.3476
2020-07-09,2.25,0.008442,5.2978,5.2972
2020-07-10,2.25,0.008442,5.344,5.3434
2020-07-11,2.25,,,
2020-07-12,2.25,,,
2020-07-13,2.25,0.008442,5.3486,5.348
2020-07-14,2.25,0.008442,5.4288,5.4282
2020-07-15,2.25,0.008442,5.3491,5.3485
2020-07-16,2.25,0.008442,5.356,5.3554
2020-07-17,2.25,0.008442,5.351,5.3504
2020-07-18,2.25,,,
2020-07-19,2.25,,,
2020-07-20,2.25,0.008442,5.3635,5.3629
2020-07-21,2.25,0.008442,5.2283,5.2277
2020-07-22,2.25,0.008442,5.1111,5.1105
2020-07-23,2.25,0.008442,5.1647,5.1641
2020-07-24,2.25,0.008442,5.2146,5.214
2020-07-25,2.25,,,
2020-07-26,2.25,,,
2020-07-27,2.25,0.008442,5.1889,5.1883
2020-07-28,2.25,0.008442,5.1777,5.1771
2020-07-29,2.25,0.008442,5.1395,5.1389
2020-07-30,2.25,0.008442,5.1837,5.1831
2020-07-31,2.25,0.008442,5.2033,5.2027
2020-08-01,2.25,,,
2020-08-02,2.25,,,
2020-08-03,2.25,0.008442,5.3075,5.3069
2020-08-04,2.25,0.008442,5.3329,5.3323
2020-08-05,2.25,0.008442,5.276,5.2754
2020-08-06,2.0,0.007469,5.3431,5.3425
2020-08-07,2.0,0.007469,5.4227,5.4221
2020-08-08,2.0,,,
2020-08-09,2.0,,,
2020-08-10,2.0,0.007469,5.3933,5.3927
2020-08-11,2.0,0.007469,5.4285,5.4279
2020-08-12,2.0,0.007469,5.4551,5.4545
2020-08-13,2.0,0.007469,5.3801,5.3795
2020-08-14,2.0,0.007469,5.3852,5.3846
2020-08-15,2.0,,,
2020-08-16,2.0,,,
2020-08-17,2.0,0.007469,5.4497,5.4491
2020-08-18,2.0,0.007469,5.4659,5.4653
2020-08-19,2.0,0.007469,5.4906,5.49
2020-08-20,2.0,0.007469,5.651,5.6504
2020-08-21,2.0,0.007469,5.6064,5.6058
2020-08-22,2.0,,,
2020-08-23,2.0,,,
2020-08-24,2.0,0.007469,5.5954,5.5948
2020-08-25,2.0,0.007469,5.5997,5.5991
2020-08-26,2.0,0.007469,5.568,5.5674
2020-08-27,2.0,0.007469,5.5956,5.595
2020-08-28,2.0,0.007469,5.4679,5.4673
2020-08-29,2.0,,,
2020-08-30,2.0,,,
2020-08-31,2.0,0.007469,5.4713,5.4707
2020-09-01,2.0,0.007469,5.3732,5.3726
2020-09-02,2.0,0.007469,5.3741,5.3735
2020-09-03,2.0,0.007469,5.3079,5.3073
2020-09-04,2.0,0.007469,5.2848,5.2842
2020-09-05,2.0,,,
2020-09-06,2.0,,,
2020-09-07,2.0,,,
2020-09-08,2.0,0.007469,5.3698,5.3692
2020-09-09,2.0,0.007469,5.3024,5.3018
2020-09-10,2.0,0.007469,5.2936,5.293
2020-09-11,2.0,0.007469,5.2854,5.2848
2020-09-12,2.0,,,
2020-09-13,2.0,,,
2020-09-14,2.0,0.007469,5.2984,5.2978
2020-09-15,2.0,0.007469,5.2728,5.2722
2020-09-16,2.0,0.007469,5.2532,5.2526
2020-09-17,2.0,0.007469,5.2593,5.2587
2020-09-18,2.0,0.007469,5.2889,5.2883
2020-09-19,2.0,,,
2020-09-20,2.0,,,
2020-09-21,2.0,0.007469,5.444,5.4434
2020-09-22,2.0,0.007469,5.4329,5.4323
2020-09-23,2.0,0.007469,5.5311,5.5305
2020-09-24,2.0,0.007469,5.5714,5.5708
2020-09-25,2.0,0.007469,5.5667,5.5661
2020-09-26,2.0,,,
2020-09-27,2.0,,,
2020-09-28,2.0,0.007469,5.5858,5.5852
2020-09-29,2.0,0.007469,5.6528,5.6521
2020-09-30,2.0,0.007469,5.6407,5.6401
2020-10-01,2.0,0.007469,5.6441,5.6435
2020-10-02,2.0,0.007469,5.6464,5.6458
2020-10-03,2.0,,,
2020-10-04,2.0,,,
2020-10-05,2.0,0.007469,5.6299,5.6293
2020-10-06,2.0,0.007469,5.5205,5.5199
2020-10-07,2.0,0.007469,5.6018,5.6012
2020-10-08,2.0,0.007469,5.62,5.6194
2020-10-09,2.0,0.007469,5.5393,5.5387
2020-10-10,2.0,,,
2020-10-11,2.0,,,
2020-10-12,2.0,,,
2020-10-13,2.0,0.007469,5.5859,5.5854
2020-10-14,2.0,0.007469,5.5675,5.5669
2020-10-15,2.0,0.007469,5.6172,5.6166
2020-10-16,2.0,0.007469,5.6226,5.622
2020-10-17,2.0,,,
2020-10-18,2.0,,,
2020-10-19,2.0,0.007469,5.6023,5.6017
2020-10-20,2.0,0.007469,5.583,5.5824
2020-10-21,2.0,0.007469,5.6006,5.6
2020-10-22,2.0,0.007469,5.582,5.5814
2020-10-23,2.0,0.007469,5.612,5.6114
2020-10-24,2.0,,,
2020-10-25,2.0,,,
2020-10-26,2.0,0.007469,5.6328,5.6322
2020-10-27,2.0,0.007469,5.6491,5.6484
2020-10-28,2.0,0.007469,5.7325,5.7319
2020-10-29,2.0,0.007469,5.7803,5.7797
2020-10-30,2.0,0.007469,5.7718,5.7712
2020-10-31,2.0,,,
2020-11-01,2.0,,,
2020-11-02,2.0,,,
2020-11-03,2.0,0.007469,5.6895,5.6889
2020-11-04,2.0,0.007469,5.6932,5.6926
2020-11-05,2.0,0.007469,5.5624,5.5618
2020-11-06,2.0,0.007469,5.5313,5.5307
2020-11-07,2.0,,,
2020-11-08,2.0,,,
2020-11-09,2.0,0.007469,5.2821,5.2815
2020-11-10,2.0,0.007469,5.3696,5.369
2020-11-11,2.0,0.007469,5.402,5.4014
2020-11-12,2.0,0.007469,5.4094,5.4088
2020-11-13,2.0,0.007469,5.4854,5.4848
2020-11-14,2.0,,,
2020-11-15,2.0,,,
2020-11-16,2.0,0.007469,5.4198,5.4192
2020-11-17,2.0,0.007469,5.3968,5.3962
2020-11-18,2.0,0.007469,5.2932,5.2926
2020-11-19,2.0,0.007469,5.333,5.3324
2020-11-20,2.0,0.007469,5.3505,5.3499
2020-11-21,2.0,,,
2020-11-22,2.0,,,
2020-11-23,2.0,0.007469,5.3828,5.3822
2020-11-24,2.0,0.007469,5.4037,5.4031
2020-11-25,2.0,0.007469,5.3508,5.3502
2020-11-26,2.0,0.007469,5.3201,5.3195
2020-11-27,2.0,0.007469,5.3494,5.3488
2020-11-28,2.0,,,
2020-11-29,2.0,,,
2020-11-30,2.0,0.007469,5.3317,5.3311
2020-12-01,2.0,0.007469,5.2789,5.2783
2020-12-02,2.0,0.007469,5.2267,5.2261
2020-12-03,2.0,0.007469,5.1625,5.1619
2020-12-04,2.0,0.007469,5.1706,5.17
2020-12-05,2.0,,,
2020-12-06,2.0,,,
2020-12-07,2.0,0.007469,5.1018,5.1012
2020-12-08,2.0,0.007469,5.092,5.0914
2020-12-09,2.0,0.007469,5.1109,5.1103
2020-12-10,2.0,0.007469,5.0852,5.0846
2020-12-11,2.0,0.007469,5.0691,5.0685
2020-12-12,2.0,,,
2020-12-13,2.0,,,
2020-12-14,2.0,0.007469,5.0578,5.0572
2020-12-15,2.0,0.007469,5.0968,5.0962
2020-12-16,2.0,0.007469,5.1057,5.1051
2020-12-17,2.0,0.007469,5.0612,5.0606
2020-12-18,2.0,0.007469,5.0986,5.098
2020-12-19,2.0,,,
2020-12-20,2.0,,,
2020-12-21,2.0,0.007469,5.1572,5.1566
2020-12-22,2.0,0.007469,5.1473,5.1467
2020-12-23,2.0,0.007469,5.174,5.1734
2020-12-24,2.0,0.007469,5.18,5.1785
2020-12-25,2.0,,,
2020-12-26,2.0,,,
2020-12-27,2.0,,,
2020-12-28,2.0,0.007469,5.239,5.2384
2020-12-29,2.0,0.007469,5.1942,5.1936
2020-12-30,2.0,0.007469,5.1967,5.1961
2020-12-31,2.0,0.007469,5.1967,5.1961
2021-01-01,2.0,,,
2021-01-02,2.0,,,
2021-01-03,2.0,,,
2021-01-04,2.0,0.007469,5.1626,5.162
2021-01-05,2.0,0.007469,5.3269,5.3263
2021-01-06,2.0,0.007469,5.3182,5.3176
2021-01-07,2.0,0.007469,5.3433,5.3427
2021-01-08,2.0,0.007469,5.3683,5.3677
2021-01-09,2.0,,,
2021-01-10,2.0,,,
2021-01-11,2.0,0.007469,5.4966,5.496
2021-01-12,2.0,0.007469,5.4637,5.4631
2021-01-13,2.0,0.007469,5.307,5.3064
2021-01-14,2.0,0.007469,5.2617,5.2611
2021-01-15,2.0,0.007469,5.2714,5.2708
2021-01-16,2.0,,,
2021-01-17,2.0,,,
2021-01-18,2.0,0.007469,5.2788,5.2782
2021-01-19,2.0,0.007469,5.2945,5.2939
2021-01-20,2.0,0.007469,5.3033,5.3027
2021-01-21,2.0,0.007469,5.3166,5.316
2021-01-22,2.0,0.007469,5.4301,5.4295
2021-01-23,2.0,,,
2021-01-24,2.0,,,
2021-01-25,2.0,0.007469,5.5089,5.5074
2021-01-26,2.0,0.007469,5.3865,5.3859
2021-01-27,2.0,0.007469,5.3824,5.3818
2021-01-28,2.0,0.007469,5.4282,5.4276
2021-01-29,2.0,0.007469,5.4759,5.4753
2021-01-30,2.0,,,
2021-01-31,2.0,,,
2021-02-01,2.0,0.007469,5.4608,5.4602
2021-02-02,2.0,0.007469,5.3875,5.3869
2021-02-03,2.0,0.007469,5.3423,5.3417
2021-02-04,2.0,0.007469,5.391,5.3904
2021-02-05,2.0,0.007469,5.3884,5.3878
2021-02-06,2.0,,,
2021-02-07,2.0,,,
2021-02-08,2.0,0.007469,5.367,5.3664
2021-02-09,2.0,0.007469,5.4216,5.421
2021-02-10,2.0,0.007469,5.4024,5.4018
2021-02-11,2.0,0.007469,5.3626,5.362
2021-02-12,2.0,0.007469,5.3815,5.3809
2021-02-13,2.0,,,
2021-02-14,2.0,,,
2021-02-15,2.0,,,
2021-02-16,2.0,,,
2021-02-17,2.0,0.007469,5.4138,5.4132
2021-02-18,2.0,0.007469,5.4238,5.4232
2021-02-19,2.0,0.007469,5.3924,5.3918
2021-02-20,2.0,,,
2021-02-21,2.0,,,
2021-02-22,2.0,0.007469,5.5044,5.5038
2021-02-23,2.0,0.007469,5.449,5.4484
2021-02-24,2.0,0.007469,5.4182,5.4176
2021-02-25,2.0,0.007469,5.46,5.4594
2021-02-26,2.0,0.007469,5.5302,5.5296
2021-02-27,2.0,,,
2021-02-28,2.0,,,
2021-03-01,2.0,0.007469,5.5832,5.5826
2021-03-02,2.0,0.007469,5.6844,5.6838
2021-03-03,2.0,0.007469,5.7342,5.7336
2021-03-04,2.0,0.007469,5.6008,5.6002
2021-03-05,2.0,0.007469,5.687,5.6864
2021-03-06,2.0,,,
2021-03-07,2.0,,,
2021-03-08,2.0,0.007469,5.7343,5.7337
2021-03-09,2.0,0.007469,5.8397,5.8391
2021-03-10,2.0,0.007469,5.7449,5.7443
2021-03-11,2.0,0.007469,5.589,5.5884
2021-03-12,2.0,0.007469,5.564,5.5634
2021-03-13,2.0,,,
2021-03-14,2.0,,,
2021-03-15,2.0,0.007469,5.6296,5.629
2021-03-16,2.0,0.007469,5.5851,5.5845
2021-03-17,2.0,0.007469,5.6579,5.6573
2021-03-18,2.75,0.010379,5.5474,5.5468
2021-03-19,2.75,0.010379,5.5082,5.5076
2021-03-20,2.75,,,
2021-03-21,2.75,,,
2021-03-22,2.75,0.010379,5.5269,5.5263
2021-03-23,2.75,0.010379,5.4951,5.4945
2021-03-24,2.75,0.010379,5.533,5.5324
2021-03-25,2.75,0.010379,5.6585,5.6579
2021-03-26,2.75,0.010379,5.7042,5.7036
2021-03-27,2.75,,,
2021-03-28,2.75,,,
2021-03-29,2.75,0.010379,5.7925,5.7919
2021-03-30,2.75,0.010379,5.7642,5.7636
2021-03-31,2.75,0.010379,5.6973,5.6967
2021-04-01,2.75,0.010379,5.6849,5.6843
2021-04-02,2.75,,,
2021-04-03,2.75,,,
2021-04-04,2.75,,,
2021-04-05,2.75,0.010379,5.6579,5.6573
2021-04-06,2.75,0.010379,5.6263,5.6257
2021-04-07,2.75,0.010379,5.5864,5.5858
2021-04-08,2.75,0.010379,5.5817,5.5811
2021-04-09,2.75,0.010379,5.6445,5.6439
2021-04-10,2.75,,,
2021-04-11,2.75,,,
2021-04-12,2.75,0.010379,5.6582,5.6576
2021-04-13,2.75,0.010379,5.7064,5.7058
2021-04-14,2.75,0.010379,5.6936,5.693
2021-04-15,2.75,0.010379,5.6234,5.6228
2021-04-16,2.75,0.010379,5.6328,5.6322
2021-04-17,2.75,,,
2021-04-18,2.75,,,
2021-04-19,2.75,0.010379,5.575,5.5744
2021-04-20,2.75,0.010379,5.5266,5.526
2021-04-21,2.75,,,
2021-04-22,2.75,0.010379,5.497,5.4964
2021-04-23,2.75,0.010379,5.4787,5.4781
2021-04-24,2.75,,,
2021-04-25,2.75,,,
2021-04-26,2.75,0.010379,5.4566,5.456
2021-04-27,2.75,0.010379,5.4424,5.4418
2021-04-28,2.75,0.010379,5.4005,5.3999
2021-04-29,2.75,0.010379,5.3662,5.3656
2021-04-30,2.75,0.010379,5.4036,5.403
2021-05-01,2.75,,,
2021-05-02,2.75,,,
2021-05-03,2.75,0.010379,5.4087,5.4081
2021-05-04,2.75,0.010379,5.4505,5.4499
2021-05-05,2.75,0.010379,5.3872,5.3866
2021-05-06,3.5,0.013269,5.2897,5.2891
2021-05-07,3.5,0.013269,5.2217,5.2211
2021-05-08,3.5,,,
2021-05-09,3.5,,,
2021-05-10,3.5,0.013269,5.2227,5.2221
2021-05-11,3.5,0.013269,5.2403,5.2397
2021-05-12,3.5,0.013269,5.2353,5.2347
2021-05-13,3.5,0.013269,5.2815,5.2809
2021-05-14,3.5,0.013269,5.2701,5.2695
2021-05-15,3.5,,,
2021-05-16,3.5,,,
2021-05-17,3.5,0.013269,5.2755,5.2749
2021-05-18,3.5,0.013269,5.2588,5.2582
2021-05-19,3.5,0.013269,5.2822,5.2816
2021-05-20,3.5,0.013269,5.2905,5.2899
2021-05-21,3.5,0.013269,5.3027,5.3021
2021-05-22,3.5,,,
2021-05-23,3.5,,,
2021-05-24,3.5,0.013269,5.3198,5.3192
2021-05-25,3.5,0.013269,5.3143,5.3137
2021-05-26,3.5,0.013269,5.3164,5.3158
2021-05-27,3.5,0.013269,5.284,5.2833
2021-05-28,3.5,0.013269,5.2281,5.2274
2021-05-29,3.5,,,
2021-05-30,3.5,,,
2021-05-31,3.5,0.013269,5.2322,5.2316
2021-06-01,3.5,0.013269,5.1636,5.163
2021-06-02,3.5,0.013269,5.1147,5.114
2021-06-03,3.5,,,
2021-06-04,3.5,0.013269,5.0666,5.0661
2021-06-05,3.5,,,
2021-06-06,3.5,,,
2021-06-07,3.5,0.013269,5.0498,5.0492
2021-06-08,3.5,0.013269,5.0489,5.0483
2021-06-09,3.5,0.013269,5.0533,5.0527
2021-06-10,3.5,0.013269,5.0635,5.0629
2021-06-11,3.5,0.013269,5.119,5.1184
2021-06-12,3.5,,,
2021-06-13,3.5,,,
2021-06-14,3.5,0.013269,5.0707,5.0701
2021-06-15,3.5,0.013269,5.0874,5.0868
2021-06-16,3.5,0.013269,5.0207,5.0201
2021-06-17,4.25,0.016137,5.0359,5.0353
2021-06-18,4.25,0.016137,5.0314,5.0308
2021-06-19,4.25,,,
2021-06-20,4.25,,,
2021-06-21,4.25,0.016137,5.0373,5.0367
2021-06-22,4.25,0.016137,5.0178,5.0172
2021-06-23,4.25,0.016137,4.9519,4.9513
2021-06-24,4.25,0.016137,4.9277,4.9271
2021-06-25,4.25,0.016137,4.9206,4.92
2021-06-26,4.25,,,
2021-06-27,4.25,,,
2021-06-28,4.25,0.016137,4.942,4.9414
2021-06-29,4.25,0.016137,4.945,4.9444
2021-06-30,4.25,0.016137,5.0022,5.0016
2021-07-01,4.25,0.016137,5.0055,5.0049
2021-07-02,4.25,0.016137,5.0293,5.0287
2021-07-03,4.25,,,
2021-07-04,4.25,,,
2021-07-05,4.25,0.016137,5.0749,5.0743
2021-07-06,4.25,0.016137,5.1645,5.1639
2021-07-07,4.25,0.016137,5.2328,5.2322
2021-07-08,4.25,0.016137,5.2587,5.2581
2021-07-09,4.25,0.016137,5.2393,5.237
2021-07-10,4.25,,,
2021-07-11,4.25,,,
2021-07-12,4.25,0.016137,5.2239,5.2233
2021-07-13,4.25,0.016137,5.177,5.1764
2021-07-14,4.25,0.016137,5.088,5.0874
2021-07-15,4.25,0.016137,5.1,5.0994
2021-07-16,4.25,0.016137,5.0941,5.0935
2021-07-17,4.25,,,
2021-07-18,4.25,,,
2021-07-19,4.25,0.016137,5.1978,5.1972
2021-07-20,4.25,0.016137,5.2465,5.2459
2021-07-21,4.25,0.016137,5.2516,5.251
2021-07-22,4.25,0.016137,5.1978,5.1972
2021-07-23,4.25,0.016137,5.1701,5.1695
2021-07-24,4.25,,,
2021-07-25,4.25,,,
2021-07-26,4.25,0.016137,5.1863,5.1857
2021-07-27,4.25,0.016137,5.1669,5.1663
2021-07-28,4.25,0.016137,5.1527,5.1521
2021-07-29,4.25,0.016137,5.0682,5.0676
2021-07-30,4.25,0.016137,5.1216,5.121
2021-07-31,4.25,,,
2021-08-01,4.25,,,
2021-08-02,4.25,0.016137,5.1379,5.1373
2021-08-03,4.25,0.016137,5.2464,5.2458
2021-08-04,4.25,0.016137,5.2091,5.2085
2021-08-05,5.25,0.01993,5.1464,5.1459
2021-08-06,5.25,0.01993,5.241,5.2404
2021-08-07,5.25,,,
2021-08-08,5.25,,,
2021-08-09,5.25,0.01993,5.2774,5.2768
2021-08-10,5.25,0.01993,5.2217,5.2211
2021-08-11,5.25,0.01993,5.2013,5.2007
2021-08-12,5.25,0.01993,5.2351,5.2345
2021-08-13,5.25,0.01993,5.2474,5.2468
2021-08-14,5.25,,,
2021-08-15,5.25,,,
2021-08-16,5.25,0.01993,5.2495,5.2489
2021-08-17,5.25,0.01993,5.2585,5.2579
2021-08-18,5.25,0.01993,5.3025,5.3019
2021-08-19,5.25,0.01993,5.418,5.4174
2021-08-20,5.25,0.01993,5.4274,5.4268
2021-08-21,5.25,,,
2021-08-22,5.25,,,
2021-08-23,5.25,0.01993,5.3686,5.368
2021-08-24,5.25,0.01993,5.3017,5.3011
2021-08-25,5.25,0.01993,5.2465,5.2459
2021-08-26,5.25,0.01993,5.2429,5.2423
2021-08-27,5.25,0.01993,5.22,5.2194
2021-08-28,5.25,,,
2021-08-29,5.25,,,
2021-08-30,5.25,0.01993,5.1952,5.1946
2021-08-31,5.25,0.01993,5.1433,5.1427
2021-09-01,5.25,0.01993,5.1576,5.157
2021-09-02,5.25,0.01993,5.1735,5.1729
2021-09-03,5.25,0.01993,5.1685,5.1679
2021-09-04,5.25,,,
2021-09-05,5.25,,,
2021-09-06,5.25,0.01993,5.1773,5.1767
2021-09-07,5.25,,,
2021-09-08,5.25,0.01993,5.2524,5.2518
2021-09-09,5.25,0.01993,5.2825,5.2819
2021-09-10,5.25,0.01993,5.2158,5.2152
2021-09-11,5.25,,,
2021-09-12,5.25,,,
2021-09-13,5.25,0.01993,5.219,5.2184
2021-09-14,5.25,0.01993,5.226,5.2254
2021-09-15,5.25,0.01993,5.2576,5.257
2021-09-16,5.25,0.01993,5.2594,5.2588
2021-09-17,5.25,0.01993,5.3103,5.3097
2021-09-18,5.25,,,
2021-09-19,5.25,,,
2021-09-20,5.25,0.01993,5.3332,5.3326
2021-09-21,5.25,0.01993,5.3044,5.3038
2021-09-22,5.25,0.01993,5.2783,5.2777
2021-09-23,6.25,0.023687,5.2891,5.2885
2021-09-24,6.25,0.023687,5.3435,5.3429
2021-09-25,6.25,,,
2021-09-26,6.25,,,
2021-09-27,6.25,0.023687,5.3478,5.3472
2021-09-28,6.25,0.023687,5.4206,5.42
2021-09-29,6.25,0.023687,5.4173,5.4167
2021-09-30,6.25,0.023687,5.4394,5.4388
2021-10-01,6.25,0.023687,5.3911,5.3905
2021-10-02,6.25,,,
2021-10-03,6.25,,,
2021-10-04,6.25,0.023687,5.4204,5.4198
2021-10-05,6.25,0.023687,5.4611,5.4605
2021-10-06,6.25,0.023687,5.5097,5.5091
2021-10-07,6.25,0.023687,5.514,5.5134
2021-10-08,6.25,0.023687,5.5084,5.5078
2021-10-09,6.25,,,
2021-10-10,6.25,,,
2021-10-11,6.25,0.023687,5.5161,5.5155
2021-10-12,6.25,,,
2021-10-13,6.25,0.023687,5.5471,5.5464
2021-10-14,6.25,0.023687,5.4988,5.4982
2021-10-15,6.25,0.023687,5.451,5.4504
2021-10-16,6.25,,,
2021-10-17,6.25,,,
2021-10-18,6.25,0.023687,5.5193,5.5187
2021-10-19,6.25,0.023687,5.5521,5.5515
2021-10-20,6.25,0.023687,5.5571,5.5565
2021-10-21,6.25,0.023687,5.6423,5.6417
2021-10-22,6.25,0.023687,5.7117,5.7111
2021-10-23,6.25,,,
2021-10-24,6.25,,,
2021-10-25,6.25,0.023687,5.5973,5.5967
2021-10-26,6.25,0.023687,5.58,5.5794
2021-10-27,6.25,0.023687,5.5667,5.5661
2021-10-28,7.75,0.029256,5.6124,5.6118
2021-10-29,7.75,0.029256,5.643,5.6424
2021-10-30,7.75,,,
2021-10-31,7.75,,,
2021-11-01,7.75,0.029256,5.6694,5.6688
2021-11-02,7.75,,,
2021-11-03,7.75,0.029256,5.6672,5.6666
2021-11-04,7.75,0.029256,5.5942,5.5936
2021-11-05,7.75,0.029256,5.5455,5.5449
2021-11-06,7.75,,,
2021-11-07,7.75,,,
2021-11-08,7.75,0.029256,5.5627,5.5621
2021-11-09,7.75,0.029256,5.4957,5.4951
2021-11-10,7.75,0.029256,5.459,5.4584
2021-11-11,7.75,0.029256,5.4171,5.4165
2021-11-12,7.75,0.029256,5.4199,5.4193
2021-11-13,7.75,,,
2021-11-14,7.75,,,
2021-11-15,7.75,,,
2021-11-16,7.75,0.029256,5.4772,5.4766
2021-11-17,7.75,0.029256,5.4993,5.4987
2021-11-18,7.75,0.029256,5.547,5.5464
2021-11-19,7.75,0.029256,5.5584,5.5578
2021-11-20,7.75,,,
2021-11-21,7.75,,,
2021-11-22,7.75,0.029256,5.5841,5.5835
2021-11-23,7.75,0.029256,5.6456,5.645
2021-11-24,7.75,0.029256,5.6027,5.6021
2021-11-25,7.75,0.029256,5.574,5.5734
2021-11-26,7.75,0.029256,5.5865,5.5859
2021-11-27,7.75,,,
2021-11-28,7.75,,,
2021-11-29,7.75,0.029256,5.6118,5.6112
2021-11-30,7.75,0.029256,5.6199,5.6193
2021-12-01,7.75,0.029256,5.6168,5.6162
2021-12-02,7.75,0.029256,5.6345,5.6339
2021-12-03,7.75,0.029256,5.6432,5.6426
2021-12-04,7.75,,,
2021-12-05,7.75,,,
2021-12-06,7.75,0.029256,5.6877,5.6871
2021-12-07,7.75,0.029256,5.6411,5.6405
2021-12-08,7.75,0.029256,5.5779,5.5773
2021-12-09,9.25,0.034749,5.5564,5.5558
2021-12-10,9.25,0.034749,5.5931,5.5925
2021-12-11,9.25,,,
2021-12-12,9.25,,,
2021-12-13,9.25,0.034749,5.6357,5.6351
2021-12-14,9.25,0.034749,5.6461,5.6455
2021-12-15,9.25,0.034749,5.7127,5.7121
2021-12-16,9.25,0.034749,5.6963,5.6957
2021-12-17,9.25,0.034749,5.6959,5.6953
2021-12-18,9.25,,,
2021-12-19,9.25,,,
2021-12-20,9.25,0.034749,5.7055,5.7049
2021-12-21,9.25,0.034749,5.7372,5.7367
2021-12-22,9.25,0.034749,5.7201,5.7195
2021-12-23,9.25,0.034749,5.691,5.6904
2021-12-24,9.25,0.034749,5.6591,5.6541
2021-12-25,9.25,,,
2021-12-26,9.25,,,
2021-12-27,9.25,0.034749,5.665,5.6644
2021-12-28,9.25,0.034749,5.6438,5.6432
2021-12-29,9.25,0.034749,5.6619,5.6613
2021-12-30,9.25,0.034749,5.5805,5.5799
2021-12-31,9.25,0.034749,5.5805,5.5799
2022-01-01,9.25,,,
2022-01-02,9.25,,,
2022-01-03,9.25,0.034749,5.6309,5.6303
2022-01-04,9.25,0.034749,5.6776,5.677
2022-01-05,9.25,0.034749,5.6628,5.6622
2022-01-06,9.25,0.034749,5.7042,5.7036
2022-01-07,9.25,0.034749,5.6753,5.6747
2022-01-08,9.25,,,
2022-01-09,9.25,,,
2022-01-10,9.25,0.034749,5.6736,5.673
2022-01-11,9.25,0.034749,5.6351,5.6345
2022-01-12,9.25,0.034749,5.5611,5.5605
2022-01-13,9.25,0.034749,5.5246,5.524
2022-01-14,9.25,0.034749,5.5349,5.5343
2022-01-15,9.25,,,
2022-01-16,9.25,,,
2022-01-17,9.25,0.034749,5.5058,5.5052
2022-01-18,9.25,0.034749,5.5213,5.5207
2022-01-19,9.25,0.034749,5.4978,5.4972
2022-01-20,9.25,0.034749,5.4166,5.416
2022-01-21,9.25,0.034749,5.4401,5.4395
2022-01-22,9.25,,,
2022-01-23,9.25,,,
2022-01-24,9.25,0.034749,5.491,5.4904
2022-01-25,9.25,0.034749,5.4971,5.4965
2022-01-26,9.25,0.034749,5.4324,5.4318
2022-01-27,9.25,0.034749,5.3812,5.3806
2022-01-28,9.25,0.034749,5.3954,5.3948
2022-01-29,9.25,,,
2022-01-30,9.25,,,
2022-01-31,9.25,0.034749,5.3574,5.3568
2022-02-01,9.25,0.034749,5.281,5.2804
2022-02-02,9.25,0.034749,5.2956,5.295
2022-02-03,10.75,0.040168,5.3025,5.3019
2022-02-04,10.75,0.040168,5.3284,5.3278
2022-02-05,10.75,,,
2022-02-06,10.75,,,
2022-02-07,10.75,0.040168,5.2913,5.2907
2022-02-08,10.75,0.040168,5.2699,5.2693
2022-02-09,10.75,0.040168,5.2735,5.2729
2022-02-10,10.75,0.040168,5.2101,5.2095
2022-02-11,10.75,0.040168,5.1987,5.1981
2022-02-12,10.75,,,
2022-02-13,10.75,,,
2022-02-14,10.75,0.040168,5.2106,5.21
2022-02-15,10.75,0.040168,5.1881,5.1875
2022-02-16,10.75,0.040168,5.163,5.1624
2022-02-17,10.75,0.040168,5.1565,5.1559
2022-02-18,10.75,0.040168,5.1339,5.1333
2022-02-19,10.75,,,
2022-02-20,10.75,,,
2022-02-21,10.75,0.040168,5.0997,5.0991
2022-02-22,10.75,0.040168,5.0611,5.0605
2022-02-23,10.75,0.040168,5.0143,5.0137
2022-02-24,10.75,0.040168,5.1174,5.1168
2022-02-25,10.75,0.040168,5.1394,5.1388
2022-02-26,10.75,,,
2022-02-27,10.75,,,
2022-02-28,10.75,,,
2022-03-01,10.75,,,
2022-03-02,10.75,0.040168,5.1347,5.1341
2022-03-03,10.75,0.040168,5.0479,5.0473
2022-03-04,10.75,0.040168,5.0758,5.0752
2022-03-05,10.75,,,
2022-03-06,10.75,,,
2022-03-07,10.75,0.040168,5.0579,5.0573
2022-03-08,10.75,0.040168,5.0903,5.0897
2022-03-09,10.75,0.040168,5.0094,5.0088
2022-03-10,10.75,0.040168,5.0513,5.0507
2022-03-11,10.75,0.040168,5.0255,5.0249
2022-03-12,10.75,,,
2022-03-13,10.75,,,
2022-03-14,10.75,0.040168,5.0647,5.0641
2022-03-15,10.75,0.040168,5.1314,5.1308
2022-03-16,10.75,0.040168,5.1287,5.1281
2022-03-17,11.75,0.043739,5.0764,5.0758
2022-03-18,11.75,0.043739,5.0411,5.0405
2022-03-19,11.75,,,
2022-03-20,11.75,,,
2022-03-21,11.75,0.043739,4.9666,4.966
2022-03-22,11.75,0.043739,4.9208,4.9202
2022-03-23,11.75,0.043739,4.8704,4.8698
2022-03-24,11.75,0.043739,4.8067,4.8061
2022-03-25,11.75,0.043739,4.7782,4.7776
2022-03-26,11.75,,,
2022-03-27,11.75,,,
2022-03-28,11.75,0.043739,4.7905,4.7899
2022-03-29,11.75,0.043739,4.7486,4.748
2022-03-30,11.75,0.043739,4.7497,4.7491
2022-03-31,11.75,0.043739,4.7378,4.7372
2022-04-01,11.75,0.043739,4.6984,4.6978
2022-04-02,11.75,,,
2022-04-03,11.75,,,
2022-04-04,11.75,0.043739,4.6175,4.6169
2022-04-05,11.75,0.043739,4.64,4.6394
2022-04-06,11.75,0.043739,4.6967,4.6961
2022-04-07,11.75,0.043739,4.7422,4.7416
2022-04-08,11.75,0.043739,4.7513,4.7507
2022-04-09,11.75,,,
2022-04-10,11.75,,,
2022-04-11,11.75,0.043739,4.7025,4.7019
2022-04-12,11.75,0.043739,4.6483,4.6477
2022-04-13,11.75,0.043739,4.6811,4.6805
2022-04-14,11.75,0.043739,4.7158,4.7152
2022-04-15,11.75,,,
2022-04-16,11.75,,,
2022-04-17,11.75,,,
2022-04-18,11.75,0.043739,4.6746,4.674
2022-04-19,11.75,0.043739,4.6664,4.6658
2022-04-20,11.75,0.043739,4.6397,4.6391
2022-04-21,11.75,,,
2022-04-22,11.75,0.043739,4.7326,4.732
2022-04-23,11.75,,,
2022-04-24,11.75,,,
2022-04-25,11.75,0.043739,4.8818,4.8812
2022-04-26,11.75,0.043739,4.9666,4.966
2022-04-27,11.75,0.043739,5.0167,5.0161
2022-04-28,11.75,0.043739,5.011,5.0104
2022-04-29,11.75,0.043739,4.9191,4.9185
2022-04-30,11.75,,,
2022-05-01,11.75,,,
2022-05-02,11.75,0.043739,5.0266,5.026
2022-05-03,11.75,0.043739,5.0167,5.0161
2022-05-04,11.75,0.043739,5.0093,5.0087
2022-05-05,12.75,0.047279,5.0051,5.0045
2022-05-06,12.75,0.047279,5.075,5.0744
2022-05-07,12.75,,,
2022-05-08,12.75,,,
2022-05-09,12.75,0.047279,5.134,5.1334
2022-05-10,12.75,0.047279,5.139,5.1384
2022-05-11,12.75,0.047279,5.1244,5.1238
2022-05-12,12.75,0.047279,5.1482,5.1476
2022-05-13,12.75,0.047279,5.1075,5.1069
2022-05-14,12.75,,,
2022-05-15,12.75,,,
2022-05-16,12.75,0.047279,5.0666,5.066
2022-05-17,12.75,0.047279,4.9676,4.967
2022-05-18,12.75,0.047279,4.9592,4.9586
2022-05-19,12.75,0.047279,4.9198,4.9192
2022-05-20,12.75,0.047279,4.8777,4.8771
2022-05-21,12.75,,,
2022-05-22,12.75,,,
2022-05-23,12.75,0.047279,4.7973,4.7967
2022-05-24,12.75,0.047279,4.8106,4.81
2022-05-25,12.75,0.047279,4.8359,4.8353
2022-05-26,12.75,0.047279,4.7967,4.7961
2022-05-27,12.75,0.047279,4.7434,4.7428
2022-05-28,12.75,,,
2022-05-29,12.75,,,
2022-05-30,12.75,0.047279,4.7216,4.721
2022-05-31,12.75,0.047279,4.7289,4.7283
2022-06-01,12.75,0.047279,4.7765,4.7759
2022-06-02,12.75,0.047279,4.7879,4.7873
2022-06-03,12.75,0.047279,4.7956,4.795
2022-06-04,12.75,,,
2022-06-05,12.75,,,
2022-06-06,12.75,0.047279,4.7839,4.7833
2022-06-07,12.75,0.047279,4.8909,4.8903
2022-06-08,12.75,0.047279,4.8711,4.8705
2022-06-09,12.75,0.047279,4.8951,4.8945
2022-06-10,12.75,0.047279,4.9836,4.983
2022-06-11,12.75,,,
2022-06-12,12.75,,,
2022-06-13,12.75,0.047279,5.1033,5.1027
2022-06-14,12.75,0.047279,5.1203,5.1197
2022-06-15,12.75,0.047279,5.1119,5.1113
2022-06-16,13.25,,,
2022-06-17,13.25,0.049037,5.1313,5.1307
2022-06-18,13.25,,,
2022-06-19,13.25,,,
2022-06-20,13.25,0.049037,5.1641,5.1635
2022-06-21,13.25,0.049037,5.1462,5.1456
2022-06-22,13.25,0.049037,5.1509,5.1503
2022-06-23,13.25,0.049037,5.1833,5.1827
2022-06-24,13.25,0.049037,5.2334,5.2328
2022-06-25,13.25,,,
2022-06-26,13.25,,,
2022-06-27,13.25,0.049037,5.2214,5.2208
2022-06-28,13.25,0.049037,5.2179,5.2173
2022-06-29,13.25,0.049037,5.2268,5.2262
2022-06-30,13.25,0.049037,5.238,5.2374
2022-07-01,13.25,0.049037,5.3142,5.3136
2022-07-02,13.25,,,
2022-07-03,13.25,,,
2022-07-04,13.25,0.049037,5.3038,5.3032
2022-07-05,13.25,0.049037,5.3899,5.3893
2022-07-06,13.25,0.049037,5.4321,5.4315
2022-07-07,13.25,0.049037,5.364,5.3634
2022-07-08,13.25,0.049037,5.3086,5.308
2022-07-09,13.25,,,
2022-07-10,13.25,,,
2022-07-11,13.25,0.049037,5.3477,5.3471
2022-07-12,13.25,0.049037,5.412,5.4114
2022-07-13,13.25,0.049037,5.3992,5.3987
2022-07-14,13.25,0.049037,5.4568,5.4562
2022-07-15,13.25,0.049037,5.4014,5.4008
2022-07-16,13.25,,,
2022-07-17,13.25,,,
2022-07-18,13.25,0.049037,5.3675,5.3669
2022-07-19,13.25,0.049037,5.3904,5.3898
2022-07-20,13.25,0.049037,5.4288,5.4282
2022-07-21,13.25,0.049037,5.475,5.4744
2022-07-22,13.25,0.049037,5.4522,5.4516
2022-07-23,13.25,,,
2022-07-24,13.25,,,
2022-07-25,13.25,0.049037,5.4144,5.4138
2022-07-26,13.25,0.049037,5.3608,5.3602
2022-07-27,13.25,0.049037,5.3074,5.3068
2022-07-28,13.25,0.049037,5.2149,5.2143
2022-07-29,13.25,0.049037,5.1884,5.1878
2022-07-30,13.25,,,
2022-07-31,13.25,,,
2022-08-01,13.25,0.049037,5.1606,5.16
2022-08-02,13.25,0.049037,5.2329,5.2323
2022-08-03,13.25,0.049037,5.2846,5.284
2022-08-04,13.75,0.050788,5.2409,5.2403
2022-08-05,13.75,0.050788,5.2165,5.2159
2022-08-06,13.75,,,
2022-08-07,13.75,,,
2022-08-08,13.75,0.050788,5.1247,5.1241
2022-08-09,13.75,0.050788,5.1224,5.1218
2022-08-10,13.75,0.050788,5.0497,5.0491
2022-08-11,13.75,0.050788,5.1127,5.1121
2022-08-12,13.75,0.050788,5.1023,5.1017
2022-08-13,13.75,,,
2022-08-14,13.75,,,
2022-08-15,13.75,0.050788,5.0925,5.0919
2022-08-16,13.75,0.050788,5.134,5.1334
2022-08-17,13.75,0.050788,5.1784,5.1779
2022-08-18,13.75,0.050788,5.1773,5.1767
2022-08-19,13.75,0.050788,5.1961,5.1955
2022-08-20,13.75,,,
2022-08-21,13.75,,,
2022-08-22,13.75,0.050788,5.1709,5.1703
2022-08-23,13.75,0.050788,5.103,5.1024
2022-08-24,13.75,0.050788,5.105,5.1044
2022-08-25,13.75,0.050788,5.1173,5.1167
2022-08-26,13.75,0.050788,5.0903,5.0897
2022-08-27,13.75,,,
2022-08-28,13.75,,,
2022-08-29,13.75,0.050788,5.0428,5.0423
2022-08-30,13.75,0.050788,5.0617,5.0611
2022-08-31,13.75,0.050788,5.179,5.1784
2022-09-01,13.75,0.050788,5.2007,5.2001
2022-09-02,13.75,0.050788,5.1878,5.1872
2022-09-03,13.75,,,
2022-09-04,13.75,,,
2022-09-05,13.75,0.050788,5.1686,5.168
2022-09-06,13.75,0.050788,5.2228,5.2222
2022-09-07,13.75,,,
2022-09-08,13.75,0.050788,5.2155,5.2149
2022-09-09,13.75,0.050788,5.1633,5.1627
2022-09-10,13.75,,,
2022-09-11,13.75,,,
2022-09-12,13.75,0.050788,5.1183,5.1177
2022-09-13,13.75,0.050788,5.1794,5.1788
2022-09-14,13.75,0.050788,5.1774,5.1768
2022-09-15,13.75,0.050788,5.2211,5.2205
2022-09-16,13.75,0.050788,5.2882,5.2876
2022-09-17,13.75,,,
2022-09-18,13.75,,,
2022-09-19,13.75,0.050788,5.2367,5.2361
2022-09-20,13.75,0.050788,5.1705,5.1699
2022-09-21,13.75,0.050788,5.1692,5.1686
2022-09-22,13.75,0.050788,5.1677,5.1671
2022-09-23,13.75,0.050788,5.2257,5.2251
2022-09-24,13.75,,,
2022-09-25,13.75,,,
2022-09-26,13.75,0.050788,5.3548,5.3542
2022-09-27,13.75,0.050788,5.3508,5.3502
2022-09-28,13.75,0.050788,5.3594,5.3588
2022-09-29,13.75,0.050788,5.3916,5.391
2022-09-30,13.75,0.050788,5.4066,5.406
2022-10-01,13.75,,,
2022-10-02,13.75,,,
2022-10-03,13.75,0.050788,5.2002,5.1996
2022-10-04,13.75,0.050788,5.1411,5.1405
2022-10-05,13.75,0.050788,5.2144,5.2138
2022-10-06,13.75,0.050788,5.2009,5.2002
2022-10-07,13.75,0.050788,5.2221,5.2215
2022-10-08,13.75,,,
2022-10-09,13.75,,,
2022-10-10,13.75,0.050788,5.1941,5.1935
2022-10-11,13.75,0.050788,5.2068,5.2061
2022-10-12,13.75,,,
2022-10-13,13.75,0.050788,5.3017,5.3011
2022-10-14,13.75,0.050788,5.2824,5.2818
2022-10-15,13.75,,,
2022-10-16,13.75,,,
2022-10-17,13.75,0.050788,5.2713,5.2707
2022-10-18,13.75,0.050788,5.2697,5.2691
2022-10-19,13.75,0.050788,5.2808,5.2802
2022-10-20,13.75,0.050788,5.2176,5.217
2022-10-21,13.75,0.050788,5.1919,5.1913
2022-10-22,13.75,,,
2022-10-23,13.75,,,
2022-10-24,13.75,0.050788,5.2744,5.2738
2022-10-25,13.75,0.050788,5.3091,5.3085
2022-10-26,13.75,0.050788,5.3248,5.3242
2022-10-27,13.75,0.050788,5.3003,5.2997
2022-10-28,13.75,0.050788,5.3454,5.3449
2022-10-29,13.75,,,
2022-10-30,13.75,,,
2022-10-31,13.75,0.050788,5.257,5.2564
2022-11-01,13.75,0.050788,5.15,5.1494
2022-11-02,13.75,,,
2022-11-03,13.75,0.050788,5.1349,5.1343
2022-11-04,13.75,0.050788,5.036,5.0354
2022-11-05,13.75,,,
2022-11-06,13.75,,,
2022-11-07,13.75,0.050788,5.0886,5.088
2022-11-08,13.75,0.050788,5.1744,5.1738
2022-11-09,13.75,0.050788,5.1629,5.1623
2022-11-10,13.75,0.050788,5.3064,5.3058
2022-11-11,13.75,0.050788,5.3051,5.3045
2022-11-12,13.75,,,
2022-11-13,13.75,,,
2022-11-14,13.75,0.050788,5.3013,5.3007
2022-11-15,13.75,,,
2022-11-16,13.75,0.050788,5.3204,5.3198
2022-11-17,13.75,0.050788,5.4655,5.4649
2022-11-18,13.75,0.050788,5.3477,5.3471
2022-11-19,13.75,,,
2022-11-20,13.75,,,
2022-11-21,13.75,0.050788,5.3259,5.3253
2022-11-22,13.75,0.050788,5.3339,5.3333
2022-11-23,13.75,0.050788,5.393,5.3924
2022-11-24,13.75,0.050788,5.3149,5.3143
2022-11-25,13.75,0.050788,5.3508,5.3502
2022-11-26,13.75,,,
2022-11-27,13.75,,,
2022-11-28,13.75,0.050788,5.3796,5.3791
2022-11-29,13.75,0.050788,5.3076,5.307
2022-11-30,13.75,0.050788,5.2941,5.2935
2022-12-01,13.75,0.050788,5.1948,5.1942
2022-12-02,13.75,0.050788,5.1974,5.1968
2022-12-03,13.75,,,
2022-12-04,13.75,,,
2022-12-05,13.75,0.050788,5.2464,5.2457
2022-12-06,13.75,0.050788,5.2396,5.239
2022-12-07,13.75,0.050788,5.2208,5.2202
2022-12-08,13.75,0.050788,5.2091,5.2085
2022-12-09,13.75,0.050788,5.2396,5.239
2022-12-10,13.75,,,
2022-12-11,13.75,,,
2022-12-12,13.75,0.050788,5.3066,5.306
2022-12-13,13.75,0.050788,5.2669,5.2663
2022-12-14,13.75,0.050788,5.3406,5.34
2022-12-15,13.75,0.050788,5.3183,5.3177
2022-12-16,13.75,0.050788,5.2806,5.2801
2022-12-17,13.75,,,
2022-12-18,13.75,,,
2022-12-19,13.75,0.050788,5.316,5.3154
2022-12-20,13.75,0.050788,5.2427,5.2421
2022-12-21,13.75,0.050788,5.2031,5.2025
2022-12-22,13.75,0.050788,5.1871,5.1865
2022-12-23,13.75,0.050788,5.1445,5.1439
2022-12-24,13.75,,,
2022-12-25,13.75,,,
2022-12-26,13.75,0.050788,5.1872,5.1866
2022-12-27,13.75,0.050788,5.2832,5.2826
2022-12-28,13.75,0.050788,5.2736,5.273
2022-12-29,13.75,0.050788,5.2177,5.2171
2022-12-30,13.75,0.050788,5.2177,5.2171
2022-12-31,13.75,,,
2023-01-01,13.75,,,
2023-01-02,13.75,0.050788,5.3436,5.343
2023-01-03,13.75,0.050788,5.3759,5.3753
2023-01-04,13.75,0.050788,5.4459,5.4453
2023-01-05,13.75,0.050788,5.4026,5.402
2023-01-06,13.75,0.050788,5.2855,5.2849
2023-01-07,13.75,,,
2023-01-08,13.75,,,
2023-01-09,13.75,0.050788,5.2967,5.2961
2023-01-10,13.75,0.050788,5.2395,5.2389
2023-01-11,13.75,0.050788,5.202,5.2014
2023-01-12,13.75,0.050788,5.14,5.1394
2023-01-13,13.75,0.050788,5.1146,5.114
2023-01-14,13.75,,,
2023-01-15,13.75,,,
2023-01-16,13.75,0.050788,5.1115,5.1109
2023-01-17,13.75,0.050788,5.1203,5.1197
2023-01-18,13.75,0.050788,5.0909,5.0903
2023-01-19,13.75,0.050788,5.2144,5.2138
2023-01-20,13.75,0.050788,5.1986,5.198
2023-01-21,13.75,,,
2023-01-22,13.75,,,
2023-01-23,13.75,0.050788,5.1922,5.1916
2023-01-24,13.75,0.050788,5.1696,5.169
2023-01-25,13.75,0.050788,5.1042,5.1036
2023-01-26,13.75,0.050788,5.0951,5.0945
2023-01-27,13.75,0.050788,5.0767,5.0761
2023-01-28,13.75,,,
2023-01-29,13.75,,,
2023-01-30,13.75,0.050788,5.0959,5.0953
2023-01-31,13.75,0.050788,5.0993,5.0987
2023-02-01,13.75,0.050788,5.0721,5.0715
2023-02-02,13.75,0.050788,4.9901,4.9895
2023-02-03,13.75,0.050788,5.103,5.1024
2023-02-04,13.75,,,
2023-02-05,13.75,,,
2023-02-06,13.75,0.050788,5.1763,5.1757
2023-02-07,13.75,0.050788,5.1695,5.1689
2023-02-08,13.75,0.050788,5.2036,5.203
2023-02-09,13.75,0.050788,5.2315,5.2309
2023-02-10,13.75,0.050788,5.2526,5.252
2023-02-11,13.75,,,
2023-02-12,13.75,,,
2023-02-13,13.75,0.050788,5.1834,5.1828
2023-02-14,13.75,0.050788,5.1507,5.1501
2023-02-15,13.75,0.050788,5.2243,5.2237
2023-02-16,13.75,0.050788,5.2432,5.2426
2023-02-17,13.75,0.050788,5.2012,5.2006
2023-02-18,13.75,,,
2023-02-19,13.75,,,
2023-02-20,13.75,,,
2023-02-21,13.75,,,
2023-02-22,13.75,0.050788,5.173,5.1724
2023-02-23,13.75,0.050788,5.133,5.1324
2023-02-24,13.75,0.050788,5.1791,5.1785
2023-02-25,13.75,,,
2023-02-26,13.75,,,
2023-02-27,13.75,0.050788,5.196,5.1954
2023-02-28,13.75,0.050788,5.2078,5.2072
2023-03-01,13.75,0.050788,5.207,5.2064
2023-03-02,13.75,0.050788,5.208,5.2074
2023-03-03,13.75,0.050788,5.2037,5.2031
2023-03-04,13.75,,,
2023-03-05,13.75,,,
2023-03-06,13.75,0.050788,5.197,5.1964
2023-03-07,13.75,0.050788,5.1901,5.1895
2023-03-08,13.75,0.050788,5.1387,5.1381
2023-03-09,13.75,0.050788,5.1353,5.1347
2023-03-10,13.75,0.050788,5.1822,5.1816
2023-03-11,13.75,,,
2023-03-12,13.75,,,
2023-03-13,13.75,0.050788,5.24,5.2394
2023-03-14,13.75,0.050788,5.2362,5.2356
2023-03-15,13.75,0.050788,5.2981,5.2975
2023-03-16,13.75,0.050788,5.2892,5.2886
2023-03-17,13.75,0.050788,5.2679,5.2673
2023-03-18,13.75,,,
2023-03-19,13.75,,,
2023-03-20,13.75,0.050788,5.2467,5.2461
2023-03-21,13.75,0.050788,5.2444,5.2438
2023-03-22,13.75,0.050788,5.2648,5.2642
2023-03-23,13.75,0.050788,5.2632,5.2626
2023-03-24,13.75,0.050788,5.2921,5.2915
2023-03-25,13.75,,,
2023-03-26,13.75,,,
2023-03-27,13.75,0.050788,5.2306,5.23
2023-03-28,13.75,0.050788,5.1733,5.1727
2023-03-29,13.75,0.050788,5.1493,5.1487
2023-03-30,13.75,0.050788,5.1254,5.1248
2023-03-31,13.75,0.050788,5.0804,5.0798
2023-04-01,13.75,,,
2023-04-02,13.75,,,
2023-04-03,13.75,0.050788,5.0637,5.0631
2023-04-04,13.75,0.050788,5.0762,5.0756
2023-04-05,13.75,0.050788,5.0447,5.0441
2023-04-06,13.75,0.050788,5.0683,5.0677
2023-04-07,13.75,,,
2023-04-08,13.75,,,
2023-04-09,13.75,,,
2023-04-10,13.75,0.050788,5.0834,5.0828
2023-04-11,13.75,0.050788,5.0128,5.0122
2023-04-12,13.75,0.050788,4.9496,4.949
2023-04-13,13.75,0.050788,4.9097,4.9091
2023-04-14,13.75,0.050788,4.9455,4.9449
2023-04-15,13.75,,,
2023-04-16,13.75,,,
2023-04-17,13.75,0.050788,4.9421,4.9415
2023-04-18,13.75,0.050788,4.9678,4.9672
2023-04-19,13.75,0.050788,5.0467,5.0461
2023-04-20,13.75,0.050788,5.0497,5.0491
2023-04-21,13.75,,,
2023-04-22,13.75,,,
2023-04-23,13.75,,,
2023-04-24,13.75,0.050788,5.0595,5.0589
2023-04-25,13.75,0.050788,5.0613,5.0607
2023-04-26,13.75,0.050788,5.0585,5.0579
2023-04-27,13.75,0.050788,5.015,5.0144
2023-04-28,13.75,0.050788,5.0007,5.0001
2023-04-29,13.75,,,
2023-04-30,13.75,,,
2023-05-01,13.75,,,
2023-05-02,13.75,0.050788,5.0334,5.0329
2023-05-03,13.75,0.050788,5.0227,5.0221
2023-05-04,13.75,0.050788,5.0106,5.01
2023-05-05,13.75,0.050788,4.9696,4.969
2023-05-06,13.75,,,
2023-05-07,13.75,,,
2023-05-08,13.75,0.050788,4.9696,4.969
2023-05-09,13.75,0.050788,5.0007,5.0001
2023-05-10,13.75,0.050788,4.9547,4.9541
2023-05-11,13.75,0.050788,4.9696,4.969
2023-05-12,13.75,0.050788,4.9234,4.9228
2023-05-13,13.75,,,
2023-05-14,13.75,,,
2023-05-15,13.75,0.050788,4.9103,4.9097
2023-05-16,13.75,0.050788,4.9122,4.9116
2023-05-17,13.75,0.050788,4.9513,4.9507
2023-05-18,13.75,0.050788,4.9647,4.9641
2023-05-19,13.75,0.050788,4.9858,4.9852
2023-05-20,13.75,,,
2023-05-21,13.75,,,
2023-05-22,13.75,0.050788,4.968,4.9674
2023-05-23,13.75,0.050788,4.9674,4.9668
2023-05-24,13.75,0.050788,4.9474,4.9468
2023-05-25,13.75,0.050788,4.999,4.9984
2023-05-26,13.75,0.050788,5.0114,5.0108
2023-05-27,13.75,,,
2023-05-28,13.75,,,
2023-05-29,13.75,0.050788,4.9954,4.9948
2023-05-30,13.75,0.050788,5.0593,5.0587
2023-05-31,13.75,0.050788,5.0959,5.0953
2023-06-01,13.75,0.050788,5.035,5.0344
2023-06-02,13.75,0.050788,4.9558,4.9552
2023-06-03,13.75,,,
2023-06-04,13.75,,,
2023-06-05,13.75,0.050788,4.9236,4.923
2023-06-06,13.75,0.050788,4.9292,4.9286
2023-06-07,13.75,0.050788,4.9119,4.9113
2023-06-08,13.75,,,
2023-06-09,13.75,0.050788,4.8922,4.8916
2023-06-10,13.75,,,
2023-06-11,13.75,,,
2023-06-12,13.75,0.050788,4.8832,4.8826
2023-06-13,13.75,0.050788,4.8533,4.8527
2023-06-14,13.75,0.050788,4.8462,4.8456
2023-06-15,13.75,0.050788,4.8222,4.8216
2023-06-16,13.75,0.050788,4.8286,4.828
2023-06-17,13.75,,,
2023-06-18,13.75,,,
2023-06-19,13.75,0.050788,4.7803,4.7797
2023-06-20,13.75,0.050788,4.793,4.7924
2023-06-21,13.75,0.050788,4.7795,4.7789
2023-06-22,13.75,0.050788,4.775,4.7744
2023-06-23,13.75,0.050788,4.7799,4.7793
2023-06-24,13.75,,,
2023-06-25,13.75,,,
2023-06-26,13.75,0.050788,4.7698,4.7692
2023-06-27,13.75,0.050788,4.7903,4.7897
2023-06-28,13.75,0.050788,4.8563,4.8557
2023-06-29,13.75,0.050788,4.8584,4.8578
2023-06-30,13.75,0.050788,4.8192,4.8186
2023-07-01,13.75,,,
2023-07-02,13.75,,,
2023-07-03,13.75,0.050788,4.7876,4.787
2023-07-04,13.75,0.050788,4.8056,4.805
2023-07-05,13.75,0.050788,4.8577,4.8571
2023-07-06,13.75,0.050788,4.8977,4.8971
2023-07-07,13.75,0.050788,4.8799,4.8793
2023-07-08,13.75,,,
2023-07-09,13.75,,,
2023-07-10,13.75,0.050788,4.8735,4.8729
2023-07-11,13.75,0.050788,4.8949,4.8943
2023-07-12,13.75,0.050788,4.8058,4.8052
2023-07-13,13.75,0.050788,4.8038,4.8032
2023-07-14,13.75,0.050788,4.7957,4.7951
2023-07-15,13.75,,,
2023-07-16,13.75,,,
2023-07-17,13.75,0.050788,4.8302,4.8296
2023-07-18,13.75,0.050788,4.804,4.8034
2023-07-19,13.75,0.050788,4.8,4.7994
2023-07-20,13.75,0.050788,4.7888,4.7882
2023-07-21,13.75,0.050788,4.7732,4.7726
2023-07-22,13.75,,,
2023-07-23,13.75,,,
2023-07-24,13.75,0.050788,4.7457,4.7451
2023-07-25,13.75,0.050788,4.7496,4.749
2023-07-26,13.75,0.050788,4.7368,4.7362
2023-07-27,13.75,0.050788,4.7202,4.7196
2023-07-28,13.75,0.050788,4.7253,4.7247
2023-07-29,13.75,,,
2023-07-30,13.75,,,
2023-07-31,13.75,0.050788,4.7415,4.7409
2023-08-01,13.75,0.050788,4.7752,4.7746
2023-08-02,13.75,0.050788,4.8083,4.8077
2023-08-03,13.25,0.049037,4.8797,4.8791
2023-08-04,13.25,0.049037,4.8609,4.8603
2023-08-05,13.25,,,
2023-08-06,13.25,,,
2023-08-07,13.25,0.049037,4.901,4.9004
2023-08-08,13.25,0.049037,4.9217,4.9211
2023-08-09,13.25,0.049037,4.9015,4.9009
2023-08-10,13.25,0.049037,4.8518,4.8512
2023-08-11,13.25,0.049037,4.8918,4.8912
2023-08-12,13.25,,,
2023-08-13,13.25,,,
2023-08-14,13.25,0.049037,4.9481,4.9475
2023-08-15,13.25,0.049037,4.9812,4.9806
2023-08-16,13.25,0.049037,4.9772,4.9765
2023-08-17,13.25,0.049037,4.9816,4.981
2023-08-18,13.25,0.049037,4.9724,4.9718
2023-08-19,13.25,,,
2023-08-20,13.25,,,
2023-08-21,13.25,0.049037,4.9847,4.9841
2023-08-22,13.25,0.049037,4.9431,4.9425
2023-08-23,13.25,0.049037,4.8977,4.8971
2023-08-24,13.25,0.049037,4.8748,4.8742
2023-08-25,13.25,0.049037,4.8772,4.8766
2023-08-26,13.25,,,
2023-08-27,13.25,,,
2023-08-28,13.25,0.049037,4.8938,4.8933
2023-08-29,13.25,0.049037,4.8706,4.87
2023-08-30,13.25,0.049037,4.8653,4.8647
2023-08-31,13.25,0.049037,4.9219,4.9213
2023-09-01,13.25,0.049037,4.9318,4.9312
2023-09-02,13.25,,,
2023-09-03,13.25,,,
2023-09-04,13.25,0.049037,4.9176,4.917
2023-09-05,13.25,0.049037,4.9705,4.9699
2023-09-06,13.25,0.049037,4.9762,4.9756
2023-09-07,13.25,,,
2023-09-08,13.25,0.049037,4.9835,4.9829
2023-09-09,13.25,,,
2023-09-10,13.25,,,
2023-09-11,13.25,0.049037,4.9366,4.936
2023-09-12,13.25,0.049037,4.9505,4.9499
2023-09-13,13.25,0.049037,4.9171,4.9165
2023-09-14,13.25,0.049037,4.8751,4.8745
2023-09-15,13.25,0.049037,4.8689,4.8683
2023-09-16,13.25,,,
2023-09-17,13.25,,,
2023-09-18,13.25,0.049037,4.8535,4.8529
2023-09-19,13.25,0.049037,4.8575,4.8569
2023-09-20,13.25,0.049037,4.8487,4.8481
2023-09-21,12.75,0.047279,4.9229,4.9223
2023-09-22,12.75,0.047279,4.9131,4.9125
2023-09-23,12.75,,,
2023-09-24,12.75,,,
2023-09-25,12.75,0.047279,4.9606,4.96
2023-09-26,12.75,0.047279,4.9717,4.9711
2023-09-27,12.75,0.047279,5.0289,5.0283
2023-09-28,12.75,0.047279,5.0475,5.0469
2023-09-29,12.75,0.047279,5.0076,5.007
2023-09-30,12.75,,,
2023-10-01,12.75,,,
2023-10-02,12.75,0.047279,5.0679,5.0673
2023-10-03,12.75,0.047279,5.11,5.1094
2023-10-04,12.75,0.047279,5.1526,5.152
2023-10-05,12.75,0.047279,5.1713,5.1707
2023-10-06,12.75,0.047279,5.1918,5.1912
2023-10-07,12.75,,,
2023-10-08,12.75,,,
2023-10-09,12.75,0.047279,5.1666,5.166
2023-10-10,12.75,0.047279,5.0862,5.0856
2023-10-11,12.75,0.047279,5.0496,5.049
2023-10-12,12.75,,,
2023-10-13,12.75,0.047279,5.0625,5.0619
2023-10-14,12.75,,,
2023-10-15,12.75,,,
2023-10-16,12.75,0.047279,5.0618,5.0612
2023-10-17,12.75,0.047279,5.0384,5.0378
2023-10-18,12.75,0.047279,5.0568,5.0562
2023-10-19,12.75,0.047279,5.054,5.0534
2023-10-20,12.75,0.047279,5.0528,5.0522
2023-10-21,12.75,,,
2023-10-22,12.75,,,
2023-10-23,12.75,0.047279,5.0164,5.0158
2023-10-24,12.75,0.047279,5.0065,5.0059
2023-10-25,12.75,0.047279,4.9981,4.9975
2023-10-26,12.75,0.047279,5.0055,5.0049
2023-10-27,12.75,0.047279,4.948,4.9474
2023-10-28,12.75,,,
2023-10-29,12.75,,,
2023-10-30,12.75,0.047279,5.0074,5.0068
2023-10-31,12.75,0.047279,5.0575,5.0569
2023-11-01,12.75,0.047279,5.0194,5.0188
2023-11-02,12.25,,,
2023-11-03,12.25,0.045513,4.891,4.8904
2023-11-04,12.25,,,
2023-11-05,12.25,,,
2023-11-06,12.25,0.045513,4.8999,4.8993
2023-11-07,12.25,0.045513,4.867,4.8664
2023-11-08,12.25,0.045513,4.8855,4.8849
2023-11-09,12.25,0.045513,4.9007,4.9001
2023-11-10,12.25,0.045513,4.9219,4.9213
2023-11-11,12.25,,,
2023-11-12,12.25,,,
2023-11-13,12.25,0.045513,4.9247,4.924
2023-11-14,12.25,0.045513,4.8682,4.8676
2023-11-15,12.25,,,
2023-11-16,12.25,0.045513,4.8575,4.8569
2023-11-17,12.25,0.045513,4.8849,4.8843
2023-11-18,12.25,,,
2023-11-19,12.25,,,
2023-11-20,12.25,0.045513,4.8723,4.8717
2023-11-21,12.25,0.045513,4.8806,4.88
2023-11-22,12.25,0.045513,4.8968,4.8962
2023-11-23,12.25,0.045513,4.8931,4.8925
2023-11-24,12.25,0.045513,4.8927,4.8921
2023-11-25,12.25,,,
2023-11-26,12.25,,,
2023-11-27,12.25,0.045513,4.8951,4.8945
2023-11-28,12.25,0.045513,4.8867,4.8861
2023-11-29,12.25,0.045513,4.8933,4.8927
2023-11-30,12.25,0.045513,4.9355,4.9349
2023-12-01,12.25,0.045513,4.9191,4.9185
2023-12-02,12.25,,,
2023-12-03,12.25,,,
2023-12-04,12.25,0.045513,4.9091,4.9085
2023-12-05,12.25,0.045513,4.9522,4.9516
2023-12-06,12.25,0.045513,4.9031,4.9025
2023-12-07,12.25,0.045513,4.8949,4.8943
2023-12-08,12.25,0.045513,4.9158,4.9152
2023-12-09,12.25,,,
2023-12-10,12.25,,,
2023-12-11,12.25,0.045513,4.944,4.9434
2023-12-12,12.25,0.045513,4.9476,4.947
2023-12-13,12.25,0.045513,4.958,4.9573
2023-12-14,11.75,0.043739,4.8912,4.8906
2023-12-15,11.75,0.043739,4.9397,4.9391
2023-12-16,11.75,,,
2023-12-17,11.75,,,
2023-12-18,11.75,0.043739,4.9399,4.9393
2023-12-19,11.75,0.043739,4.8663,4.8657
2023-12-20,11.75,0.043739,4.8766,4.876
2023-12-21,11.75,0.043739,4.8755,4.8749
2023-12-22,11.75,0.043739,4.8619,4.8613
2023-12-23,11.75,,,
2023-12-24,11.75,,,
2023-12-25,11.75,,,
2023-12-26,11.75,0.043739,4.8368,4.8362
2023-12-27,11.75,0.043739,4.8306,4.83
2023-12-28,11.75,0.043739,4.8413,4.8407
2023-12-29,11.75,0.043739,4.8413,4.8407
2023-12-30,11.75,,,
2023-12-31,11.75,,,
2024-01-01,11.75,,,
2024-01-02,11.75,0.043739,4.8916,4.891
2024-01-03,11.75,0.043739,4.9212,4.9206
2024-01-04,11.75,0.043739,4.9188,4.9182
2024-01-05,11.75,0.043739,4.8899,4.8893
2024-01-06,11.75,,,
2024-01-07,11.75,,,
2024-01-08,11.75,0.043739,4.885,4.8844
2024-01-09,11.75,0.043739,4.8937,4.8931
2024-01-10,11.75,0.043739,4.8901,4.8895
2024-01-11,11.75,0.043739,4.8794,4.8788
2024-01-12,11.75,0.043739,4.8543,4.8537
2024-01-13,11.75,,,
2024-01-14,11.75,,,
2024-01-15,11.75,0.043739,4.8765,4.8759
2024-01-16,11.75,0.043739,4.9038,4.9032
2024-01-17,11.75,0.043739,4.9346,4.934
2024-01-18,11.75,0.043739,4.9403,4.9397
2024-01-19,11.75,0.043739,4.9223,4.9217
2024-01-20,11.75,,,
2024-01-21,11.75,,,
2024-01-22,11.75,0.043739,4.949,4.9484
2024-01-23,11.75,0.043739,4.9715,4.9709
2024-01-24,11.75,0.043739,4.9192,4.9186
2024-01-25,11.75,0.043739,4.9232,4.9226
2024-01-26,11.75,0.043739,4.9125,4.9119
2024-01-27,11.75,,,
2024-01-28,11.75,,,
2024-01-29,11.75,0.043739,4.9225,4.9219
2024-01-30,11.75,0.043739,4.9638,4.9632
2024-01-31,11.75,0.043739,4.9535,4.9529
2024-02-01,11.25,0.041957,4.935,4.9344
2024-02-02,11.25,0.041957,4.9471,4.9465
2024-02-03,11.25,,,
2024-02-04,11.25,,,
2024-02-05,11.25,0.041957,5.0053,5.0047
2024-02-06,11.25,0.041957,4.9687,4.9681
2024-02-07,11.25,0.041957,4.9608,4.9602
2024-02-08,11.25,0.041957,4.9804,4.9798
2024-02-09,11.25,0.041957,4.9717,4.9711
2024-02-10,11.25,,,
2024-02-11,11.25,,,
2024-02-12,11.25,,,
2024-02-13,11.25,,,
2024-02-14,11.25,0.041957,4.9723,4.9717
2024-02-15,11.25,0.041957,4.971,4.9704
2024-02-16,11.25,0.041957,4.9761,4.9755
2024-02-17,11.25,,,
2024-02-18,11.25,,,
2024-02-19,11.25,0.041957,4.9585,4.9579
2024-02-20,11.25,0.041957,4.9408,4.9402
2024-02-21,11.25,0.041957,4.9303,4.9297
2024-02-22,11.25,0.041957,4.9419,4.9413
2024-02-23,11.25,0.041957,4.9851,4.9845
2024-02-24,11.25,,,
2024-02-25,11.25,,,
2024-02-26,11.25,0.041957,4.9819,4.9813
2024-02-27,11.25,0.041957,4.9575,4.9569
2024-02-28,11.25,0.041957,4.9557,4.9551
2024-02-29,11.25,0.041957,4.9833,4.9827
2024-03-01,11.25,0.041957,4.9596,4.959
2024-03-02,11.25,,,
2024-03-03,11.25,,,
2024-03-04,11.25,0.041957,4.9475,4.9469
2024-03-05,11.25,0.041957,4.9488,4.9482
2024-03-06,11.25,0.041957,4.9398,4.9392
2024-03-07,11.25,0.041957,4.9364,4.9358
2024-03-08,11.25,0.041957,4.9751,4.9745
2024-03-09,11.25,,,
2024-03-10,11.25,,,
2024-03-11,11.25,0.041957,4.9777,4.9771
2024-03-12,11.25,0.041957,4.9813,4.9807
2024-03-13,11.25,0.041957,4.9803,4.9797
2024-03-14,11.25,0.041957,4.9768,4.9762
2024-03-15,11.25,0.041957,4.9937,4.9931
2024-03-16,11.25,,,
2024-03-17,11.25,,,
2024-03-18,11.25,0.041957,5.0124,5.0118
2024-03-19,11.25,0.041957,5.0352,5.0346
2024-03-20,11.25,0.041957,5.012,5.0114
2024-03-21,10.75,0.040168,4.9807,4.9801
2024-03-22,10.75,0.040168,4.9897,4.9891
2024-03-23,10.75,,,
2024-03-24,10.75,,,
2024-03-25,10.75,0.040168,4.9869,4.9863
2024-03-26,10.75,0.040168,4.987,4.9864
2024-03-27,10.75,0.040168,4.9856,4.985
2024-03-28,10.75,0.040168,4.9962,4.9956
2024-03-29,10.75,,,
2024-03-30,10.75,,,
2024-03-31,10.75,,,
2024-04-01,10.75,0.040168,5.0532,5.0526
2024-04-02,10.75,0.040168,5.0476,5.0469
2024-04-03,10.75,0.040168,5.0724,5.0718
2024-04-04,10.75,0.040168,5.0237,5.0231
2024-04-05,10.75,0.040168,5.052,5.0514
2024-04-06,10.75,,,
2024-04-07,10.75,,,
2024-04-08,10.75,0.040168,5.0421,5.0415
2024-04-09,10.75,0.040168,5.008,5.0074
2024-04-10,10.75,0.040168,5.0654,5.0648
2024-04-11,10.75,0.040168,5.0765,5.0759
2024-04-12,10.75,0.040168,5.1364,5.1358
2024-04-13,10.75,,,
2024-04-14,10.75,,,
2024-04-15,10.75,0.040168,5.1746,5.174
2024-04-16,10.75,0.040168,5.2635,5.2628
2024-04-17,10.75,0.040168,5.2469,5.2463
2024-04-18,10.75,0.040168,5.2512,5.2506
2024-04-19,10.75,0.040168,5.2269,5.2263
2024-04-20,10.75,,,
2024-04-21,10.75,,,
2024-04-22,10.75,0.040168,5.2043,5.2037
2024-04-23,10.75,0.040168,5.1626,5.162
2024-04-24,10.75,0.040168,5.1592,5.1586
2024-04-25,10.75,0.040168,5.1679,5.1673
2024-04-26,10.75,0.040168,5.1184,5.1178
2024-04-27,10.75,,,
2024-04-28,10.75,,,
2024-04-29,10.75,0.040168,5.1155,5.1149
2024-04-30,10.75,0.040168,5.1718,5.1712
2024-05-01,10.75,,,
2024-05-02,10.75,0.040168,5.1184,5.1178
2024-05-03,10.75,0.040168,5.0668,5.0662
2024-05-04,10.75,,,
2024-05-05,10.75,,,
2024-05-06,10.75,0.040168,5.0727,5.0721
2024-05-07,10.75,0.040168,5.061,5.0604
2024-05-08,10.75,0.040168,5.0887,5.0881
2024-05-09,10.5,0.03927,5.1577,5.1571
2024-05-10,10.5,0.03927,5.1464,5.1458
2024-05-11,10.5,,,
2024-05-12,10.5,,,
2024-05-13,10.5,0.03927,5.1412,5.1406
2024-05-14,10.5,0.03927,5.1356,5.135
2024-05-15,10.5,0.03927,5.1423,5.1417
2024-05-16,10.5,0.03927,5.127,5.1264
2024-05-17,10.5,0.03927,5.1157,5.1151
2024-05-18,10.5,,,
2024-05-19,10.5,,,
2024-05-20,10.5,0.03927,5.1085,5.1079
2024-05-21,10.5,0.03927,5.1037,5.1031
2024-05-22,10.5,0.03927,5.1502,5.1496
2024-05-23,10.5,0.03927,5.1443,5.1437
2024-05-24,10.5,0.03927,5.1508,5.1502
2024-05-25,10.5,,,
2024-05-26,10.5,,,
2024-05-27,10.5,0.03927,5.1704,5.1698
2024-05-28,10.5,0.03927,5.1538,5.1532
2024-05-29,10.5,0.03927,5.1972,5.1966
2024-05-30,10.5,,,
2024-05-31,10.5,0.03927,5.2416,5.241
2024-06-01,10.5,,,
2024-06-02,10.5,,,
2024-06-03,10.5,0.03927,5.2373,5.2367
2024-06-04,10.5,0.03927,5.2687,5.2681
2024-06-05,10.5,0.03927,5.2841,5.2835
2024-06-06,10.5,0.03927,5.2681,5.2675
2024-06-07,10.5,0.03927,5.2802,5.2796
2024-06-08,10.5,,,
2024-06-09,10.5,,,
2024-06-10,10.5,0.03927,5.3666,5.366
2024-06-11,10.5,0.03927,5.3524,5.3519
2024-06-12,10.5,0.03927,5.3891,5.3885
2024-06-13,10.5,0.03927,5.3974,5.3968
2024-06-14,10.5,0.03927,5.363,5.3624
2024-06-15,10.5,,,
2024-06-16,10.5,,,
2024-06-17,10.5,0.03927,5.413,5.4124
2024-06-18,10.5,0.03927,5.4074,5.4068
2024-06-19,10.5,0.03927,5.4647,5.4641
2024-06-20,10.5,0.03927,5.4254,5.4248
2024-06-21,10.5,0.03927,5.4416,5.441
2024-06-22,10.5,,,
2024-06-23,10.5,,,
2024-06-24,10.5,0.03927,5.4,5.3994
2024-06-25,10.5,0.03927,5.429,5.4283
2024-06-26,10.5,0.03927,5.5097,5.5091
2024-06-27,10.5,0.03927,5.5229,5.5223
2024-06-28,10.5,0.03927,5.5589,5.5583
2024-06-29,10.5,,,
2024-06-30,10.5,,,
2024-07-01,10.5,0.03927,5.5893,5.5887
2024-07-02,10.5,0.03927,5.6677,5.6671
2024-07-03,10.5,0.03927,5.5863,5.5857
2024-07-04,10.5,0.03927,5.4839,5.4833
2024-07-05,10.5,0.03927,5.497,5.4964
2024-07-06,10.5,,,
2024-07-07,10.5,,,
2024-07-08,10.5,0.03927,5.472,5.4714
2024-07-09,10.5,0.03927,5.4387,5.4381
2024-07-10,10.5,0.03927,5.3967,5.3961
2024-07-11,10.5,0.03927,5.41,5.4094
2024-07-12,10.5,0.03927,5.4529,5.4523
2024-07-13,10.5,,,
2024-07-14,10.5,,,
2024-07-15,10.5,0.03927,5.4563,5.4557
2024-07-16,10.5,0.03927,5.4274,5.4268
2024-07-17,10.5,0.03927,5.467,5.4664
2024-07-18,10.5,0.03927,5.5426,5.542
2024-07-19,10.5,0.03927,5.5543,5.5537
2024-07-20,10.5,,,
2024-07-21,10.5,,,
2024-07-22,10.5,0.03927,5.5598,5.5592
2024-07-23,10.5,0.03927,5.5807,5.5801
2024-07-24,10.5,0.03927,5.6346,5.634
2024-07-25,10.5,0.03927,5.6402,5.6396
2024-07-26,10.5,0.03927,5.6465,5.6459
2024-07-27,10.5,,,
2024-07-28,10.5,,,
2024-07-29,10.5,0.03927,5.6479,5.6473
2024-07-30,10.5,0.03927,5.6532,5.6526
2024-07-31,10.5,0.03927,5.6621,5.6615
2024-08-01,10.5,0.03927,5.6681,5.6675
2024-08-02,10.5,0.03927,5.7366,5.736
2024-08-03,10.5,,,
2024-08-04,10.5,,,
2024-08-05,10.5,0.03927,5.7646,5.764
2024-08-06,10.5,0.03927,5.6528,5.6522
2024-08-07,10.5,0.03927,5.6093,5.6087
2024-08-08,10.5,0.03927,5.6172,5.6166
2024-08-09,10.5,0.03927,5.5115,5.5109
2024-08-10,10.5,,,
2024-08-11,10.5,,,
2024-08-12,10.5,0.03927,5.4911,5.4905
2024-08-13,10.5,0.03927,5.4875,5.4869
2024-08-14,10.5,0.03927,5.4502,5.4496
2024-08-15,10.5,0.03927,5.4651,5.4645
2024-08-16,10.5,0.03927,5.4632,5.4626
2024-08-17,10.5,,,
2024-08-18,10.5,,,
2024-08-19,10.5,0.03927,5.4237,5.4231
2024-08-20,10.5,0.03927,5.4547,5.4541
2024-08-21,10.5,0.03927,5.4707,5.4701
2024-08-22,10.5,0.03927,5.5524,5.5518
2024-08-23,10.5,0.03927,5.5263,5.5257
2024-08-24,10.5,,,
2024-08-25,10.5,,,
2024-08-26,10.5,0.03927,5.4921,5.4915
2024-08-27,10.5,0.03927,5.4969,5.4963
2024-08-28,10.5,0.03927,5.5315,5.5309
2024-08-29,10.5,0.03927,5.6358,5.6352
2024-08-30,10.5,0.03927,5.6562,5.6556
2024-08-31,10.5,,,
2024-09-01,10.5,,,
2024-09-02,10.5,0.03927,5.623,5.6224
2024-09-03,10.5,0.03927,5.6224,5.6218
2024-09-04,10.5,0.03927,5.6359,5.6353
2024-09-05,10.5,0.03927,5.6049,5.6043
2024-09-06,10.5,0.03927,5.5702,5.5696
2024-09-07,10.5,,,
2024-09-08,10.5,,,
2024-09-09,10.5,0.03927,5.6097,5.6091
2024-09-10,10.5,0.03927,5.6254,5.6248
2024-09-11,10.5,0.03927,5.6387,5.6381
2024-09-12,10.5,0.03927,5.6554,5.6548
2024-09-13,10.5,0.03927,5.5717,5.5711
2024-09-14,10.5,,,
2024-09-15,10.5,,,
2024-09-16,10.5,0.03927,5.5207,5.5201
2024-09-17,10.5,0.03927,5.501,5.5004
2024-09-18,10.5,0.03927,5.4767,5.4761
2024-09-19,10.75,0.040168,5.4189,5.4183
2024-09-20,10.75,0.040168,5.4775,5.4769
2024-09-21,10.75,,,
2024-09-22,10.75,,,
2024-09-23,10.75,0.040168,5.5446,5.544
2024-09-24,10.75,0.040168,5.4702,5.4696
2024-09-25,10.75,0.040168,5.4736,5.473
2024-09-26,10.75,0.040168,5.4412,5.4406
2024-09-27,10.75,0.040168,5.4431,5.4425
2024-09-28,10.75,,,
2024-09-29,10.75,,,
2024-09-30,10.75,0.040168,5.4481,5.4475
2024-10-01,10.75,0.040168,5.4521,5.4515
2024-10-02,10.75,0.040168,5.4305,5.4299
2024-10-03,10.75,0.040168,5.485,5.4844
2024-10-04,10.75,0.040168,5.4686,5.468
2024-10-05,10.75,,,
2024-10-06,10.75,,,
2024-10-07,10.75,0.040168,5.4626,5.462
2024-10-08,10.75,0.040168,5.5197,5.5191
2024-10-09,10.75,0.040168,5.5737,5.5731
2024-10-10,10.75,0.040168,5.5819,5.5813
2024-10-11,10.75,0.040168,5.6263,5.6257
2024-10-12,10.75,,,
2024-10-13,10.75,,,
2024-10-14,10.75,0.040168,5.6045,5.6039
2024-10-15,10.75,0.040168,5.6378,5.6372
2024-10-16,10.75,0.040168,5.6749,5.6743
2024-10-17,10.75,0.040168,5.6758,5.6752
2024-10-18,10.75,0.040168,5.6672,5.6666
2024-10-19,10.75,,,
2024-10-20,10.75,,,
2024-10-21,10.75,0.040168,5.7068,5.7062
2024-10-22,10.75,0.040168,5.6958,5.6952
2024-10-23,10.75,0.040168,5.7149,5.7143
2024-10-24,10.75,0.040168,5.7087,5.7081
2024-10-25,10.75,0.040168,5.6969,5.6963
2024-10-26,10.75,,,
2024-10-27,10.75,,,
2024-10-28,10.75,0.040168,5.6988,5.6982
2024-10-29,10.75,0.040168,5.714,5.7134
2024-10-30,10.75,0.040168,5.7801,5.7795
2024-10-31,10.75,0.040168,5.7779,5.7773
2024-11-01,10.75,0.040168,5.8073,5.8067
2024-11-02,10.75,,,
2024-11-03,10.75,,,
2024-11-04,10.75,0.040168,5.7898,5.7892
2024-11-05,10.75,0.040168,5.7846,5.784
2024-11-06,10.75,0.040168,5.7648,5.7642
2024-11-07,11.25,0.041957,5.6624,5.6618
2024-11-08,11.25,0.041957,5.7648,5.7642
2024-11-09,11.25,,,
2024-11-10,11.25,,,
2024-11-11,11.25,0.041957,5.798,5.7974
2024-11-12,11.25,0.041957,5.7694,5.7688
2024-11-13,11.25,0.041957,5.7713,5.7707
2024-11-14,11.25,0.041957,5.7885,5.7879
2024-11-15,11.25,,,
2024-11-16,11.25,,,
2024-11-17,11.25,,,
2024-11-18,11.25,0.041957,5.7603,5.7597
2024-11-19,11.25,0.041957,5.7743,5.7737
2024-11-20,11.25,,,
2024-11-21,11.25,0.041957,5.8173,5.8167
2024-11-22,11.25,0.041957,5.8124,5.8118
2024-11-23,11.25,,,
2024-11-24,11.25,,,
2024-11-25,11.25,0.041957,5.8002,5.7996
2024-11-26,11.25,0.041957,5.799,5.7984
2024-11-27,11.25,0.041957,5.8291,5.8285
2024-11-28,11.25,0.041957,5.9871,5.9865
2024-11-29,11.25,0.041957,6.0535,6.0529
2024-11-30,11.25,,,
2024-12-01,11.25,,,
2024-12-02,11.25,0.041957,6.0634,6.0628
2024-12-03,11.25,0.041957,6.0707,6.0701
2024-12-04,11.25,0.041957,6.0581,6.0575
2024-12-05,11.25,0.041957,5.9849,5.9843
2024-12-06,11.25,0.041957,6.0293,6.0287
2024-12-07,11.25,,,
2024-12-08,11.25,,,
2024-12-09,11.25,0.041957,6.057,6.0564
2024-12-10,11.25,0.041957,6.0529,6.0523
2024-12-11,11.25,0.041957,6.032,6.0314
2024-12-12,12.25,0.045513,5.9408,5.9402
2024-12-13,12.25,0.045513,6.04,6.0394
2024-12-14,12.25,,,
2024-12-15,12.25,,,
2024-12-16,12.25,0.045513,6.0509,6.0504
2024-12-17,12.25,0.045513,6.1685,6.1679
2024-12-18,12.25,0.045513,6.1624,6.1618
2024-12-19,12.25,0.045513,6.1841,6.1835
2024-12-20,12.25,0.045513,6.078,6.0774
2024-12-21,12.25,,,
2024-12-22,12.25,,,
2024-12-23,12.25,0.045513,6.1612,6.1606
2024-12-24,12.25,0.045513,6.1541,6.1527
2024-12-25,12.25,,,
2024-12-26,12.25,0.045513,6.1656,6.165
2024-12-27,12.25,0.045513,6.1991,6.1985
2024-12-28,12.25,,,
2024-12-29,12.25,,,
2024-12-30,12.25,0.045513,6.1923,6.1917
2024-12-31,12.25,0.045513,6.1923,6.1917
2025-01-01,12.25,,,
2025-01-02,12.25,0.045513,6.2086,6.208
2025-01-03,12.25,0.045513,6.1563,6.1557
2025-01-04,12.25,,,
2025-01-05,12.25,,,
2025-01-06,12.25,0.045513,6.1119,6.1113
2025-01-07,12.25,0.045513,6.0741,6.0735
2025-01-08,12.25,0.045513,6.1321,6.1315
2025-01-09,12.25,0.045513,6.0896,6.089
2025-01-10,12.25,0.045513,6.0965,6.0959
2025-01-11,12.25,,,
2025-01-12,12.25,,,
2025-01-13,12.25,0.045513,6.1079,6.1073
2025-01-14,12.25,0.045513,6.0671,6.0665
2025-01-15,12.25,0.045513,6.0377,6.0371
2025-01-16,12.25,0.045513,6.0322,6.0316
2025-01-17,12.25,0.045513,6.0609,6.0603
2025-01-18,12.25,,,
2025-01-19,12.25,,,
2025-01-20,12.25,0.045513,6.0498,6.0492
2025-01-21,12.25,0.045513,6.044,6.0434
2025-01-22,12.25,0.045513,5.9674,5.9668
2025-01-23,12.25,0.045513,5.9399,5.9393
2025-01-24,12.25,0.045513,5.8925,5.8919
2025-01-25,12.25,,,
2025-01-26,12.25,,,
2025-01-27,12.25,0.045513,5.9272,5.9266
2025-01-28,12.25,0.045513,5.893,5.8924
2025-01-29,12.25,0.045513,5.8596,5.859
2025-01-30,13.25,0.049037,5.9006,5.9
2025-01-31,13.25,0.049037,5.8301,5.8295
2025-02-01,13.25,,,
2025-02-02,13.25,,,
2025-02-03,13.25,0.049037,5.8687,5.8681
2025-02-04,13.25,0.049037,5.7927,5.7921
2025-02-05,13.25,0.049037,5.7997,5.7991
2025-02-06,13.25,0.049037,5.7856,5.785
2025-02-07,13.25,0.049037,5.7557,5.7551
2025-02-08,13.25,,,
2025-02-09,13.25,,,
2025-02-10,13.25,0.049037,5.7808,5.7802
2025-02-11,13.25,0.049037,5.7788,5.7782
2025-02-12,13.25,0.049037,5.7711,5.7705
2025-02-13,13.25,0.049037,5.7788,5.7782
2025-02-14,13.25,0.049037,5.7283,5.7277
2025-02-15,13.25,,,
2025-02-16,13.25,,,
2025-02-17,13.25,0.049037,5.7105,5.7099
2025-02-18,13.25,0.049037,5.6979,5.6973
2025-02-19,13.25,0.049037,5.7087,5.7081
2025-02-20,13.25,0.049037,5.7019,5.7013
2025-02-21,13.25,0.049037,5.7027,5.7021
2025-02-22,13.25,,,
2025-02-23,13.25,,,
2025-02-24,13.25,0.049037,5.7258,5.7252
2025-02-25,13.25,0.049037,5.7779,5.7773
2025-02-26,13.25,0.049037,5.7757,5.7751
2025-02-27,13.25,0.049037,5.8228,5.8222
2025-02-28,13.25,0.049037,5.8488,5.8482
2025-03-01,13.25,,,
2025-03-02,13.25,,,
2025-03-03,13.25,,,
2025-03-04,13.25,,,
2025-03-05,13.25,0.049037,5.7914,5.7908
2025-03-06,13.25,0.049037,5.7489,5.7483
2025-03-07,13.25,0.049037,5.7688,5.7682
2025-03-08,13.25,,,
2025-03-09,13.25,,,
2025-03-10,13.25,0.049037,5.793,5.7924
2025-03-11,13.25,0.049037,5.8346,5.8341
2025-03-12,13.25,0.049037,5.8268,5.8262
2025-03-13,13.25,0.049037,5.8131,5.8125
2025-03-14,13.25,0.049037,5.7419,5.7413
2025-03-15,13.25,,,
2025-03-16,13.25,,,
2025-03-17,13.25,0.049037,5.7082,5.7076
2025-03-18,13.25,0.049037,5.6852,5.6846
2025-03-19,13.25,0.049037,5.6657,5.6651
2025-03-20,14.25,0.052531,5.6628,5.6622
2025-03-21,14.25,0.052531,5.7241,5.7235
2025-03-22,14.25,,,
2025-03-23,14.25,,,
2025-03-24,14.25,0.052531,5.7403,5.7397
2025-03-25,14.25,0.052531,5.6992,5.6986
2025-03-26,14.25,0.052531,5.7298,5.7292
2025-03-27,14.25,0.052531,5.7474,5.7468
2025-03-28,14.25,0.052531,5.766,5.7654
2025-03-29,14.25,,,
2025-03-30,14.25,,,
2025-03-31,14.25,0.052531,5.7422,5.7416
2025-04-01,14.25,0.052531,5.7051,5.7045
2025-04-02,14.25,0.052531,5.6923,5.6918
2025-04-03,14.25,0.052531,5.6067,5.6062
2025-04-04,14.25,0.052531,5.7777,5.7771
2025-04-05,14.25,,,
2025-04-06,14.25,,,
2025-04-07,14.25,0.052531,5.8877,5.8871
2025-04-08,14.25,0.052531,5.9368,5.9362
2025-04-09,14.25,0.052531,6.0605,6.0599
2025-04-10,14.25,0.052531,5.9115,5.9109
2025-04-11,14.25,0.052531,5.8737,5.8731
2025-04-12,14.25,,,
2025-04-13,14.25,,,
2025-04-14,14.25,0.052531,5.8425,5.8419
2025-04-15,14.25,0.052531,5.8707,5.8701
2025-04-16,14.25,0.052531,5.8808,5.8802
2025-04-17,14.25,0.052531,5.8559,5.8553
2025-04-18,14.25,,,
2025-04-19,14.25,,,
2025-04-20,14.25,,,
2025-04-21,14.25,,,
2025-04-22,14.25,0.052531,5.7496,5.749
2025-04-23,14.25,0.052531,5.688,5.6874
2025-04-24,14.25,0.052531,5.6738,5.6732
2025-04-25,14.25,0.052531,5.6846,5.684
2025-04-26,14.25,,,
2025-04-27,14.25,,,
2025-04-28,14.25,0.052531,5.6681,5.6675
2025-04-29,14.25,0.052531,5.6467,5.6461
2025-04-30,14.25,0.052531,5.6608,5.6602
2025-05-01,14.25,,,
2025-05-02,14.25,0.052531,5.6394,5.6388
2025-05-03,14.25,,,
2025-05-04,14.25,,,
2025-05-05,14.25,0.052531,5.652,5.6514
2025-05-06,14.25,0.052531,5.721,5.7204
2025-05-07,14.25,0.052531,5.7375,5.7368
2025-05-08,14.75,0.054266,5.686,5.6854
2025-05-09,14.75,0.054266,5.6511,5.6505
2025-05-10,14.75,,,
2025-05-11,14.75,,,
2025-05-12,14.75,0.054266,5.6822,5.6816
2025-05-13,14.75,0.054266,5.6262,5.6256
2025-05-14,14.75,0.054266,5.61,5.6094
2025-05-15,14.75,0.054266,5.6328,5.6322
2025-05-16,14.75,0.054266,5.6925,5.6919
2025-05-17,14.75,,,
2025-05-18,14.75,,,
2025-05-19,14.75,0.054266,5.6591,5.6585
2025-05-20,14.75,0.054266,5.662,5.6614
2025-05-21,14.75,0.054266,5.6571,5.6565
2025-05-22,14.75,0.054266,5.639,5.6384
2025-05-23,14.75,0.054266,5.6932,5.6926
2025-05-24,14.75,,,
2025-05-25,14.75,,,
2025-05-26,14.75,0.054266,5.6619,5.6613
2025-05-27,14.75,0.054266,5.6539,5.6533
2025-05-28,14.75,0.054266,5.6936,5.693
2025-05-29,14.75,0.054266,5.6559,5.6553
2025-05-30,14.75,0.054266,5.7087,5.7081
2025-05-31,14.75,,,
2025-06-01,14.75,,,
2025-06-02,14.75,0.054266,5.6937,5.6931
2025-06-03,14.75,0.054266,5.6694,5.6688
2025-06-04,14.75,0.054266,5.6332,5.6326
2025-06-05,14.75,0.054266,5.5969,5.5963
2025-06-06,14.75,0.054266,5.5947,5.5941
2025-06-07,14.75,,,
2025-06-08,14.75,,,
2025-06-09,14.75,0.054266,5.576,5.5754
2025-06-10,14.75,0.054266,5.5557,5.5551
2025-06-11,14.75,0.054266,5.539,5.5384
2025-06-12,14.75,0.054266,5.5388,5.5382
2025-06-13,14.75,0.054266,5.5652,5.5646
2025-06-14,14.75,,,
2025-06-15,14.75,,,
2025-06-16,14.75,0.054266,5.5123,5.5117
2025-06-17,14.75,0.054266,5.4773,5.4767
2025-06-18,14.75,0.054266,5.4879,5.4873
2025-06-19,15.0,,,
2025-06-20,15.0,0.055131,5.4957,5.4951
2025-06-21,15.0,,,
2025-06-22,15.0,,,
2025-06-23,15.0,0.055131,5.5213,5.5207
2025-06-24,15.0,0.055131,5.4938,5.4932
2025-06-25,15.0,0.055131,5.5427,5.5421
2025-06-26,15.0,0.055131,5.5145,5.5139
2025-06-27,15.0,0.055131,5.4759,5.4753
2025-06-28,15.0,,,
2025-06-29,15.0,,,
2025-06-30,15.0,0.055131,5.4571,5.4565
2025-07-01,15.0,0.055131,5.4511,5.4505
2025-07-02,15.0,0.055131,5.4512,5.4506
2025-07-03,15.0,0.055131,5.4208,5.4202
2025-07-04,15.0,0.055131,5.409,5.4084
2025-07-05,15.0,,,
2025-07-06,15.0,,,
2025-07-07,15.0,0.055131,5.4552,5.4546
2025-07-08,15.0,0.055131,5.4571,5.4565
2025-07-09,15.0,0.055131,5.4626,5.462
2025-07-10,15.0,0.055131,5.5433,5.5427
2025-07-11,15.0,0.055131,5.5722,5.5716
2025-07-12,15.0,,,
2025-07-13,15.0,,,
2025-07-14,15.0,0.055131,5.5595,5.5589
2025-07-15,15.0,0.055131,5.5576,5.5569
2025-07-16,15.0,0.055131,5.5722,5.5716
2025-07-17,15.0,0.055131,5.5737,5.5731
2025-07-18,15.0,0.055131,5.5466,5.546
2025-07-19,15.0,,,
2025-07-20,15.0,,,
2025-07-21,15.0,0.055131,5.5625,5.5619
2025-07-22,15.0,0.055131,5.5709,5.5703
2025-07-23,15.0,0.055131,5.5537,5.5531
2025-07-24,15.0,0.055131,5.5239,5.5233
2025-07-25,15.0,0.055131,5.5426,5.542
2025-07-26,15.0,,,
2025-07-27,15.0,,,
2025-07-28,15.0,0.055131,5.5877,5.5871
2025-07-29,15.0,0.055131,5.5764,5.5758
2025-07-30,15.0,0.055131,5.6034,5.6028
2025-07-31,15.0,0.055131,5.6021,5.6015
2025-08-01,15.0,0.055131,5.5436,5.543
2025-08-02,15.0,,,
2025-08-03,15.0,,,
2025-08-04,15.0,0.055131,5.5113,5.5107
2025-08-05,15.0,0.055131,5.5119,5.5113
2025-08-06,15.0,0.055131,5.4802,5.4796
2025-08-07,15.0,0.055131,5.4638,5.4632
2025-08-08,15.0,0.055131,5.4254,5.4248
2025-08-09,15.0,,,
2025-08-10,15.0,,,
2025-08-11,15.0,0.055131,5.4473,5.4467
2025-08-12,15.0,0.055131,5.4052,5.4046
2025-08-13,15.0,0.055131,5.3928,5.3922
2025-08-14,15.0,0.055131,5.4095,5.4089
2025-08-15,15.0,0.055131,5.3928,5.3922
2025-08-16,15.0,,,
2025-08-17,15.0,,,
2025-08-18,15.0,0.055131,5.4155,5.4149
2025-08-19,15.0,0.055131,5.4716,5.471
2025-08-20,15.0,0.055131,5.4726,5.472
2025-08-21,15.0,0.055131,5.4828,5.4822
2025-08-22,15.0,0.055131,5.4392,5.4386
2025-08-23,15.0,,,
2025-08-24,15.0,,,
2025-08-25,15.0,0.055131,5.4174,5.4168
2025-08-26,15.0,0.055131,5.4218,5.4212
2025-08-27,15.0,0.055131,5.4428,5.4422
2025-08-28,15.0,0.055131,5.4115,5.4109
2025-08-29,15.0,0.055131,5.4264,5.4258
2025-08-30,15.0,,,
2025-08-31,15.0,,,
2025-09-01,15.0,0.055131,5.4378,5.4372
2025-09-02,15.0,0.055131,5.468,5.4674
2025-09-03,15.0,0.055131,5.4485,5.4479
2025-09-04,15.0,0.055131,5.4587,5.4581
2025-09-05,15.0,0.055131,5.3968,5.3962
2025-09-06,15.0,,,
2025-09-07,15.0,,,
2025-09-08,15.0,0.055131,5.4278,5.4272
2025-09-09,15.0,0.055131,5.4278,5.4272
2025-09-10,15.0,0.055131,5.4123,5.4117
2025-09-11,15.0,0.055131,5.3858,5.3852
2025-09-12,15.0,0.055131,5.3677,5.3671
2025-09-13,15.0,,,
2025-09-14,15.0,,,
2025-09-15,15.0,0.055131,5.3208,5.3202
2025-09-16,15.0,0.055131,5.3096,5.309
2025-09-17,15.0,0.055131,5.3011,5.3005
2025-09-18,15.0,0.055131,5.301,5.3004
2025-09-19,15.0,0.055131,5.3276,5.327
2025-09-20,15.0,,,
2025-09-21,15.0,,,
2025-09-22,15.0,0.055131,5.3457,5.3451
2025-09-23,15.0,0.055131,5.3063,5.3057
2025-09-24,15.0,0.055131,5.3112,5.3106
2025-09-25,15.0,0.055131,5.3425,5.3419
2025-09-26,15.0,0.055131,5.3445,5.3439
2025-09-27,15.0,,,
2025-09-28,15.0,,,
2025-09-29,15.0,0.055131,5.3229,5.3223
2025-09-30,15.0,0.055131,5.3186,5.318
2025-10-01,15.0,0.055131,5.3208,5.3202
2025-10-02,15.0,0.055131,5.3449,5.3443
2025-10-03,15.0,0.055131,5.3498,5.3492
2025-10-04,15.0,,,
2025-10-05,15.0,,,
2025-10-06,15.0,0.055131,5.3226,5.322
2025-10-07,15.0,0.055131,5.3363,5.3357
2025-10-08,15.0,0.055131,5.3427,5.3421
2025-10-09,15.0,0.055131,5.3538,5.3532
2025-10-10,15.0,0.055131,5.4446,5.444
2025-10-11,15.0,,,
2025-10-12,15.0,,,
2025-10-13,15.0,0.055131,5.4629,5.4623
2025-10-14,15.0,0.055131,5.4982,5.4976
2025-10-15,15.0,0.055131,5.4464,5.4458
2025-10-16,15.0,0.055131,5.4354,5.4348
2025-10-17,15.0,0.055131,5.439,5.4384
2025-10-18,15.0,,,
2025-10-19,15.0,,,
2025-10-20,15.0,0.055131,5.3771,5.3765
2025-10-21,15.0,0.055131,5.3848,5.3842
2025-10-22,15.0,0.055131,5.3898,5.3892
2025-10-23,15.0,0.055131,5.384,5.3834
2025-10-24,15.0,0.055131,5.3797,5.3791
2025-10-25,15.0,,,
2025-10-26,15.0,,,
2025-10-27,15.0,0.055131,5.3744,5.3738
2025-10-28,15.0,0.055131,5.369,5.3684
2025-10-29,15.0,0.055131,5.3416,5.341
2025-10-30,15.0,0.055131,5.385,5.3844
2025-10-31,15.0,0.055131,5.3843,5.3837
2025-11-01,15.0,,,
2025-11-02,15.0,,,
2025-11-03,15.0,0.055131,5.3505,5.3499
2025-11-04,15.0,0.055131,5.3846,5.384
2025-11-05,15.0,0.055131,5.3798,5.3792
2025-11-06,15.0,0.055131,5.3451,5.3445
2025-11-07,15.0,0.055131,5.3567,5.3561
2025-11-08,15.0,,,
2025-11-09,15.0,,,
2025-11-10,15.0,0.055131,5.3181,5.3175
2025-11-11,15.0,0.055131,5.2729,5.2723
2025-11-12,15.0,0.055131,5.2885,5.2879
2025-11-13,15.0,0.055131,5.282,5.2814
2025-11-14,15.0,0.055131,5.2952,5.2946
2025-11-15,15.0,,,
2025-11-16,15.0,,,
2025-11-17,15.0,0.055131,5.3108,5.3102
2025-11-18,15.0,0.055131,5.3361,5.3355
2025-11-19,15.0,0.055131,5.3346,5.334
2025-11-20,15.0,,,
2025-11-21,15.0,0.055131,5.3902,5.3896
2025-11-22,15.0,,,
2025-11-23,15.0,,,
2025-11-24,15.0,0.055131,5.3948,5.3942
2025-11-25,15.0,0.055131,5.3841,5.3835
2025-11-26,15.0,0.055131,5.3694,5.3688
2025-11-27,15.0,0.055131,5.349,5.3484
2025-11-28,15.0,0.055131,5.3338,5.3332
2025-11-29,15.0,,,
2025-11-30,15.0,,,
2025-12-01,15.0,0.055131,5.3469,5.3463
2025-12-02,15.0,0.055131,5.3465,5.3459
2025-12-03,15.0,0.055131,5.3114,5.3108
2025-12-04,15.0,0.055131,5.2952,5.2946
2025-12-05,15.0,0.055131,5.3405,5.3399
2025-12-06,15.0,,,
2025-12-07,15.0,,,
2025-12-08,15.0,0.055131,5.4249,5.4243
2025-12-09,15.0,0.055131,5.457,5.4564
2025-12-10,15.0,0.055131,5.4656,5.465
2025-12-11,15.0,0.055131,5.4237,5.4231
2025-12-12,15.0,0.055131,5.4011,5.4005
2025-12-13,15.0,,,
2025-12-14,15.0,,,
2025-12-15,15.0,0.055131,5.3929,5.3923
2025-12-16,15.0,0.055131,5.4505,5.4499
2025-12-17,15.0,0.055131,5.5093,5.5087
2025-12-18,15.0,0.055131,5.5283,5.5277
2025-12-19,15.0,0.055131,5.516,5.5154
2025-12-20,15.0,,,
2025-12-21,15.0,,,
2025-12-22,15.0,0.055131,5.5389,5.5383
2025-12-23,15.0,0.055131,5.5643,5.5637
2025-12-24,15.0,0.055131,5.535,5.5342
2025-12-25,15.0,,,
2025-12-26,15.0,0.055131,5.5413,5.5407
2025-12-27,15.0,,,
2025-12-28,15.0,,,
2025-12-29,15.0,0.055131,5.5739,5.5733
2025-12-30,15.0,0.055131,5.5024,5.5018
2025-12-31,15.0,0.055131,5.5024,5.5018
2026-01-01,15.0,,,
2026-01-02,15.0,0.055131,5.4372,5.4366
2026-01-03,15.0,,,
2026-01-04,15.0,,,
2026-01-05,15.0,0.055131,5.4351,5.4345
2026-01-06,15.0,0.055131,5.3797,5.3791
2026-01-07,15.0,0.055131,5.388,5.3874
2026-01-08,15.0,0.055131,5.386,5.3854
2026-01-09,15.0,0.055131,5.3707,5.3701
2026-01-10,15.0,,,
2026-01-11,15.0,,,
2026-01-12,15.0,0.055131,5.376,5.3754
2026-01-13,15.0,0.055131,5.3764,5.3758
2026-01-14,15.0,0.055131,5.3795,5.3789
2026-01-15,15.0,0.055131,5.3846,5.384
2026-01-16,15.0,0.055131,5.3798,5.3792
2026-01-17,15.0,,,
2026-01-18,15.0,,,
2026-01-19,15.0,0.055131,5.3653,5.3647
2026-01-20,15.0,0.055131,5.379,5.3784
2026-01-21,15.0,0.055131,5.3368,5.3362
2026-01-22,15.0,0.055131,5.3118,5.3112
2026-01-23,15.0,0.055131,5.2879,5.2872
2026-01-24,15.0,,,
2026-01-25,15.0,,,
2026-01-26,15.0,0.055131,5.276,5.2754
2026-01-27,15.0,0.055131,5.2392,5.2386
2026-01-28,15.0,0.055131,5.1838,5.1832
2026-01-29,15.0,0.055131,5.1956,5.195
2026-01-30,15.0,0.055131,5.2301,5.2295
2026-01-31,15.0,,,
2026-02-01,15.0,,,
2026-02-02,15.0,0.055131,5.2587,5.2581
2026-02-03,15.0,0.055131,5.2236,5.223
2026-02-04,15.0,0.055131,5.2359,5.2353
2026-02-05,15.0,0.055131,5.258,5.2574
2026-02-06,15.0,0.055131,5.2341,5.2335
2026-02-07,15.0,,,
2026-02-08,15.0,,,
2026-02-09,15.0,0.055131,5.1943,5.1937
2026-02-10,15.0,0.055131,5.2021,5.2015
2026-02-11,15.0,0.055131,5.1836,5.183
2026-02-12,15.0,0.055131,5.1674,5.1668
2026-02-13,15.0,0.055131,5.2288,5.2282
2026-02-14,15.0,,,
2026-02-15,15.0,,,
2026-02-16,15.0,,,
2026-02-17,15.0,,,
2026-02-18,15.0,0.055131,5.2349,5.2343
2026-02-19,15.0,0.055131,5.2257,5.225
2026-02-20,15.0,0.055131,5.2006,5.2
2026-02-21,15.0,,,
2026-02-22,15.0,,,
2026-02-23,15.0,0.055131,5.1635,5.1629
2026-02-24,15.0,0.055131,5.1682,5.1676
2026-02-25,15.0,0.055131,5.144,5.1434
2026-02-26,15.0,0.055131,5.1382,5.1376
2026-02-27,15.0,0.055131,5.1495,5.1489
2026-02-28,15.0,,,
2026-03-01,15.0,,,
2026-03-02,15.0,0.055131,5.2001,5.1995
2026-03-03,15.0,0.055131,5.287,5.2864
2026-03-04,15.0,0.055131,5.2091,5.2085
2026-03-05,15.0,0.055131,5.2447,5.2441
2026-03-06,15.0,0.055131,5.2878,5.2872
2026-03-07,15.0,,,
2026-03-08,15.0,,,
2026-03-09,15.0,0.055131,5.2139,5.2133
2026-03-10,15.0,0.055131,5.1622,5.1616
2026-03-11,15.0,0.055131,5.1596,5.159
2026-03-12,15.0,0.055131,5.2051,5.2045
2026-03-13,15.0,0.055131,5.2541,5.2535
2026-03-14,15.0,,,
2026-03-15,15.0,,,
2026-03-16,15.0,0.055131,5.2647,5.2641
2026-03-17,15.0,0.055131,5.2022,5.2016
2026-03-18,15.0,0.055131,5.2112,5.2106
2026-03-19,14.75,0.054266,5.2587,5.2581
2026-03-20,14.75,0.054266,5.28,5.2793
2026-03-21,14.75,,,
2026-03-22,14.75,,,
2026-03-23,14.75,0.054266,5.244,5.2434
2026-03-24,14.75,0.054266,5.2599,5.2593
2026-03-25,14.75,0.054266,5.2275,5.2269
2026-03-26,14.75,0.054266,5.2308,5.2302
2026-03-27,14.75,,5.2376,5.237
2026-03-28,14.75,,,
2026-03-29,14.75,,,
2026-03-30,14.75,,,
2026-03-31,14.75,,,
2026-04-01,14.75,,,
2026-04-02,14.75,,,
2026-04-03,14.75,,,
2026-04-04,14.75,,,
2026-04-05,14.75,,,
2026-04-06,14.75,,,
2026-04-07,14.75,,,
2026-04-08,14.75,,,
2026-04-09,14.75,,,
2026-04-10,14.75,,,
2026-04-11,14.75,,,
2026-04-12,14.75,,,
2026-04-13,14.75,,,
2026-04-14,14.75,,,
2026-04-15,14.75,,,
2026-04-16,14.75,,,
2026-04-17,14.75,,,
2026-04-18,14.75,,,
2026-04-19,14.75,,,
2026-04-20,14.75,,,
2026-04-21,14.75,,,
2026-04-22,14.75,,,
2026-04-23,14.75,,,
2026-04-24,14.75,,,
2026-04-25,14.75,,,
2026-04-26,14.75,,,
2026-04-27,14.75,,,
2026-04-28,14.75,,,
2026-04-29,14.75,,,
